================================================================================
会话开始: [2026-04-15 02:22:05]
================================================================================
[2026-04-15 02:22:05] [DEBUG] 地图数据填充完成，形状: fan，坐标数量: 48
[2026-04-15 02:22:05] [INFO] 扇形地图生成完成，坐标数量: 48
[2026-04-15 02:22:05] [DEBUG] 设置地形时间占位形状: 011 -> [(1, 0), (2, 0)]
[2026-04-15 02:22:05] [DEBUG] 地形受伤: amount=24, current_hp=76, damage_rate=0.24
[2026-04-15 02:22:05] [DEBUG] 设置地形时间占位形状: 011 -> [(1, 0), (2, 0)]
[2026-04-15 02:22:05] [DEBUG] 地形受伤: amount=28, current_hp=72, damage_rate=0.28
[2026-04-15 02:22:05] [DEBUG] 设置地形时间占位形状: 011 -> [(1, 0), (2, 0)]
[2026-04-15 02:22:05] [DEBUG] 地形受伤: amount=5, current_hp=95, damage_rate=0.05
[2026-04-15 02:22:05] [DEBUG] 设置地形时间占位形状: 011 -> [(1, 0), (2, 0)]
[2026-04-15 02:22:05] [DEBUG] 地形受伤: amount=26, current_hp=74, damage_rate=0.26
[2026-04-15 02:22:05] [DEBUG] 设置地形时间占位形状: 011 -> [(1, 0), (2, 0)]
[2026-04-15 02:22:05] [DEBUG] 地形受伤: amount=2, current_hp=98, damage_rate=0.02
[2026-04-15 02:22:05] [DEBUG] 设置地形时间占位形状: 011 -> [(1, 0), (2, 0)]
[2026-04-15 02:22:05] [DEBUG] 地形受伤: amount=24, current_hp=76, damage_rate=0.24
[2026-04-15 02:22:05] [DEBUG] 设置地形时间占位形状: 011 -> [(1, 0), (2, 0)]
[2026-04-15 02:22:05] [DEBUG] 地形受伤: amount=5, current_hp=95, damage_rate=0.05
[2026-04-15 02:22:05] [DEBUG] 设置地形时间占位形状: 011 -> [(1, 0), (2, 0)]
[2026-04-15 02:22:05] [DEBUG] 地形受伤: amount=28, current_hp=72, damage_rate=0.28
[2026-04-15 02:22:05] [DEBUG] 设置地形时间占位形状: 011 -> [(1, 0), (2, 0)]
[2026-04-15 02:22:05] [DEBUG] 地形受伤: amount=10, current_hp=90, damage_rate=0.10
[2026-04-15 02:22:05] [DEBUG] 设置地形时间占位形状: 011 -> [(1, 0), (2, 0)]
[2026-04-15 02:22:05] [DEBUG] 地形受伤: amount=12, current_hp=88, damage_rate=0.12
[2026-04-15 02:22:05] [DEBUG] 设置地形时间占位形状: 011 -> [(1, 0), (2, 0)]
[2026-04-15 02:22:05] [DEBUG] 地形受伤: amount=0, current_hp=100, damage_rate=0.00
[2026-04-15 02:22:05] [DEBUG] 设置地形时间占位形状: 011 -> [(1, 0), (2, 0)]
[2026-04-15 02:22:05] [DEBUG] 地形受伤: amount=12, current_hp=88, damage_rate=0.12
[2026-04-15 02:22:05] [DEBUG] 设置地形时间占位形状: 011 -> [(1, 0), (2, 0)]
[2026-04-15 02:22:05] [DEBUG] 地形受伤: amount=0, current_hp=100, damage_rate=0.00
[2026-04-15 02:22:05] [DEBUG] 设置地形时间占位形状: 011 -> [(1, 0), (2, 0)]
[2026-04-15 02:22:05] [DEBUG] 地形受伤: amount=10, current_hp=90, damage_rate=0.10
[2026-04-15 02:22:05] [DEBUG] 设置地形时间占位形状: 011 -> [(1, 0), (2, 0)]
[2026-04-15 02:22:05] [DEBUG] 地形受伤: amount=8, current_hp=92, damage_rate=0.08
[2026-04-15 02:22:05] [DEBUG] 设置地形时间占位形状: 011 -> [(1, 0), (2, 0)]
[2026-04-15 02:22:05] [DEBUG] 地形受伤: amount=3, current_hp=97, damage_rate=0.03
[2026-04-15 02:22:05] [DEBUG] 设置地形时间占位形状: 011 -> [(1, 0), (2, 0)]
[2026-04-15 02:22:05] [DEBUG] 地形受伤: amount=19, current_hp=81, damage_rate=0.19
[2026-04-15 02:22:05] [DEBUG] 地貌放置完成，总数: 17，最大限制: 17
[2026-04-15 02:22:05] [DEBUG] 地形受伤: amount=4, current_hp=77, damage_rate=0.23
[2026-04-15 02:22:05] [DEBUG] 生成地貌: @Node2D@61 at (-3, 6)
[2026-04-15 02:22:05] [DEBUG] 地形受伤: amount=21, current_hp=79, damage_rate=0.21
[2026-04-15 02:22:05] [DEBUG] 生成地貌: @Node2D@68 at (-2, 2)
[2026-04-15 02:22:05] [DEBUG] 地形受伤: amount=24, current_hp=68, damage_rate=0.32
[2026-04-15 02:22:05] [DEBUG] 生成地貌: @Node2D@77 at (-2, 4)
[2026-04-15 02:22:05] [DEBUG] 地形受伤: amount=26, current_hp=46, damage_rate=0.54
[2026-04-15 02:22:05] [DEBUG] 生成地貌: @Node2D@90 at (-1, 1)
[2026-04-15 02:22:05] [DEBUG] 地形受伤: amount=11, current_hp=89, damage_rate=0.11
[2026-04-15 02:22:05] [DEBUG] 生成地貌: @Node2D@97 at (-1, 2)
[2026-04-15 02:22:05] [DEBUG] 地形受伤: amount=30, current_hp=68, damage_rate=0.32
[2026-04-15 02:22:05] [DEBUG] 生成地貌: @Node2D@107 at (-1, 4)
[2026-04-15 02:22:05] [DEBUG] 地形受伤: amount=2, current_hp=93, damage_rate=0.07
[2026-04-15 02:22:05] [DEBUG] 生成地貌: @Node2D@113 at (-1, 5)
[2026-04-15 02:22:05] [DEBUG] 地形受伤: amount=3, current_hp=87, damage_rate=0.13
[2026-04-15 02:22:05] [DEBUG] 生成地貌: @Node2D@119 at (-1, 6)
[2026-04-15 02:22:05] [DEBUG] 地形受伤: amount=0, current_hp=74, damage_rate=0.26
[2026-04-15 02:22:05] [DEBUG] 生成地貌: @Node2D@124 at (0, 1)
[2026-04-15 02:22:05] [DEBUG] 地形受伤: amount=24, current_hp=73, damage_rate=0.27
[2026-04-15 02:22:05] [DEBUG] 生成地貌: @Node2D@132 at (0, 3)
[2026-04-15 02:22:05] [DEBUG] 地形受伤: amount=24, current_hp=64, damage_rate=0.36
[2026-04-15 02:22:05] [DEBUG] 生成地貌: @Node2D@146 at (0, 6)
[2026-04-15 02:22:05] [DEBUG] 地形受伤: amount=16, current_hp=60, damage_rate=0.40
[2026-04-15 02:22:05] [DEBUG] 生成地貌: @Node2D@160 at (1, 2)
[2026-04-15 02:22:05] [DEBUG] 地形受伤: amount=28, current_hp=60, damage_rate=0.40
[2026-04-15 02:22:05] [DEBUG] 生成地貌: @Node2D@170 at (1, 4)
[2026-04-15 02:22:05] [DEBUG] 地形受伤: amount=28, current_hp=67, damage_rate=0.33
[2026-04-15 02:22:05] [DEBUG] 生成地貌: @Node2D@216 at (3, 3)
[2026-04-15 02:22:05] [DEBUG] 地形受伤: amount=14, current_hp=62, damage_rate=0.38
[2026-04-15 02:22:05] [DEBUG] 生成地貌: @Node2D@223 at (4, 0)
[2026-04-15 02:22:05] [DEBUG] 地形受伤: amount=5, current_hp=67, damage_rate=0.33
[2026-04-15 02:22:05] [DEBUG] 生成地貌: @Node2D@229 at (4, 1)
[2026-04-15 02:22:05] [DEBUG] 地形受伤: amount=13, current_hp=77, damage_rate=0.23
[2026-04-15 02:22:05] [DEBUG] 生成地貌: @Node2D@241 at (5, 0)
[2026-04-15 02:22:05] [DEBUG] 成功绑定高度视图切换按钮
[2026-04-15 02:22:05] [DEBUG] 应用响应式动态锚点布局
[2026-04-15 02:22:05] [DEBUG] 布局应用完成: 真实尺寸(502.0x124.0), 缩放中心=(251.0, 0.0)
[2026-04-15 02:22:05] [DEBUG] 开始创建遮罩节点
[2026-04-15 02:22:05] [DEBUG] 时间轴遮罩已创建（使用全屏锚点），颜色: (0.2666, 0.2666, 0.2666, 0.6)，层级: 1，可见: false
[2026-04-15 02:22:05] [DEBUG] 遮罩创建完成，background_mask: BackgroundMask:<ColorRect#93600090368>
[2026-04-15 02:22:05] [DEBUG] 找到TimelineManager: TimelineManager
[2026-04-15 02:22:05] [DEBUG] 设置时间轴点击缩放权限: allow=false filter=2
[2026-04-15 02:22:05] [DEBUG] DragShapeController已添加到组，准备接收拖拽事件
[2026-04-15 02:22:05] [DEBUG] 敌人意图管理器已就绪
[2026-04-15 02:22:05] [INFO] 成功连接到 TimelineManager
[2026-04-15 02:22:05] [DEBUG] 时间轴可视化器已就绪
[2026-04-15 02:22:05] [INFO] 已连接到 DragShapeController
[2026-04-15 02:22:05] [INFO] TimelineUI已找到: TimelineUI
[2026-04-15 02:22:05] [INFO] 胜利调试按钮已连接
[2026-04-15 02:22:05] [INFO] 已连接胜利触发信号
[2026-04-15 02:22:05] [DEBUG] 🩸 成功将血条组件收编进地块渲染序列: EnemyHealth
[2026-04-15 02:22:05] [DEBUG] 🩸 成功将血条组件收编进地块渲染序列: EnemyHealth
[2026-04-15 02:22:05] [DEBUG] 🩸 成功将血条组件收编进地块渲染序列: EnemyHealth
[2026-04-15 02:22:05] [DEBUG] 🩸 成功将血条组件收编进地块渲染序列: EnemyHealth
[2026-04-15 02:22:05] [DEBUG] 🩸 成功将血条组件收编进地块渲染序列: EnemyHealth
[2026-04-15 02:22:05] [DEBUG] 🩸 成功将血条组件收编进地块渲染序列: EnemyHealth
[2026-04-15 02:22:05] [DEBUG] 🩸 成功将血条组件收编进地块渲染序列: EnemyHealth
[2026-04-15 02:22:05] [DEBUG] 🩸 成功将血条组件收编进地块渲染序列: EnemyHealth
[2026-04-15 02:22:05] [DEBUG] 🩸 成功将血条组件收编进地块渲染序列: EnemyHealth
[2026-04-15 02:22:05] [DEBUG] 🩸 成功将血条组件收编进地块渲染序列: EnemyHealth
[2026-04-15 02:22:05] [DEBUG] 🩸 成功将血条组件收编进地块渲染序列: EnemyHealth
[2026-04-15 02:22:05] [DEBUG] 🩸 成功将血条组件收编进地块渲染序列: EnemyHealth
[2026-04-15 02:22:05] [DEBUG] 🩸 成功将血条组件收编进地块渲染序列: EnemyHealth
[2026-04-15 02:22:05] [DEBUG] 🩸 成功将血条组件收编进地块渲染序列: EnemyHealth
[2026-04-15 02:22:05] [DEBUG] 🩸 成功将血条组件收编进地块渲染序列: EnemyHealth
[2026-04-15 02:22:05] [DEBUG] 🩸 成功将血条组件收编进地块渲染序列: EnemyHealth
[2026-04-15 02:22:05] [DEBUG] 🩸 成功将血条组件收编进地块渲染序列: EnemyHealth
[2026-04-15 02:22:05] [WARNING] 未找到弃牌区
[2026-04-15 02:22:05] [INFO] 清除时间轴网格，当前占用数: 0
[2026-04-15 02:22:05] [DEBUG] 游戏初始化：找到 17 个敌人，生成初始意图
[2026-04-15 02:22:05] [INFO] 生成敌人意图: 敌人=@Node2D@77, 类型=Node2D
[2026-04-15 02:22:05] [INFO] 敌人形状: [(1, 0), (2, 0)]
[2026-04-15 02:22:05] [DEBUG] find_random_available_spot: 寻找形状 [(1, 0), (2, 0)] 的可用位置，网格范围 12 x 3
[2026-04-15 02:22:05] [DEBUG] 形状范围: X[1, 2](宽度=2), Y[0, 0](高度=1)
[2026-04-15 02:22:05] [DEBUG] 可能的原点范围: X[0, 9], Y[0, 2]
[2026-04-15 02:22:05] [DEBUG] 测试原点: (0, 0), 形状偏移量: [(1, 0), (2, 0)]
[2026-04-15 02:22:05] [DEBUG] 放置验证通过: shape_coords=[(1, 0), (2, 0)], origin=(0, 0), 所有坐标在网格范围内且无碰撞
[2026-04-15 02:22:05] [DEBUG] 原点 (0, 0) 验证通过
[2026-04-15 02:22:05] [DEBUG] 测试原点: (0, 1), 形状偏移量: [(1, 0), (2, 0)]
[2026-04-15 02:22:05] [DEBUG] 放置验证通过: shape_coords=[(1, 0), (2, 0)], origin=(0, 1), 所有坐标在网格范围内且无碰撞
[2026-04-15 02:22:05] [DEBUG] 原点 (0, 1) 验证通过
[2026-04-15 02:22:05] [DEBUG] 测试原点: (0, 2), 形状偏移量: [(1, 0), (2, 0)]
[2026-04-15 02:22:05] [DEBUG] 放置验证通过: shape_coords=[(1, 0), (2, 0)], origin=(0, 2), 所有坐标在网格范围内且无碰撞
[2026-04-15 02:22:05] [DEBUG] 原点 (0, 2) 验证通过
[2026-04-15 02:22:05] [DEBUG] 测试原点: (1, 0), 形状偏移量: [(1, 0), (2, 0)]
[2026-04-15 02:22:05] [DEBUG] 放置验证通过: shape_coords=[(1, 0), (2, 0)], origin=(1, 0), 所有坐标在网格范围内且无碰撞
[2026-04-15 02:22:05] [DEBUG] 原点 (1, 0) 验证通过
[2026-04-15 02:22:05] [DEBUG] 测试原点: (1, 1), 形状偏移量: [(1, 0), (2, 0)]
[2026-04-15 02:22:05] [DEBUG] 放置验证通过: shape_coords=[(1, 0), (2, 0)], origin=(1, 1), 所有坐标在网格范围内且无碰撞
[2026-04-15 02:22:05] [DEBUG] 原点 (1, 1) 验证通过
[2026-04-15 02:22:05] [DEBUG] 测试原点: (1, 2), 形状偏移量: [(1, 0), (2, 0)]
[2026-04-15 02:22:05] [DEBUG] 放置验证通过: shape_coords=[(1, 0), (2, 0)], origin=(1, 2), 所有坐标在网格范围内且无碰撞
[2026-04-15 02:22:05] [DEBUG] 原点 (1, 2) 验证通过
[2026-04-15 02:22:05] [DEBUG] 测试原点: (2, 0), 形状偏移量: [(1, 0), (2, 0)]
[2026-04-15 02:22:05] [DEBUG] 放置验证通过: shape_coords=[(1, 0), (2, 0)], origin=(2, 0), 所有坐标在网格范围内且无碰撞
[2026-04-15 02:22:05] [DEBUG] 原点 (2, 0) 验证通过
[2026-04-15 02:22:05] [DEBUG] 测试原点: (2, 1), 形状偏移量: [(1, 0), (2, 0)]
[2026-04-15 02:22:05] [DEBUG] 放置验证通过: shape_coords=[(1, 0), (2, 0)], origin=(2, 1), 所有坐标在网格范围内且无碰撞
[2026-04-15 02:22:05] [DEBUG] 原点 (2, 1) 验证通过
[2026-04-15 02:22:05] [DEBUG] 测试原点: (2, 2), 形状偏移量: [(1, 0), (2, 0)]
[2026-04-15 02:22:05] [DEBUG] 放置验证通过: shape_coords=[(1, 0), (2, 0)], origin=(2, 2), 所有坐标在网格范围内且无碰撞
[2026-04-15 02:22:06] [DEBUG] 原点 (2, 2) 验证通过
[2026-04-15 02:22:06] [DEBUG] 测试原点: (3, 0), 形状偏移量: [(1, 0), (2, 0)]
[2026-04-15 02:22:06] [DEBUG] 放置验证通过: shape_coords=[(1, 0), (2, 0)], origin=(3, 0), 所有坐标在网格范围内且无碰撞
[2026-04-15 02:22:06] [DEBUG] 原点 (3, 0) 验证通过
[2026-04-15 02:22:06] [DEBUG] 测试原点: (3, 1), 形状偏移量: [(1, 0), (2, 0)]
[2026-04-15 02:22:06] [DEBUG] 放置验证通过: shape_coords=[(1, 0), (2, 0)], origin=(3, 1), 所有坐标在网格范围内且无碰撞
[2026-04-15 02:22:06] [DEBUG] 原点 (3, 1) 验证通过
[2026-04-15 02:22:06] [DEBUG] 测试原点: (3, 2), 形状偏移量: [(1, 0), (2, 0)]
[2026-04-15 02:22:06] [DEBUG] 放置验证通过: shape_coords=[(1, 0), (2, 0)], origin=(3, 2), 所有坐标在网格范围内且无碰撞
[2026-04-15 02:22:06] [DEBUG] 原点 (3, 2) 验证通过
[2026-04-15 02:22:06] [DEBUG] 测试原点: (4, 0), 形状偏移量: [(1, 0), (2, 0)]
[2026-04-15 02:22:06] [DEBUG] 放置验证通过: shape_coords=[(1, 0), (2, 0)], origin=(4, 0), 所有坐标在网格范围内且无碰撞
[2026-04-15 02:22:06] [DEBUG] 原点 (4, 0) 验证通过
[2026-04-15 02:22:06] [DEBUG] 测试原点: (4, 1), 形状偏移量: [(1, 0), (2, 0)]
[2026-04-15 02:22:06] [DEBUG] 放置验证通过: shape_coords=[(1, 0), (2, 0)], origin=(4, 1), 所有坐标在网格范围内且无碰撞
[2026-04-15 02:22:06] [DEBUG] 原点 (4, 1) 验证通过
[2026-04-15 02:22:06] [DEBUG] 测试原点: (4, 2), 形状偏移量: [(1, 0), (2, 0)]
[2026-04-15 02:22:06] [DEBUG] 放置验证通过: shape_coords=[(1, 0), (2, 0)], origin=(4, 2), 所有坐标在网格范围内且无碰撞
[2026-04-15 02:22:06] [DEBUG] 原点 (4, 2) 验证通过
[2026-04-15 02:22:06] [DEBUG] 测试原点: (5, 0), 形状偏移量: [(1, 0), (2, 0)]
[2026-04-15 02:22:06] [DEBUG] 放置验证通过: shape_coords=[(1, 0), (2, 0)], origin=(5, 0), 所有坐标在网格范围内且无碰撞
[2026-04-15 02:22:06] [DEBUG] 原点 (5, 0) 验证通过
[2026-04-15 02:22:06] [DEBUG] 测试原点: (5, 1), 形状偏移量: [(1, 0), (2, 0)]
[2026-04-15 02:22:06] [DEBUG] 放置验证通过: shape_coords=[(1, 0), (2, 0)], origin=(5, 1), 所有坐标在网格范围内且无碰撞
[2026-04-15 02:22:06] [DEBUG] 原点 (5, 1) 验证通过
[2026-04-15 02:22:06] [DEBUG] 测试原点: (5, 2), 形状偏移量: [(1, 0), (2, 0)]
[2026-04-15 02:22:06] [DEBUG] 放置验证通过: shape_coords=[(1, 0), (2, 0)], origin=(5, 2), 所有坐标在网格范围内且无碰撞
[2026-04-15 02:22:06] [DEBUG] 原点 (5, 2) 验证通过
[2026-04-15 02:22:06] [DEBUG] 测试原点: (6, 0), 形状偏移量: [(1, 0), (2, 0)]
[2026-04-15 02:22:06] [DEBUG] 放置验证通过: shape_coords=[(1, 0), (2, 0)], origin=(6, 0), 所有坐标在网格范围内且无碰撞
[2026-04-15 02:22:06] [DEBUG] 原点 (6, 0) 验证通过
[2026-04-15 02:22:06] [DEBUG] 测试原点: (6, 1), 形状偏移量: [(1, 0), (2, 0)]
[2026-04-15 02:22:06] [DEBUG] 放置验证通过: shape_coords=[(1, 0), (2, 0)], origin=(6, 1), 所有坐标在网格范围内且无碰撞
[2026-04-15 02:22:06] [DEBUG] 原点 (6, 1) 验证通过
[2026-04-15 02:22:06] [DEBUG] 测试原点: (6, 2), 形状偏移量: [(1, 0), (2, 0)]
[2026-04-15 02:22:06] [DEBUG] 放置验证通过: shape_coords=[(1, 0), (2, 0)], origin=(6, 2), 所有坐标在网格范围内且无碰撞
[2026-04-15 02:22:06] [DEBUG] 原点 (6, 2) 验证通过
[2026-04-15 02:22:06] [DEBUG] 测试原点: (7, 0), 形状偏移量: [(1, 0), (2, 0)]
[2026-04-15 02:22:06] [DEBUG] 放置验证通过: shape_coords=[(1, 0), (2, 0)], origin=(7, 0), 所有坐标在网格范围内且无碰撞
[2026-04-15 02:22:06] [DEBUG] 原点 (7, 0) 验证通过
[2026-04-15 02:22:06] [DEBUG] 测试原点: (7, 1), 形状偏移量: [(1, 0), (2, 0)]
[2026-04-15 02:22:06] [DEBUG] 放置验证通过: shape_coords=[(1, 0), (2, 0)], origin=(7, 1), 所有坐标在网格范围内且无碰撞
[2026-04-15 02:22:06] [DEBUG] 原点 (7, 1) 验证通过
[2026-04-15 02:22:06] [DEBUG] 测试原点: (7, 2), 形状偏移量: [(1, 0), (2, 0)]
[2026-04-15 02:22:06] [DEBUG] 放置验证通过: shape_coords=[(1, 0), (2, 0)], origin=(7, 2), 所有坐标在网格范围内且无碰撞
[2026-04-15 02:22:06] [DEBUG] 原点 (7, 2) 验证通过
[2026-04-15 02:22:06] [DEBUG] 测试原点: (8, 0), 形状偏移量: [(1, 0), (2, 0)]
[2026-04-15 02:22:06] [DEBUG] 放置验证通过: shape_coords=[(1, 0), (2, 0)], origin=(8, 0), 所有坐标在网格范围内且无碰撞
[2026-04-15 02:22:06] [DEBUG] 原点 (8, 0) 验证通过
[2026-04-15 02:22:06] [DEBUG] 测试原点: (8, 1), 形状偏移量: [(1, 0), (2, 0)]
[2026-04-15 02:22:06] [DEBUG] 放置验证通过: shape_coords=[(1, 0), (2, 0)], origin=(8, 1), 所有坐标在网格范围内且无碰撞
[2026-04-15 02:22:06] [DEBUG] 原点 (8, 1) 验证通过
[2026-04-15 02:22:06] [DEBUG] 测试原点: (8, 2), 形状偏移量: [(1, 0), (2, 0)]
[2026-04-15 02:22:06] [DEBUG] 放置验证通过: shape_coords=[(1, 0), (2, 0)], origin=(8, 2), 所有坐标在网格范围内且无碰撞
[2026-04-15 02:22:06] [DEBUG] 原点 (8, 2) 验证通过
[2026-04-15 02:22:06] [DEBUG] 测试原点: (9, 0), 形状偏移量: [(1, 0), (2, 0)]
[2026-04-15 02:22:06] [DEBUG] 放置验证通过: shape_coords=[(1, 0), (2, 0)], origin=(9, 0), 所有坐标在网格范围内且无碰撞
[2026-04-15 02:22:06] [DEBUG] 原点 (9, 0) 验证通过
[2026-04-15 02:22:06] [DEBUG] 测试原点: (9, 1), 形状偏移量: [(1, 0), (2, 0)]
[2026-04-15 02:22:06] [DEBUG] 放置验证通过: shape_coords=[(1, 0), (2, 0)], origin=(9, 1), 所有坐标在网格范围内且无碰撞
[2026-04-15 02:22:06] [DEBUG] 原点 (9, 1) 验证通过
[2026-04-15 02:22:06] [DEBUG] 测试原点: (9, 2), 形状偏移量: [(1, 0), (2, 0)]
[2026-04-15 02:22:06] [DEBUG] 放置验证通过: shape_coords=[(1, 0), (2, 0)], origin=(9, 2), 所有坐标在网格范围内且无碰撞
[2026-04-15 02:22:06] [DEBUG] 原点 (9, 2) 验证通过
[2026-04-15 02:22:06] [DEBUG] find_random_available_spot: 找到 30 个可用位置: [(0, 0), (0, 1), (0, 2), (1, 0), (1, 1), (1, 2), (2, 0), (2, 1), (2, 2), (3, 0), (3, 1), (3, 2), (4, 0), (4, 1), (4, 2), (5, 0), (5, 1), (5, 2), (6, 0), (6, 1), (6, 2), (7, 0), (7, 1), (7, 2), (8, 0), (8, 1), (8, 2), (9, 0), (9, 1), (9, 2)]
[2026-04-15 02:22:06] [DEBUG] 随机选择原点: (5, 0)
[2026-04-15 02:22:06] [DEBUG] 创建村庄意图行动: village, 效果: 扩张1
[2026-04-15 02:22:06] [DEBUG] 放置验证通过: shape_coords=[(1, 0), (2, 0)], origin=(5, 0), 所有坐标在网格范围内且无碰撞
[2026-04-15 02:22:06] [DEBUG] place_action: 绝对坐标=[(6, 0), (7, 0)], 网格当前占用数=0
[2026-04-15 02:22:06] [DEBUG] place_action: 占据坐标 (6, 0)
[2026-04-15 02:22:06] [DEBUG] place_action: 占据坐标 (7, 0)
[2026-04-15 02:22:06] [INFO] place_action: 行动放置成功！origin=(5, 0), 行动ID=-9223371931510634059
[2026-04-15 02:22:06] [INFO] 👾 敌人 @Node2D@77 成功在随机位置 (5, 0) 部署了意图！
[2026-04-15 02:22:06] [INFO] 生成敌人意图: 敌人=@Node2D@160, 类型=Node2D
[2026-04-15 02:22:06] [INFO] 敌人形状: [(1, 0), (2, 0)]
[2026-04-15 02:22:06] [DEBUG] find_random_available_spot: 寻找形状 [(1, 0), (2, 0)] 的可用位置，网格范围 12 x 3
[2026-04-15 02:22:06] [DEBUG] 形状范围: X[1, 2](宽度=2), Y[0, 0](高度=1)
[2026-04-15 02:22:06] [DEBUG] 可能的原点范围: X[0, 9], Y[0, 2]
[2026-04-15 02:22:06] [DEBUG] 测试原点: (0, 0), 形状偏移量: [(1, 0), (2, 0)]
[2026-04-15 02:22:06] [DEBUG] 放置验证通过: shape_coords=[(1, 0), (2, 0)], origin=(0, 0), 所有坐标在网格范围内且无碰撞
[2026-04-15 02:22:06] [DEBUG] 原点 (0, 0) 验证通过
[2026-04-15 02:22:06] [DEBUG] 测试原点: (0, 1), 形状偏移量: [(1, 0), (2, 0)]
[2026-04-15 02:22:06] [DEBUG] 放置验证通过: shape_coords=[(1, 0), (2, 0)], origin=(0, 1), 所有坐标在网格范围内且无碰撞
[2026-04-15 02:22:06] [DEBUG] 原点 (0, 1) 验证通过
[2026-04-15 02:22:06] [DEBUG] 测试原点: (0, 2), 形状偏移量: [(1, 0), (2, 0)]
[2026-04-15 02:22:06] [DEBUG] 放置验证通过: shape_coords=[(1, 0), (2, 0)], origin=(0, 2), 所有坐标在网格范围内且无碰撞
[2026-04-15 02:22:06] [DEBUG] 原点 (0, 2) 验证通过
[2026-04-15 02:22:06] [DEBUG] 测试原点: (1, 0), 形状偏移量: [(1, 0), (2, 0)]
[2026-04-15 02:22:06] [DEBUG] 放置验证通过: shape_coords=[(1, 0), (2, 0)], origin=(1, 0), 所有坐标在网格范围内且无碰撞
[2026-04-15 02:22:06] [DEBUG] 原点 (1, 0) 验证通过
[2026-04-15 02:22:06] [DEBUG] 测试原点: (1, 1), 形状偏移量: [(1, 0), (2, 0)]
[2026-04-15 02:22:06] [DEBUG] 放置验证通过: shape_coords=[(1, 0), (2, 0)], origin=(1, 1), 所有坐标在网格范围内且无碰撞
[2026-04-15 02:22:06] [DEBUG] 原点 (1, 1) 验证通过
[2026-04-15 02:22:06] [DEBUG] 测试原点: (1, 2), 形状偏移量: [(1, 0), (2, 0)]
[2026-04-15 02:22:06] [DEBUG] 放置验证通过: shape_coords=[(1, 0), (2, 0)], origin=(1, 2), 所有坐标在网格范围内且无碰撞
[2026-04-15 02:22:06] [DEBUG] 原点 (1, 2) 验证通过
[2026-04-15 02:22:06] [DEBUG] 测试原点: (2, 0), 形状偏移量: [(1, 0), (2, 0)]
[2026-04-15 02:22:06] [DEBUG] 放置验证通过: shape_coords=[(1, 0), (2, 0)], origin=(2, 0), 所有坐标在网格范围内且无碰撞
[2026-04-15 02:22:06] [DEBUG] 原点 (2, 0) 验证通过
[2026-04-15 02:22:06] [DEBUG] 测试原点: (2, 1), 形状偏移量: [(1, 0), (2, 0)]
[2026-04-15 02:22:06] [DEBUG] 放置验证通过: shape_coords=[(1, 0), (2, 0)], origin=(2, 1), 所有坐标在网格范围内且无碰撞
[2026-04-15 02:22:06] [DEBUG] 原点 (2, 1) 验证通过
[2026-04-15 02:22:06] [DEBUG] 测试原点: (2, 2), 形状偏移量: [(1, 0), (2, 0)]
[2026-04-15 02:22:06] [DEBUG] 放置验证通过: shape_coords=[(1, 0), (2, 0)], origin=(2, 2), 所有坐标在网格范围内且无碰撞
[2026-04-15 02:22:06] [DEBUG] 原点 (2, 2) 验证通过
[2026-04-15 02:22:06] [DEBUG] 测试原点: (3, 0), 形状偏移量: [(1, 0), (2, 0)]
[2026-04-15 02:22:06] [DEBUG] 放置验证通过: shape_coords=[(1, 0), (2, 0)], origin=(3, 0), 所有坐标在网格范围内且无碰撞
[2026-04-15 02:22:06] [DEBUG] 原点 (3, 0) 验证通过
[2026-04-15 02:22:06] [DEBUG] 测试原点: (3, 1), 形状偏移量: [(1, 0), (2, 0)]
[2026-04-15 02:22:06] [DEBUG] 放置验证通过: shape_coords=[(1, 0), (2, 0)], origin=(3, 1), 所有坐标在网格范围内且无碰撞
[2026-04-15 02:22:06] [DEBUG] 原点 (3, 1) 验证通过
[2026-04-15 02:22:06] [DEBUG] 测试原点: (3, 2), 形状偏移量: [(1, 0), (2, 0)]
[2026-04-15 02:22:06] [DEBUG] 放置验证通过: shape_coords=[(1, 0), (2, 0)], origin=(3, 2), 所有坐标在网格范围内且无碰撞
[2026-04-15 02:22:06] [DEBUG] 原点 (3, 2) 验证通过
[2026-04-15 02:22:06] [DEBUG] 测试原点: (4, 0), 形状偏移量: [(1, 0), (2, 0)]
[2026-04-15 02:22:06] [DEBUG] 原点 (4, 0) 验证失败
[2026-04-15 02:22:06] [DEBUG] 测试原点: (4, 1), 形状偏移量: [(1, 0), (2, 0)]
[2026-04-15 02:22:06] [DEBUG] 放置验证通过: shape_coords=[(1, 0), (2, 0)], origin=(4, 1), 所有坐标在网格范围内且无碰撞
[2026-04-15 02:22:06] [DEBUG] 原点 (4, 1) 验证通过
[2026-04-15 02:22:06] [DEBUG] 测试原点: (4, 2), 形状偏移量: [(1, 0), (2, 0)]
[2026-04-15 02:22:06] [DEBUG] 放置验证通过: shape_coords=[(1, 0), (2, 0)], origin=(4, 2), 所有坐标在网格范围内且无碰撞
[2026-04-15 02:22:06] [DEBUG] 原点 (4, 2) 验证通过
[2026-04-15 02:22:06] [DEBUG] 测试原点: (5, 0), 形状偏移量: [(1, 0), (2, 0)]
[2026-04-15 02:22:06] [DEBUG] 原点 (5, 0) 验证失败
[2026-04-15 02:22:06] [DEBUG] 测试原点: (5, 1), 形状偏移量: [(1, 0), (2, 0)]
[2026-04-15 02:22:06] [DEBUG] 放置验证通过: shape_coords=[(1, 0), (2, 0)], origin=(5, 1), 所有坐标在网格范围内且无碰撞
[2026-04-15 02:22:06] [DEBUG] 原点 (5, 1) 验证通过
[2026-04-15 02:22:06] [DEBUG] 测试原点: (5, 2), 形状偏移量: [(1, 0), (2, 0)]
[2026-04-15 02:22:06] [DEBUG] 放置验证通过: shape_coords=[(1, 0), (2, 0)], origin=(5, 2), 所有坐标在网格范围内且无碰撞
[2026-04-15 02:22:06] [DEBUG] 原点 (5, 2) 验证通过
[2026-04-15 02:22:06] [DEBUG] 测试原点: (6, 0), 形状偏移量: [(1, 0), (2, 0)]
[2026-04-15 02:22:06] [DEBUG] 原点 (6, 0) 验证失败
[2026-04-15 02:22:06] [DEBUG] 测试原点: (6, 1), 形状偏移量: [(1, 0), (2, 0)]
[2026-04-15 02:22:06] [DEBUG] 放置验证通过: shape_coords=[(1, 0), (2, 0)], origin=(6, 1), 所有坐标在网格范围内且无碰撞
[2026-04-15 02:22:06] [DEBUG] 原点 (6, 1) 验证通过
[2026-04-15 02:22:06] [DEBUG] 测试原点: (6, 2), 形状偏移量: [(1, 0), (2, 0)]
[2026-04-15 02:22:06] [DEBUG] 放置验证通过: shape_coords=[(1, 0), (2, 0)], origin=(6, 2), 所有坐标在网格范围内且无碰撞
[2026-04-15 02:22:06] [DEBUG] 原点 (6, 2) 验证通过
[2026-04-15 02:22:06] [DEBUG] 测试原点: (7, 0), 形状偏移量: [(1, 0), (2, 0)]
[2026-04-15 02:22:06] [DEBUG] 放置验证通过: shape_coords=[(1, 0), (2, 0)], origin=(7, 0), 所有坐标在网格范围内且无碰撞
[2026-04-15 02:22:06] [DEBUG] 原点 (7, 0) 验证通过
[2026-04-15 02:22:06] [DEBUG] 测试原点: (7, 1), 形状偏移量: [(1, 0), (2, 0)]
[2026-04-15 02:22:06] [DEBUG] 放置验证通过: shape_coords=[(1, 0), (2, 0)], origin=(7, 1), 所有坐标在网格范围内且无碰撞
[2026-04-15 02:22:06] [DEBUG] 原点 (7, 1) 验证通过
[2026-04-15 02:22:06] [DEBUG] 测试原点: (7, 2), 形状偏移量: [(1, 0), (2, 0)]
[2026-04-15 02:22:06] [DEBUG] 放置验证通过: shape_coords=[(1, 0), (2, 0)], origin=(7, 2), 所有坐标在网格范围内且无碰撞
[2026-04-15 02:22:06] [DEBUG] 原点 (7, 2) 验证通过
[2026-04-15 02:22:06] [DEBUG] 测试原点: (8, 0), 形状偏移量: [(1, 0), (2, 0)]
[2026-04-15 02:22:06] [DEBUG] 放置验证通过: shape_coords=[(1, 0), (2, 0)], origin=(8, 0), 所有坐标在网格范围内且无碰撞
[2026-04-15 02:22:06] [DEBUG] 原点 (8, 0) 验证通过
[2026-04-15 02:22:06] [DEBUG] 测试原点: (8, 1), 形状偏移量: [(1, 0), (2, 0)]
[2026-04-15 02:22:06] [DEBUG] 放置验证通过: shape_coords=[(1, 0), (2, 0)], origin=(8, 1), 所有坐标在网格范围内且无碰撞
[2026-04-15 02:22:06] [DEBUG] 原点 (8, 1) 验证通过
[2026-04-15 02:22:06] [DEBUG] 测试原点: (8, 2), 形状偏移量: [(1, 0), (2, 0)]
[2026-04-15 02:22:06] [DEBUG] 放置验证通过: shape_coords=[(1, 0), (2, 0)], origin=(8, 2), 所有坐标在网格范围内且无碰撞
[2026-04-15 02:22:06] [DEBUG] 原点 (8, 2) 验证通过
[2026-04-15 02:22:06] [DEBUG] 测试原点: (9, 0), 形状偏移量: [(1, 0), (2, 0)]
[2026-04-15 02:22:06] [DEBUG] 放置验证通过: shape_coords=[(1, 0), (2, 0)], origin=(9, 0), 所有坐标在网格范围内且无碰撞
[2026-04-15 02:22:06] [DEBUG] 原点 (9, 0) 验证通过
[2026-04-15 02:22:06] [DEBUG] 测试原点: (9, 1), 形状偏移量: [(1, 0), (2, 0)]
[2026-04-15 02:22:06] [DEBUG] 放置验证通过: shape_coords=[(1, 0), (2, 0)], origin=(9, 1), 所有坐标在网格范围内且无碰撞
[2026-04-15 02:22:06] [DEBUG] 原点 (9, 1) 验证通过
[2026-04-15 02:22:06] [DEBUG] 测试原点: (9, 2), 形状偏移量: [(1, 0), (2, 0)]
[2026-04-15 02:22:06] [DEBUG] 放置验证通过: shape_coords=[(1, 0), (2, 0)], origin=(9, 2), 所有坐标在网格范围内且无碰撞
[2026-04-15 02:22:06] [DEBUG] 原点 (9, 2) 验证通过
[2026-04-15 02:22:06] [DEBUG] find_random_available_spot: 找到 27 个可用位置: [(0, 0), (0, 1), (0, 2), (1, 0), (1, 1), (1, 2), (2, 0), (2, 1), (2, 2), (3, 0), (3, 1), (3, 2), (4, 1), (4, 2), (5, 1), (5, 2), (6, 1), (6, 2), (7, 0), (7, 1), (7, 2), (8, 0), (8, 1), (8, 2), (9, 0), (9, 1), (9, 2)]
[2026-04-15 02:22:06] [DEBUG] 随机选择原点: (8, 2)
[2026-04-15 02:22:06] [DEBUG] 创建村庄意图行动: village, 效果: 扩张1
[2026-04-15 02:22:06] [DEBUG] 放置验证通过: shape_coords=[(1, 0), (2, 0)], origin=(8, 2), 所有坐标在网格范围内且无碰撞
[2026-04-15 02:22:06] [DEBUG] place_action: 绝对坐标=[(9, 2), (10, 2)], 网格当前占用数=2
[2026-04-15 02:22:06] [DEBUG] place_action: 占据坐标 (9, 2)
[2026-04-15 02:22:06] [DEBUG] place_action: 占据坐标 (10, 2)
[2026-04-15 02:22:06] [INFO] place_action: 行动放置成功！origin=(8, 2), 行动ID=-9223371926158702152
[2026-04-15 02:22:06] [INFO] 👾 敌人 @Node2D@160 成功在随机位置 (8, 2) 部署了意图！
[2026-04-15 02:22:06] [INFO] 生成敌人意图: 敌人=@Node2D@61, 类型=Node2D
[2026-04-15 02:22:06] [INFO] 敌人形状: [(1, 0), (2, 0)]
[2026-04-15 02:22:06] [DEBUG] find_random_available_spot: 寻找形状 [(1, 0), (2, 0)] 的可用位置，网格范围 12 x 3
[2026-04-15 02:22:06] [DEBUG] 形状范围: X[1, 2](宽度=2), Y[0, 0](高度=1)
[2026-04-15 02:22:06] [DEBUG] 可能的原点范围: X[0, 9], Y[0, 2]
[2026-04-15 02:22:06] [DEBUG] 测试原点: (0, 0), 形状偏移量: [(1, 0), (2, 0)]
[2026-04-15 02:22:06] [DEBUG] 放置验证通过: shape_coords=[(1, 0), (2, 0)], origin=(0, 0), 所有坐标在网格范围内且无碰撞
[2026-04-15 02:22:06] [DEBUG] 原点 (0, 0) 验证通过
[2026-04-15 02:22:06] [DEBUG] 测试原点: (0, 1), 形状偏移量: [(1, 0), (2, 0)]
[2026-04-15 02:22:06] [DEBUG] 放置验证通过: shape_coords=[(1, 0), (2, 0)], origin=(0, 1), 所有坐标在网格范围内且无碰撞
[2026-04-15 02:22:06] [DEBUG] 原点 (0, 1) 验证通过
[2026-04-15 02:22:06] [DEBUG] 测试原点: (0, 2), 形状偏移量: [(1, 0), (2, 0)]
[2026-04-15 02:22:06] [DEBUG] 放置验证通过: shape_coords=[(1, 0), (2, 0)], origin=(0, 2), 所有坐标在网格范围内且无碰撞
[2026-04-15 02:22:06] [DEBUG] 原点 (0, 2) 验证通过
[2026-04-15 02:22:06] [DEBUG] 测试原点: (1, 0), 形状偏移量: [(1, 0), (2, 0)]
[2026-04-15 02:22:06] [DEBUG] 放置验证通过: shape_coords=[(1, 0), (2, 0)], origin=(1, 0), 所有坐标在网格范围内且无碰撞
[2026-04-15 02:22:06] [DEBUG] 原点 (1, 0) 验证通过
[2026-04-15 02:22:06] [DEBUG] 测试原点: (1, 1), 形状偏移量: [(1, 0), (2, 0)]
[2026-04-15 02:22:06] [DEBUG] 放置验证通过: shape_coords=[(1, 0), (2, 0)], origin=(1, 1), 所有坐标在网格范围内且无碰撞
[2026-04-15 02:22:06] [DEBUG] 原点 (1, 1) 验证通过
[2026-04-15 02:22:06] [DEBUG] 测试原点: (1, 2), 形状偏移量: [(1, 0), (2, 0)]
[2026-04-15 02:22:06] [DEBUG] 放置验证通过: shape_coords=[(1, 0), (2, 0)], origin=(1, 2), 所有坐标在网格范围内且无碰撞
[2026-04-15 02:22:06] [DEBUG] 原点 (1, 2) 验证通过
[2026-04-15 02:22:06] [DEBUG] 测试原点: (2, 0), 形状偏移量: [(1, 0), (2, 0)]
[2026-04-15 02:22:06] [DEBUG] 放置验证通过: shape_coords=[(1, 0), (2, 0)], origin=(2, 0), 所有坐标在网格范围内且无碰撞
[2026-04-15 02:22:06] [DEBUG] 原点 (2, 0) 验证通过
[2026-04-15 02:22:06] [DEBUG] 测试原点: (2, 1), 形状偏移量: [(1, 0), (2, 0)]
[2026-04-15 02:22:06] [DEBUG] 放置验证通过: shape_coords=[(1, 0), (2, 0)], origin=(2, 1), 所有坐标在网格范围内且无碰撞
[2026-04-15 02:22:06] [DEBUG] 原点 (2, 1) 验证通过
[2026-04-15 02:22:06] [DEBUG] 测试原点: (2, 2), 形状偏移量: [(1, 0), (2, 0)]
[2026-04-15 02:22:06] [DEBUG] 放置验证通过: shape_coords=[(1, 0), (2, 0)], origin=(2, 2), 所有坐标在网格范围内且无碰撞
[2026-04-15 02:22:06] [DEBUG] 原点 (2, 2) 验证通过
[2026-04-15 02:22:06] [DEBUG] 测试原点: (3, 0), 形状偏移量: [(1, 0), (2, 0)]
[2026-04-15 02:22:06] [DEBUG] 放置验证通过: shape_coords=[(1, 0), (2, 0)], origin=(3, 0), 所有坐标在网格范围内且无碰撞
[2026-04-15 02:22:06] [DEBUG] 原点 (3, 0) 验证通过
[2026-04-15 02:22:06] [DEBUG] 测试原点: (3, 1), 形状偏移量: [(1, 0), (2, 0)]
[2026-04-15 02:22:06] [DEBUG] 放置验证通过: shape_coords=[(1, 0), (2, 0)], origin=(3, 1), 所有坐标在网格范围内且无碰撞
[2026-04-15 02:22:06] [DEBUG] 原点 (3, 1) 验证通过
[2026-04-15 02:22:06] [DEBUG] 测试原点: (3, 2), 形状偏移量: [(1, 0), (2, 0)]
[2026-04-15 02:22:06] [DEBUG] 放置验证通过: shape_coords=[(1, 0), (2, 0)], origin=(3, 2), 所有坐标在网格范围内且无碰撞
[2026-04-15 02:22:06] [DEBUG] 原点 (3, 2) 验证通过
[2026-04-15 02:22:06] [DEBUG] 测试原点: (4, 0), 形状偏移量: [(1, 0), (2, 0)]
[2026-04-15 02:22:06] [DEBUG] 原点 (4, 0) 验证失败
[2026-04-15 02:22:06] [DEBUG] 测试原点: (4, 1), 形状偏移量: [(1, 0), (2, 0)]
[2026-04-15 02:22:06] [DEBUG] 放置验证通过: shape_coords=[(1, 0), (2, 0)], origin=(4, 1), 所有坐标在网格范围内且无碰撞
[2026-04-15 02:22:06] [DEBUG] 原点 (4, 1) 验证通过
[2026-04-15 02:22:06] [DEBUG] 测试原点: (4, 2), 形状偏移量: [(1, 0), (2, 0)]
[2026-04-15 02:22:06] [DEBUG] 放置验证通过: shape_coords=[(1, 0), (2, 0)], origin=(4, 2), 所有坐标在网格范围内且无碰撞
[2026-04-15 02:22:06] [DEBUG] 原点 (4, 2) 验证通过
[2026-04-15 02:22:06] [DEBUG] 测试原点: (5, 0), 形状偏移量: [(1, 0), (2, 0)]
[2026-04-15 02:22:06] [DEBUG] 原点 (5, 0) 验证失败
[2026-04-15 02:22:06] [DEBUG] 测试原点: (5, 1), 形状偏移量: [(1, 0), (2, 0)]
[2026-04-15 02:22:06] [DEBUG] 放置验证通过: shape_coords=[(1, 0), (2, 0)], origin=(5, 1), 所有坐标在网格范围内且无碰撞
[2026-04-15 02:22:06] [DEBUG] 原点 (5, 1) 验证通过
[2026-04-15 02:22:06] [DEBUG] 测试原点: (5, 2), 形状偏移量: [(1, 0), (2, 0)]
[2026-04-15 02:22:06] [DEBUG] 放置验证通过: shape_coords=[(1, 0), (2, 0)], origin=(5, 2), 所有坐标在网格范围内且无碰撞
[2026-04-15 02:22:06] [DEBUG] 原点 (5, 2) 验证通过
[2026-04-15 02:22:06] [DEBUG] 测试原点: (6, 0), 形状偏移量: [(1, 0), (2, 0)]
[2026-04-15 02:22:06] [DEBUG] 原点 (6, 0) 验证失败
[2026-04-15 02:22:06] [DEBUG] 测试原点: (6, 1), 形状偏移量: [(1, 0), (2, 0)]
[2026-04-15 02:22:06] [DEBUG] 放置验证通过: shape_coords=[(1, 0), (2, 0)], origin=(6, 1), 所有坐标在网格范围内且无碰撞
[2026-04-15 02:22:06] [DEBUG] 原点 (6, 1) 验证通过
[2026-04-15 02:22:06] [DEBUG] 测试原点: (6, 2), 形状偏移量: [(1, 0), (2, 0)]
[2026-04-15 02:22:06] [DEBUG] 放置验证通过: shape_coords=[(1, 0), (2, 0)], origin=(6, 2), 所有坐标在网格范围内且无碰撞
[2026-04-15 02:22:06] [DEBUG] 原点 (6, 2) 验证通过
[2026-04-15 02:22:06] [DEBUG] 测试原点: (7, 0), 形状偏移量: [(1, 0), (2, 0)]
[2026-04-15 02:22:06] [DEBUG] 放置验证通过: shape_coords=[(1, 0), (2, 0)], origin=(7, 0), 所有坐标在网格范围内且无碰撞
[2026-04-15 02:22:06] [DEBUG] 原点 (7, 0) 验证通过
[2026-04-15 02:22:06] [DEBUG] 测试原点: (7, 1), 形状偏移量: [(1, 0), (2, 0)]
[2026-04-15 02:22:06] [DEBUG] 放置验证通过: shape_coords=[(1, 0), (2, 0)], origin=(7, 1), 所有坐标在网格范围内且无碰撞
[2026-04-15 02:22:06] [DEBUG] 原点 (7, 1) 验证通过
[2026-04-15 02:22:06] [DEBUG] 测试原点: (7, 2), 形状偏移量: [(1, 0), (2, 0)]
[2026-04-15 02:22:06] [DEBUG] 原点 (7, 2) 验证失败
[2026-04-15 02:22:06] [DEBUG] 测试原点: (8, 0), 形状偏移量: [(1, 0), (2, 0)]
[2026-04-15 02:22:06] [DEBUG] 放置验证通过: shape_coords=[(1, 0), (2, 0)], origin=(8, 0), 所有坐标在网格范围内且无碰撞
[2026-04-15 02:22:06] [DEBUG] 原点 (8, 0) 验证通过
[2026-04-15 02:22:06] [DEBUG] 测试原点: (8, 1), 形状偏移量: [(1, 0), (2, 0)]
[2026-04-15 02:22:06] [DEBUG] 放置验证通过: shape_coords=[(1, 0), (2, 0)], origin=(8, 1), 所有坐标在网格范围内且无碰撞
[2026-04-15 02:22:06] [DEBUG] 原点 (8, 1) 验证通过
[2026-04-15 02:22:06] [DEBUG] 测试原点: (8, 2), 形状偏移量: [(1, 0), (2, 0)]
[2026-04-15 02:22:06] [DEBUG] 原点 (8, 2) 验证失败
[2026-04-15 02:22:06] [DEBUG] 测试原点: (9, 0), 形状偏移量: [(1, 0), (2, 0)]
[2026-04-15 02:22:06] [DEBUG] 放置验证通过: shape_coords=[(1, 0), (2, 0)], origin=(9, 0), 所有坐标在网格范围内且无碰撞
[2026-04-15 02:22:06] [DEBUG] 原点 (9, 0) 验证通过
[2026-04-15 02:22:06] [DEBUG] 测试原点: (9, 1), 形状偏移量: [(1, 0), (2, 0)]
[2026-04-15 02:22:06] [DEBUG] 放置验证通过: shape_coords=[(1, 0), (2, 0)], origin=(9, 1), 所有坐标在网格范围内且无碰撞
[2026-04-15 02:22:06] [DEBUG] 原点 (9, 1) 验证通过
[2026-04-15 02:22:06] [DEBUG] 测试原点: (9, 2), 形状偏移量: [(1, 0), (2, 0)]
[2026-04-15 02:22:06] [DEBUG] 原点 (9, 2) 验证失败
[2026-04-15 02:22:06] [DEBUG] find_random_available_spot: 找到 24 个可用位置: [(0, 0), (0, 1), (0, 2), (1, 0), (1, 1), (1, 2), (2, 0), (2, 1), (2, 2), (3, 0), (3, 1), (3, 2), (4, 1), (4, 2), (5, 1), (5, 2), (6, 1), (6, 2), (7, 0), (7, 1), (8, 0), (8, 1), (9, 0), (9, 1)]
[2026-04-15 02:22:06] [DEBUG] 随机选择原点: (3, 1)
[2026-04-15 02:22:06] [DEBUG] 创建村庄意图行动: village, 效果: 扩张1
[2026-04-15 02:22:06] [DEBUG] 放置验证通过: shape_coords=[(1, 0), (2, 0)], origin=(3, 1), 所有坐标在网格范围内且无碰撞
[2026-04-15 02:22:06] [DEBUG] place_action: 绝对坐标=[(4, 1), (5, 1)], 网格当前占用数=4
[2026-04-15 02:22:06] [DEBUG] place_action: 占据坐标 (4, 1)
[2026-04-15 02:22:06] [DEBUG] place_action: 占据坐标 (5, 1)
[2026-04-15 02:22:06] [INFO] place_action: 行动放置成功！origin=(3, 1), 行动ID=-9223371920957765177
[2026-04-15 02:22:06] [INFO] 👾 敌人 @Node2D@61 成功在随机位置 (3, 1) 部署了意图！
[2026-04-15 02:22:06] [INFO] 生成敌人意图: 敌人=@Node2D@119, 类型=Node2D
[2026-04-15 02:22:06] [INFO] 敌人形状: [(1, 0), (2, 0)]
[2026-04-15 02:22:06] [DEBUG] find_random_available_spot: 寻找形状 [(1, 0), (2, 0)] 的可用位置，网格范围 12 x 3
[2026-04-15 02:22:06] [DEBUG] 形状范围: X[1, 2](宽度=2), Y[0, 0](高度=1)
[2026-04-15 02:22:06] [DEBUG] 可能的原点范围: X[0, 9], Y[0, 2]
[2026-04-15 02:22:06] [DEBUG] 测试原点: (0, 0), 形状偏移量: [(1, 0), (2, 0)]
[2026-04-15 02:22:06] [DEBUG] 放置验证通过: shape_coords=[(1, 0), (2, 0)], origin=(0, 0), 所有坐标在网格范围内且无碰撞
[2026-04-15 02:22:06] [DEBUG] 原点 (0, 0) 验证通过
[2026-04-15 02:22:06] [DEBUG] 测试原点: (0, 1), 形状偏移量: [(1, 0), (2, 0)]
[2026-04-15 02:22:06] [DEBUG] 放置验证通过: shape_coords=[(1, 0), (2, 0)], origin=(0, 1), 所有坐标在网格范围内且无碰撞
[2026-04-15 02:22:06] [DEBUG] 原点 (0, 1) 验证通过
[2026-04-15 02:22:06] [DEBUG] 测试原点: (0, 2), 形状偏移量: [(1, 0), (2, 0)]
[2026-04-15 02:22:06] [DEBUG] 放置验证通过: shape_coords=[(1, 0), (2, 0)], origin=(0, 2), 所有坐标在网格范围内且无碰撞
[2026-04-15 02:22:06] [DEBUG] 原点 (0, 2) 验证通过
[2026-04-15 02:22:06] [DEBUG] 测试原点: (1, 0), 形状偏移量: [(1, 0), (2, 0)]
[2026-04-15 02:22:06] [DEBUG] 放置验证通过: shape_coords=[(1, 0), (2, 0)], origin=(1, 0), 所有坐标在网格范围内且无碰撞
[2026-04-15 02:22:06] [DEBUG] 原点 (1, 0) 验证通过
[2026-04-15 02:22:06] [DEBUG] 测试原点: (1, 1), 形状偏移量: [(1, 0), (2, 0)]
[2026-04-15 02:22:06] [DEBUG] 放置验证通过: shape_coords=[(1, 0), (2, 0)], origin=(1, 1), 所有坐标在网格范围内且无碰撞
[2026-04-15 02:22:06] [DEBUG] 原点 (1, 1) 验证通过
[2026-04-15 02:22:06] [DEBUG] 测试原点: (1, 2), 形状偏移量: [(1, 0), (2, 0)]
[2026-04-15 02:22:06] [DEBUG] 放置验证通过: shape_coords=[(1, 0), (2, 0)], origin=(1, 2), 所有坐标在网格范围内且无碰撞
[2026-04-15 02:22:06] [DEBUG] 原点 (1, 2) 验证通过
[2026-04-15 02:22:06] [DEBUG] 测试原点: (2, 0), 形状偏移量: [(1, 0), (2, 0)]
[2026-04-15 02:22:06] [DEBUG] 放置验证通过: shape_coords=[(1, 0), (2, 0)], origin=(2, 0), 所有坐标在网格范围内且无碰撞
[2026-04-15 02:22:06] [DEBUG] 原点 (2, 0) 验证通过
[2026-04-15 02:22:06] [DEBUG] 测试原点: (2, 1), 形状偏移量: [(1, 0), (2, 0)]
[2026-04-15 02:22:06] [DEBUG] 原点 (2, 1) 验证失败
[2026-04-15 02:22:06] [DEBUG] 测试原点: (2, 2), 形状偏移量: [(1, 0), (2, 0)]
[2026-04-15 02:22:06] [DEBUG] 放置验证通过: shape_coords=[(1, 0), (2, 0)], origin=(2, 2), 所有坐标在网格范围内且无碰撞
[2026-04-15 02:22:06] [DEBUG] 原点 (2, 2) 验证通过
[2026-04-15 02:22:06] [DEBUG] 测试原点: (3, 0), 形状偏移量: [(1, 0), (2, 0)]
[2026-04-15 02:22:06] [DEBUG] 放置验证通过: shape_coords=[(1, 0), (2, 0)], origin=(3, 0), 所有坐标在网格范围内且无碰撞
[2026-04-15 02:22:06] [DEBUG] 原点 (3, 0) 验证通过
[2026-04-15 02:22:06] [DEBUG] 测试原点: (3, 1), 形状偏移量: [(1, 0), (2, 0)]
[2026-04-15 02:22:06] [DEBUG] 原点 (3, 1) 验证失败
[2026-04-15 02:22:06] [DEBUG] 测试原点: (3, 2), 形状偏移量: [(1, 0), (2, 0)]
[2026-04-15 02:22:06] [DEBUG] 放置验证通过: shape_coords=[(1, 0), (2, 0)], origin=(3, 2), 所有坐标在网格范围内且无碰撞
[2026-04-15 02:22:06] [DEBUG] 原点 (3, 2) 验证通过
[2026-04-15 02:22:06] [DEBUG] 测试原点: (4, 0), 形状偏移量: [(1, 0), (2, 0)]
[2026-04-15 02:22:06] [DEBUG] 原点 (4, 0) 验证失败
[2026-04-15 02:22:06] [DEBUG] 测试原点: (4, 1), 形状偏移量: [(1, 0), (2, 0)]
[2026-04-15 02:22:06] [DEBUG] 原点 (4, 1) 验证失败
[2026-04-15 02:22:06] [DEBUG] 测试原点: (4, 2), 形状偏移量: [(1, 0), (2, 0)]
[2026-04-15 02:22:06] [DEBUG] 放置验证通过: shape_coords=[(1, 0), (2, 0)], origin=(4, 2), 所有坐标在网格范围内且无碰撞
[2026-04-15 02:22:06] [DEBUG] 原点 (4, 2) 验证通过
[2026-04-15 02:22:06] [DEBUG] 测试原点: (5, 0), 形状偏移量: [(1, 0), (2, 0)]
[2026-04-15 02:22:06] [DEBUG] 原点 (5, 0) 验证失败
[2026-04-15 02:22:06] [DEBUG] 测试原点: (5, 1), 形状偏移量: [(1, 0), (2, 0)]
[2026-04-15 02:22:06] [DEBUG] 放置验证通过: shape_coords=[(1, 0), (2, 0)], origin=(5, 1), 所有坐标在网格范围内且无碰撞
[2026-04-15 02:22:06] [DEBUG] 原点 (5, 1) 验证通过
[2026-04-15 02:22:06] [DEBUG] 测试原点: (5, 2), 形状偏移量: [(1, 0), (2, 0)]
[2026-04-15 02:22:06] [DEBUG] 放置验证通过: shape_coords=[(1, 0), (2, 0)], origin=(5, 2), 所有坐标在网格范围内且无碰撞
[2026-04-15 02:22:06] [DEBUG] 原点 (5, 2) 验证通过
[2026-04-15 02:22:06] [DEBUG] 测试原点: (6, 0), 形状偏移量: [(1, 0), (2, 0)]
[2026-04-15 02:22:06] [DEBUG] 原点 (6, 0) 验证失败
[2026-04-15 02:22:06] [DEBUG] 测试原点: (6, 1), 形状偏移量: [(1, 0), (2, 0)]
[2026-04-15 02:22:06] [DEBUG] 放置验证通过: shape_coords=[(1, 0), (2, 0)], origin=(6, 1), 所有坐标在网格范围内且无碰撞
[2026-04-15 02:22:06] [DEBUG] 原点 (6, 1) 验证通过
[2026-04-15 02:22:06] [DEBUG] 测试原点: (6, 2), 形状偏移量: [(1, 0), (2, 0)]
[2026-04-15 02:22:06] [DEBUG] 放置验证通过: shape_coords=[(1, 0), (2, 0)], origin=(6, 2), 所有坐标在网格范围内且无碰撞
[2026-04-15 02:22:06] [DEBUG] 原点 (6, 2) 验证通过
[2026-04-15 02:22:06] [DEBUG] 测试原点: (7, 0), 形状偏移量: [(1, 0), (2, 0)]
[2026-04-15 02:22:06] [DEBUG] 放置验证通过: shape_coords=[(1, 0), (2, 0)], origin=(7, 0), 所有坐标在网格范围内且无碰撞
[2026-04-15 02:22:06] [DEBUG] 原点 (7, 0) 验证通过
[2026-04-15 02:22:06] [DEBUG] 测试原点: (7, 1), 形状偏移量: [(1, 0), (2, 0)]
[2026-04-15 02:22:06] [DEBUG] 放置验证通过: shape_coords=[(1, 0), (2, 0)], origin=(7, 1), 所有坐标在网格范围内且无碰撞
[2026-04-15 02:22:06] [DEBUG] 原点 (7, 1) 验证通过
[2026-04-15 02:22:06] [DEBUG] 测试原点: (7, 2), 形状偏移量: [(1, 0), (2, 0)]
[2026-04-15 02:22:06] [DEBUG] 原点 (7, 2) 验证失败
[2026-04-15 02:22:06] [DEBUG] 测试原点: (8, 0), 形状偏移量: [(1, 0), (2, 0)]
[2026-04-15 02:22:06] [DEBUG] 放置验证通过: shape_coords=[(1, 0), (2, 0)], origin=(8, 0), 所有坐标在网格范围内且无碰撞
[2026-04-15 02:22:06] [DEBUG] 原点 (8, 0) 验证通过
[2026-04-15 02:22:06] [DEBUG] 测试原点: (8, 1), 形状偏移量: [(1, 0), (2, 0)]
[2026-04-15 02:22:06] [DEBUG] 放置验证通过: shape_coords=[(1, 0), (2, 0)], origin=(8, 1), 所有坐标在网格范围内且无碰撞
[2026-04-15 02:22:06] [DEBUG] 原点 (8, 1) 验证通过
[2026-04-15 02:22:06] [DEBUG] 测试原点: (8, 2), 形状偏移量: [(1, 0), (2, 0)]
[2026-04-15 02:22:06] [DEBUG] 原点 (8, 2) 验证失败
[2026-04-15 02:22:06] [DEBUG] 测试原点: (9, 0), 形状偏移量: [(1, 0), (2, 0)]
[2026-04-15 02:22:06] [DEBUG] 放置验证通过: shape_coords=[(1, 0), (2, 0)], origin=(9, 0), 所有坐标在网格范围内且无碰撞
[2026-04-15 02:22:06] [DEBUG] 原点 (9, 0) 验证通过
[2026-04-15 02:22:06] [DEBUG] 测试原点: (9, 1), 形状偏移量: [(1, 0), (2, 0)]
[2026-04-15 02:22:06] [DEBUG] 放置验证通过: shape_coords=[(1, 0), (2, 0)], origin=(9, 1), 所有坐标在网格范围内且无碰撞
[2026-04-15 02:22:06] [DEBUG] 原点 (9, 1) 验证通过
[2026-04-15 02:22:06] [DEBUG] 测试原点: (9, 2), 形状偏移量: [(1, 0), (2, 0)]
[2026-04-15 02:22:06] [DEBUG] 原点 (9, 2) 验证失败
[2026-04-15 02:22:06] [DEBUG] find_random_available_spot: 找到 21 个可用位置: [(0, 0), (0, 1), (0, 2), (1, 0), (1, 1), (1, 2), (2, 0), (2, 2), (3, 0), (3, 2), (4, 2), (5, 1), (5, 2), (6, 1), (6, 2), (7, 0), (7, 1), (8, 0), (8, 1), (9, 0), (9, 1)]
[2026-04-15 02:22:06] [DEBUG] 随机选择原点: (5, 1)
[2026-04-15 02:22:06] [DEBUG] 创建村庄意图行动: village, 效果: 扩张1
[2026-04-15 02:22:06] [DEBUG] 放置验证通过: shape_coords=[(1, 0), (2, 0)], origin=(5, 1), 所有坐标在网格范围内且无碰撞
[2026-04-15 02:22:06] [DEBUG] place_action: 绝对坐标=[(6, 1), (7, 1)], 网格当前占用数=6
[2026-04-15 02:22:06] [DEBUG] place_action: 占据坐标 (6, 1)
[2026-04-15 02:22:06] [DEBUG] place_action: 占据坐标 (7, 1)
[2026-04-15 02:22:06] [INFO] place_action: 行动放置成功！origin=(5, 1), 行动ID=-9223371915907823146
[2026-04-15 02:22:06] [INFO] 👾 敌人 @Node2D@119 成功在随机位置 (5, 1) 部署了意图！
[2026-04-15 02:22:06] [INFO] 生成敌人意图: 敌人=@Node2D@216, 类型=Node2D
[2026-04-15 02:22:06] [INFO] 敌人形状: [(1, 0), (2, 0)]
[2026-04-15 02:22:06] [DEBUG] find_random_available_spot: 寻找形状 [(1, 0), (2, 0)] 的可用位置，网格范围 12 x 3
[2026-04-15 02:22:06] [DEBUG] 形状范围: X[1, 2](宽度=2), Y[0, 0](高度=1)
[2026-04-15 02:22:06] [DEBUG] 可能的原点范围: X[0, 9], Y[0, 2]
[2026-04-15 02:22:06] [DEBUG] 测试原点: (0, 0), 形状偏移量: [(1, 0), (2, 0)]
[2026-04-15 02:22:06] [DEBUG] 放置验证通过: shape_coords=[(1, 0), (2, 0)], origin=(0, 0), 所有坐标在网格范围内且无碰撞
[2026-04-15 02:22:06] [DEBUG] 原点 (0, 0) 验证通过
[2026-04-15 02:22:06] [DEBUG] 测试原点: (0, 1), 形状偏移量: [(1, 0), (2, 0)]
[2026-04-15 02:22:06] [DEBUG] 放置验证通过: shape_coords=[(1, 0), (2, 0)], origin=(0, 1), 所有坐标在网格范围内且无碰撞
[2026-04-15 02:22:06] [DEBUG] 原点 (0, 1) 验证通过
[2026-04-15 02:22:06] [DEBUG] 测试原点: (0, 2), 形状偏移量: [(1, 0), (2, 0)]
[2026-04-15 02:22:06] [DEBUG] 放置验证通过: shape_coords=[(1, 0), (2, 0)], origin=(0, 2), 所有坐标在网格范围内且无碰撞
[2026-04-15 02:22:06] [DEBUG] 原点 (0, 2) 验证通过
[2026-04-15 02:22:06] [DEBUG] 测试原点: (1, 0), 形状偏移量: [(1, 0), (2, 0)]
[2026-04-15 02:22:06] [DEBUG] 放置验证通过: shape_coords=[(1, 0), (2, 0)], origin=(1, 0), 所有坐标在网格范围内且无碰撞
[2026-04-15 02:22:06] [DEBUG] 原点 (1, 0) 验证通过
[2026-04-15 02:22:06] [DEBUG] 测试原点: (1, 1), 形状偏移量: [(1, 0), (2, 0)]
[2026-04-15 02:22:06] [DEBUG] 放置验证通过: shape_coords=[(1, 0), (2, 0)], origin=(1, 1), 所有坐标在网格范围内且无碰撞
[2026-04-15 02:22:06] [DEBUG] 原点 (1, 1) 验证通过
[2026-04-15 02:22:06] [DEBUG] 测试原点: (1, 2), 形状偏移量: [(1, 0), (2, 0)]
[2026-04-15 02:22:06] [DEBUG] 放置验证通过: shape_coords=[(1, 0), (2, 0)], origin=(1, 2), 所有坐标在网格范围内且无碰撞
[2026-04-15 02:22:06] [DEBUG] 原点 (1, 2) 验证通过
[2026-04-15 02:22:06] [DEBUG] 测试原点: (2, 0), 形状偏移量: [(1, 0), (2, 0)]
[2026-04-15 02:22:06] [DEBUG] 放置验证通过: shape_coords=[(1, 0), (2, 0)], origin=(2, 0), 所有坐标在网格范围内且无碰撞
[2026-04-15 02:22:06] [DEBUG] 原点 (2, 0) 验证通过
[2026-04-15 02:22:06] [DEBUG] 测试原点: (2, 1), 形状偏移量: [(1, 0), (2, 0)]
[2026-04-15 02:22:06] [DEBUG] 原点 (2, 1) 验证失败
[2026-04-15 02:22:06] [DEBUG] 测试原点: (2, 2), 形状偏移量: [(1, 0), (2, 0)]
[2026-04-15 02:22:06] [DEBUG] 放置验证通过: shape_coords=[(1, 0), (2, 0)], origin=(2, 2), 所有坐标在网格范围内且无碰撞
[2026-04-15 02:22:06] [DEBUG] 原点 (2, 2) 验证通过
[2026-04-15 02:22:06] [DEBUG] 测试原点: (3, 0), 形状偏移量: [(1, 0), (2, 0)]
[2026-04-15 02:22:06] [DEBUG] 放置验证通过: shape_coords=[(1, 0), (2, 0)], origin=(3, 0), 所有坐标在网格范围内且无碰撞
[2026-04-15 02:22:06] [DEBUG] 原点 (3, 0) 验证通过
[2026-04-15 02:22:06] [DEBUG] 测试原点: (3, 1), 形状偏移量: [(1, 0), (2, 0)]
[2026-04-15 02:22:06] [DEBUG] 原点 (3, 1) 验证失败
[2026-04-15 02:22:06] [DEBUG] 测试原点: (3, 2), 形状偏移量: [(1, 0), (2, 0)]
[2026-04-15 02:22:06] [DEBUG] 放置验证通过: shape_coords=[(1, 0), (2, 0)], origin=(3, 2), 所有坐标在网格范围内且无碰撞
[2026-04-15 02:22:06] [DEBUG] 原点 (3, 2) 验证通过
[2026-04-15 02:22:06] [DEBUG] 测试原点: (4, 0), 形状偏移量: [(1, 0), (2, 0)]
[2026-04-15 02:22:06] [DEBUG] 原点 (4, 0) 验证失败
[2026-04-15 02:22:06] [DEBUG] 测试原点: (4, 1), 形状偏移量: [(1, 0), (2, 0)]
[2026-04-15 02:22:06] [DEBUG] 原点 (4, 1) 验证失败
[2026-04-15 02:22:06] [DEBUG] 测试原点: (4, 2), 形状偏移量: [(1, 0), (2, 0)]
[2026-04-15 02:22:06] [DEBUG] 放置验证通过: shape_coords=[(1, 0), (2, 0)], origin=(4, 2), 所有坐标在网格范围内且无碰撞
[2026-04-15 02:22:06] [DEBUG] 原点 (4, 2) 验证通过
[2026-04-15 02:22:06] [DEBUG] 测试原点: (5, 0), 形状偏移量: [(1, 0), (2, 0)]
[2026-04-15 02:22:06] [DEBUG] 原点 (5, 0) 验证失败
[2026-04-15 02:22:06] [DEBUG] 测试原点: (5, 1), 形状偏移量: [(1, 0), (2, 0)]
[2026-04-15 02:22:06] [DEBUG] 原点 (5, 1) 验证失败
[2026-04-15 02:22:06] [DEBUG] 测试原点: (5, 2), 形状偏移量: [(1, 0), (2, 0)]
[2026-04-15 02:22:06] [DEBUG] 放置验证通过: shape_coords=[(1, 0), (2, 0)], origin=(5, 2), 所有坐标在网格范围内且无碰撞
[2026-04-15 02:22:06] [DEBUG] 原点 (5, 2) 验证通过
[2026-04-15 02:22:06] [DEBUG] 测试原点: (6, 0), 形状偏移量: [(1, 0), (2, 0)]
[2026-04-15 02:22:06] [DEBUG] 原点 (6, 0) 验证失败
[2026-04-15 02:22:06] [DEBUG] 测试原点: (6, 1), 形状偏移量: [(1, 0), (2, 0)]
[2026-04-15 02:22:06] [DEBUG] 原点 (6, 1) 验证失败
[2026-04-15 02:22:06] [DEBUG] 测试原点: (6, 2), 形状偏移量: [(1, 0), (2, 0)]
[2026-04-15 02:22:06] [DEBUG] 放置验证通过: shape_coords=[(1, 0), (2, 0)], origin=(6, 2), 所有坐标在网格范围内且无碰撞
[2026-04-15 02:22:06] [DEBUG] 原点 (6, 2) 验证通过
[2026-04-15 02:22:06] [DEBUG] 测试原点: (7, 0), 形状偏移量: [(1, 0), (2, 0)]
[2026-04-15 02:22:06] [DEBUG] 放置验证通过: shape_coords=[(1, 0), (2, 0)], origin=(7, 0), 所有坐标在网格范围内且无碰撞
[2026-04-15 02:22:06] [DEBUG] 原点 (7, 0) 验证通过
[2026-04-15 02:22:06] [DEBUG] 测试原点: (7, 1), 形状偏移量: [(1, 0), (2, 0)]
[2026-04-15 02:22:06] [DEBUG] 放置验证通过: shape_coords=[(1, 0), (2, 0)], origin=(7, 1), 所有坐标在网格范围内且无碰撞
[2026-04-15 02:22:06] [DEBUG] 原点 (7, 1) 验证通过
[2026-04-15 02:22:06] [DEBUG] 测试原点: (7, 2), 形状偏移量: [(1, 0), (2, 0)]
[2026-04-15 02:22:06] [DEBUG] 原点 (7, 2) 验证失败
[2026-04-15 02:22:06] [DEBUG] 测试原点: (8, 0), 形状偏移量: [(1, 0), (2, 0)]
[2026-04-15 02:22:06] [DEBUG] 放置验证通过: shape_coords=[(1, 0), (2, 0)], origin=(8, 0), 所有坐标在网格范围内且无碰撞
[2026-04-15 02:22:06] [DEBUG] 原点 (8, 0) 验证通过
[2026-04-15 02:22:06] [DEBUG] 测试原点: (8, 1), 形状偏移量: [(1, 0), (2, 0)]
[2026-04-15 02:22:06] [DEBUG] 放置验证通过: shape_coords=[(1, 0), (2, 0)], origin=(8, 1), 所有坐标在网格范围内且无碰撞
[2026-04-15 02:22:06] [DEBUG] 原点 (8, 1) 验证通过
[2026-04-15 02:22:06] [DEBUG] 测试原点: (8, 2), 形状偏移量: [(1, 0), (2, 0)]
[2026-04-15 02:22:06] [DEBUG] 原点 (8, 2) 验证失败
[2026-04-15 02:22:06] [DEBUG] 测试原点: (9, 0), 形状偏移量: [(1, 0), (2, 0)]
[2026-04-15 02:22:06] [DEBUG] 放置验证通过: shape_coords=[(1, 0), (2, 0)], origin=(9, 0), 所有坐标在网格范围内且无碰撞
[2026-04-15 02:22:06] [DEBUG] 原点 (9, 0) 验证通过
[2026-04-15 02:22:06] [DEBUG] 测试原点: (9, 1), 形状偏移量: [(1, 0), (2, 0)]
[2026-04-15 02:22:06] [DEBUG] 放置验证通过: shape_coords=[(1, 0), (2, 0)], origin=(9, 1), 所有坐标在网格范围内且无碰撞
[2026-04-15 02:22:06] [DEBUG] 原点 (9, 1) 验证通过
[2026-04-15 02:22:06] [DEBUG] 测试原点: (9, 2), 形状偏移量: [(1, 0), (2, 0)]
[2026-04-15 02:22:06] [DEBUG] 原点 (9, 2) 验证失败
[2026-04-15 02:22:06] [DEBUG] find_random_available_spot: 找到 19 个可用位置: [(0, 0), (0, 1), (0, 2), (1, 0), (1, 1), (1, 2), (2, 0), (2, 2), (3, 0), (3, 2), (4, 2), (5, 2), (6, 2), (7, 0), (7, 1), (8, 0), (8, 1), (9, 0), (9, 1)]
[2026-04-15 02:22:06] [DEBUG] 随机选择原点: (6, 2)
[2026-04-15 02:22:06] [DEBUG] 创建村庄意图行动: village, 效果: 扩张1
[2026-04-15 02:22:06] [DEBUG] 放置验证通过: shape_coords=[(1, 0), (2, 0)], origin=(6, 2), 所有坐标在网格范围内且无碰撞
[2026-04-15 02:22:06] [DEBUG] place_action: 绝对坐标=[(7, 2), (8, 2)], 网格当前占用数=8
[2026-04-15 02:22:06] [DEBUG] place_action: 占据坐标 (7, 2)
[2026-04-15 02:22:06] [DEBUG] place_action: 占据坐标 (8, 2)
[2026-04-15 02:22:06] [INFO] place_action: 行动放置成功！origin=(6, 2), 行动ID=-9223371910958544411
[2026-04-15 02:22:06] [INFO] 👾 敌人 @Node2D@216 成功在随机位置 (6, 2) 部署了意图！
[2026-04-15 02:22:06] [WARNING] ⚠️ 时间轴已满载，不再生成额外敌方意图！
[2026-04-15 02:22:06] [INFO] ✅ 游戏开始时已生成敌人意图
[2026-04-15 02:22:06] [INFO] === 时间轴网格状态 ===
[2026-04-15 02:22:06] [INFO] 网格占用总数: 10
[2026-04-15 02:22:06] [INFO] (6, 0): TimelineAction(type=ENEMY, origin=(5, 0))
[2026-04-15 02:22:06] [INFO] (7, 0): TimelineAction(type=ENEMY, origin=(5, 0))
[2026-04-15 02:22:06] [INFO] (9, 2): TimelineAction(type=ENEMY, origin=(8, 2))
[2026-04-15 02:22:06] [INFO] (10, 2): TimelineAction(type=ENEMY, origin=(8, 2))
[2026-04-15 02:22:06] [INFO] (4, 1): TimelineAction(type=ENEMY, origin=(3, 1))
[2026-04-15 02:22:06] [INFO] (5, 1): TimelineAction(type=ENEMY, origin=(3, 1))
[2026-04-15 02:22:06] [INFO] (6, 1): TimelineAction(type=ENEMY, origin=(5, 1))
[2026-04-15 02:22:06] [INFO] (7, 1): TimelineAction(type=ENEMY, origin=(5, 1))
[2026-04-15 02:22:06] [INFO] (7, 2): TimelineAction(type=ENEMY, origin=(6, 2))
[2026-04-15 02:22:06] [INFO] (8, 2): TimelineAction(type=ENEMY, origin=(6, 2))
[2026-04-15 02:22:06] [INFO] === 网格状态结束 ===
[2026-04-15 02:22:06] [DEBUG] cursor_tooltip 已增强为PanelContainer样式
[2026-04-15 02:22:06] [DEBUG] 卡牌原始状态已保存: parent=Cards, pos=(0.0, 400.0), scale=(1.0, 1.0)
[2026-04-15 02:22:06] [DEBUG] 卡牌原始状态已保存: parent=Cards, pos=(0.0, 400.0), scale=(1.0, 1.0)
[2026-04-15 02:22:06] [DEBUG] 卡牌原始状态已保存: parent=Cards, pos=(0.0, 400.0), scale=(1.0, 1.0)
[2026-04-15 02:22:06] [INFO] UI 更新完毕 | 抽牌堆: 3 | 弃牌堆: 0
[2026-04-15 02:22:06] [DEBUG] 卡牌shape为字符串格式: 1
[2026-04-15 02:22:06] [DEBUG] 成功解析为矩阵格式: 1 -> 1x1
[2026-04-15 02:22:06] [DEBUG] TimeBlock节点类型: Control, 路径: /root/in_scene/ui/Main/DeckPile/Cards/Card/TimeBlock
[2026-04-15 02:22:06] [DEBUG] TimeBlock是Control类型，尝试动态处理
[2026-04-15 02:22:06] [DEBUG] 已创建TextureRect子节点显示时间占位图片: 1x1
[2026-04-15 02:22:06] [DEBUG] 处理通用Control节点: Control
[2026-04-15 02:22:06] [DEBUG] 显示时间占位图片，位置: (27.5, -40.83334), 大小: (0.0, 0.0)
[2026-04-15 02:22:06] [DEBUG] 卡牌shape为字符串格式: 1,1
[2026-04-15 02:22:06] [DEBUG] 成功解析为矩阵格式: 1,1 -> 1x2
[2026-04-15 02:22:06] [DEBUG] TimeBlock节点类型: Control, 路径: /root/in_scene/ui/Main/DeckPile/Cards/@Control@310/TimeBlock
[2026-04-15 02:22:06] [DEBUG] TimeBlock是Control类型，尝试动态处理
[2026-04-15 02:22:06] [DEBUG] 已创建TextureRect子节点显示时间占位图片: 1x2
[2026-04-15 02:22:06] [DEBUG] 处理通用Control节点: Control
[2026-04-15 02:22:06] [DEBUG] 显示时间占位图片，位置: (27.5, -40.83334), 大小: (0.0, 0.0)
[2026-04-15 02:22:06] [DEBUG] 卡牌shape为字符串格式: 11,11
[2026-04-15 02:22:06] [DEBUG] 成功解析为矩阵格式: 11,11 -> 2x2
[2026-04-15 02:22:06] [DEBUG] TimeBlock节点类型: Control, 路径: /root/in_scene/ui/Main/DeckPile/Cards/@Control@311/TimeBlock
[2026-04-15 02:22:06] [DEBUG] TimeBlock是Control类型，尝试动态处理
[2026-04-15 02:22:06] [DEBUG] 已创建TextureRect子节点显示时间占位图片: 2x2
[2026-04-15 02:22:06] [DEBUG] 处理通用Control节点: Control
[2026-04-15 02:22:06] [DEBUG] 显示时间占位图片，位置: (27.5, -40.83334), 大小: (0.0, 0.0)
[2026-04-15 02:22:06] [DEBUG] 鼠标进入时间轴网格单元: (9, 2)
[2026-04-15 02:22:06] [DEBUG] 鼠标离开时间轴网格单元: (9, 2)
[2026-04-15 02:22:10] [DEBUG] 开始视图切换动画，锁定状态
[2026-04-15 02:22:10] [INFO] 切换到压缩高度视图（物理坐标扁平化）
[2026-04-15 02:22:10] [DEBUG] 压缩模式高度指示器，真实视觉中心锚点: (0.0, -100.0)，原始高度: 8
[2026-04-15 02:22:10] [DEBUG] 已存储光柱引用到height_view_pillar元数据
[2026-04-15 02:22:10] [DEBUG] 压缩模式高度指示器，真实视觉中心锚点: (0.0, -100.0)，原始高度: 4
[2026-04-15 02:22:10] [DEBUG] 已存储光柱引用到height_view_pillar元数据
[2026-04-15 02:22:10] [DEBUG] 压缩模式高度指示器，真实视觉中心锚点: (0.0, -100.0)，原始高度: 1
[2026-04-15 02:22:10] [DEBUG] 已存储光柱引用到height_view_pillar元数据
[2026-04-15 02:22:10] [DEBUG] 压缩模式高度指示器，真实视觉中心锚点: (0.0, -100.0)，原始高度: 4
[2026-04-15 02:22:10] [DEBUG] 已存储光柱引用到height_view_pillar元数据
[2026-04-15 02:22:10] [DEBUG] 压缩模式高度指示器，真实视觉中心锚点: (0.0, -100.0)，原始高度: 2
[2026-04-15 02:22:10] [DEBUG] 已存储光柱引用到height_view_pillar元数据
[2026-04-15 02:22:10] [DEBUG] 压缩模式高度指示器，真实视觉中心锚点: (0.0, -100.0)，原始高度: 4
[2026-04-15 02:22:10] [DEBUG] 已存储光柱引用到height_view_pillar元数据
[2026-04-15 02:22:10] [DEBUG] 压缩模式高度指示器，真实视觉中心锚点: (0.0, -100.0)，原始高度: 2
[2026-04-15 02:22:10] [DEBUG] 已存储光柱引用到height_view_pillar元数据
[2026-04-15 02:22:10] [DEBUG] 压缩模式高度指示器，真实视觉中心锚点: (0.0, -100.0)，原始高度: 2
[2026-04-15 02:22:10] [DEBUG] 已存储光柱引用到height_view_pillar元数据
[2026-04-15 02:22:10] [DEBUG] 压缩模式高度指示器，真实视觉中心锚点: (0.0, -100.0)，原始高度: 2
[2026-04-15 02:22:10] [DEBUG] 已存储光柱引用到height_view_pillar元数据
[2026-04-15 02:22:10] [DEBUG] 压缩模式高度指示器，真实视觉中心锚点: (0.0, -100.0)，原始高度: 2
[2026-04-15 02:22:10] [DEBUG] 已存储光柱引用到height_view_pillar元数据
[2026-04-15 02:22:10] [DEBUG] 压缩模式高度指示器，真实视觉中心锚点: (0.0, -100.0)，原始高度: 1
[2026-04-15 02:22:10] [DEBUG] 已存储光柱引用到height_view_pillar元数据
================================================================================
会话开始: [2026-04-15 02:26:27]
================================================================================
[2026-04-15 02:26:27] [DEBUG] 地图数据填充完成，形状: fan，坐标数量: 48
[2026-04-15 02:26:27] [INFO] 扇形地图生成完成，坐标数量: 48
[2026-04-15 02:26:27] [DEBUG] 设置地形时间占位形状: 011 -> [(1, 0), (2, 0)]
[2026-04-15 02:26:27] [DEBUG] 地形受伤: amount=0, current_hp=100, damage_rate=0.00
[2026-04-15 02:26:27] [DEBUG] 设置地形时间占位形状: 011 -> [(1, 0), (2, 0)]
[2026-04-15 02:26:27] [DEBUG] 设置地形时间占位形状: 011 -> [(1, 0), (2, 0)]
[2026-04-15 02:26:27] [DEBUG] 地形受伤: amount=22, current_hp=78, damage_rate=0.22
[2026-04-15 02:26:27] [DEBUG] 设置地形时间占位形状: 011 -> [(1, 0), (2, 0)]
[2026-04-15 02:26:27] [DEBUG] 地形受伤: amount=1, current_hp=99, damage_rate=0.01
[2026-04-15 02:26:27] [DEBUG] 设置地形时间占位形状: 011 -> [(1, 0), (2, 0)]
[2026-04-15 02:26:27] [DEBUG] 地形受伤: amount=15, current_hp=85, damage_rate=0.15
[2026-04-15 02:26:27] [DEBUG] 设置地形时间占位形状: 011 -> [(1, 0), (2, 0)]
[2026-04-15 02:26:27] [DEBUG] 地形受伤: amount=17, current_hp=83, damage_rate=0.17
[2026-04-15 02:26:27] [DEBUG] 设置地形时间占位形状: 011 -> [(1, 0), (2, 0)]
[2026-04-15 02:26:27] [DEBUG] 地形受伤: amount=14, current_hp=86, damage_rate=0.14
[2026-04-15 02:26:27] [DEBUG] 设置地形时间占位形状: 011 -> [(1, 0), (2, 0)]
[2026-04-15 02:26:27] [DEBUG] 地形受伤: amount=22, current_hp=78, damage_rate=0.22
[2026-04-15 02:26:27] [DEBUG] 设置地形时间占位形状: 011 -> [(1, 0), (2, 0)]
[2026-04-15 02:26:27] [DEBUG] 地形受伤: amount=5, current_hp=95, damage_rate=0.05
[2026-04-15 02:26:27] [DEBUG] 设置地形时间占位形状: 011 -> [(1, 0), (2, 0)]
[2026-04-15 02:26:27] [DEBUG] 地形受伤: amount=11, current_hp=89, damage_rate=0.11
[2026-04-15 02:26:27] [DEBUG] 设置地形时间占位形状: 011 -> [(1, 0), (2, 0)]
[2026-04-15 02:26:27] [DEBUG] 地形受伤: amount=14, current_hp=86, damage_rate=0.14
[2026-04-15 02:26:27] [DEBUG] 设置地形时间占位形状: 011 -> [(1, 0), (2, 0)]
[2026-04-15 02:26:27] [DEBUG] 地形受伤: amount=3, current_hp=97, damage_rate=0.03
[2026-04-15 02:26:27] [DEBUG] 设置地形时间占位形状: 011 -> [(1, 0), (2, 0)]
[2026-04-15 02:26:27] [DEBUG] 地形受伤: amount=23, current_hp=77, damage_rate=0.23
[2026-04-15 02:26:27] [DEBUG] 设置地形时间占位形状: 011 -> [(1, 0), (2, 0)]
[2026-04-15 02:26:27] [DEBUG] 地形受伤: amount=10, current_hp=90, damage_rate=0.10
[2026-04-15 02:26:27] [DEBUG] 设置地形时间占位形状: 011 -> [(1, 0), (2, 0)]
[2026-04-15 02:26:27] [DEBUG] 地形受伤: amount=23, current_hp=77, damage_rate=0.23
[2026-04-15 02:26:27] [DEBUG] 设置地形时间占位形状: 011 -> [(1, 0), (2, 0)]
[2026-04-15 02:26:27] [DEBUG] 地形受伤: amount=9, current_hp=91, damage_rate=0.09
[2026-04-15 02:26:27] [DEBUG] 设置地形时间占位形状: 011 -> [(1, 0), (2, 0)]
[2026-04-15 02:26:27] [DEBUG] 地形受伤: amount=11, current_hp=89, damage_rate=0.11
[2026-04-15 02:26:27] [DEBUG] 设置地形时间占位形状: 011 -> [(1, 0), (2, 0)]
[2026-04-15 02:26:27] [DEBUG] 地形受伤: amount=17, current_hp=83, damage_rate=0.17
[2026-04-15 02:26:27] [DEBUG] 地貌放置完成，总数: 17，最大限制: 17
[2026-04-15 02:26:27] [DEBUG] 地形受伤: amount=23, current_hp=63, damage_rate=0.37
[2026-04-15 02:26:27] [DEBUG] 生成地貌: @Node2D@27 at (-5, 5)
[2026-04-15 02:26:27] [DEBUG] 地形受伤: amount=24, current_hp=59, damage_rate=0.41
[2026-04-15 02:26:27] [DEBUG] 生成地貌: @Node2D@32 at (-5, 6)
[2026-04-15 02:26:27] [DEBUG] 地形受伤: amount=9, current_hp=90, damage_rate=0.10
[2026-04-15 02:26:27] [DEBUG] 生成地貌: @Node2D@53 at (-3, 3)
[2026-04-15 02:26:27] [DEBUG] 地形受伤: amount=16, current_hp=62, damage_rate=0.38
[2026-04-15 02:26:27] [DEBUG] 生成地貌: @Node2D@57 at (-3, 4)
[2026-04-15 02:26:27] [DEBUG] 地形受伤: amount=23, current_hp=68, damage_rate=0.32
[2026-04-15 02:26:27] [DEBUG] 生成地貌: @Node2D@61 at (-3, 5)
[2026-04-15 02:26:27] [DEBUG] 地形受伤: amount=22, current_hp=68, damage_rate=0.32
[2026-04-15 02:26:27] [DEBUG] 生成地貌: @Node2D@82 at (-2, 4)
[2026-04-15 02:26:27] [DEBUG] 地形受伤: amount=26, current_hp=52, damage_rate=0.48
[2026-04-15 02:26:27] [DEBUG] 生成地貌: @Node2D@93 at (-2, 6)
[2026-04-15 02:26:27] [DEBUG] 地形受伤: amount=10, current_hp=67, damage_rate=0.33
[2026-04-15 02:26:27] [DEBUG] 生成地貌: @Node2D@132 at (0, 2)
[2026-04-15 02:26:27] [DEBUG] 地形受伤: amount=28, current_hp=49, damage_rate=0.51
[2026-04-15 02:26:27] [DEBUG] 生成地貌: @Node2D@162 at (1, 1)
[2026-04-15 02:26:27] [DEBUG] 地形受伤: amount=12, current_hp=85, damage_rate=0.15
[2026-04-15 02:26:27] [DEBUG] 生成地貌: @Node2D@167 at (1, 2)
[2026-04-15 02:26:27] [DEBUG] 地形受伤: amount=5, current_hp=84, damage_rate=0.16
[2026-04-15 02:26:27] [DEBUG] 生成地貌: @Node2D@183 at (2, 0)
[2026-04-15 02:26:27] [DEBUG] 地形受伤: amount=29, current_hp=54, damage_rate=0.46
[2026-04-15 02:26:27] [DEBUG] 生成地貌: @Node2D@191 at (2, 2)
[2026-04-15 02:26:27] [DEBUG] 地形受伤: amount=24, current_hp=62, damage_rate=0.38
[2026-04-15 02:26:27] [DEBUG] 生成地貌: @Node2D@196 at (2, 3)
[2026-04-15 02:26:27] [DEBUG] 地形受伤: amount=29, current_hp=71, damage_rate=0.29
[2026-04-15 02:26:27] [DEBUG] 生成地貌: @Node2D@202 at (2, 4)
[2026-04-15 02:26:27] [DEBUG] 地形受伤: amount=30, current_hp=55, damage_rate=0.45
[2026-04-15 02:26:27] [DEBUG] 生成地貌: @Node2D@207 at (3, 0)
[2026-04-15 02:26:27] [DEBUG] 地形受伤: amount=5, current_hp=90, damage_rate=0.10
[2026-04-15 02:26:27] [DEBUG] 生成地貌: @Node2D@234 at (4, 2)
[2026-04-15 02:26:27] [DEBUG] 地形受伤: amount=15, current_hp=74, damage_rate=0.26
[2026-04-15 02:26:27] [DEBUG] 生成地貌: @Node2D@245 at (5, 1)
[2026-04-15 02:26:27] [DEBUG] 成功绑定高度视图切换按钮
[2026-04-15 02:26:27] [DEBUG] 应用响应式动态锚点布局
[2026-04-15 02:26:27] [DEBUG] 布局应用完成: 真实尺寸(502.0x124.0), 缩放中心=(251.0, 0.0)
[2026-04-15 02:26:27] [DEBUG] 开始创建遮罩节点
[2026-04-15 02:26:27] [DEBUG] 时间轴遮罩已创建（使用全屏锚点），颜色: (0.2666, 0.2666, 0.2666, 0.6)，层级: 1，可见: false
[2026-04-15 02:26:27] [DEBUG] 遮罩创建完成，background_mask: BackgroundMask:<ColorRect#93801416967>
[2026-04-15 02:26:27] [DEBUG] 找到TimelineManager: TimelineManager
[2026-04-15 02:26:27] [DEBUG] 设置时间轴点击缩放权限: allow=false filter=2
[2026-04-15 02:26:27] [DEBUG] DragShapeController已添加到组，准备接收拖拽事件
[2026-04-15 02:26:27] [DEBUG] 敌人意图管理器已就绪
[2026-04-15 02:26:27] [INFO] 成功连接到 TimelineManager
[2026-04-15 02:26:27] [DEBUG] 时间轴可视化器已就绪
[2026-04-15 02:26:27] [INFO] 已连接到 DragShapeController
[2026-04-15 02:26:27] [INFO] TimelineUI已找到: TimelineUI
[2026-04-15 02:26:27] [INFO] 胜利调试按钮已连接
[2026-04-15 02:26:27] [INFO] 已连接胜利触发信号
[2026-04-15 02:26:27] [DEBUG] 🩸 成功将血条组件收编进地块渲染序列: EnemyHealth
[2026-04-15 02:26:27] [DEBUG] 🩸 成功将血条组件收编进地块渲染序列: EnemyHealth
[2026-04-15 02:26:27] [DEBUG] 🩸 成功将血条组件收编进地块渲染序列: EnemyHealth
[2026-04-15 02:26:27] [DEBUG] 🩸 成功将血条组件收编进地块渲染序列: EnemyHealth
[2026-04-15 02:26:27] [DEBUG] 🩸 成功将血条组件收编进地块渲染序列: EnemyHealth
[2026-04-15 02:26:27] [DEBUG] 🩸 成功将血条组件收编进地块渲染序列: EnemyHealth
[2026-04-15 02:26:27] [DEBUG] 🩸 成功将血条组件收编进地块渲染序列: EnemyHealth
[2026-04-15 02:26:27] [DEBUG] 🩸 成功将血条组件收编进地块渲染序列: EnemyHealth
[2026-04-15 02:26:27] [DEBUG] 🩸 成功将血条组件收编进地块渲染序列: EnemyHealth
[2026-04-15 02:26:27] [DEBUG] 🩸 成功将血条组件收编进地块渲染序列: EnemyHealth
[2026-04-15 02:26:27] [DEBUG] 🩸 成功将血条组件收编进地块渲染序列: EnemyHealth
[2026-04-15 02:26:27] [DEBUG] 🩸 成功将血条组件收编进地块渲染序列: EnemyHealth
[2026-04-15 02:26:27] [DEBUG] 🩸 成功将血条组件收编进地块渲染序列: EnemyHealth
[2026-04-15 02:26:27] [DEBUG] 🩸 成功将血条组件收编进地块渲染序列: EnemyHealth
[2026-04-15 02:26:27] [DEBUG] 🩸 成功将血条组件收编进地块渲染序列: EnemyHealth
[2026-04-15 02:26:27] [DEBUG] 🩸 成功将血条组件收编进地块渲染序列: EnemyHealth
[2026-04-15 02:26:27] [DEBUG] 🩸 成功将血条组件收编进地块渲染序列: EnemyHealth
[2026-04-15 02:26:27] [WARNING] 未找到弃牌区
[2026-04-15 02:26:27] [INFO] 清除时间轴网格，当前占用数: 0
[2026-04-15 02:26:27] [DEBUG] 游戏初始化：找到 17 个敌人，生成初始意图
[2026-04-15 02:26:27] [INFO] 生成敌人意图: 敌人=@Node2D@57, 类型=Node2D
[2026-04-15 02:26:27] [INFO] 敌人形状: [(1, 0), (2, 0)]
[2026-04-15 02:26:27] [DEBUG] find_random_available_spot: 寻找形状 [(1, 0), (2, 0)] 的可用位置，网格范围 12 x 3
[2026-04-15 02:26:27] [DEBUG] 形状范围: X[1, 2](宽度=2), Y[0, 0](高度=1)
[2026-04-15 02:26:27] [DEBUG] 可能的原点范围: X[0, 9], Y[0, 2]
[2026-04-15 02:26:27] [DEBUG] 测试原点: (0, 0), 形状偏移量: [(1, 0), (2, 0)]
[2026-04-15 02:26:27] [DEBUG] 放置验证通过: shape_coords=[(1, 0), (2, 0)], origin=(0, 0), 所有坐标在网格范围内且无碰撞
[2026-04-15 02:26:27] [DEBUG] 原点 (0, 0) 验证通过
[2026-04-15 02:26:27] [DEBUG] 测试原点: (0, 1), 形状偏移量: [(1, 0), (2, 0)]
[2026-04-15 02:26:27] [DEBUG] 放置验证通过: shape_coords=[(1, 0), (2, 0)], origin=(0, 1), 所有坐标在网格范围内且无碰撞
[2026-04-15 02:26:27] [DEBUG] 原点 (0, 1) 验证通过
[2026-04-15 02:26:27] [DEBUG] 测试原点: (0, 2), 形状偏移量: [(1, 0), (2, 0)]
[2026-04-15 02:26:27] [DEBUG] 放置验证通过: shape_coords=[(1, 0), (2, 0)], origin=(0, 2), 所有坐标在网格范围内且无碰撞
[2026-04-15 02:26:27] [DEBUG] 原点 (0, 2) 验证通过
[2026-04-15 02:26:27] [DEBUG] 测试原点: (1, 0), 形状偏移量: [(1, 0), (2, 0)]
[2026-04-15 02:26:27] [DEBUG] 放置验证通过: shape_coords=[(1, 0), (2, 0)], origin=(1, 0), 所有坐标在网格范围内且无碰撞
[2026-04-15 02:26:27] [DEBUG] 原点 (1, 0) 验证通过
[2026-04-15 02:26:27] [DEBUG] 测试原点: (1, 1), 形状偏移量: [(1, 0), (2, 0)]
[2026-04-15 02:26:27] [DEBUG] 放置验证通过: shape_coords=[(1, 0), (2, 0)], origin=(1, 1), 所有坐标在网格范围内且无碰撞
[2026-04-15 02:26:27] [DEBUG] 原点 (1, 1) 验证通过
[2026-04-15 02:26:27] [DEBUG] 测试原点: (1, 2), 形状偏移量: [(1, 0), (2, 0)]
[2026-04-15 02:26:27] [DEBUG] 放置验证通过: shape_coords=[(1, 0), (2, 0)], origin=(1, 2), 所有坐标在网格范围内且无碰撞
[2026-04-15 02:26:27] [DEBUG] 原点 (1, 2) 验证通过
[2026-04-15 02:26:27] [DEBUG] 测试原点: (2, 0), 形状偏移量: [(1, 0), (2, 0)]
[2026-04-15 02:26:27] [DEBUG] 放置验证通过: shape_coords=[(1, 0), (2, 0)], origin=(2, 0), 所有坐标在网格范围内且无碰撞
[2026-04-15 02:26:27] [DEBUG] 原点 (2, 0) 验证通过
[2026-04-15 02:26:27] [DEBUG] 测试原点: (2, 1), 形状偏移量: [(1, 0), (2, 0)]
[2026-04-15 02:26:27] [DEBUG] 放置验证通过: shape_coords=[(1, 0), (2, 0)], origin=(2, 1), 所有坐标在网格范围内且无碰撞
[2026-04-15 02:26:27] [DEBUG] 原点 (2, 1) 验证通过
[2026-04-15 02:26:27] [DEBUG] 测试原点: (2, 2), 形状偏移量: [(1, 0), (2, 0)]
[2026-04-15 02:26:27] [DEBUG] 放置验证通过: shape_coords=[(1, 0), (2, 0)], origin=(2, 2), 所有坐标在网格范围内且无碰撞
[2026-04-15 02:26:27] [DEBUG] 原点 (2, 2) 验证通过
[2026-04-15 02:26:27] [DEBUG] 测试原点: (3, 0), 形状偏移量: [(1, 0), (2, 0)]
[2026-04-15 02:26:27] [DEBUG] 放置验证通过: shape_coords=[(1, 0), (2, 0)], origin=(3, 0), 所有坐标在网格范围内且无碰撞
[2026-04-15 02:26:27] [DEBUG] 原点 (3, 0) 验证通过
[2026-04-15 02:26:27] [DEBUG] 测试原点: (3, 1), 形状偏移量: [(1, 0), (2, 0)]
[2026-04-15 02:26:27] [DEBUG] 放置验证通过: shape_coords=[(1, 0), (2, 0)], origin=(3, 1), 所有坐标在网格范围内且无碰撞
[2026-04-15 02:26:27] [DEBUG] 原点 (3, 1) 验证通过
[2026-04-15 02:26:27] [DEBUG] 测试原点: (3, 2), 形状偏移量: [(1, 0), (2, 0)]
[2026-04-15 02:26:27] [DEBUG] 放置验证通过: shape_coords=[(1, 0), (2, 0)], origin=(3, 2), 所有坐标在网格范围内且无碰撞
[2026-04-15 02:26:27] [DEBUG] 原点 (3, 2) 验证通过
[2026-04-15 02:26:27] [DEBUG] 测试原点: (4, 0), 形状偏移量: [(1, 0), (2, 0)]
[2026-04-15 02:26:27] [DEBUG] 放置验证通过: shape_coords=[(1, 0), (2, 0)], origin=(4, 0), 所有坐标在网格范围内且无碰撞
[2026-04-15 02:26:27] [DEBUG] 原点 (4, 0) 验证通过
[2026-04-15 02:26:27] [DEBUG] 测试原点: (4, 1), 形状偏移量: [(1, 0), (2, 0)]
[2026-04-15 02:26:27] [DEBUG] 放置验证通过: shape_coords=[(1, 0), (2, 0)], origin=(4, 1), 所有坐标在网格范围内且无碰撞
[2026-04-15 02:26:27] [DEBUG] 原点 (4, 1) 验证通过
[2026-04-15 02:26:27] [DEBUG] 测试原点: (4, 2), 形状偏移量: [(1, 0), (2, 0)]
[2026-04-15 02:26:27] [DEBUG] 放置验证通过: shape_coords=[(1, 0), (2, 0)], origin=(4, 2), 所有坐标在网格范围内且无碰撞
[2026-04-15 02:26:27] [DEBUG] 原点 (4, 2) 验证通过
[2026-04-15 02:26:27] [DEBUG] 测试原点: (5, 0), 形状偏移量: [(1, 0), (2, 0)]
[2026-04-15 02:26:27] [DEBUG] 放置验证通过: shape_coords=[(1, 0), (2, 0)], origin=(5, 0), 所有坐标在网格范围内且无碰撞
[2026-04-15 02:26:27] [DEBUG] 原点 (5, 0) 验证通过
[2026-04-15 02:26:27] [DEBUG] 测试原点: (5, 1), 形状偏移量: [(1, 0), (2, 0)]
[2026-04-15 02:26:27] [DEBUG] 放置验证通过: shape_coords=[(1, 0), (2, 0)], origin=(5, 1), 所有坐标在网格范围内且无碰撞
[2026-04-15 02:26:27] [DEBUG] 原点 (5, 1) 验证通过
[2026-04-15 02:26:27] [DEBUG] 测试原点: (5, 2), 形状偏移量: [(1, 0), (2, 0)]
[2026-04-15 02:26:27] [DEBUG] 放置验证通过: shape_coords=[(1, 0), (2, 0)], origin=(5, 2), 所有坐标在网格范围内且无碰撞
[2026-04-15 02:26:27] [DEBUG] 原点 (5, 2) 验证通过
[2026-04-15 02:26:27] [DEBUG] 测试原点: (6, 0), 形状偏移量: [(1, 0), (2, 0)]
[2026-04-15 02:26:27] [DEBUG] 放置验证通过: shape_coords=[(1, 0), (2, 0)], origin=(6, 0), 所有坐标在网格范围内且无碰撞
[2026-04-15 02:26:27] [DEBUG] 原点 (6, 0) 验证通过
[2026-04-15 02:26:27] [DEBUG] 测试原点: (6, 1), 形状偏移量: [(1, 0), (2, 0)]
[2026-04-15 02:26:27] [DEBUG] 放置验证通过: shape_coords=[(1, 0), (2, 0)], origin=(6, 1), 所有坐标在网格范围内且无碰撞
[2026-04-15 02:26:27] [DEBUG] 原点 (6, 1) 验证通过
[2026-04-15 02:26:27] [DEBUG] 测试原点: (6, 2), 形状偏移量: [(1, 0), (2, 0)]
[2026-04-15 02:26:27] [DEBUG] 放置验证通过: shape_coords=[(1, 0), (2, 0)], origin=(6, 2), 所有坐标在网格范围内且无碰撞
[2026-04-15 02:26:27] [DEBUG] 原点 (6, 2) 验证通过
[2026-04-15 02:26:27] [DEBUG] 测试原点: (7, 0), 形状偏移量: [(1, 0), (2, 0)]
[2026-04-15 02:26:27] [DEBUG] 放置验证通过: shape_coords=[(1, 0), (2, 0)], origin=(7, 0), 所有坐标在网格范围内且无碰撞
[2026-04-15 02:26:27] [DEBUG] 原点 (7, 0) 验证通过
[2026-04-15 02:26:27] [DEBUG] 测试原点: (7, 1), 形状偏移量: [(1, 0), (2, 0)]
[2026-04-15 02:26:27] [DEBUG] 放置验证通过: shape_coords=[(1, 0), (2, 0)], origin=(7, 1), 所有坐标在网格范围内且无碰撞
[2026-04-15 02:26:27] [DEBUG] 原点 (7, 1) 验证通过
[2026-04-15 02:26:27] [DEBUG] 测试原点: (7, 2), 形状偏移量: [(1, 0), (2, 0)]
[2026-04-15 02:26:27] [DEBUG] 放置验证通过: shape_coords=[(1, 0), (2, 0)], origin=(7, 2), 所有坐标在网格范围内且无碰撞
[2026-04-15 02:26:27] [DEBUG] 原点 (7, 2) 验证通过
[2026-04-15 02:26:27] [DEBUG] 测试原点: (8, 0), 形状偏移量: [(1, 0), (2, 0)]
[2026-04-15 02:26:27] [DEBUG] 放置验证通过: shape_coords=[(1, 0), (2, 0)], origin=(8, 0), 所有坐标在网格范围内且无碰撞
[2026-04-15 02:26:27] [DEBUG] 原点 (8, 0) 验证通过
[2026-04-15 02:26:27] [DEBUG] 测试原点: (8, 1), 形状偏移量: [(1, 0), (2, 0)]
[2026-04-15 02:26:27] [DEBUG] 放置验证通过: shape_coords=[(1, 0), (2, 0)], origin=(8, 1), 所有坐标在网格范围内且无碰撞
[2026-04-15 02:26:27] [DEBUG] 原点 (8, 1) 验证通过
[2026-04-15 02:26:27] [DEBUG] 测试原点: (8, 2), 形状偏移量: [(1, 0), (2, 0)]
[2026-04-15 02:26:27] [DEBUG] 放置验证通过: shape_coords=[(1, 0), (2, 0)], origin=(8, 2), 所有坐标在网格范围内且无碰撞
[2026-04-15 02:26:27] [DEBUG] 原点 (8, 2) 验证通过
[2026-04-15 02:26:27] [DEBUG] 测试原点: (9, 0), 形状偏移量: [(1, 0), (2, 0)]
[2026-04-15 02:26:27] [DEBUG] 放置验证通过: shape_coords=[(1, 0), (2, 0)], origin=(9, 0), 所有坐标在网格范围内且无碰撞
[2026-04-15 02:26:27] [DEBUG] 原点 (9, 0) 验证通过
[2026-04-15 02:26:27] [DEBUG] 测试原点: (9, 1), 形状偏移量: [(1, 0), (2, 0)]
[2026-04-15 02:26:27] [DEBUG] 放置验证通过: shape_coords=[(1, 0), (2, 0)], origin=(9, 1), 所有坐标在网格范围内且无碰撞
[2026-04-15 02:26:27] [DEBUG] 原点 (9, 1) 验证通过
[2026-04-15 02:26:27] [DEBUG] 测试原点: (9, 2), 形状偏移量: [(1, 0), (2, 0)]
[2026-04-15 02:26:27] [DEBUG] 放置验证通过: shape_coords=[(1, 0), (2, 0)], origin=(9, 2), 所有坐标在网格范围内且无碰撞
[2026-04-15 02:26:27] [DEBUG] 原点 (9, 2) 验证通过
[2026-04-15 02:26:27] [DEBUG] find_random_available_spot: 找到 30 个可用位置: [(0, 0), (0, 1), (0, 2), (1, 0), (1, 1), (1, 2), (2, 0), (2, 1), (2, 2), (3, 0), (3, 1), (3, 2), (4, 0), (4, 1), (4, 2), (5, 0), (5, 1), (5, 2), (6, 0), (6, 1), (6, 2), (7, 0), (7, 1), (7, 2), (8, 0), (8, 1), (8, 2), (9, 0), (9, 1), (9, 2)]
[2026-04-15 02:26:27] [DEBUG] 随机选择原点: (0, 2)
[2026-04-15 02:26:27] [DEBUG] 创建村庄意图行动: village, 效果: 扩张1
[2026-04-15 02:26:27] [DEBUG] 放置验证通过: shape_coords=[(1, 0), (2, 0)], origin=(0, 2), 所有坐标在网格范围内且无碰撞
[2026-04-15 02:26:27] [DEBUG] place_action: 绝对坐标=[(1, 2), (2, 2)], 网格当前占用数=0
[2026-04-15 02:26:27] [DEBUG] place_action: 占据坐标 (1, 2)
[2026-04-15 02:26:27] [DEBUG] place_action: 占据坐标 (2, 2)
[2026-04-15 02:26:27] [INFO] place_action: 行动放置成功！origin=(0, 2), 行动ID=-9223371931342861894
[2026-04-15 02:26:27] [INFO] 👾 敌人 @Node2D@57 成功在随机位置 (0, 2) 部署了意图！
[2026-04-15 02:26:27] [INFO] 生成敌人意图: 敌人=@Node2D@245, 类型=Node2D
[2026-04-15 02:26:27] [INFO] 敌人形状: [(1, 0), (2, 0)]
[2026-04-15 02:26:27] [DEBUG] find_random_available_spot: 寻找形状 [(1, 0), (2, 0)] 的可用位置，网格范围 12 x 3
[2026-04-15 02:26:27] [DEBUG] 形状范围: X[1, 2](宽度=2), Y[0, 0](高度=1)
[2026-04-15 02:26:27] [DEBUG] 可能的原点范围: X[0, 9], Y[0, 2]
[2026-04-15 02:26:27] [DEBUG] 测试原点: (0, 0), 形状偏移量: [(1, 0), (2, 0)]
[2026-04-15 02:26:27] [DEBUG] 放置验证通过: shape_coords=[(1, 0), (2, 0)], origin=(0, 0), 所有坐标在网格范围内且无碰撞
[2026-04-15 02:26:27] [DEBUG] 原点 (0, 0) 验证通过
[2026-04-15 02:26:27] [DEBUG] 测试原点: (0, 1), 形状偏移量: [(1, 0), (2, 0)]
[2026-04-15 02:26:27] [DEBUG] 放置验证通过: shape_coords=[(1, 0), (2, 0)], origin=(0, 1), 所有坐标在网格范围内且无碰撞
[2026-04-15 02:26:27] [DEBUG] 原点 (0, 1) 验证通过
[2026-04-15 02:26:27] [DEBUG] 测试原点: (0, 2), 形状偏移量: [(1, 0), (2, 0)]
[2026-04-15 02:26:27] [DEBUG] 原点 (0, 2) 验证失败
[2026-04-15 02:26:27] [DEBUG] 测试原点: (1, 0), 形状偏移量: [(1, 0), (2, 0)]
[2026-04-15 02:26:27] [DEBUG] 放置验证通过: shape_coords=[(1, 0), (2, 0)], origin=(1, 0), 所有坐标在网格范围内且无碰撞
[2026-04-15 02:26:27] [DEBUG] 原点 (1, 0) 验证通过
[2026-04-15 02:26:27] [DEBUG] 测试原点: (1, 1), 形状偏移量: [(1, 0), (2, 0)]
[2026-04-15 02:26:27] [DEBUG] 放置验证通过: shape_coords=[(1, 0), (2, 0)], origin=(1, 1), 所有坐标在网格范围内且无碰撞
[2026-04-15 02:26:27] [DEBUG] 原点 (1, 1) 验证通过
[2026-04-15 02:26:27] [DEBUG] 测试原点: (1, 2), 形状偏移量: [(1, 0), (2, 0)]
[2026-04-15 02:26:27] [DEBUG] 原点 (1, 2) 验证失败
[2026-04-15 02:26:27] [DEBUG] 测试原点: (2, 0), 形状偏移量: [(1, 0), (2, 0)]
[2026-04-15 02:26:27] [DEBUG] 放置验证通过: shape_coords=[(1, 0), (2, 0)], origin=(2, 0), 所有坐标在网格范围内且无碰撞
[2026-04-15 02:26:27] [DEBUG] 原点 (2, 0) 验证通过
[2026-04-15 02:26:27] [DEBUG] 测试原点: (2, 1), 形状偏移量: [(1, 0), (2, 0)]
[2026-04-15 02:26:27] [DEBUG] 放置验证通过: shape_coords=[(1, 0), (2, 0)], origin=(2, 1), 所有坐标在网格范围内且无碰撞
[2026-04-15 02:26:27] [DEBUG] 原点 (2, 1) 验证通过
[2026-04-15 02:26:27] [DEBUG] 测试原点: (2, 2), 形状偏移量: [(1, 0), (2, 0)]
[2026-04-15 02:26:27] [DEBUG] 放置验证通过: shape_coords=[(1, 0), (2, 0)], origin=(2, 2), 所有坐标在网格范围内且无碰撞
[2026-04-15 02:26:27] [DEBUG] 原点 (2, 2) 验证通过
[2026-04-15 02:26:27] [DEBUG] 测试原点: (3, 0), 形状偏移量: [(1, 0), (2, 0)]
[2026-04-15 02:26:27] [DEBUG] 放置验证通过: shape_coords=[(1, 0), (2, 0)], origin=(3, 0), 所有坐标在网格范围内且无碰撞
[2026-04-15 02:26:27] [DEBUG] 原点 (3, 0) 验证通过
[2026-04-15 02:26:27] [DEBUG] 测试原点: (3, 1), 形状偏移量: [(1, 0), (2, 0)]
[2026-04-15 02:26:27] [DEBUG] 放置验证通过: shape_coords=[(1, 0), (2, 0)], origin=(3, 1), 所有坐标在网格范围内且无碰撞
[2026-04-15 02:26:27] [DEBUG] 原点 (3, 1) 验证通过
[2026-04-15 02:26:27] [DEBUG] 测试原点: (3, 2), 形状偏移量: [(1, 0), (2, 0)]
[2026-04-15 02:26:27] [DEBUG] 放置验证通过: shape_coords=[(1, 0), (2, 0)], origin=(3, 2), 所有坐标在网格范围内且无碰撞
[2026-04-15 02:26:27] [DEBUG] 原点 (3, 2) 验证通过
[2026-04-15 02:26:27] [DEBUG] 测试原点: (4, 0), 形状偏移量: [(1, 0), (2, 0)]
[2026-04-15 02:26:27] [DEBUG] 放置验证通过: shape_coords=[(1, 0), (2, 0)], origin=(4, 0), 所有坐标在网格范围内且无碰撞
[2026-04-15 02:26:27] [DEBUG] 原点 (4, 0) 验证通过
[2026-04-15 02:26:27] [DEBUG] 测试原点: (4, 1), 形状偏移量: [(1, 0), (2, 0)]
[2026-04-15 02:26:27] [DEBUG] 放置验证通过: shape_coords=[(1, 0), (2, 0)], origin=(4, 1), 所有坐标在网格范围内且无碰撞
[2026-04-15 02:26:27] [DEBUG] 原点 (4, 1) 验证通过
[2026-04-15 02:26:27] [DEBUG] 测试原点: (4, 2), 形状偏移量: [(1, 0), (2, 0)]
[2026-04-15 02:26:27] [DEBUG] 放置验证通过: shape_coords=[(1, 0), (2, 0)], origin=(4, 2), 所有坐标在网格范围内且无碰撞
[2026-04-15 02:26:27] [DEBUG] 原点 (4, 2) 验证通过
[2026-04-15 02:26:27] [DEBUG] 测试原点: (5, 0), 形状偏移量: [(1, 0), (2, 0)]
[2026-04-15 02:26:27] [DEBUG] 放置验证通过: shape_coords=[(1, 0), (2, 0)], origin=(5, 0), 所有坐标在网格范围内且无碰撞
[2026-04-15 02:26:27] [DEBUG] 原点 (5, 0) 验证通过
[2026-04-15 02:26:27] [DEBUG] 测试原点: (5, 1), 形状偏移量: [(1, 0), (2, 0)]
[2026-04-15 02:26:27] [DEBUG] 放置验证通过: shape_coords=[(1, 0), (2, 0)], origin=(5, 1), 所有坐标在网格范围内且无碰撞
[2026-04-15 02:26:27] [DEBUG] 原点 (5, 1) 验证通过
[2026-04-15 02:26:27] [DEBUG] 测试原点: (5, 2), 形状偏移量: [(1, 0), (2, 0)]
[2026-04-15 02:26:27] [DEBUG] 放置验证通过: shape_coords=[(1, 0), (2, 0)], origin=(5, 2), 所有坐标在网格范围内且无碰撞
[2026-04-15 02:26:27] [DEBUG] 原点 (5, 2) 验证通过
[2026-04-15 02:26:27] [DEBUG] 测试原点: (6, 0), 形状偏移量: [(1, 0), (2, 0)]
[2026-04-15 02:26:27] [DEBUG] 放置验证通过: shape_coords=[(1, 0), (2, 0)], origin=(6, 0), 所有坐标在网格范围内且无碰撞
[2026-04-15 02:26:27] [DEBUG] 原点 (6, 0) 验证通过
[2026-04-15 02:26:27] [DEBUG] 测试原点: (6, 1), 形状偏移量: [(1, 0), (2, 0)]
[2026-04-15 02:26:27] [DEBUG] 放置验证通过: shape_coords=[(1, 0), (2, 0)], origin=(6, 1), 所有坐标在网格范围内且无碰撞
[2026-04-15 02:26:27] [DEBUG] 原点 (6, 1) 验证通过
[2026-04-15 02:26:27] [DEBUG] 测试原点: (6, 2), 形状偏移量: [(1, 0), (2, 0)]
[2026-04-15 02:26:27] [DEBUG] 放置验证通过: shape_coords=[(1, 0), (2, 0)], origin=(6, 2), 所有坐标在网格范围内且无碰撞
[2026-04-15 02:26:27] [DEBUG] 原点 (6, 2) 验证通过
[2026-04-15 02:26:27] [DEBUG] 测试原点: (7, 0), 形状偏移量: [(1, 0), (2, 0)]
[2026-04-15 02:26:27] [DEBUG] 放置验证通过: shape_coords=[(1, 0), (2, 0)], origin=(7, 0), 所有坐标在网格范围内且无碰撞
[2026-04-15 02:26:27] [DEBUG] 原点 (7, 0) 验证通过
[2026-04-15 02:26:27] [DEBUG] 测试原点: (7, 1), 形状偏移量: [(1, 0), (2, 0)]
[2026-04-15 02:26:27] [DEBUG] 放置验证通过: shape_coords=[(1, 0), (2, 0)], origin=(7, 1), 所有坐标在网格范围内且无碰撞
[2026-04-15 02:26:27] [DEBUG] 原点 (7, 1) 验证通过
[2026-04-15 02:26:27] [DEBUG] 测试原点: (7, 2), 形状偏移量: [(1, 0), (2, 0)]
[2026-04-15 02:26:27] [DEBUG] 放置验证通过: shape_coords=[(1, 0), (2, 0)], origin=(7, 2), 所有坐标在网格范围内且无碰撞
[2026-04-15 02:26:27] [DEBUG] 原点 (7, 2) 验证通过
[2026-04-15 02:26:27] [DEBUG] 测试原点: (8, 0), 形状偏移量: [(1, 0), (2, 0)]
[2026-04-15 02:26:27] [DEBUG] 放置验证通过: shape_coords=[(1, 0), (2, 0)], origin=(8, 0), 所有坐标在网格范围内且无碰撞
[2026-04-15 02:26:27] [DEBUG] 原点 (8, 0) 验证通过
[2026-04-15 02:26:27] [DEBUG] 测试原点: (8, 1), 形状偏移量: [(1, 0), (2, 0)]
[2026-04-15 02:26:27] [DEBUG] 放置验证通过: shape_coords=[(1, 0), (2, 0)], origin=(8, 1), 所有坐标在网格范围内且无碰撞
[2026-04-15 02:26:27] [DEBUG] 原点 (8, 1) 验证通过
[2026-04-15 02:26:27] [DEBUG] 测试原点: (8, 2), 形状偏移量: [(1, 0), (2, 0)]
[2026-04-15 02:26:27] [DEBUG] 放置验证通过: shape_coords=[(1, 0), (2, 0)], origin=(8, 2), 所有坐标在网格范围内且无碰撞
[2026-04-15 02:26:27] [DEBUG] 原点 (8, 2) 验证通过
[2026-04-15 02:26:27] [DEBUG] 测试原点: (9, 0), 形状偏移量: [(1, 0), (2, 0)]
[2026-04-15 02:26:27] [DEBUG] 放置验证通过: shape_coords=[(1, 0), (2, 0)], origin=(9, 0), 所有坐标在网格范围内且无碰撞
[2026-04-15 02:26:27] [DEBUG] 原点 (9, 0) 验证通过
[2026-04-15 02:26:27] [DEBUG] 测试原点: (9, 1), 形状偏移量: [(1, 0), (2, 0)]
[2026-04-15 02:26:27] [DEBUG] 放置验证通过: shape_coords=[(1, 0), (2, 0)], origin=(9, 1), 所有坐标在网格范围内且无碰撞
[2026-04-15 02:26:27] [DEBUG] 原点 (9, 1) 验证通过
[2026-04-15 02:26:27] [DEBUG] 测试原点: (9, 2), 形状偏移量: [(1, 0), (2, 0)]
[2026-04-15 02:26:27] [DEBUG] 放置验证通过: shape_coords=[(1, 0), (2, 0)], origin=(9, 2), 所有坐标在网格范围内且无碰撞
[2026-04-15 02:26:27] [DEBUG] 原点 (9, 2) 验证通过
[2026-04-15 02:26:27] [DEBUG] find_random_available_spot: 找到 28 个可用位置: [(0, 0), (0, 1), (1, 0), (1, 1), (2, 0), (2, 1), (2, 2), (3, 0), (3, 1), (3, 2), (4, 0), (4, 1), (4, 2), (5, 0), (5, 1), (5, 2), (6, 0), (6, 1), (6, 2), (7, 0), (7, 1), (7, 2), (8, 0), (8, 1), (8, 2), (9, 0), (9, 1), (9, 2)]
[2026-04-15 02:26:27] [DEBUG] 随机选择原点: (6, 1)
[2026-04-15 02:26:27] [DEBUG] 创建村庄意图行动: village, 效果: 扩张1
[2026-04-15 02:26:27] [DEBUG] 放置验证通过: shape_coords=[(1, 0), (2, 0)], origin=(6, 1), 所有坐标在网格范围内且无碰撞
[2026-04-15 02:26:27] [DEBUG] place_action: 绝对坐标=[(7, 1), (8, 1)], 网格当前占用数=2
[2026-04-15 02:26:27] [DEBUG] place_action: 占据坐标 (7, 1)
[2026-04-15 02:26:27] [DEBUG] place_action: 占据坐标 (8, 1)
[2026-04-15 02:26:27] [INFO] place_action: 行动放置成功！origin=(6, 1), 行动ID=-9223371925940598339
[2026-04-15 02:26:27] [INFO] 👾 敌人 @Node2D@245 成功在随机位置 (6, 1) 部署了意图！
[2026-04-15 02:26:27] [INFO] 生成敌人意图: 敌人=@Node2D@162, 类型=Node2D
[2026-04-15 02:26:27] [INFO] 敌人形状: [(1, 0), (2, 0)]
[2026-04-15 02:26:27] [DEBUG] find_random_available_spot: 寻找形状 [(1, 0), (2, 0)] 的可用位置，网格范围 12 x 3
[2026-04-15 02:26:27] [DEBUG] 形状范围: X[1, 2](宽度=2), Y[0, 0](高度=1)
[2026-04-15 02:26:27] [DEBUG] 可能的原点范围: X[0, 9], Y[0, 2]
[2026-04-15 02:26:27] [DEBUG] 测试原点: (0, 0), 形状偏移量: [(1, 0), (2, 0)]
[2026-04-15 02:26:27] [DEBUG] 放置验证通过: shape_coords=[(1, 0), (2, 0)], origin=(0, 0), 所有坐标在网格范围内且无碰撞
[2026-04-15 02:26:27] [DEBUG] 原点 (0, 0) 验证通过
[2026-04-15 02:26:27] [DEBUG] 测试原点: (0, 1), 形状偏移量: [(1, 0), (2, 0)]
[2026-04-15 02:26:27] [DEBUG] 放置验证通过: shape_coords=[(1, 0), (2, 0)], origin=(0, 1), 所有坐标在网格范围内且无碰撞
[2026-04-15 02:26:27] [DEBUG] 原点 (0, 1) 验证通过
[2026-04-15 02:26:27] [DEBUG] 测试原点: (0, 2), 形状偏移量: [(1, 0), (2, 0)]
[2026-04-15 02:26:27] [DEBUG] 原点 (0, 2) 验证失败
[2026-04-15 02:26:27] [DEBUG] 测试原点: (1, 0), 形状偏移量: [(1, 0), (2, 0)]
[2026-04-15 02:26:27] [DEBUG] 放置验证通过: shape_coords=[(1, 0), (2, 0)], origin=(1, 0), 所有坐标在网格范围内且无碰撞
[2026-04-15 02:26:27] [DEBUG] 原点 (1, 0) 验证通过
[2026-04-15 02:26:27] [DEBUG] 测试原点: (1, 1), 形状偏移量: [(1, 0), (2, 0)]
[2026-04-15 02:26:27] [DEBUG] 放置验证通过: shape_coords=[(1, 0), (2, 0)], origin=(1, 1), 所有坐标在网格范围内且无碰撞
[2026-04-15 02:26:27] [DEBUG] 原点 (1, 1) 验证通过
[2026-04-15 02:26:27] [DEBUG] 测试原点: (1, 2), 形状偏移量: [(1, 0), (2, 0)]
[2026-04-15 02:26:27] [DEBUG] 原点 (1, 2) 验证失败
[2026-04-15 02:26:27] [DEBUG] 测试原点: (2, 0), 形状偏移量: [(1, 0), (2, 0)]
[2026-04-15 02:26:27] [DEBUG] 放置验证通过: shape_coords=[(1, 0), (2, 0)], origin=(2, 0), 所有坐标在网格范围内且无碰撞
[2026-04-15 02:26:27] [DEBUG] 原点 (2, 0) 验证通过
[2026-04-15 02:26:27] [DEBUG] 测试原点: (2, 1), 形状偏移量: [(1, 0), (2, 0)]
[2026-04-15 02:26:27] [DEBUG] 放置验证通过: shape_coords=[(1, 0), (2, 0)], origin=(2, 1), 所有坐标在网格范围内且无碰撞
[2026-04-15 02:26:27] [DEBUG] 原点 (2, 1) 验证通过
[2026-04-15 02:26:27] [DEBUG] 测试原点: (2, 2), 形状偏移量: [(1, 0), (2, 0)]
[2026-04-15 02:26:27] [DEBUG] 放置验证通过: shape_coords=[(1, 0), (2, 0)], origin=(2, 2), 所有坐标在网格范围内且无碰撞
[2026-04-15 02:26:27] [DEBUG] 原点 (2, 2) 验证通过
[2026-04-15 02:26:27] [DEBUG] 测试原点: (3, 0), 形状偏移量: [(1, 0), (2, 0)]
[2026-04-15 02:26:27] [DEBUG] 放置验证通过: shape_coords=[(1, 0), (2, 0)], origin=(3, 0), 所有坐标在网格范围内且无碰撞
[2026-04-15 02:26:27] [DEBUG] 原点 (3, 0) 验证通过
[2026-04-15 02:26:27] [DEBUG] 测试原点: (3, 1), 形状偏移量: [(1, 0), (2, 0)]
[2026-04-15 02:26:27] [DEBUG] 放置验证通过: shape_coords=[(1, 0), (2, 0)], origin=(3, 1), 所有坐标在网格范围内且无碰撞
[2026-04-15 02:26:27] [DEBUG] 原点 (3, 1) 验证通过
[2026-04-15 02:26:27] [DEBUG] 测试原点: (3, 2), 形状偏移量: [(1, 0), (2, 0)]
[2026-04-15 02:26:27] [DEBUG] 放置验证通过: shape_coords=[(1, 0), (2, 0)], origin=(3, 2), 所有坐标在网格范围内且无碰撞
[2026-04-15 02:26:27] [DEBUG] 原点 (3, 2) 验证通过
[2026-04-15 02:26:27] [DEBUG] 测试原点: (4, 0), 形状偏移量: [(1, 0), (2, 0)]
[2026-04-15 02:26:27] [DEBUG] 放置验证通过: shape_coords=[(1, 0), (2, 0)], origin=(4, 0), 所有坐标在网格范围内且无碰撞
[2026-04-15 02:26:27] [DEBUG] 原点 (4, 0) 验证通过
[2026-04-15 02:26:27] [DEBUG] 测试原点: (4, 1), 形状偏移量: [(1, 0), (2, 0)]
[2026-04-15 02:26:27] [DEBUG] 放置验证通过: shape_coords=[(1, 0), (2, 0)], origin=(4, 1), 所有坐标在网格范围内且无碰撞
[2026-04-15 02:26:27] [DEBUG] 原点 (4, 1) 验证通过
[2026-04-15 02:26:27] [DEBUG] 测试原点: (4, 2), 形状偏移量: [(1, 0), (2, 0)]
[2026-04-15 02:26:27] [DEBUG] 放置验证通过: shape_coords=[(1, 0), (2, 0)], origin=(4, 2), 所有坐标在网格范围内且无碰撞
[2026-04-15 02:26:27] [DEBUG] 原点 (4, 2) 验证通过
[2026-04-15 02:26:27] [DEBUG] 测试原点: (5, 0), 形状偏移量: [(1, 0), (2, 0)]
[2026-04-15 02:26:27] [DEBUG] 放置验证通过: shape_coords=[(1, 0), (2, 0)], origin=(5, 0), 所有坐标在网格范围内且无碰撞
[2026-04-15 02:26:27] [DEBUG] 原点 (5, 0) 验证通过
[2026-04-15 02:26:27] [DEBUG] 测试原点: (5, 1), 形状偏移量: [(1, 0), (2, 0)]
[2026-04-15 02:26:27] [DEBUG] 原点 (5, 1) 验证失败
[2026-04-15 02:26:27] [DEBUG] 测试原点: (5, 2), 形状偏移量: [(1, 0), (2, 0)]
[2026-04-15 02:26:27] [DEBUG] 放置验证通过: shape_coords=[(1, 0), (2, 0)], origin=(5, 2), 所有坐标在网格范围内且无碰撞
[2026-04-15 02:26:27] [DEBUG] 原点 (5, 2) 验证通过
[2026-04-15 02:26:27] [DEBUG] 测试原点: (6, 0), 形状偏移量: [(1, 0), (2, 0)]
[2026-04-15 02:26:27] [DEBUG] 放置验证通过: shape_coords=[(1, 0), (2, 0)], origin=(6, 0), 所有坐标在网格范围内且无碰撞
[2026-04-15 02:26:27] [DEBUG] 原点 (6, 0) 验证通过
[2026-04-15 02:26:27] [DEBUG] 测试原点: (6, 1), 形状偏移量: [(1, 0), (2, 0)]
[2026-04-15 02:26:27] [DEBUG] 原点 (6, 1) 验证失败
[2026-04-15 02:26:27] [DEBUG] 测试原点: (6, 2), 形状偏移量: [(1, 0), (2, 0)]
[2026-04-15 02:26:27] [DEBUG] 放置验证通过: shape_coords=[(1, 0), (2, 0)], origin=(6, 2), 所有坐标在网格范围内且无碰撞
[2026-04-15 02:26:27] [DEBUG] 原点 (6, 2) 验证通过
[2026-04-15 02:26:27] [DEBUG] 测试原点: (7, 0), 形状偏移量: [(1, 0), (2, 0)]
[2026-04-15 02:26:27] [DEBUG] 放置验证通过: shape_coords=[(1, 0), (2, 0)], origin=(7, 0), 所有坐标在网格范围内且无碰撞
[2026-04-15 02:26:27] [DEBUG] 原点 (7, 0) 验证通过
[2026-04-15 02:26:27] [DEBUG] 测试原点: (7, 1), 形状偏移量: [(1, 0), (2, 0)]
[2026-04-15 02:26:27] [DEBUG] 原点 (7, 1) 验证失败
[2026-04-15 02:26:27] [DEBUG] 测试原点: (7, 2), 形状偏移量: [(1, 0), (2, 0)]
[2026-04-15 02:26:27] [DEBUG] 放置验证通过: shape_coords=[(1, 0), (2, 0)], origin=(7, 2), 所有坐标在网格范围内且无碰撞
[2026-04-15 02:26:27] [DEBUG] 原点 (7, 2) 验证通过
[2026-04-15 02:26:27] [DEBUG] 测试原点: (8, 0), 形状偏移量: [(1, 0), (2, 0)]
[2026-04-15 02:26:27] [DEBUG] 放置验证通过: shape_coords=[(1, 0), (2, 0)], origin=(8, 0), 所有坐标在网格范围内且无碰撞
[2026-04-15 02:26:27] [DEBUG] 原点 (8, 0) 验证通过
[2026-04-15 02:26:27] [DEBUG] 测试原点: (8, 1), 形状偏移量: [(1, 0), (2, 0)]
[2026-04-15 02:26:27] [DEBUG] 放置验证通过: shape_coords=[(1, 0), (2, 0)], origin=(8, 1), 所有坐标在网格范围内且无碰撞
[2026-04-15 02:26:27] [DEBUG] 原点 (8, 1) 验证通过
[2026-04-15 02:26:27] [DEBUG] 测试原点: (8, 2), 形状偏移量: [(1, 0), (2, 0)]
[2026-04-15 02:26:27] [DEBUG] 放置验证通过: shape_coords=[(1, 0), (2, 0)], origin=(8, 2), 所有坐标在网格范围内且无碰撞
[2026-04-15 02:26:27] [DEBUG] 原点 (8, 2) 验证通过
[2026-04-15 02:26:27] [DEBUG] 测试原点: (9, 0), 形状偏移量: [(1, 0), (2, 0)]
[2026-04-15 02:26:27] [DEBUG] 放置验证通过: shape_coords=[(1, 0), (2, 0)], origin=(9, 0), 所有坐标在网格范围内且无碰撞
[2026-04-15 02:26:27] [DEBUG] 原点 (9, 0) 验证通过
[2026-04-15 02:26:27] [DEBUG] 测试原点: (9, 1), 形状偏移量: [(1, 0), (2, 0)]
[2026-04-15 02:26:27] [DEBUG] 放置验证通过: shape_coords=[(1, 0), (2, 0)], origin=(9, 1), 所有坐标在网格范围内且无碰撞
[2026-04-15 02:26:27] [DEBUG] 原点 (9, 1) 验证通过
[2026-04-15 02:26:27] [DEBUG] 测试原点: (9, 2), 形状偏移量: [(1, 0), (2, 0)]
[2026-04-15 02:26:27] [DEBUG] 放置验证通过: shape_coords=[(1, 0), (2, 0)], origin=(9, 2), 所有坐标在网格范围内且无碰撞
[2026-04-15 02:26:27] [DEBUG] 原点 (9, 2) 验证通过
[2026-04-15 02:26:27] [DEBUG] find_random_available_spot: 找到 25 个可用位置: [(0, 0), (0, 1), (1, 0), (1, 1), (2, 0), (2, 1), (2, 2), (3, 0), (3, 1), (3, 2), (4, 0), (4, 1), (4, 2), (5, 0), (5, 2), (6, 0), (6, 2), (7, 0), (7, 2), (8, 0), (8, 1), (8, 2), (9, 0), (9, 1), (9, 2)]
[2026-04-15 02:26:27] [DEBUG] 随机选择原点: (3, 0)
[2026-04-15 02:26:27] [DEBUG] 创建村庄意图行动: village, 效果: 扩张1
[2026-04-15 02:26:27] [DEBUG] 放置验证通过: shape_coords=[(1, 0), (2, 0)], origin=(3, 0), 所有坐标在网格范围内且无碰撞
[2026-04-15 02:26:27] [DEBUG] place_action: 绝对坐标=[(4, 0), (5, 0)], 网格当前占用数=4
[2026-04-15 02:26:27] [DEBUG] place_action: 占据坐标 (4, 0)
[2026-04-15 02:26:27] [DEBUG] place_action: 占据坐标 (5, 0)
[2026-04-15 02:26:27] [INFO] place_action: 行动放置成功！origin=(3, 0), 行动ID=-9223371920689329716
[2026-04-15 02:26:27] [INFO] 👾 敌人 @Node2D@162 成功在随机位置 (3, 0) 部署了意图！
[2026-04-15 02:26:27] [INFO] 生成敌人意图: 敌人=@Node2D@32, 类型=Node2D
[2026-04-15 02:26:27] [INFO] 敌人形状: [(1, 0), (2, 0)]
[2026-04-15 02:26:27] [DEBUG] find_random_available_spot: 寻找形状 [(1, 0), (2, 0)] 的可用位置，网格范围 12 x 3
[2026-04-15 02:26:27] [DEBUG] 形状范围: X[1, 2](宽度=2), Y[0, 0](高度=1)
[2026-04-15 02:26:27] [DEBUG] 可能的原点范围: X[0, 9], Y[0, 2]
[2026-04-15 02:26:27] [DEBUG] 测试原点: (0, 0), 形状偏移量: [(1, 0), (2, 0)]
[2026-04-15 02:26:27] [DEBUG] 放置验证通过: shape_coords=[(1, 0), (2, 0)], origin=(0, 0), 所有坐标在网格范围内且无碰撞
[2026-04-15 02:26:27] [DEBUG] 原点 (0, 0) 验证通过
[2026-04-15 02:26:27] [DEBUG] 测试原点: (0, 1), 形状偏移量: [(1, 0), (2, 0)]
[2026-04-15 02:26:27] [DEBUG] 放置验证通过: shape_coords=[(1, 0), (2, 0)], origin=(0, 1), 所有坐标在网格范围内且无碰撞
[2026-04-15 02:26:27] [DEBUG] 原点 (0, 1) 验证通过
[2026-04-15 02:26:27] [DEBUG] 测试原点: (0, 2), 形状偏移量: [(1, 0), (2, 0)]
[2026-04-15 02:26:27] [DEBUG] 原点 (0, 2) 验证失败
[2026-04-15 02:26:27] [DEBUG] 测试原点: (1, 0), 形状偏移量: [(1, 0), (2, 0)]
[2026-04-15 02:26:27] [DEBUG] 放置验证通过: shape_coords=[(1, 0), (2, 0)], origin=(1, 0), 所有坐标在网格范围内且无碰撞
[2026-04-15 02:26:27] [DEBUG] 原点 (1, 0) 验证通过
[2026-04-15 02:26:27] [DEBUG] 测试原点: (1, 1), 形状偏移量: [(1, 0), (2, 0)]
[2026-04-15 02:26:27] [DEBUG] 放置验证通过: shape_coords=[(1, 0), (2, 0)], origin=(1, 1), 所有坐标在网格范围内且无碰撞
[2026-04-15 02:26:27] [DEBUG] 原点 (1, 1) 验证通过
[2026-04-15 02:26:27] [DEBUG] 测试原点: (1, 2), 形状偏移量: [(1, 0), (2, 0)]
[2026-04-15 02:26:27] [DEBUG] 原点 (1, 2) 验证失败
[2026-04-15 02:26:27] [DEBUG] 测试原点: (2, 0), 形状偏移量: [(1, 0), (2, 0)]
[2026-04-15 02:26:27] [DEBUG] 原点 (2, 0) 验证失败
[2026-04-15 02:26:27] [DEBUG] 测试原点: (2, 1), 形状偏移量: [(1, 0), (2, 0)]
[2026-04-15 02:26:27] [DEBUG] 放置验证通过: shape_coords=[(1, 0), (2, 0)], origin=(2, 1), 所有坐标在网格范围内且无碰撞
[2026-04-15 02:26:27] [DEBUG] 原点 (2, 1) 验证通过
[2026-04-15 02:26:27] [DEBUG] 测试原点: (2, 2), 形状偏移量: [(1, 0), (2, 0)]
[2026-04-15 02:26:27] [DEBUG] 放置验证通过: shape_coords=[(1, 0), (2, 0)], origin=(2, 2), 所有坐标在网格范围内且无碰撞
[2026-04-15 02:26:27] [DEBUG] 原点 (2, 2) 验证通过
[2026-04-15 02:26:27] [DEBUG] 测试原点: (3, 0), 形状偏移量: [(1, 0), (2, 0)]
[2026-04-15 02:26:27] [DEBUG] 原点 (3, 0) 验证失败
[2026-04-15 02:26:27] [DEBUG] 测试原点: (3, 1), 形状偏移量: [(1, 0), (2, 0)]
[2026-04-15 02:26:27] [DEBUG] 放置验证通过: shape_coords=[(1, 0), (2, 0)], origin=(3, 1), 所有坐标在网格范围内且无碰撞
[2026-04-15 02:26:27] [DEBUG] 原点 (3, 1) 验证通过
[2026-04-15 02:26:27] [DEBUG] 测试原点: (3, 2), 形状偏移量: [(1, 0), (2, 0)]
[2026-04-15 02:26:27] [DEBUG] 放置验证通过: shape_coords=[(1, 0), (2, 0)], origin=(3, 2), 所有坐标在网格范围内且无碰撞
[2026-04-15 02:26:27] [DEBUG] 原点 (3, 2) 验证通过
[2026-04-15 02:26:27] [DEBUG] 测试原点: (4, 0), 形状偏移量: [(1, 0), (2, 0)]
[2026-04-15 02:26:27] [DEBUG] 原点 (4, 0) 验证失败
[2026-04-15 02:26:27] [DEBUG] 测试原点: (4, 1), 形状偏移量: [(1, 0), (2, 0)]
[2026-04-15 02:26:27] [DEBUG] 放置验证通过: shape_coords=[(1, 0), (2, 0)], origin=(4, 1), 所有坐标在网格范围内且无碰撞
[2026-04-15 02:26:27] [DEBUG] 原点 (4, 1) 验证通过
[2026-04-15 02:26:27] [DEBUG] 测试原点: (4, 2), 形状偏移量: [(1, 0), (2, 0)]
[2026-04-15 02:26:27] [DEBUG] 放置验证通过: shape_coords=[(1, 0), (2, 0)], origin=(4, 2), 所有坐标在网格范围内且无碰撞
[2026-04-15 02:26:27] [DEBUG] 原点 (4, 2) 验证通过
[2026-04-15 02:26:27] [DEBUG] 测试原点: (5, 0), 形状偏移量: [(1, 0), (2, 0)]
[2026-04-15 02:26:27] [DEBUG] 放置验证通过: shape_coords=[(1, 0), (2, 0)], origin=(5, 0), 所有坐标在网格范围内且无碰撞
[2026-04-15 02:26:27] [DEBUG] 原点 (5, 0) 验证通过
[2026-04-15 02:26:27] [DEBUG] 测试原点: (5, 1), 形状偏移量: [(1, 0), (2, 0)]
[2026-04-15 02:26:27] [DEBUG] 原点 (5, 1) 验证失败
[2026-04-15 02:26:27] [DEBUG] 测试原点: (5, 2), 形状偏移量: [(1, 0), (2, 0)]
[2026-04-15 02:26:27] [DEBUG] 放置验证通过: shape_coords=[(1, 0), (2, 0)], origin=(5, 2), 所有坐标在网格范围内且无碰撞
[2026-04-15 02:26:27] [DEBUG] 原点 (5, 2) 验证通过
[2026-04-15 02:26:27] [DEBUG] 测试原点: (6, 0), 形状偏移量: [(1, 0), (2, 0)]
[2026-04-15 02:26:27] [DEBUG] 放置验证通过: shape_coords=[(1, 0), (2, 0)], origin=(6, 0), 所有坐标在网格范围内且无碰撞
[2026-04-15 02:26:27] [DEBUG] 原点 (6, 0) 验证通过
[2026-04-15 02:26:27] [DEBUG] 测试原点: (6, 1), 形状偏移量: [(1, 0), (2, 0)]
[2026-04-15 02:26:27] [DEBUG] 原点 (6, 1) 验证失败
[2026-04-15 02:26:27] [DEBUG] 测试原点: (6, 2), 形状偏移量: [(1, 0), (2, 0)]
[2026-04-15 02:26:27] [DEBUG] 放置验证通过: shape_coords=[(1, 0), (2, 0)], origin=(6, 2), 所有坐标在网格范围内且无碰撞
[2026-04-15 02:26:27] [DEBUG] 原点 (6, 2) 验证通过
[2026-04-15 02:26:27] [DEBUG] 测试原点: (7, 0), 形状偏移量: [(1, 0), (2, 0)]
[2026-04-15 02:26:27] [DEBUG] 放置验证通过: shape_coords=[(1, 0), (2, 0)], origin=(7, 0), 所有坐标在网格范围内且无碰撞
[2026-04-15 02:26:27] [DEBUG] 原点 (7, 0) 验证通过
[2026-04-15 02:26:27] [DEBUG] 测试原点: (7, 1), 形状偏移量: [(1, 0), (2, 0)]
[2026-04-15 02:26:27] [DEBUG] 原点 (7, 1) 验证失败
[2026-04-15 02:26:27] [DEBUG] 测试原点: (7, 2), 形状偏移量: [(1, 0), (2, 0)]
[2026-04-15 02:26:27] [DEBUG] 放置验证通过: shape_coords=[(1, 0), (2, 0)], origin=(7, 2), 所有坐标在网格范围内且无碰撞
[2026-04-15 02:26:27] [DEBUG] 原点 (7, 2) 验证通过
[2026-04-15 02:26:27] [DEBUG] 测试原点: (8, 0), 形状偏移量: [(1, 0), (2, 0)]
[2026-04-15 02:26:27] [DEBUG] 放置验证通过: shape_coords=[(1, 0), (2, 0)], origin=(8, 0), 所有坐标在网格范围内且无碰撞
[2026-04-15 02:26:27] [DEBUG] 原点 (8, 0) 验证通过
[2026-04-15 02:26:27] [DEBUG] 测试原点: (8, 1), 形状偏移量: [(1, 0), (2, 0)]
[2026-04-15 02:26:27] [DEBUG] 放置验证通过: shape_coords=[(1, 0), (2, 0)], origin=(8, 1), 所有坐标在网格范围内且无碰撞
[2026-04-15 02:26:27] [DEBUG] 原点 (8, 1) 验证通过
[2026-04-15 02:26:27] [DEBUG] 测试原点: (8, 2), 形状偏移量: [(1, 0), (2, 0)]
[2026-04-15 02:26:27] [DEBUG] 放置验证通过: shape_coords=[(1, 0), (2, 0)], origin=(8, 2), 所有坐标在网格范围内且无碰撞
[2026-04-15 02:26:27] [DEBUG] 原点 (8, 2) 验证通过
[2026-04-15 02:26:27] [DEBUG] 测试原点: (9, 0), 形状偏移量: [(1, 0), (2, 0)]
[2026-04-15 02:26:27] [DEBUG] 放置验证通过: shape_coords=[(1, 0), (2, 0)], origin=(9, 0), 所有坐标在网格范围内且无碰撞
[2026-04-15 02:26:27] [DEBUG] 原点 (9, 0) 验证通过
[2026-04-15 02:26:27] [DEBUG] 测试原点: (9, 1), 形状偏移量: [(1, 0), (2, 0)]
[2026-04-15 02:26:27] [DEBUG] 放置验证通过: shape_coords=[(1, 0), (2, 0)], origin=(9, 1), 所有坐标在网格范围内且无碰撞
[2026-04-15 02:26:27] [DEBUG] 原点 (9, 1) 验证通过
[2026-04-15 02:26:27] [DEBUG] 测试原点: (9, 2), 形状偏移量: [(1, 0), (2, 0)]
[2026-04-15 02:26:27] [DEBUG] 放置验证通过: shape_coords=[(1, 0), (2, 0)], origin=(9, 2), 所有坐标在网格范围内且无碰撞
[2026-04-15 02:26:27] [DEBUG] 原点 (9, 2) 验证通过
[2026-04-15 02:26:27] [DEBUG] find_random_available_spot: 找到 22 个可用位置: [(0, 0), (0, 1), (1, 0), (1, 1), (2, 1), (2, 2), (3, 1), (3, 2), (4, 1), (4, 2), (5, 0), (5, 2), (6, 0), (6, 2), (7, 0), (7, 2), (8, 0), (8, 1), (8, 2), (9, 0), (9, 1), (9, 2)]
[2026-04-15 02:26:27] [DEBUG] 随机选择原点: (1, 1)
[2026-04-15 02:26:27] [DEBUG] 创建村庄意图行动: village, 效果: 扩张1
[2026-04-15 02:26:27] [DEBUG] 放置验证通过: shape_coords=[(1, 0), (2, 0)], origin=(1, 1), 所有坐标在网格范围内且无碰撞
[2026-04-15 02:26:27] [DEBUG] place_action: 绝对坐标=[(2, 1), (3, 1)], 网格当前占用数=6
[2026-04-15 02:26:27] [DEBUG] place_action: 占据坐标 (2, 1)
[2026-04-15 02:26:27] [DEBUG] place_action: 占据坐标 (3, 1)
[2026-04-15 02:26:27] [INFO] place_action: 行动放置成功！origin=(1, 1), 行动ID=-9223371915589056037
[2026-04-15 02:26:27] [INFO] 👾 敌人 @Node2D@32 成功在随机位置 (1, 1) 部署了意图！
[2026-04-15 02:26:27] [INFO] 生成敌人意图: 敌人=@Node2D@27, 类型=Node2D
[2026-04-15 02:26:27] [INFO] 敌人形状: [(1, 0), (2, 0)]
[2026-04-15 02:26:27] [DEBUG] find_random_available_spot: 寻找形状 [(1, 0), (2, 0)] 的可用位置，网格范围 12 x 3
[2026-04-15 02:26:27] [DEBUG] 形状范围: X[1, 2](宽度=2), Y[0, 0](高度=1)
[2026-04-15 02:26:27] [DEBUG] 可能的原点范围: X[0, 9], Y[0, 2]
[2026-04-15 02:26:27] [DEBUG] 测试原点: (0, 0), 形状偏移量: [(1, 0), (2, 0)]
[2026-04-15 02:26:27] [DEBUG] 放置验证通过: shape_coords=[(1, 0), (2, 0)], origin=(0, 0), 所有坐标在网格范围内且无碰撞
[2026-04-15 02:26:27] [DEBUG] 原点 (0, 0) 验证通过
[2026-04-15 02:26:27] [DEBUG] 测试原点: (0, 1), 形状偏移量: [(1, 0), (2, 0)]
[2026-04-15 02:26:27] [DEBUG] 原点 (0, 1) 验证失败
[2026-04-15 02:26:27] [DEBUG] 测试原点: (0, 2), 形状偏移量: [(1, 0), (2, 0)]
[2026-04-15 02:26:27] [DEBUG] 原点 (0, 2) 验证失败
[2026-04-15 02:26:27] [DEBUG] 测试原点: (1, 0), 形状偏移量: [(1, 0), (2, 0)]
[2026-04-15 02:26:27] [DEBUG] 放置验证通过: shape_coords=[(1, 0), (2, 0)], origin=(1, 0), 所有坐标在网格范围内且无碰撞
[2026-04-15 02:26:27] [DEBUG] 原点 (1, 0) 验证通过
[2026-04-15 02:26:27] [DEBUG] 测试原点: (1, 1), 形状偏移量: [(1, 0), (2, 0)]
[2026-04-15 02:26:27] [DEBUG] 原点 (1, 1) 验证失败
[2026-04-15 02:26:27] [DEBUG] 测试原点: (1, 2), 形状偏移量: [(1, 0), (2, 0)]
[2026-04-15 02:26:27] [DEBUG] 原点 (1, 2) 验证失败
[2026-04-15 02:26:27] [DEBUG] 测试原点: (2, 0), 形状偏移量: [(1, 0), (2, 0)]
[2026-04-15 02:26:27] [DEBUG] 原点 (2, 0) 验证失败
[2026-04-15 02:26:27] [DEBUG] 测试原点: (2, 1), 形状偏移量: [(1, 0), (2, 0)]
[2026-04-15 02:26:27] [DEBUG] 原点 (2, 1) 验证失败
[2026-04-15 02:26:27] [DEBUG] 测试原点: (2, 2), 形状偏移量: [(1, 0), (2, 0)]
[2026-04-15 02:26:27] [DEBUG] 放置验证通过: shape_coords=[(1, 0), (2, 0)], origin=(2, 2), 所有坐标在网格范围内且无碰撞
[2026-04-15 02:26:27] [DEBUG] 原点 (2, 2) 验证通过
[2026-04-15 02:26:27] [DEBUG] 测试原点: (3, 0), 形状偏移量: [(1, 0), (2, 0)]
[2026-04-15 02:26:27] [DEBUG] 原点 (3, 0) 验证失败
[2026-04-15 02:26:27] [DEBUG] 测试原点: (3, 1), 形状偏移量: [(1, 0), (2, 0)]
[2026-04-15 02:26:27] [DEBUG] 放置验证通过: shape_coords=[(1, 0), (2, 0)], origin=(3, 1), 所有坐标在网格范围内且无碰撞
[2026-04-15 02:26:27] [DEBUG] 原点 (3, 1) 验证通过
[2026-04-15 02:26:27] [DEBUG] 测试原点: (3, 2), 形状偏移量: [(1, 0), (2, 0)]
[2026-04-15 02:26:27] [DEBUG] 放置验证通过: shape_coords=[(1, 0), (2, 0)], origin=(3, 2), 所有坐标在网格范围内且无碰撞
[2026-04-15 02:26:27] [DEBUG] 原点 (3, 2) 验证通过
[2026-04-15 02:26:27] [DEBUG] 测试原点: (4, 0), 形状偏移量: [(1, 0), (2, 0)]
[2026-04-15 02:26:27] [DEBUG] 原点 (4, 0) 验证失败
[2026-04-15 02:26:27] [DEBUG] 测试原点: (4, 1), 形状偏移量: [(1, 0), (2, 0)]
[2026-04-15 02:26:27] [DEBUG] 放置验证通过: shape_coords=[(1, 0), (2, 0)], origin=(4, 1), 所有坐标在网格范围内且无碰撞
[2026-04-15 02:26:27] [DEBUG] 原点 (4, 1) 验证通过
[2026-04-15 02:26:27] [DEBUG] 测试原点: (4, 2), 形状偏移量: [(1, 0), (2, 0)]
[2026-04-15 02:26:27] [DEBUG] 放置验证通过: shape_coords=[(1, 0), (2, 0)], origin=(4, 2), 所有坐标在网格范围内且无碰撞
[2026-04-15 02:26:27] [DEBUG] 原点 (4, 2) 验证通过
[2026-04-15 02:26:27] [DEBUG] 测试原点: (5, 0), 形状偏移量: [(1, 0), (2, 0)]
[2026-04-15 02:26:27] [DEBUG] 放置验证通过: shape_coords=[(1, 0), (2, 0)], origin=(5, 0), 所有坐标在网格范围内且无碰撞
[2026-04-15 02:26:27] [DEBUG] 原点 (5, 0) 验证通过
[2026-04-15 02:26:27] [DEBUG] 测试原点: (5, 1), 形状偏移量: [(1, 0), (2, 0)]
[2026-04-15 02:26:27] [DEBUG] 原点 (5, 1) 验证失败
[2026-04-15 02:26:27] [DEBUG] 测试原点: (5, 2), 形状偏移量: [(1, 0), (2, 0)]
[2026-04-15 02:26:27] [DEBUG] 放置验证通过: shape_coords=[(1, 0), (2, 0)], origin=(5, 2), 所有坐标在网格范围内且无碰撞
[2026-04-15 02:26:27] [DEBUG] 原点 (5, 2) 验证通过
[2026-04-15 02:26:27] [DEBUG] 测试原点: (6, 0), 形状偏移量: [(1, 0), (2, 0)]
[2026-04-15 02:26:27] [DEBUG] 放置验证通过: shape_coords=[(1, 0), (2, 0)], origin=(6, 0), 所有坐标在网格范围内且无碰撞
[2026-04-15 02:26:27] [DEBUG] 原点 (6, 0) 验证通过
[2026-04-15 02:26:27] [DEBUG] 测试原点: (6, 1), 形状偏移量: [(1, 0), (2, 0)]
[2026-04-15 02:26:27] [DEBUG] 原点 (6, 1) 验证失败
[2026-04-15 02:26:27] [DEBUG] 测试原点: (6, 2), 形状偏移量: [(1, 0), (2, 0)]
[2026-04-15 02:26:27] [DEBUG] 放置验证通过: shape_coords=[(1, 0), (2, 0)], origin=(6, 2), 所有坐标在网格范围内且无碰撞
[2026-04-15 02:26:27] [DEBUG] 原点 (6, 2) 验证通过
[2026-04-15 02:26:27] [DEBUG] 测试原点: (7, 0), 形状偏移量: [(1, 0), (2, 0)]
[2026-04-15 02:26:27] [DEBUG] 放置验证通过: shape_coords=[(1, 0), (2, 0)], origin=(7, 0), 所有坐标在网格范围内且无碰撞
[2026-04-15 02:26:27] [DEBUG] 原点 (7, 0) 验证通过
[2026-04-15 02:26:27] [DEBUG] 测试原点: (7, 1), 形状偏移量: [(1, 0), (2, 0)]
[2026-04-15 02:26:27] [DEBUG] 原点 (7, 1) 验证失败
[2026-04-15 02:26:27] [DEBUG] 测试原点: (7, 2), 形状偏移量: [(1, 0), (2, 0)]
[2026-04-15 02:26:27] [DEBUG] 放置验证通过: shape_coords=[(1, 0), (2, 0)], origin=(7, 2), 所有坐标在网格范围内且无碰撞
[2026-04-15 02:26:27] [DEBUG] 原点 (7, 2) 验证通过
[2026-04-15 02:26:27] [DEBUG] 测试原点: (8, 0), 形状偏移量: [(1, 0), (2, 0)]
[2026-04-15 02:26:27] [DEBUG] 放置验证通过: shape_coords=[(1, 0), (2, 0)], origin=(8, 0), 所有坐标在网格范围内且无碰撞
[2026-04-15 02:26:27] [DEBUG] 原点 (8, 0) 验证通过
[2026-04-15 02:26:27] [DEBUG] 测试原点: (8, 1), 形状偏移量: [(1, 0), (2, 0)]
[2026-04-15 02:26:27] [DEBUG] 放置验证通过: shape_coords=[(1, 0), (2, 0)], origin=(8, 1), 所有坐标在网格范围内且无碰撞
[2026-04-15 02:26:27] [DEBUG] 原点 (8, 1) 验证通过
[2026-04-15 02:26:27] [DEBUG] 测试原点: (8, 2), 形状偏移量: [(1, 0), (2, 0)]
[2026-04-15 02:26:27] [DEBUG] 放置验证通过: shape_coords=[(1, 0), (2, 0)], origin=(8, 2), 所有坐标在网格范围内且无碰撞
[2026-04-15 02:26:27] [DEBUG] 原点 (8, 2) 验证通过
[2026-04-15 02:26:27] [DEBUG] 测试原点: (9, 0), 形状偏移量: [(1, 0), (2, 0)]
[2026-04-15 02:26:27] [DEBUG] 放置验证通过: shape_coords=[(1, 0), (2, 0)], origin=(9, 0), 所有坐标在网格范围内且无碰撞
[2026-04-15 02:26:27] [DEBUG] 原点 (9, 0) 验证通过
[2026-04-15 02:26:27] [DEBUG] 测试原点: (9, 1), 形状偏移量: [(1, 0), (2, 0)]
[2026-04-15 02:26:27] [DEBUG] 放置验证通过: shape_coords=[(1, 0), (2, 0)], origin=(9, 1), 所有坐标在网格范围内且无碰撞
[2026-04-15 02:26:27] [DEBUG] 原点 (9, 1) 验证通过
[2026-04-15 02:26:27] [DEBUG] 测试原点: (9, 2), 形状偏移量: [(1, 0), (2, 0)]
[2026-04-15 02:26:27] [DEBUG] 放置验证通过: shape_coords=[(1, 0), (2, 0)], origin=(9, 2), 所有坐标在网格范围内且无碰撞
[2026-04-15 02:26:27] [DEBUG] 原点 (9, 2) 验证通过
[2026-04-15 02:26:27] [DEBUG] find_random_available_spot: 找到 19 个可用位置: [(0, 0), (1, 0), (2, 2), (3, 1), (3, 2), (4, 1), (4, 2), (5, 0), (5, 2), (6, 0), (6, 2), (7, 0), (7, 2), (8, 0), (8, 1), (8, 2), (9, 0), (9, 1), (9, 2)]
[2026-04-15 02:26:27] [DEBUG] 随机选择原点: (2, 2)
[2026-04-15 02:26:27] [DEBUG] 创建村庄意图行动: village, 效果: 扩张1
[2026-04-15 02:26:27] [DEBUG] 放置验证通过: shape_coords=[(1, 0), (2, 0)], origin=(2, 2), 所有坐标在网格范围内且无碰撞
[2026-04-15 02:26:27] [DEBUG] place_action: 绝对坐标=[(3, 2), (4, 2)], 网格当前占用数=8
[2026-04-15 02:26:27] [DEBUG] place_action: 占据坐标 (3, 2)
[2026-04-15 02:26:27] [DEBUG] place_action: 占据坐标 (4, 2)
[2026-04-15 02:26:27] [INFO] place_action: 行动放置成功！origin=(2, 2), 行动ID=-9223371910639777302
[2026-04-15 02:26:27] [INFO] 👾 敌人 @Node2D@27 成功在随机位置 (2, 2) 部署了意图！
[2026-04-15 02:26:27] [WARNING] ⚠️ 时间轴已满载，不再生成额外敌方意图！
[2026-04-15 02:26:27] [INFO] ✅ 游戏开始时已生成敌人意图
[2026-04-15 02:26:27] [INFO] === 时间轴网格状态 ===
[2026-04-15 02:26:27] [INFO] 网格占用总数: 10
[2026-04-15 02:26:27] [INFO] (1, 2): TimelineAction(type=ENEMY, origin=(0, 2))
[2026-04-15 02:26:27] [INFO] (2, 2): TimelineAction(type=ENEMY, origin=(0, 2))
[2026-04-15 02:26:27] [INFO] (7, 1): TimelineAction(type=ENEMY, origin=(6, 1))
[2026-04-15 02:26:27] [INFO] (8, 1): TimelineAction(type=ENEMY, origin=(6, 1))
[2026-04-15 02:26:27] [INFO] (4, 0): TimelineAction(type=ENEMY, origin=(3, 0))
[2026-04-15 02:26:27] [INFO] (5, 0): TimelineAction(type=ENEMY, origin=(3, 0))
[2026-04-15 02:26:27] [INFO] (2, 1): TimelineAction(type=ENEMY, origin=(1, 1))
[2026-04-15 02:26:27] [INFO] (3, 1): TimelineAction(type=ENEMY, origin=(1, 1))
[2026-04-15 02:26:27] [INFO] (3, 2): TimelineAction(type=ENEMY, origin=(2, 2))
[2026-04-15 02:26:27] [INFO] (4, 2): TimelineAction(type=ENEMY, origin=(2, 2))
[2026-04-15 02:26:27] [INFO] === 网格状态结束 ===
[2026-04-15 02:26:27] [DEBUG] cursor_tooltip 已增强为PanelContainer样式
[2026-04-15 02:26:27] [DEBUG] 卡牌原始状态已保存: parent=Cards, pos=(0.0, 400.0), scale=(1.0, 1.0)
[2026-04-15 02:26:27] [DEBUG] 卡牌原始状态已保存: parent=Cards, pos=(0.0, 400.0), scale=(1.0, 1.0)
[2026-04-15 02:26:27] [DEBUG] 卡牌原始状态已保存: parent=Cards, pos=(0.0, 400.0), scale=(1.0, 1.0)
[2026-04-15 02:26:27] [INFO] UI 更新完毕 | 抽牌堆: 3 | 弃牌堆: 0
[2026-04-15 02:26:27] [DEBUG] 卡牌shape为字符串格式: 1
[2026-04-15 02:26:27] [DEBUG] 成功解析为矩阵格式: 1 -> 1x1
[2026-04-15 02:26:27] [DEBUG] TimeBlock节点类型: Control, 路径: /root/in_scene/ui/Main/DeckPile/Cards/Card/TimeBlock
[2026-04-15 02:26:27] [DEBUG] TimeBlock是Control类型，尝试动态处理
[2026-04-15 02:26:27] [DEBUG] 已创建TextureRect子节点显示时间占位图片: 1x1
[2026-04-15 02:26:27] [DEBUG] 处理通用Control节点: Control
[2026-04-15 02:26:27] [DEBUG] 显示时间占位图片，位置: (27.5, -40.83334), 大小: (0.0, 0.0)
[2026-04-15 02:26:27] [DEBUG] 卡牌shape为字符串格式: 1,1
[2026-04-15 02:26:27] [DEBUG] 成功解析为矩阵格式: 1,1 -> 1x2
[2026-04-15 02:26:27] [DEBUG] TimeBlock节点类型: Control, 路径: /root/in_scene/ui/Main/DeckPile/Cards/@Control@313/TimeBlock
[2026-04-15 02:26:27] [DEBUG] TimeBlock是Control类型，尝试动态处理
[2026-04-15 02:26:27] [DEBUG] 已创建TextureRect子节点显示时间占位图片: 1x2
[2026-04-15 02:26:27] [DEBUG] 处理通用Control节点: Control
[2026-04-15 02:26:27] [DEBUG] 显示时间占位图片，位置: (27.5, -40.83334), 大小: (0.0, 0.0)
[2026-04-15 02:26:27] [DEBUG] 卡牌shape为字符串格式: 11,11
[2026-04-15 02:26:27] [DEBUG] 成功解析为矩阵格式: 11,11 -> 2x2
[2026-04-15 02:26:27] [DEBUG] TimeBlock节点类型: Control, 路径: /root/in_scene/ui/Main/DeckPile/Cards/@Control@314/TimeBlock
[2026-04-15 02:26:27] [DEBUG] TimeBlock是Control类型，尝试动态处理
[2026-04-15 02:26:27] [DEBUG] 已创建TextureRect子节点显示时间占位图片: 2x2
[2026-04-15 02:26:27] [DEBUG] 处理通用Control节点: Control
[2026-04-15 02:26:27] [DEBUG] 显示时间占位图片，位置: (27.5, -40.83334), 大小: (0.0, 0.0)
[2026-04-15 02:26:29] [DEBUG] 开始视图切换动画，锁定状态
[2026-04-15 02:26:29] [INFO] 切换到压缩高度视图（物理坐标扁平化）
[2026-04-15 02:26:29] [DEBUG] 压缩模式高度指示器，真实视觉中心锚点: (0.0, -100.0)，原始高度: 8
[2026-04-15 02:26:29] [DEBUG] 已存储光柱引用到height_view_pillar元数据
[2026-04-15 02:26:29] [DEBUG] 压缩模式高度指示器，真实视觉中心锚点: (0.0, -100.0)，原始高度: 3
[2026-04-15 02:26:29] [DEBUG] 已存储光柱引用到height_view_pillar元数据
[2026-04-15 02:26:29] [DEBUG] 压缩模式高度指示器，真实视觉中心锚点: (0.0, -100.0)，原始高度: 3
[2026-04-15 02:26:29] [DEBUG] 已存储光柱引用到height_view_pillar元数据
[2026-04-15 02:26:29] [DEBUG] 压缩模式高度指示器，真实视觉中心锚点: (0.0, -100.0)，原始高度: 2
[2026-04-15 02:26:29] [DEBUG] 已存储光柱引用到height_view_pillar元数据
[2026-04-15 02:26:29] [DEBUG] 压缩模式高度指示器，真实视觉中心锚点: (0.0, -100.0)，原始高度: 4
[2026-04-15 02:26:29] [DEBUG] 已存储光柱引用到height_view_pillar元数据
[2026-04-15 02:26:29] [DEBUG] 压缩模式高度指示器，真实视觉中心锚点: (0.0, -100.0)，原始高度: 1
[2026-04-15 02:26:29] [DEBUG] 已存储光柱引用到height_view_pillar元数据
[2026-04-15 02:26:29] [DEBUG] 压缩模式高度指示器，真实视觉中心锚点: (0.0, -100.0)，原始高度: 3
[2026-04-15 02:26:29] [DEBUG] 已存储光柱引用到height_view_pillar元数据
[2026-04-15 02:26:29] [DEBUG] 压缩模式高度指示器，真实视觉中心锚点: (0.0, -100.0)，原始高度: 4
[2026-04-15 02:26:29] [DEBUG] 已存储光柱引用到height_view_pillar元数据
[2026-04-15 02:26:29] [DEBUG] 压缩模式高度指示器，真实视觉中心锚点: (0.0, -100.0)，原始高度: 1
[2026-04-15 02:26:29] [DEBUG] 已存储光柱引用到height_view_pillar元数据
[2026-04-15 02:26:29] [DEBUG] 压缩模式高度指示器，真实视觉中心锚点: (0.0, -100.0)，原始高度: 1
[2026-04-15 02:26:29] [DEBUG] 已存储光柱引用到height_view_pillar元数据
[2026-04-15 02:26:29] [DEBUG] 压缩模式高度指示器，真实视觉中心锚点: (0.0, -100.0)，原始高度: 2
[2026-04-15 02:26:29] [DEBUG] 已存储光柱引用到height_view_pillar元数据
[2026-04-15 02:26:29] [DEBUG] 压缩模式高度指示器，真实视觉中心锚点: (0.0, -100.0)，原始高度: 6
[2026-04-15 02:26:29] [DEBUG] 已存储光柱引用到height_view_pillar元数据
[2026-04-15 02:26:29] [DEBUG] 压缩模式高度指示器，真实视觉中心锚点: (0.0, -100.0)，原始高度: 3
[2026-04-15 02:26:29] [DEBUG] 已存储光柱引用到height_view_pillar元数据
[2026-04-15 02:26:29] [DEBUG] 压缩模式高度指示器，真实视觉中心锚点: (0.0, -100.0)，原始高度: 1
[2026-04-15 02:26:29] [DEBUG] 已存储光柱引用到height_view_pillar元数据
[2026-04-15 02:26:29] [DEBUG] 压缩模式高度指示器，真实视觉中心锚点: (0.0, -100.0)，原始高度: 3
[2026-04-15 02:26:29] [DEBUG] 已存储光柱引用到height_view_pillar元数据
[2026-04-15 02:26:29] [DEBUG] 压缩模式高度指示器，真实视觉中心锚点: (0.0, -100.0)，原始高度: 3
[2026-04-15 02:26:29] [DEBUG] 已存储光柱引用到height_view_pillar元数据
[2026-04-15 02:26:29] [DEBUG] 压缩模式高度指示器，真实视觉中心锚点: (0.0, -100.0)，原始高度: 6
[2026-04-15 02:26:29] [DEBUG] 已存储光柱引用到height_view_pillar元数据
[2026-04-15 02:26:29] [DEBUG] 压缩模式高度指示器，真实视觉中心锚点: (0.0, -100.0)，原始高度: 2
[2026-04-15 02:26:29] [DEBUG] 已存储光柱引用到height_view_pillar元数据
[2026-04-15 02:26:29] [DEBUG] 压缩模式高度指示器，真实视觉中心锚点: (0.0, -100.0)，原始高度: 1
[2026-04-15 02:26:29] [DEBUG] 已存储光柱引用到height_view_pillar元数据
[2026-04-15 02:26:29] [DEBUG] 压缩模式高度指示器，真实视觉中心锚点: (0.0, -100.0)，原始高度: 1
[2026-04-15 02:26:29] [DEBUG] 已存储光柱引用到height_view_pillar元数据
[2026-04-15 02:26:29] [DEBUG] 压缩模式高度指示器，真实视觉中心锚点: (0.0, -100.0)，原始高度: 1
[2026-04-15 02:26:29] [DEBUG] 已存储光柱引用到height_view_pillar元数据
[2026-04-15 02:26:29] [DEBUG] 压缩模式高度指示器，真实视觉中心锚点: (0.0, -100.0)，原始高度: 2
[2026-04-15 02:26:29] [DEBUG] 已存储光柱引用到height_view_pillar元数据
[2026-04-15 02:26:29] [DEBUG] 压缩模式高度指示器，真实视觉中心锚点: (0.0, -100.0)，原始高度: 5
[2026-04-15 02:26:29] [DEBUG] 已存储光柱引用到height_view_pillar元数据
[2026-04-15 02:26:29] [DEBUG] 压缩模式高度指示器，真实视觉中心锚点: (0.0, -100.0)，原始高度: 4
[2026-04-15 02:26:29] [DEBUG] 已存储光柱引用到height_view_pillar元数据
[2026-04-15 02:26:29] [DEBUG] 压缩模式高度指示器，真实视觉中心锚点: (0.0, -100.0)，原始高度: 3
[2026-04-15 02:26:29] [DEBUG] 已存储光柱引用到height_view_pillar元数据
[2026-04-15 02:26:29] [DEBUG] 压缩模式高度指示器，真实视觉中心锚点: (0.0, -100.0)，原始高度: 4
[2026-04-15 02:26:29] [DEBUG] 已存储光柱引用到height_view_pillar元数据
[2026-04-15 02:26:29] [DEBUG] 压缩模式高度指示器，真实视觉中心锚点: (0.0, -100.0)，原始高度: 3
[2026-04-15 02:26:29] [DEBUG] 已存储光柱引用到height_view_pillar元数据
[2026-04-15 02:26:29] [DEBUG] 压缩模式高度指示器，真实视觉中心锚点: (0.0, -100.0)，原始高度: 2
[2026-04-15 02:26:29] [DEBUG] 已存储光柱引用到height_view_pillar元数据
[2026-04-15 02:26:29] [DEBUG] 压缩模式高度指示器，真实视觉中心锚点: (0.0, -100.0)，原始高度: 2
[2026-04-15 02:26:29] [DEBUG] 已存储光柱引用到height_view_pillar元数据
[2026-04-15 02:26:29] [DEBUG] 压缩模式高度指示器，真实视觉中心锚点: (0.0, -100.0)，原始高度: 3
[2026-04-15 02:26:29] [DEBUG] 已存储光柱引用到height_view_pillar元数据
[2026-04-15 02:26:29] [DEBUG] 压缩模式高度指示器，真实视觉中心锚点: (0.0, -100.0)，原始高度: 2
[2026-04-15 02:26:29] [DEBUG] 已存储光柱引用到height_view_pillar元数据
[2026-04-15 02:26:29] [DEBUG] 压缩模式高度指示器，真实视觉中心锚点: (0.0, -100.0)，原始高度: 1
[2026-04-15 02:26:29] [DEBUG] 已存储光柱引用到height_view_pillar元数据
[2026-04-15 02:26:29] [DEBUG] 压缩模式高度指示器，真实视觉中心锚点: (0.0, -100.0)，原始高度: 1
[2026-04-15 02:26:29] [DEBUG] 已存储光柱引用到height_view_pillar元数据
[2026-04-15 02:26:29] [DEBUG] 压缩模式高度指示器，真实视觉中心锚点: (0.0, -100.0)，原始高度: 1
[2026-04-15 02:26:29] [DEBUG] 已存储光柱引用到height_view_pillar元数据
[2026-04-15 02:26:29] [DEBUG] 压缩模式高度指示器，真实视觉中心锚点: (0.0, -100.0)，原始高度: 4
[2026-04-15 02:26:29] [DEBUG] 已存储光柱引用到height_view_pillar元数据
[2026-04-15 02:26:29] [DEBUG] 压缩模式高度指示器，真实视觉中心锚点: (0.0, -100.0)，原始高度: 1
[2026-04-15 02:26:29] [DEBUG] 已存储光柱引用到height_view_pillar元数据
[2026-04-15 02:26:29] [DEBUG] 压缩模式高度指示器，真实视觉中心锚点: (0.0, -100.0)，原始高度: 2
[2026-04-15 02:26:29] [DEBUG] 已存储光柱引用到height_view_pillar元数据
[2026-04-15 02:26:29] [DEBUG] 压缩模式高度指示器，真实视觉中心锚点: (0.0, -100.0)，原始高度: 2
[2026-04-15 02:26:29] [DEBUG] 已存储光柱引用到height_view_pillar元数据
[2026-04-15 02:26:29] [DEBUG] 压缩模式高度指示器，真实视觉中心锚点: (0.0, -100.0)，原始高度: 3
[2026-04-15 02:26:29] [DEBUG] 已存储光柱引用到height_view_pillar元数据
[2026-04-15 02:26:29] [DEBUG] 压缩模式高度指示器，真实视觉中心锚点: (0.0, -100.0)，原始高度: 2
[2026-04-15 02:26:29] [DEBUG] 已存储光柱引用到height_view_pillar元数据
[2026-04-15 02:26:29] [DEBUG] 压缩模式高度指示器，真实视觉中心锚点: (0.0, -100.0)，原始高度: 3
[2026-04-15 02:26:29] [DEBUG] 已存储光柱引用到height_view_pillar元数据
[2026-04-15 02:26:29] [DEBUG] 压缩模式高度指示器，真实视觉中心锚点: (0.0, -100.0)，原始高度: 3
[2026-04-15 02:26:29] [DEBUG] 已存储光柱引用到height_view_pillar元数据
[2026-04-15 02:26:29] [DEBUG] 压缩模式高度指示器，真实视觉中心锚点: (0.0, -100.0)，原始高度: 1
[2026-04-15 02:26:29] [DEBUG] 已存储光柱引用到height_view_pillar元数据
[2026-04-15 02:26:29] [DEBUG] 压缩模式高度指示器，真实视觉中心锚点: (0.0, -100.0)，原始高度: 3
[2026-04-15 02:26:29] [DEBUG] 已存储光柱引用到height_view_pillar元数据
[2026-04-15 02:26:29] [DEBUG] 压缩模式高度指示器，真实视觉中心锚点: (0.0, -100.0)，原始高度: 3
[2026-04-15 02:26:29] [DEBUG] 已存储光柱引用到height_view_pillar元数据
[2026-04-15 02:26:29] [DEBUG] 压缩模式高度指示器，真实视觉中心锚点: (0.0, -100.0)，原始高度: 1
[2026-04-15 02:26:29] [DEBUG] 已存储光柱引用到height_view_pillar元数据
[2026-04-15 02:26:29] [DEBUG] 压缩模式高度指示器，真实视觉中心锚点: (0.0, -100.0)，原始高度: 3
[2026-04-15 02:26:29] [DEBUG] 已存储光柱引用到height_view_pillar元数据
[2026-04-15 02:26:29] [DEBUG] 压缩模式高度指示器，真实视觉中心锚点: (0.0, -100.0)，原始高度: 3
[2026-04-15 02:26:29] [DEBUG] 已存储光柱引用到height_view_pillar元数据
[2026-04-15 02:26:29] [DEBUG] 压缩模式高度指示器，真实视觉中心锚点: (0.0, -100.0)，原始高度: 3
[2026-04-15 02:26:29] [DEBUG] 已存储光柱引用到height_view_pillar元数据
[2026-04-15 02:26:30] [DEBUG] 视图切换动画完成，解锁状态
[2026-04-15 02:26:30] [DEBUG] 开始视图切换动画，锁定状态
[2026-04-15 02:26:30] [INFO] 恢复原始高度视图（恢复物理坐标）
[2026-04-15 02:26:30] [INFO] 恢复完成，总计: 49个地块, 163个精灵, 13个敌人/地貌
[2026-04-15 02:26:30] [DEBUG] 视图切换动画完成，解锁状态
[2026-04-15 02:26:31] [DEBUG] 开始视图切换动画，锁定状态
[2026-04-15 02:26:31] [INFO] 切换到压缩高度视图（物理坐标扁平化）
[2026-04-15 02:26:31] [DEBUG] 压缩模式高度指示器，真实视觉中心锚点: (0.0, -100.0)，原始高度: 8
[2026-04-15 02:26:31] [DEBUG] 已存储光柱引用到height_view_pillar元数据
[2026-04-15 02:26:31] [DEBUG] 压缩模式高度指示器，真实视觉中心锚点: (0.0, -100.0)，原始高度: 3
[2026-04-15 02:26:31] [DEBUG] 已存储光柱引用到height_view_pillar元数据
[2026-04-15 02:26:31] [DEBUG] 压缩模式高度指示器，真实视觉中心锚点: (0.0, -100.0)，原始高度: 3
[2026-04-15 02:26:31] [DEBUG] 已存储光柱引用到height_view_pillar元数据
[2026-04-15 02:26:31] [DEBUG] 压缩模式高度指示器，真实视觉中心锚点: (0.0, -100.0)，原始高度: 2
[2026-04-15 02:26:31] [DEBUG] 已存储光柱引用到height_view_pillar元数据
[2026-04-15 02:26:31] [DEBUG] 压缩模式高度指示器，真实视觉中心锚点: (0.0, -100.0)，原始高度: 4
[2026-04-15 02:26:31] [DEBUG] 已存储光柱引用到height_view_pillar元数据
[2026-04-15 02:26:31] [DEBUG] 压缩模式高度指示器，真实视觉中心锚点: (0.0, -100.0)，原始高度: 1
[2026-04-15 02:26:31] [DEBUG] 已存储光柱引用到height_view_pillar元数据
[2026-04-15 02:26:31] [DEBUG] 压缩模式高度指示器，真实视觉中心锚点: (0.0, -100.0)，原始高度: 3
[2026-04-15 02:26:31] [DEBUG] 已存储光柱引用到height_view_pillar元数据
[2026-04-15 02:26:31] [DEBUG] 压缩模式高度指示器，真实视觉中心锚点: (0.0, -100.0)，原始高度: 4
[2026-04-15 02:26:31] [DEBUG] 已存储光柱引用到height_view_pillar元数据
[2026-04-15 02:26:31] [DEBUG] 压缩模式高度指示器，真实视觉中心锚点: (0.0, -100.0)，原始高度: 1
[2026-04-15 02:26:31] [DEBUG] 已存储光柱引用到height_view_pillar元数据
[2026-04-15 02:26:31] [DEBUG] 压缩模式高度指示器，真实视觉中心锚点: (0.0, -100.0)，原始高度: 1
[2026-04-15 02:26:31] [DEBUG] 已存储光柱引用到height_view_pillar元数据
[2026-04-15 02:26:31] [DEBUG] 压缩模式高度指示器，真实视觉中心锚点: (0.0, -100.0)，原始高度: 2
[2026-04-15 02:26:31] [DEBUG] 已存储光柱引用到height_view_pillar元数据
[2026-04-15 02:26:31] [DEBUG] 压缩模式高度指示器，真实视觉中心锚点: (0.0, -100.0)，原始高度: 6
[2026-04-15 02:26:31] [DEBUG] 已存储光柱引用到height_view_pillar元数据
[2026-04-15 02:26:31] [DEBUG] 压缩模式高度指示器，真实视觉中心锚点: (0.0, -100.0)，原始高度: 3
[2026-04-15 02:26:31] [DEBUG] 已存储光柱引用到height_view_pillar元数据
[2026-04-15 02:26:31] [DEBUG] 压缩模式高度指示器，真实视觉中心锚点: (0.0, -100.0)，原始高度: 1
[2026-04-15 02:26:31] [DEBUG] 已存储光柱引用到height_view_pillar元数据
[2026-04-15 02:26:31] [DEBUG] 压缩模式高度指示器，真实视觉中心锚点: (0.0, -100.0)，原始高度: 3
[2026-04-15 02:26:31] [DEBUG] 已存储光柱引用到height_view_pillar元数据
[2026-04-15 02:26:31] [DEBUG] 压缩模式高度指示器，真实视觉中心锚点: (0.0, -100.0)，原始高度: 3
[2026-04-15 02:26:31] [DEBUG] 已存储光柱引用到height_view_pillar元数据
[2026-04-15 02:26:31] [DEBUG] 压缩模式高度指示器，真实视觉中心锚点: (0.0, -100.0)，原始高度: 6
[2026-04-15 02:26:31] [DEBUG] 已存储光柱引用到height_view_pillar元数据
[2026-04-15 02:26:31] [DEBUG] 压缩模式高度指示器，真实视觉中心锚点: (0.0, -100.0)，原始高度: 2
[2026-04-15 02:26:31] [DEBUG] 已存储光柱引用到height_view_pillar元数据
[2026-04-15 02:26:31] [DEBUG] 压缩模式高度指示器，真实视觉中心锚点: (0.0, -100.0)，原始高度: 1
[2026-04-15 02:26:31] [DEBUG] 已存储光柱引用到height_view_pillar元数据
[2026-04-15 02:26:31] [DEBUG] 压缩模式高度指示器，真实视觉中心锚点: (0.0, -100.0)，原始高度: 1
[2026-04-15 02:26:31] [DEBUG] 已存储光柱引用到height_view_pillar元数据
[2026-04-15 02:26:31] [DEBUG] 压缩模式高度指示器，真实视觉中心锚点: (0.0, -100.0)，原始高度: 1
[2026-04-15 02:26:31] [DEBUG] 已存储光柱引用到height_view_pillar元数据
[2026-04-15 02:26:31] [DEBUG] 压缩模式高度指示器，真实视觉中心锚点: (0.0, -100.0)，原始高度: 2
[2026-04-15 02:26:31] [DEBUG] 已存储光柱引用到height_view_pillar元数据
[2026-04-15 02:26:31] [DEBUG] 压缩模式高度指示器，真实视觉中心锚点: (0.0, -100.0)，原始高度: 5
[2026-04-15 02:26:31] [DEBUG] 已存储光柱引用到height_view_pillar元数据
[2026-04-15 02:26:31] [DEBUG] 压缩模式高度指示器，真实视觉中心锚点: (0.0, -100.0)，原始高度: 4
[2026-04-15 02:26:31] [DEBUG] 已存储光柱引用到height_view_pillar元数据
[2026-04-15 02:26:31] [DEBUG] 压缩模式高度指示器，真实视觉中心锚点: (0.0, -100.0)，原始高度: 3
[2026-04-15 02:26:31] [DEBUG] 已存储光柱引用到height_view_pillar元数据
[2026-04-15 02:26:31] [DEBUG] 压缩模式高度指示器，真实视觉中心锚点: (0.0, -100.0)，原始高度: 4
[2026-04-15 02:26:31] [DEBUG] 已存储光柱引用到height_view_pillar元数据
[2026-04-15 02:26:31] [DEBUG] 压缩模式高度指示器，真实视觉中心锚点: (0.0, -100.0)，原始高度: 3
[2026-04-15 02:26:31] [DEBUG] 已存储光柱引用到height_view_pillar元数据
[2026-04-15 02:26:31] [DEBUG] 压缩模式高度指示器，真实视觉中心锚点: (0.0, -100.0)，原始高度: 2
[2026-04-15 02:26:31] [DEBUG] 已存储光柱引用到height_view_pillar元数据
[2026-04-15 02:26:31] [DEBUG] 压缩模式高度指示器，真实视觉中心锚点: (0.0, -100.0)，原始高度: 2
[2026-04-15 02:26:31] [DEBUG] 已存储光柱引用到height_view_pillar元数据
[2026-04-15 02:26:31] [DEBUG] 压缩模式高度指示器，真实视觉中心锚点: (0.0, -100.0)，原始高度: 3
[2026-04-15 02:26:31] [DEBUG] 已存储光柱引用到height_view_pillar元数据
[2026-04-15 02:26:31] [DEBUG] 压缩模式高度指示器，真实视觉中心锚点: (0.0, -100.0)，原始高度: 2
[2026-04-15 02:26:31] [DEBUG] 已存储光柱引用到height_view_pillar元数据
[2026-04-15 02:26:31] [DEBUG] 压缩模式高度指示器，真实视觉中心锚点: (0.0, -100.0)，原始高度: 1
[2026-04-15 02:26:31] [DEBUG] 已存储光柱引用到height_view_pillar元数据
[2026-04-15 02:26:31] [DEBUG] 压缩模式高度指示器，真实视觉中心锚点: (0.0, -100.0)，原始高度: 1
[2026-04-15 02:26:31] [DEBUG] 已存储光柱引用到height_view_pillar元数据
[2026-04-15 02:26:31] [DEBUG] 压缩模式高度指示器，真实视觉中心锚点: (0.0, -100.0)，原始高度: 1
[2026-04-15 02:26:31] [DEBUG] 已存储光柱引用到height_view_pillar元数据
[2026-04-15 02:26:31] [DEBUG] 压缩模式高度指示器，真实视觉中心锚点: (0.0, -100.0)，原始高度: 4
[2026-04-15 02:26:31] [DEBUG] 已存储光柱引用到height_view_pillar元数据
[2026-04-15 02:26:31] [DEBUG] 压缩模式高度指示器，真实视觉中心锚点: (0.0, -100.0)，原始高度: 1
[2026-04-15 02:26:31] [DEBUG] 已存储光柱引用到height_view_pillar元数据
[2026-04-15 02:26:31] [DEBUG] 压缩模式高度指示器，真实视觉中心锚点: (0.0, -100.0)，原始高度: 2
[2026-04-15 02:26:31] [DEBUG] 已存储光柱引用到height_view_pillar元数据
[2026-04-15 02:26:31] [DEBUG] 压缩模式高度指示器，真实视觉中心锚点: (0.0, -100.0)，原始高度: 2
[2026-04-15 02:26:31] [DEBUG] 已存储光柱引用到height_view_pillar元数据
[2026-04-15 02:26:31] [DEBUG] 压缩模式高度指示器，真实视觉中心锚点: (0.0, -100.0)，原始高度: 3
[2026-04-15 02:26:31] [DEBUG] 已存储光柱引用到height_view_pillar元数据
[2026-04-15 02:26:31] [DEBUG] 压缩模式高度指示器，真实视觉中心锚点: (0.0, -100.0)，原始高度: 2
[2026-04-15 02:26:31] [DEBUG] 已存储光柱引用到height_view_pillar元数据
[2026-04-15 02:26:31] [DEBUG] 压缩模式高度指示器，真实视觉中心锚点: (0.0, -100.0)，原始高度: 3
[2026-04-15 02:26:31] [DEBUG] 已存储光柱引用到height_view_pillar元数据
[2026-04-15 02:26:31] [DEBUG] 压缩模式高度指示器，真实视觉中心锚点: (0.0, -100.0)，原始高度: 3
[2026-04-15 02:26:31] [DEBUG] 已存储光柱引用到height_view_pillar元数据
[2026-04-15 02:26:31] [DEBUG] 压缩模式高度指示器，真实视觉中心锚点: (0.0, -100.0)，原始高度: 1
[2026-04-15 02:26:31] [DEBUG] 已存储光柱引用到height_view_pillar元数据
[2026-04-15 02:26:31] [DEBUG] 压缩模式高度指示器，真实视觉中心锚点: (0.0, -100.0)，原始高度: 3
[2026-04-15 02:26:31] [DEBUG] 已存储光柱引用到height_view_pillar元数据
[2026-04-15 02:26:31] [DEBUG] 压缩模式高度指示器，真实视觉中心锚点: (0.0, -100.0)，原始高度: 3
[2026-04-15 02:26:31] [DEBUG] 已存储光柱引用到height_view_pillar元数据
[2026-04-15 02:26:31] [DEBUG] 压缩模式高度指示器，真实视觉中心锚点: (0.0, -100.0)，原始高度: 1
[2026-04-15 02:26:31] [DEBUG] 已存储光柱引用到height_view_pillar元数据
[2026-04-15 02:26:31] [DEBUG] 压缩模式高度指示器，真实视觉中心锚点: (0.0, -100.0)，原始高度: 3
[2026-04-15 02:26:31] [DEBUG] 已存储光柱引用到height_view_pillar元数据
[2026-04-15 02:26:31] [DEBUG] 压缩模式高度指示器，真实视觉中心锚点: (0.0, -100.0)，原始高度: 3
[2026-04-15 02:26:31] [DEBUG] 已存储光柱引用到height_view_pillar元数据
[2026-04-15 02:26:31] [DEBUG] 压缩模式高度指示器，真实视觉中心锚点: (0.0, -100.0)，原始高度: 3
[2026-04-15 02:26:31] [DEBUG] 已存储光柱引用到height_view_pillar元数据
[2026-04-15 02:26:31] [DEBUG] 视图切换动画完成，解锁状态
[2026-04-15 02:26:31] [DEBUG] 高度视图鼠标离开地块，停止光柱动画
[2026-04-15 02:26:31] [DEBUG] 高度视图鼠标进入地块，启动光柱动画
[2026-04-15 02:26:31] [DEBUG] 开始光柱浮动动画，幅度: 15.0，速度: 1.5
[2026-04-15 02:26:31] [DEBUG] 高度视图鼠标离开地块，停止光柱动画
[2026-04-15 02:26:31] [DEBUG] 高度视图鼠标进入地块，启动光柱动画
[2026-04-15 02:26:31] [DEBUG] 开始光柱浮动动画，幅度: 15.0，速度: 1.5
[2026-04-15 02:26:31] [DEBUG] 高度视图鼠标进入地块，启动光柱动画
[2026-04-15 02:26:31] [DEBUG] 开始光柱浮动动画，幅度: 15.0，速度: 1.5
[2026-04-15 02:26:31] [DEBUG] 高度视图鼠标离开地块，停止光柱动画
[2026-04-15 02:26:31] [DEBUG] 高度视图鼠标离开地块，停止光柱动画
================================================================================
会话开始: [2026-04-15 02:31:27]
================================================================================
[2026-04-15 02:31:27] [DEBUG] 地图数据填充完成，形状: fan，坐标数量: 48
[2026-04-15 02:31:27] [INFO] 扇形地图生成完成，坐标数量: 48
[2026-04-15 02:31:27] [DEBUG] 设置地形时间占位形状: 011 -> [(1, 0), (2, 0)]
[2026-04-15 02:31:27] [DEBUG] 地形受伤: amount=9, current_hp=91, damage_rate=0.09
[2026-04-15 02:31:27] [DEBUG] 设置地形时间占位形状: 011 -> [(1, 0), (2, 0)]
[2026-04-15 02:31:27] [DEBUG] 地形受伤: amount=13, current_hp=87, damage_rate=0.13
[2026-04-15 02:31:27] [DEBUG] 设置地形时间占位形状: 011 -> [(1, 0), (2, 0)]
[2026-04-15 02:31:27] [DEBUG] 地形受伤: amount=26, current_hp=74, damage_rate=0.26
[2026-04-15 02:31:27] [DEBUG] 设置地形时间占位形状: 011 -> [(1, 0), (2, 0)]
[2026-04-15 02:31:27] [DEBUG] 地形受伤: amount=19, current_hp=81, damage_rate=0.19
[2026-04-15 02:31:27] [DEBUG] 设置地形时间占位形状: 011 -> [(1, 0), (2, 0)]
[2026-04-15 02:31:27] [DEBUG] 地形受伤: amount=7, current_hp=93, damage_rate=0.07
[2026-04-15 02:31:27] [DEBUG] 设置地形时间占位形状: 011 -> [(1, 0), (2, 0)]
[2026-04-15 02:31:27] [DEBUG] 地形受伤: amount=7, current_hp=93, damage_rate=0.07
[2026-04-15 02:31:27] [DEBUG] 设置地形时间占位形状: 011 -> [(1, 0), (2, 0)]
[2026-04-15 02:31:27] [DEBUG] 地形受伤: amount=23, current_hp=77, damage_rate=0.23
[2026-04-15 02:31:27] [DEBUG] 设置地形时间占位形状: 011 -> [(1, 0), (2, 0)]
[2026-04-15 02:31:27] [DEBUG] 地形受伤: amount=24, current_hp=76, damage_rate=0.24
[2026-04-15 02:31:27] [DEBUG] 设置地形时间占位形状: 011 -> [(1, 0), (2, 0)]
[2026-04-15 02:31:27] [DEBUG] 地形受伤: amount=9, current_hp=91, damage_rate=0.09
[2026-04-15 02:31:27] [DEBUG] 设置地形时间占位形状: 011 -> [(1, 0), (2, 0)]
[2026-04-15 02:31:27] [DEBUG] 地形受伤: amount=2, current_hp=98, damage_rate=0.02
[2026-04-15 02:31:27] [DEBUG] 设置地形时间占位形状: 011 -> [(1, 0), (2, 0)]
[2026-04-15 02:31:27] [DEBUG] 地形受伤: amount=12, current_hp=88, damage_rate=0.12
[2026-04-15 02:31:27] [DEBUG] 设置地形时间占位形状: 011 -> [(1, 0), (2, 0)]
[2026-04-15 02:31:27] [DEBUG] 地形受伤: amount=21, current_hp=79, damage_rate=0.21
[2026-04-15 02:31:27] [DEBUG] 设置地形时间占位形状: 011 -> [(1, 0), (2, 0)]
[2026-04-15 02:31:27] [DEBUG] 地形受伤: amount=25, current_hp=75, damage_rate=0.25
[2026-04-15 02:31:27] [DEBUG] 设置地形时间占位形状: 011 -> [(1, 0), (2, 0)]
[2026-04-15 02:31:27] [DEBUG] 地形受伤: amount=21, current_hp=79, damage_rate=0.21
[2026-04-15 02:31:27] [DEBUG] 设置地形时间占位形状: 011 -> [(1, 0), (2, 0)]
[2026-04-15 02:31:27] [DEBUG] 地形受伤: amount=23, current_hp=77, damage_rate=0.23
[2026-04-15 02:31:27] [DEBUG] 设置地形时间占位形状: 011 -> [(1, 0), (2, 0)]
[2026-04-15 02:31:27] [DEBUG] 地形受伤: amount=23, current_hp=77, damage_rate=0.23
[2026-04-15 02:31:27] [DEBUG] 设置地形时间占位形状: 011 -> [(1, 0), (2, 0)]
[2026-04-15 02:31:27] [DEBUG] 设置地形时间占位形状: 011 -> [(1, 0), (2, 0)]
[2026-04-15 02:31:27] [DEBUG] 地形受伤: amount=7, current_hp=93, damage_rate=0.07
[2026-04-15 02:31:27] [DEBUG] 地貌放置完成，总数: 17，最大限制: 17
[2026-04-15 02:31:27] [DEBUG] 地形受伤: amount=19, current_hp=58, damage_rate=0.42
[2026-04-15 02:31:27] [DEBUG] 生成地貌: @Node2D@25 at (-5, 5)
[2026-04-15 02:31:27] [DEBUG] 地形受伤: amount=8, current_hp=67, damage_rate=0.33
[2026-04-15 02:31:27] [DEBUG] 生成地貌: @Node2D@43 at (-4, 5)
[2026-04-15 02:31:27] [DEBUG] 地形受伤: amount=22, current_hp=69, damage_rate=0.31
[2026-04-15 02:31:27] [DEBUG] 生成地貌: @Node2D@53 at (-3, 3)
[2026-04-15 02:31:27] [DEBUG] 地形受伤: amount=23, current_hp=70, damage_rate=0.30
[2026-04-15 02:31:27] [DEBUG] 生成地貌: @Node2D@74 at (-2, 2)
[2026-04-15 02:31:27] [DEBUG] 地形受伤: amount=6, current_hp=75, damage_rate=0.25
[2026-04-15 02:31:27] [DEBUG] 生成地貌: @Node2D@102 at (-1, 1)
[2026-04-15 02:31:27] [DEBUG] 地形受伤: amount=19, current_hp=60, damage_rate=0.40
[2026-04-15 02:31:27] [DEBUG] 生成地貌: @Node2D@113 at (-1, 3)
[2026-04-15 02:31:27] [DEBUG] 地形受伤: amount=4, current_hp=83, damage_rate=0.17
[2026-04-15 02:31:27] [DEBUG] 生成地貌: @Node2D@119 at (-1, 4)
[2026-04-15 02:31:27] [DEBUG] 地形受伤: amount=2, current_hp=74, damage_rate=0.26
[2026-04-15 02:31:27] [DEBUG] 生成地貌: @Node2D@124 at (-1, 5)
[2026-04-15 02:31:27] [DEBUG] 地形受伤: amount=0, current_hp=93, damage_rate=0.07
[2026-04-15 02:31:27] [DEBUG] 生成地貌: @Node2D@128 at (-1, 6)
[2026-04-15 02:31:27] [DEBUG] 地形受伤: amount=15, current_hp=59, damage_rate=0.41
[2026-04-15 02:31:27] [DEBUG] 生成地貌: @Node2D@152 at (0, 5)
[2026-04-15 02:31:27] [DEBUG] 地形受伤: amount=15, current_hp=83, damage_rate=0.17
[2026-04-15 02:31:27] [DEBUG] 生成地貌: @Node2D@156 at (0, 6)
[2026-04-15 02:31:27] [DEBUG] 地形受伤: amount=11, current_hp=82, damage_rate=0.18
[2026-04-15 02:31:27] [DEBUG] 生成地貌: @Node2D@169 at (1, 1)
[2026-04-15 02:31:27] [DEBUG] 地形受伤: amount=16, current_hp=61, damage_rate=0.39
[2026-04-15 02:31:27] [DEBUG] 生成地貌: @Node2D@174 at (1, 2)
[2026-04-15 02:31:27] [DEBUG] 地形受伤: amount=9, current_hp=70, damage_rate=0.30
[2026-04-15 02:31:27] [DEBUG] 生成地貌: @Node2D@189 at (1, 5)
[2026-04-15 02:31:27] [DEBUG] 地形受伤: amount=3, current_hp=85, damage_rate=0.15
[2026-04-15 02:31:27] [DEBUG] 生成地貌: @Node2D@194 at (2, 0)
[2026-04-15 02:31:27] [DEBUG] 地形受伤: amount=20, current_hp=57, damage_rate=0.43
[2026-04-15 02:31:27] [DEBUG] 生成地貌: @Node2D@226 at (3, 2)
[2026-04-15 02:31:27] [DEBUG] 地形受伤: amount=4, current_hp=87, damage_rate=0.13
[2026-04-15 02:31:27] [DEBUG] 生成地貌: @Node2D@232 at (3, 3)
[2026-04-15 02:31:27] [DEBUG] 成功绑定高度视图切换按钮
[2026-04-15 02:31:27] [DEBUG] 应用响应式动态锚点布局
[2026-04-15 02:31:27] [DEBUG] 布局应用完成: 真实尺寸(502.0x124.0), 缩放中心=(251.0, 0.0)
[2026-04-15 02:31:27] [DEBUG] 开始创建遮罩节点
[2026-04-15 02:31:27] [DEBUG] 时间轴遮罩已创建（使用全屏锚点），颜色: (0.2666, 0.2666, 0.2666, 0.6)，层级: 1，可见: false
[2026-04-15 02:31:27] [DEBUG] 遮罩创建完成，background_mask: BackgroundMask:<ColorRect#94271179037>
[2026-04-15 02:31:27] [DEBUG] 找到TimelineManager: TimelineManager
[2026-04-15 02:31:27] [DEBUG] 设置时间轴点击缩放权限: allow=false filter=2
[2026-04-15 02:31:27] [DEBUG] DragShapeController已添加到组，准备接收拖拽事件
[2026-04-15 02:31:27] [DEBUG] 敌人意图管理器已就绪
[2026-04-15 02:31:27] [INFO] 成功连接到 TimelineManager
[2026-04-15 02:31:27] [DEBUG] 时间轴可视化器已就绪
[2026-04-15 02:31:27] [INFO] 已连接到 DragShapeController
[2026-04-15 02:31:27] [INFO] TimelineUI已找到: TimelineUI
[2026-04-15 02:31:27] [INFO] 胜利调试按钮已连接
[2026-04-15 02:31:27] [INFO] 已连接胜利触发信号
[2026-04-15 02:31:27] [DEBUG] 🩸 成功将血条组件收编进地块渲染序列: EnemyHealth
[2026-04-15 02:31:27] [DEBUG] 🩸 成功将血条组件收编进地块渲染序列: EnemyHealth
[2026-04-15 02:31:27] [DEBUG] 🩸 成功将血条组件收编进地块渲染序列: EnemyHealth
[2026-04-15 02:31:27] [DEBUG] 🩸 成功将血条组件收编进地块渲染序列: EnemyHealth
[2026-04-15 02:31:27] [DEBUG] 🩸 成功将血条组件收编进地块渲染序列: EnemyHealth
[2026-04-15 02:31:27] [DEBUG] 🩸 成功将血条组件收编进地块渲染序列: EnemyHealth
[2026-04-15 02:31:27] [DEBUG] 🩸 成功将血条组件收编进地块渲染序列: EnemyHealth
[2026-04-15 02:31:27] [DEBUG] 🩸 成功将血条组件收编进地块渲染序列: EnemyHealth
[2026-04-15 02:31:27] [DEBUG] 🩸 成功将血条组件收编进地块渲染序列: EnemyHealth
[2026-04-15 02:31:27] [DEBUG] 🩸 成功将血条组件收编进地块渲染序列: EnemyHealth
[2026-04-15 02:31:27] [DEBUG] 🩸 成功将血条组件收编进地块渲染序列: EnemyHealth
[2026-04-15 02:31:27] [DEBUG] 🩸 成功将血条组件收编进地块渲染序列: EnemyHealth
[2026-04-15 02:31:27] [DEBUG] 🩸 成功将血条组件收编进地块渲染序列: EnemyHealth
[2026-04-15 02:31:27] [DEBUG] 🩸 成功将血条组件收编进地块渲染序列: EnemyHealth
[2026-04-15 02:31:27] [DEBUG] 🩸 成功将血条组件收编进地块渲染序列: EnemyHealth
[2026-04-15 02:31:27] [DEBUG] 🩸 成功将血条组件收编进地块渲染序列: EnemyHealth
[2026-04-15 02:31:27] [DEBUG] 🩸 成功将血条组件收编进地块渲染序列: EnemyHealth
[2026-04-15 02:31:27] [WARNING] 未找到弃牌区
[2026-04-15 02:31:27] [INFO] 清除时间轴网格，当前占用数: 0
[2026-04-15 02:31:27] [DEBUG] 游戏初始化：找到 17 个敌人，生成初始意图
[2026-04-15 02:31:27] [INFO] 生成敌人意图: 敌人=@Node2D@232, 类型=Node2D
[2026-04-15 02:31:27] [INFO] 敌人形状: [(1, 0), (2, 0)]
[2026-04-15 02:31:27] [DEBUG] find_random_available_spot: 寻找形状 [(1, 0), (2, 0)] 的可用位置，网格范围 12 x 3
[2026-04-15 02:31:27] [DEBUG] 形状范围: X[1, 2](宽度=2), Y[0, 0](高度=1)
[2026-04-15 02:31:27] [DEBUG] 可能的原点范围: X[0, 9], Y[0, 2]
[2026-04-15 02:31:27] [DEBUG] 测试原点: (0, 0), 形状偏移量: [(1, 0), (2, 0)]
[2026-04-15 02:31:27] [DEBUG] 放置验证通过: shape_coords=[(1, 0), (2, 0)], origin=(0, 0), 所有坐标在网格范围内且无碰撞
[2026-04-15 02:31:27] [DEBUG] 原点 (0, 0) 验证通过
[2026-04-15 02:31:27] [DEBUG] 测试原点: (0, 1), 形状偏移量: [(1, 0), (2, 0)]
[2026-04-15 02:31:27] [DEBUG] 放置验证通过: shape_coords=[(1, 0), (2, 0)], origin=(0, 1), 所有坐标在网格范围内且无碰撞
[2026-04-15 02:31:27] [DEBUG] 原点 (0, 1) 验证通过
[2026-04-15 02:31:27] [DEBUG] 测试原点: (0, 2), 形状偏移量: [(1, 0), (2, 0)]
[2026-04-15 02:31:27] [DEBUG] 放置验证通过: shape_coords=[(1, 0), (2, 0)], origin=(0, 2), 所有坐标在网格范围内且无碰撞
[2026-04-15 02:31:27] [DEBUG] 原点 (0, 2) 验证通过
[2026-04-15 02:31:27] [DEBUG] 测试原点: (1, 0), 形状偏移量: [(1, 0), (2, 0)]
[2026-04-15 02:31:27] [DEBUG] 放置验证通过: shape_coords=[(1, 0), (2, 0)], origin=(1, 0), 所有坐标在网格范围内且无碰撞
[2026-04-15 02:31:27] [DEBUG] 原点 (1, 0) 验证通过
[2026-04-15 02:31:27] [DEBUG] 测试原点: (1, 1), 形状偏移量: [(1, 0), (2, 0)]
[2026-04-15 02:31:27] [DEBUG] 放置验证通过: shape_coords=[(1, 0), (2, 0)], origin=(1, 1), 所有坐标在网格范围内且无碰撞
[2026-04-15 02:31:27] [DEBUG] 原点 (1, 1) 验证通过
[2026-04-15 02:31:27] [DEBUG] 测试原点: (1, 2), 形状偏移量: [(1, 0), (2, 0)]
[2026-04-15 02:31:27] [DEBUG] 放置验证通过: shape_coords=[(1, 0), (2, 0)], origin=(1, 2), 所有坐标在网格范围内且无碰撞
[2026-04-15 02:31:27] [DEBUG] 原点 (1, 2) 验证通过
[2026-04-15 02:31:27] [DEBUG] 测试原点: (2, 0), 形状偏移量: [(1, 0), (2, 0)]
[2026-04-15 02:31:27] [DEBUG] 放置验证通过: shape_coords=[(1, 0), (2, 0)], origin=(2, 0), 所有坐标在网格范围内且无碰撞
[2026-04-15 02:31:27] [DEBUG] 原点 (2, 0) 验证通过
[2026-04-15 02:31:27] [DEBUG] 测试原点: (2, 1), 形状偏移量: [(1, 0), (2, 0)]
[2026-04-15 02:31:27] [DEBUG] 放置验证通过: shape_coords=[(1, 0), (2, 0)], origin=(2, 1), 所有坐标在网格范围内且无碰撞
[2026-04-15 02:31:27] [DEBUG] 原点 (2, 1) 验证通过
[2026-04-15 02:31:27] [DEBUG] 测试原点: (2, 2), 形状偏移量: [(1, 0), (2, 0)]
[2026-04-15 02:31:27] [DEBUG] 放置验证通过: shape_coords=[(1, 0), (2, 0)], origin=(2, 2), 所有坐标在网格范围内且无碰撞
[2026-04-15 02:31:27] [DEBUG] 原点 (2, 2) 验证通过
[2026-04-15 02:31:27] [DEBUG] 测试原点: (3, 0), 形状偏移量: [(1, 0), (2, 0)]
[2026-04-15 02:31:27] [DEBUG] 放置验证通过: shape_coords=[(1, 0), (2, 0)], origin=(3, 0), 所有坐标在网格范围内且无碰撞
[2026-04-15 02:31:27] [DEBUG] 原点 (3, 0) 验证通过
[2026-04-15 02:31:27] [DEBUG] 测试原点: (3, 1), 形状偏移量: [(1, 0), (2, 0)]
[2026-04-15 02:31:27] [DEBUG] 放置验证通过: shape_coords=[(1, 0), (2, 0)], origin=(3, 1), 所有坐标在网格范围内且无碰撞
[2026-04-15 02:31:27] [DEBUG] 原点 (3, 1) 验证通过
[2026-04-15 02:31:27] [DEBUG] 测试原点: (3, 2), 形状偏移量: [(1, 0), (2, 0)]
[2026-04-15 02:31:27] [DEBUG] 放置验证通过: shape_coords=[(1, 0), (2, 0)], origin=(3, 2), 所有坐标在网格范围内且无碰撞
[2026-04-15 02:31:27] [DEBUG] 原点 (3, 2) 验证通过
[2026-04-15 02:31:27] [DEBUG] 测试原点: (4, 0), 形状偏移量: [(1, 0), (2, 0)]
[2026-04-15 02:31:27] [DEBUG] 放置验证通过: shape_coords=[(1, 0), (2, 0)], origin=(4, 0), 所有坐标在网格范围内且无碰撞
[2026-04-15 02:31:27] [DEBUG] 原点 (4, 0) 验证通过
[2026-04-15 02:31:27] [DEBUG] 测试原点: (4, 1), 形状偏移量: [(1, 0), (2, 0)]
[2026-04-15 02:31:27] [DEBUG] 放置验证通过: shape_coords=[(1, 0), (2, 0)], origin=(4, 1), 所有坐标在网格范围内且无碰撞
[2026-04-15 02:31:27] [DEBUG] 原点 (4, 1) 验证通过
[2026-04-15 02:31:27] [DEBUG] 测试原点: (4, 2), 形状偏移量: [(1, 0), (2, 0)]
[2026-04-15 02:31:27] [DEBUG] 放置验证通过: shape_coords=[(1, 0), (2, 0)], origin=(4, 2), 所有坐标在网格范围内且无碰撞
[2026-04-15 02:31:27] [DEBUG] 原点 (4, 2) 验证通过
[2026-04-15 02:31:27] [DEBUG] 测试原点: (5, 0), 形状偏移量: [(1, 0), (2, 0)]
[2026-04-15 02:31:27] [DEBUG] 放置验证通过: shape_coords=[(1, 0), (2, 0)], origin=(5, 0), 所有坐标在网格范围内且无碰撞
[2026-04-15 02:31:27] [DEBUG] 原点 (5, 0) 验证通过
[2026-04-15 02:31:27] [DEBUG] 测试原点: (5, 1), 形状偏移量: [(1, 0), (2, 0)]
[2026-04-15 02:31:27] [DEBUG] 放置验证通过: shape_coords=[(1, 0), (2, 0)], origin=(5, 1), 所有坐标在网格范围内且无碰撞
[2026-04-15 02:31:27] [DEBUG] 原点 (5, 1) 验证通过
[2026-04-15 02:31:27] [DEBUG] 测试原点: (5, 2), 形状偏移量: [(1, 0), (2, 0)]
[2026-04-15 02:31:27] [DEBUG] 放置验证通过: shape_coords=[(1, 0), (2, 0)], origin=(5, 2), 所有坐标在网格范围内且无碰撞
[2026-04-15 02:31:27] [DEBUG] 原点 (5, 2) 验证通过
[2026-04-15 02:31:27] [DEBUG] 测试原点: (6, 0), 形状偏移量: [(1, 0), (2, 0)]
[2026-04-15 02:31:27] [DEBUG] 放置验证通过: shape_coords=[(1, 0), (2, 0)], origin=(6, 0), 所有坐标在网格范围内且无碰撞
[2026-04-15 02:31:27] [DEBUG] 原点 (6, 0) 验证通过
[2026-04-15 02:31:27] [DEBUG] 测试原点: (6, 1), 形状偏移量: [(1, 0), (2, 0)]
[2026-04-15 02:31:27] [DEBUG] 放置验证通过: shape_coords=[(1, 0), (2, 0)], origin=(6, 1), 所有坐标在网格范围内且无碰撞
[2026-04-15 02:31:27] [DEBUG] 原点 (6, 1) 验证通过
[2026-04-15 02:31:27] [DEBUG] 测试原点: (6, 2), 形状偏移量: [(1, 0), (2, 0)]
[2026-04-15 02:31:27] [DEBUG] 放置验证通过: shape_coords=[(1, 0), (2, 0)], origin=(6, 2), 所有坐标在网格范围内且无碰撞
[2026-04-15 02:31:27] [DEBUG] 原点 (6, 2) 验证通过
[2026-04-15 02:31:27] [DEBUG] 测试原点: (7, 0), 形状偏移量: [(1, 0), (2, 0)]
[2026-04-15 02:31:27] [DEBUG] 放置验证通过: shape_coords=[(1, 0), (2, 0)], origin=(7, 0), 所有坐标在网格范围内且无碰撞
[2026-04-15 02:31:27] [DEBUG] 原点 (7, 0) 验证通过
[2026-04-15 02:31:27] [DEBUG] 测试原点: (7, 1), 形状偏移量: [(1, 0), (2, 0)]
[2026-04-15 02:31:27] [DEBUG] 放置验证通过: shape_coords=[(1, 0), (2, 0)], origin=(7, 1), 所有坐标在网格范围内且无碰撞
[2026-04-15 02:31:27] [DEBUG] 原点 (7, 1) 验证通过
[2026-04-15 02:31:27] [DEBUG] 测试原点: (7, 2), 形状偏移量: [(1, 0), (2, 0)]
[2026-04-15 02:31:27] [DEBUG] 放置验证通过: shape_coords=[(1, 0), (2, 0)], origin=(7, 2), 所有坐标在网格范围内且无碰撞
[2026-04-15 02:31:27] [DEBUG] 原点 (7, 2) 验证通过
[2026-04-15 02:31:27] [DEBUG] 测试原点: (8, 0), 形状偏移量: [(1, 0), (2, 0)]
[2026-04-15 02:31:27] [DEBUG] 放置验证通过: shape_coords=[(1, 0), (2, 0)], origin=(8, 0), 所有坐标在网格范围内且无碰撞
[2026-04-15 02:31:27] [DEBUG] 原点 (8, 0) 验证通过
[2026-04-15 02:31:27] [DEBUG] 测试原点: (8, 1), 形状偏移量: [(1, 0), (2, 0)]
[2026-04-15 02:31:27] [DEBUG] 放置验证通过: shape_coords=[(1, 0), (2, 0)], origin=(8, 1), 所有坐标在网格范围内且无碰撞
[2026-04-15 02:31:27] [DEBUG] 原点 (8, 1) 验证通过
[2026-04-15 02:31:27] [DEBUG] 测试原点: (8, 2), 形状偏移量: [(1, 0), (2, 0)]
[2026-04-15 02:31:27] [DEBUG] 放置验证通过: shape_coords=[(1, 0), (2, 0)], origin=(8, 2), 所有坐标在网格范围内且无碰撞
[2026-04-15 02:31:27] [DEBUG] 原点 (8, 2) 验证通过
[2026-04-15 02:31:27] [DEBUG] 测试原点: (9, 0), 形状偏移量: [(1, 0), (2, 0)]
[2026-04-15 02:31:27] [DEBUG] 放置验证通过: shape_coords=[(1, 0), (2, 0)], origin=(9, 0), 所有坐标在网格范围内且无碰撞
[2026-04-15 02:31:27] [DEBUG] 原点 (9, 0) 验证通过
[2026-04-15 02:31:27] [DEBUG] 测试原点: (9, 1), 形状偏移量: [(1, 0), (2, 0)]
[2026-04-15 02:31:27] [DEBUG] 放置验证通过: shape_coords=[(1, 0), (2, 0)], origin=(9, 1), 所有坐标在网格范围内且无碰撞
[2026-04-15 02:31:27] [DEBUG] 原点 (9, 1) 验证通过
[2026-04-15 02:31:27] [DEBUG] 测试原点: (9, 2), 形状偏移量: [(1, 0), (2, 0)]
[2026-04-15 02:31:27] [DEBUG] 放置验证通过: shape_coords=[(1, 0), (2, 0)], origin=(9, 2), 所有坐标在网格范围内且无碰撞
[2026-04-15 02:31:27] [DEBUG] 原点 (9, 2) 验证通过
[2026-04-15 02:31:27] [DEBUG] find_random_available_spot: 找到 30 个可用位置: [(0, 0), (0, 1), (0, 2), (1, 0), (1, 1), (1, 2), (2, 0), (2, 1), (2, 2), (3, 0), (3, 1), (3, 2), (4, 0), (4, 1), (4, 2), (5, 0), (5, 1), (5, 2), (6, 0), (6, 1), (6, 2), (7, 0), (7, 1), (7, 2), (8, 0), (8, 1), (8, 2), (9, 0), (9, 1), (9, 2)]
[2026-04-15 02:31:27] [DEBUG] 随机选择原点: (4, 1)
[2026-04-15 02:31:27] [DEBUG] 创建村庄意图行动: village, 效果: 扩张1
[2026-04-15 02:31:27] [DEBUG] 放置验证通过: shape_coords=[(1, 0), (2, 0)], origin=(4, 1), 所有坐标在网格范围内且无碰撞
[2026-04-15 02:31:27] [DEBUG] place_action: 绝对坐标=[(5, 1), (6, 1)], 网格当前占用数=0
[2026-04-15 02:31:27] [DEBUG] place_action: 占据坐标 (5, 1)
[2026-04-15 02:31:27] [DEBUG] place_action: 占据坐标 (6, 1)
[2026-04-15 02:31:27] [INFO] place_action: 行动放置成功！origin=(4, 1), 行动ID=-9223371930923431473
[2026-04-15 02:31:27] [INFO] 👾 敌人 @Node2D@232 成功在随机位置 (4, 1) 部署了意图！
[2026-04-15 02:31:27] [INFO] 生成敌人意图: 敌人=@Node2D@124, 类型=Node2D
[2026-04-15 02:31:27] [INFO] 敌人形状: [(1, 0), (2, 0)]
[2026-04-15 02:31:27] [DEBUG] find_random_available_spot: 寻找形状 [(1, 0), (2, 0)] 的可用位置，网格范围 12 x 3
[2026-04-15 02:31:27] [DEBUG] 形状范围: X[1, 2](宽度=2), Y[0, 0](高度=1)
[2026-04-15 02:31:27] [DEBUG] 可能的原点范围: X[0, 9], Y[0, 2]
[2026-04-15 02:31:27] [DEBUG] 测试原点: (0, 0), 形状偏移量: [(1, 0), (2, 0)]
[2026-04-15 02:31:27] [DEBUG] 放置验证通过: shape_coords=[(1, 0), (2, 0)], origin=(0, 0), 所有坐标在网格范围内且无碰撞
[2026-04-15 02:31:27] [DEBUG] 原点 (0, 0) 验证通过
[2026-04-15 02:31:27] [DEBUG] 测试原点: (0, 1), 形状偏移量: [(1, 0), (2, 0)]
[2026-04-15 02:31:27] [DEBUG] 放置验证通过: shape_coords=[(1, 0), (2, 0)], origin=(0, 1), 所有坐标在网格范围内且无碰撞
[2026-04-15 02:31:27] [DEBUG] 原点 (0, 1) 验证通过
[2026-04-15 02:31:27] [DEBUG] 测试原点: (0, 2), 形状偏移量: [(1, 0), (2, 0)]
[2026-04-15 02:31:27] [DEBUG] 放置验证通过: shape_coords=[(1, 0), (2, 0)], origin=(0, 2), 所有坐标在网格范围内且无碰撞
[2026-04-15 02:31:27] [DEBUG] 原点 (0, 2) 验证通过
[2026-04-15 02:31:27] [DEBUG] 测试原点: (1, 0), 形状偏移量: [(1, 0), (2, 0)]
[2026-04-15 02:31:27] [DEBUG] 放置验证通过: shape_coords=[(1, 0), (2, 0)], origin=(1, 0), 所有坐标在网格范围内且无碰撞
[2026-04-15 02:31:27] [DEBUG] 原点 (1, 0) 验证通过
[2026-04-15 02:31:27] [DEBUG] 测试原点: (1, 1), 形状偏移量: [(1, 0), (2, 0)]
[2026-04-15 02:31:27] [DEBUG] 放置验证通过: shape_coords=[(1, 0), (2, 0)], origin=(1, 1), 所有坐标在网格范围内且无碰撞
[2026-04-15 02:31:27] [DEBUG] 原点 (1, 1) 验证通过
[2026-04-15 02:31:27] [DEBUG] 测试原点: (1, 2), 形状偏移量: [(1, 0), (2, 0)]
[2026-04-15 02:31:27] [DEBUG] 放置验证通过: shape_coords=[(1, 0), (2, 0)], origin=(1, 2), 所有坐标在网格范围内且无碰撞
[2026-04-15 02:31:27] [DEBUG] 原点 (1, 2) 验证通过
[2026-04-15 02:31:27] [DEBUG] 测试原点: (2, 0), 形状偏移量: [(1, 0), (2, 0)]
[2026-04-15 02:31:27] [DEBUG] 放置验证通过: shape_coords=[(1, 0), (2, 0)], origin=(2, 0), 所有坐标在网格范围内且无碰撞
[2026-04-15 02:31:27] [DEBUG] 原点 (2, 0) 验证通过
[2026-04-15 02:31:27] [DEBUG] 测试原点: (2, 1), 形状偏移量: [(1, 0), (2, 0)]
[2026-04-15 02:31:27] [DEBUG] 放置验证通过: shape_coords=[(1, 0), (2, 0)], origin=(2, 1), 所有坐标在网格范围内且无碰撞
[2026-04-15 02:31:27] [DEBUG] 原点 (2, 1) 验证通过
[2026-04-15 02:31:27] [DEBUG] 测试原点: (2, 2), 形状偏移量: [(1, 0), (2, 0)]
[2026-04-15 02:31:27] [DEBUG] 放置验证通过: shape_coords=[(1, 0), (2, 0)], origin=(2, 2), 所有坐标在网格范围内且无碰撞
[2026-04-15 02:31:27] [DEBUG] 原点 (2, 2) 验证通过
[2026-04-15 02:31:27] [DEBUG] 测试原点: (3, 0), 形状偏移量: [(1, 0), (2, 0)]
[2026-04-15 02:31:27] [DEBUG] 放置验证通过: shape_coords=[(1, 0), (2, 0)], origin=(3, 0), 所有坐标在网格范围内且无碰撞
[2026-04-15 02:31:27] [DEBUG] 原点 (3, 0) 验证通过
[2026-04-15 02:31:27] [DEBUG] 测试原点: (3, 1), 形状偏移量: [(1, 0), (2, 0)]
[2026-04-15 02:31:27] [DEBUG] 原点 (3, 1) 验证失败
[2026-04-15 02:31:27] [DEBUG] 测试原点: (3, 2), 形状偏移量: [(1, 0), (2, 0)]
[2026-04-15 02:31:27] [DEBUG] 放置验证通过: shape_coords=[(1, 0), (2, 0)], origin=(3, 2), 所有坐标在网格范围内且无碰撞
[2026-04-15 02:31:27] [DEBUG] 原点 (3, 2) 验证通过
[2026-04-15 02:31:27] [DEBUG] 测试原点: (4, 0), 形状偏移量: [(1, 0), (2, 0)]
[2026-04-15 02:31:27] [DEBUG] 放置验证通过: shape_coords=[(1, 0), (2, 0)], origin=(4, 0), 所有坐标在网格范围内且无碰撞
[2026-04-15 02:31:27] [DEBUG] 原点 (4, 0) 验证通过
[2026-04-15 02:31:27] [DEBUG] 测试原点: (4, 1), 形状偏移量: [(1, 0), (2, 0)]
[2026-04-15 02:31:27] [DEBUG] 原点 (4, 1) 验证失败
[2026-04-15 02:31:27] [DEBUG] 测试原点: (4, 2), 形状偏移量: [(1, 0), (2, 0)]
[2026-04-15 02:31:27] [DEBUG] 放置验证通过: shape_coords=[(1, 0), (2, 0)], origin=(4, 2), 所有坐标在网格范围内且无碰撞
[2026-04-15 02:31:27] [DEBUG] 原点 (4, 2) 验证通过
[2026-04-15 02:31:27] [DEBUG] 测试原点: (5, 0), 形状偏移量: [(1, 0), (2, 0)]
[2026-04-15 02:31:27] [DEBUG] 放置验证通过: shape_coords=[(1, 0), (2, 0)], origin=(5, 0), 所有坐标在网格范围内且无碰撞
[2026-04-15 02:31:27] [DEBUG] 原点 (5, 0) 验证通过
[2026-04-15 02:31:27] [DEBUG] 测试原点: (5, 1), 形状偏移量: [(1, 0), (2, 0)]
[2026-04-15 02:31:27] [DEBUG] 原点 (5, 1) 验证失败
[2026-04-15 02:31:27] [DEBUG] 测试原点: (5, 2), 形状偏移量: [(1, 0), (2, 0)]
[2026-04-15 02:31:27] [DEBUG] 放置验证通过: shape_coords=[(1, 0), (2, 0)], origin=(5, 2), 所有坐标在网格范围内且无碰撞
[2026-04-15 02:31:27] [DEBUG] 原点 (5, 2) 验证通过
[2026-04-15 02:31:27] [DEBUG] 测试原点: (6, 0), 形状偏移量: [(1, 0), (2, 0)]
[2026-04-15 02:31:27] [DEBUG] 放置验证通过: shape_coords=[(1, 0), (2, 0)], origin=(6, 0), 所有坐标在网格范围内且无碰撞
[2026-04-15 02:31:27] [DEBUG] 原点 (6, 0) 验证通过
[2026-04-15 02:31:27] [DEBUG] 测试原点: (6, 1), 形状偏移量: [(1, 0), (2, 0)]
[2026-04-15 02:31:27] [DEBUG] 放置验证通过: shape_coords=[(1, 0), (2, 0)], origin=(6, 1), 所有坐标在网格范围内且无碰撞
[2026-04-15 02:31:27] [DEBUG] 原点 (6, 1) 验证通过
[2026-04-15 02:31:27] [DEBUG] 测试原点: (6, 2), 形状偏移量: [(1, 0), (2, 0)]
[2026-04-15 02:31:27] [DEBUG] 放置验证通过: shape_coords=[(1, 0), (2, 0)], origin=(6, 2), 所有坐标在网格范围内且无碰撞
[2026-04-15 02:31:27] [DEBUG] 原点 (6, 2) 验证通过
[2026-04-15 02:31:27] [DEBUG] 测试原点: (7, 0), 形状偏移量: [(1, 0), (2, 0)]
[2026-04-15 02:31:27] [DEBUG] 放置验证通过: shape_coords=[(1, 0), (2, 0)], origin=(7, 0), 所有坐标在网格范围内且无碰撞
[2026-04-15 02:31:27] [DEBUG] 原点 (7, 0) 验证通过
[2026-04-15 02:31:27] [DEBUG] 测试原点: (7, 1), 形状偏移量: [(1, 0), (2, 0)]
[2026-04-15 02:31:27] [DEBUG] 放置验证通过: shape_coords=[(1, 0), (2, 0)], origin=(7, 1), 所有坐标在网格范围内且无碰撞
[2026-04-15 02:31:27] [DEBUG] 原点 (7, 1) 验证通过
[2026-04-15 02:31:27] [DEBUG] 测试原点: (7, 2), 形状偏移量: [(1, 0), (2, 0)]
[2026-04-15 02:31:27] [DEBUG] 放置验证通过: shape_coords=[(1, 0), (2, 0)], origin=(7, 2), 所有坐标在网格范围内且无碰撞
[2026-04-15 02:31:27] [DEBUG] 原点 (7, 2) 验证通过
[2026-04-15 02:31:27] [DEBUG] 测试原点: (8, 0), 形状偏移量: [(1, 0), (2, 0)]
[2026-04-15 02:31:27] [DEBUG] 放置验证通过: shape_coords=[(1, 0), (2, 0)], origin=(8, 0), 所有坐标在网格范围内且无碰撞
[2026-04-15 02:31:27] [DEBUG] 原点 (8, 0) 验证通过
[2026-04-15 02:31:27] [DEBUG] 测试原点: (8, 1), 形状偏移量: [(1, 0), (2, 0)]
[2026-04-15 02:31:27] [DEBUG] 放置验证通过: shape_coords=[(1, 0), (2, 0)], origin=(8, 1), 所有坐标在网格范围内且无碰撞
[2026-04-15 02:31:27] [DEBUG] 原点 (8, 1) 验证通过
[2026-04-15 02:31:27] [DEBUG] 测试原点: (8, 2), 形状偏移量: [(1, 0), (2, 0)]
[2026-04-15 02:31:27] [DEBUG] 放置验证通过: shape_coords=[(1, 0), (2, 0)], origin=(8, 2), 所有坐标在网格范围内且无碰撞
[2026-04-15 02:31:27] [DEBUG] 原点 (8, 2) 验证通过
[2026-04-15 02:31:27] [DEBUG] 测试原点: (9, 0), 形状偏移量: [(1, 0), (2, 0)]
[2026-04-15 02:31:27] [DEBUG] 放置验证通过: shape_coords=[(1, 0), (2, 0)], origin=(9, 0), 所有坐标在网格范围内且无碰撞
[2026-04-15 02:31:27] [DEBUG] 原点 (9, 0) 验证通过
[2026-04-15 02:31:27] [DEBUG] 测试原点: (9, 1), 形状偏移量: [(1, 0), (2, 0)]
[2026-04-15 02:31:27] [DEBUG] 放置验证通过: shape_coords=[(1, 0), (2, 0)], origin=(9, 1), 所有坐标在网格范围内且无碰撞
[2026-04-15 02:31:27] [DEBUG] 原点 (9, 1) 验证通过
[2026-04-15 02:31:27] [DEBUG] 测试原点: (9, 2), 形状偏移量: [(1, 0), (2, 0)]
[2026-04-15 02:31:27] [DEBUG] 放置验证通过: shape_coords=[(1, 0), (2, 0)], origin=(9, 2), 所有坐标在网格范围内且无碰撞
[2026-04-15 02:31:27] [DEBUG] 原点 (9, 2) 验证通过
[2026-04-15 02:31:27] [DEBUG] find_random_available_spot: 找到 27 个可用位置: [(0, 0), (0, 1), (0, 2), (1, 0), (1, 1), (1, 2), (2, 0), (2, 1), (2, 2), (3, 0), (3, 2), (4, 0), (4, 2), (5, 0), (5, 2), (6, 0), (6, 1), (6, 2), (7, 0), (7, 1), (7, 2), (8, 0), (8, 1), (8, 2), (9, 0), (9, 1), (9, 2)]
[2026-04-15 02:31:27] [DEBUG] 随机选择原点: (8, 1)
[2026-04-15 02:31:27] [DEBUG] 创建村庄意图行动: village, 效果: 扩张1
[2026-04-15 02:31:27] [DEBUG] 放置验证通过: shape_coords=[(1, 0), (2, 0)], origin=(8, 1), 所有坐标在网格范围内且无碰撞
[2026-04-15 02:31:27] [DEBUG] place_action: 绝对坐标=[(9, 1), (10, 1)], 网格当前占用数=2
[2026-04-15 02:31:27] [DEBUG] place_action: 占据坐标 (9, 1)
[2026-04-15 02:31:27] [DEBUG] place_action: 占据坐标 (10, 1)
[2026-04-15 02:31:27] [INFO] place_action: 行动放置成功！origin=(8, 1), 行动ID=-9223371925571499566
[2026-04-15 02:31:27] [INFO] 👾 敌人 @Node2D@124 成功在随机位置 (8, 1) 部署了意图！
[2026-04-15 02:31:27] [INFO] 生成敌人意图: 敌人=@Node2D@156, 类型=Node2D
[2026-04-15 02:31:27] [INFO] 敌人形状: [(1, 0), (2, 0)]
[2026-04-15 02:31:27] [DEBUG] find_random_available_spot: 寻找形状 [(1, 0), (2, 0)] 的可用位置，网格范围 12 x 3
[2026-04-15 02:31:27] [DEBUG] 形状范围: X[1, 2](宽度=2), Y[0, 0](高度=1)
[2026-04-15 02:31:27] [DEBUG] 可能的原点范围: X[0, 9], Y[0, 2]
[2026-04-15 02:31:27] [DEBUG] 测试原点: (0, 0), 形状偏移量: [(1, 0), (2, 0)]
[2026-04-15 02:31:27] [DEBUG] 放置验证通过: shape_coords=[(1, 0), (2, 0)], origin=(0, 0), 所有坐标在网格范围内且无碰撞
[2026-04-15 02:31:27] [DEBUG] 原点 (0, 0) 验证通过
[2026-04-15 02:31:27] [DEBUG] 测试原点: (0, 1), 形状偏移量: [(1, 0), (2, 0)]
[2026-04-15 02:31:27] [DEBUG] 放置验证通过: shape_coords=[(1, 0), (2, 0)], origin=(0, 1), 所有坐标在网格范围内且无碰撞
[2026-04-15 02:31:27] [DEBUG] 原点 (0, 1) 验证通过
[2026-04-15 02:31:27] [DEBUG] 测试原点: (0, 2), 形状偏移量: [(1, 0), (2, 0)]
[2026-04-15 02:31:27] [DEBUG] 放置验证通过: shape_coords=[(1, 0), (2, 0)], origin=(0, 2), 所有坐标在网格范围内且无碰撞
[2026-04-15 02:31:27] [DEBUG] 原点 (0, 2) 验证通过
[2026-04-15 02:31:27] [DEBUG] 测试原点: (1, 0), 形状偏移量: [(1, 0), (2, 0)]
[2026-04-15 02:31:27] [DEBUG] 放置验证通过: shape_coords=[(1, 0), (2, 0)], origin=(1, 0), 所有坐标在网格范围内且无碰撞
[2026-04-15 02:31:27] [DEBUG] 原点 (1, 0) 验证通过
[2026-04-15 02:31:27] [DEBUG] 测试原点: (1, 1), 形状偏移量: [(1, 0), (2, 0)]
[2026-04-15 02:31:27] [DEBUG] 放置验证通过: shape_coords=[(1, 0), (2, 0)], origin=(1, 1), 所有坐标在网格范围内且无碰撞
[2026-04-15 02:31:27] [DEBUG] 原点 (1, 1) 验证通过
[2026-04-15 02:31:27] [DEBUG] 测试原点: (1, 2), 形状偏移量: [(1, 0), (2, 0)]
[2026-04-15 02:31:27] [DEBUG] 放置验证通过: shape_coords=[(1, 0), (2, 0)], origin=(1, 2), 所有坐标在网格范围内且无碰撞
[2026-04-15 02:31:27] [DEBUG] 原点 (1, 2) 验证通过
[2026-04-15 02:31:27] [DEBUG] 测试原点: (2, 0), 形状偏移量: [(1, 0), (2, 0)]
[2026-04-15 02:31:27] [DEBUG] 放置验证通过: shape_coords=[(1, 0), (2, 0)], origin=(2, 0), 所有坐标在网格范围内且无碰撞
[2026-04-15 02:31:27] [DEBUG] 原点 (2, 0) 验证通过
[2026-04-15 02:31:27] [DEBUG] 测试原点: (2, 1), 形状偏移量: [(1, 0), (2, 0)]
[2026-04-15 02:31:27] [DEBUG] 放置验证通过: shape_coords=[(1, 0), (2, 0)], origin=(2, 1), 所有坐标在网格范围内且无碰撞
[2026-04-15 02:31:27] [DEBUG] 原点 (2, 1) 验证通过
[2026-04-15 02:31:27] [DEBUG] 测试原点: (2, 2), 形状偏移量: [(1, 0), (2, 0)]
[2026-04-15 02:31:27] [DEBUG] 放置验证通过: shape_coords=[(1, 0), (2, 0)], origin=(2, 2), 所有坐标在网格范围内且无碰撞
[2026-04-15 02:31:27] [DEBUG] 原点 (2, 2) 验证通过
[2026-04-15 02:31:27] [DEBUG] 测试原点: (3, 0), 形状偏移量: [(1, 0), (2, 0)]
[2026-04-15 02:31:27] [DEBUG] 放置验证通过: shape_coords=[(1, 0), (2, 0)], origin=(3, 0), 所有坐标在网格范围内且无碰撞
[2026-04-15 02:31:27] [DEBUG] 原点 (3, 0) 验证通过
[2026-04-15 02:31:27] [DEBUG] 测试原点: (3, 1), 形状偏移量: [(1, 0), (2, 0)]
[2026-04-15 02:31:27] [DEBUG] 原点 (3, 1) 验证失败
[2026-04-15 02:31:27] [DEBUG] 测试原点: (3, 2), 形状偏移量: [(1, 0), (2, 0)]
[2026-04-15 02:31:27] [DEBUG] 放置验证通过: shape_coords=[(1, 0), (2, 0)], origin=(3, 2), 所有坐标在网格范围内且无碰撞
[2026-04-15 02:31:27] [DEBUG] 原点 (3, 2) 验证通过
[2026-04-15 02:31:27] [DEBUG] 测试原点: (4, 0), 形状偏移量: [(1, 0), (2, 0)]
[2026-04-15 02:31:27] [DEBUG] 放置验证通过: shape_coords=[(1, 0), (2, 0)], origin=(4, 0), 所有坐标在网格范围内且无碰撞
[2026-04-15 02:31:27] [DEBUG] 原点 (4, 0) 验证通过
[2026-04-15 02:31:27] [DEBUG] 测试原点: (4, 1), 形状偏移量: [(1, 0), (2, 0)]
[2026-04-15 02:31:27] [DEBUG] 原点 (4, 1) 验证失败
[2026-04-15 02:31:27] [DEBUG] 测试原点: (4, 2), 形状偏移量: [(1, 0), (2, 0)]
[2026-04-15 02:31:27] [DEBUG] 放置验证通过: shape_coords=[(1, 0), (2, 0)], origin=(4, 2), 所有坐标在网格范围内且无碰撞
[2026-04-15 02:31:27] [DEBUG] 原点 (4, 2) 验证通过
[2026-04-15 02:31:27] [DEBUG] 测试原点: (5, 0), 形状偏移量: [(1, 0), (2, 0)]
[2026-04-15 02:31:27] [DEBUG] 放置验证通过: shape_coords=[(1, 0), (2, 0)], origin=(5, 0), 所有坐标在网格范围内且无碰撞
[2026-04-15 02:31:27] [DEBUG] 原点 (5, 0) 验证通过
[2026-04-15 02:31:27] [DEBUG] 测试原点: (5, 1), 形状偏移量: [(1, 0), (2, 0)]
[2026-04-15 02:31:27] [DEBUG] 原点 (5, 1) 验证失败
[2026-04-15 02:31:27] [DEBUG] 测试原点: (5, 2), 形状偏移量: [(1, 0), (2, 0)]
[2026-04-15 02:31:27] [DEBUG] 放置验证通过: shape_coords=[(1, 0), (2, 0)], origin=(5, 2), 所有坐标在网格范围内且无碰撞
[2026-04-15 02:31:27] [DEBUG] 原点 (5, 2) 验证通过
[2026-04-15 02:31:27] [DEBUG] 测试原点: (6, 0), 形状偏移量: [(1, 0), (2, 0)]
[2026-04-15 02:31:27] [DEBUG] 放置验证通过: shape_coords=[(1, 0), (2, 0)], origin=(6, 0), 所有坐标在网格范围内且无碰撞
[2026-04-15 02:31:27] [DEBUG] 原点 (6, 0) 验证通过
[2026-04-15 02:31:27] [DEBUG] 测试原点: (6, 1), 形状偏移量: [(1, 0), (2, 0)]
[2026-04-15 02:31:27] [DEBUG] 放置验证通过: shape_coords=[(1, 0), (2, 0)], origin=(6, 1), 所有坐标在网格范围内且无碰撞
[2026-04-15 02:31:27] [DEBUG] 原点 (6, 1) 验证通过
[2026-04-15 02:31:27] [DEBUG] 测试原点: (6, 2), 形状偏移量: [(1, 0), (2, 0)]
[2026-04-15 02:31:27] [DEBUG] 放置验证通过: shape_coords=[(1, 0), (2, 0)], origin=(6, 2), 所有坐标在网格范围内且无碰撞
[2026-04-15 02:31:27] [DEBUG] 原点 (6, 2) 验证通过
[2026-04-15 02:31:27] [DEBUG] 测试原点: (7, 0), 形状偏移量: [(1, 0), (2, 0)]
[2026-04-15 02:31:27] [DEBUG] 放置验证通过: shape_coords=[(1, 0), (2, 0)], origin=(7, 0), 所有坐标在网格范围内且无碰撞
[2026-04-15 02:31:27] [DEBUG] 原点 (7, 0) 验证通过
[2026-04-15 02:31:27] [DEBUG] 测试原点: (7, 1), 形状偏移量: [(1, 0), (2, 0)]
[2026-04-15 02:31:27] [DEBUG] 原点 (7, 1) 验证失败
[2026-04-15 02:31:27] [DEBUG] 测试原点: (7, 2), 形状偏移量: [(1, 0), (2, 0)]
[2026-04-15 02:31:27] [DEBUG] 放置验证通过: shape_coords=[(1, 0), (2, 0)], origin=(7, 2), 所有坐标在网格范围内且无碰撞
[2026-04-15 02:31:27] [DEBUG] 原点 (7, 2) 验证通过
[2026-04-15 02:31:27] [DEBUG] 测试原点: (8, 0), 形状偏移量: [(1, 0), (2, 0)]
[2026-04-15 02:31:27] [DEBUG] 放置验证通过: shape_coords=[(1, 0), (2, 0)], origin=(8, 0), 所有坐标在网格范围内且无碰撞
[2026-04-15 02:31:27] [DEBUG] 原点 (8, 0) 验证通过
[2026-04-15 02:31:27] [DEBUG] 测试原点: (8, 1), 形状偏移量: [(1, 0), (2, 0)]
[2026-04-15 02:31:27] [DEBUG] 原点 (8, 1) 验证失败
[2026-04-15 02:31:27] [DEBUG] 测试原点: (8, 2), 形状偏移量: [(1, 0), (2, 0)]
[2026-04-15 02:31:27] [DEBUG] 放置验证通过: shape_coords=[(1, 0), (2, 0)], origin=(8, 2), 所有坐标在网格范围内且无碰撞
[2026-04-15 02:31:27] [DEBUG] 原点 (8, 2) 验证通过
[2026-04-15 02:31:27] [DEBUG] 测试原点: (9, 0), 形状偏移量: [(1, 0), (2, 0)]
[2026-04-15 02:31:27] [DEBUG] 放置验证通过: shape_coords=[(1, 0), (2, 0)], origin=(9, 0), 所有坐标在网格范围内且无碰撞
[2026-04-15 02:31:27] [DEBUG] 原点 (9, 0) 验证通过
[2026-04-15 02:31:27] [DEBUG] 测试原点: (9, 1), 形状偏移量: [(1, 0), (2, 0)]
[2026-04-15 02:31:27] [DEBUG] 原点 (9, 1) 验证失败
[2026-04-15 02:31:27] [DEBUG] 测试原点: (9, 2), 形状偏移量: [(1, 0), (2, 0)]
[2026-04-15 02:31:27] [DEBUG] 放置验证通过: shape_coords=[(1, 0), (2, 0)], origin=(9, 2), 所有坐标在网格范围内且无碰撞
[2026-04-15 02:31:27] [DEBUG] 原点 (9, 2) 验证通过
[2026-04-15 02:31:27] [DEBUG] find_random_available_spot: 找到 24 个可用位置: [(0, 0), (0, 1), (0, 2), (1, 0), (1, 1), (1, 2), (2, 0), (2, 1), (2, 2), (3, 0), (3, 2), (4, 0), (4, 2), (5, 0), (5, 2), (6, 0), (6, 1), (6, 2), (7, 0), (7, 2), (8, 0), (8, 2), (9, 0), (9, 2)]
[2026-04-15 02:31:27] [DEBUG] 随机选择原点: (2, 0)
[2026-04-15 02:31:27] [DEBUG] 创建村庄意图行动: village, 效果: 扩张1
[2026-04-15 02:31:27] [DEBUG] 放置验证通过: shape_coords=[(1, 0), (2, 0)], origin=(2, 0), 所有坐标在网格范围内且无碰撞
[2026-04-15 02:31:27] [DEBUG] place_action: 绝对坐标=[(3, 0), (4, 0)], 网格当前占用数=4
[2026-04-15 02:31:27] [DEBUG] place_action: 占据坐标 (3, 0)
[2026-04-15 02:31:27] [DEBUG] place_action: 占据坐标 (4, 0)
[2026-04-15 02:31:27] [INFO] place_action: 行动放置成功！origin=(2, 0), 行动ID=-9223371920370562591
[2026-04-15 02:31:27] [INFO] 👾 敌人 @Node2D@156 成功在随机位置 (2, 0) 部署了意图！
[2026-04-15 02:31:27] [INFO] 生成敌人意图: 敌人=@Node2D@174, 类型=Node2D
[2026-04-15 02:31:27] [INFO] 敌人形状: [(1, 0), (2, 0)]
[2026-04-15 02:31:27] [DEBUG] find_random_available_spot: 寻找形状 [(1, 0), (2, 0)] 的可用位置，网格范围 12 x 3
[2026-04-15 02:31:27] [DEBUG] 形状范围: X[1, 2](宽度=2), Y[0, 0](高度=1)
[2026-04-15 02:31:27] [DEBUG] 可能的原点范围: X[0, 9], Y[0, 2]
[2026-04-15 02:31:27] [DEBUG] 测试原点: (0, 0), 形状偏移量: [(1, 0), (2, 0)]
[2026-04-15 02:31:27] [DEBUG] 放置验证通过: shape_coords=[(1, 0), (2, 0)], origin=(0, 0), 所有坐标在网格范围内且无碰撞
[2026-04-15 02:31:27] [DEBUG] 原点 (0, 0) 验证通过
[2026-04-15 02:31:27] [DEBUG] 测试原点: (0, 1), 形状偏移量: [(1, 0), (2, 0)]
[2026-04-15 02:31:27] [DEBUG] 放置验证通过: shape_coords=[(1, 0), (2, 0)], origin=(0, 1), 所有坐标在网格范围内且无碰撞
[2026-04-15 02:31:27] [DEBUG] 原点 (0, 1) 验证通过
[2026-04-15 02:31:27] [DEBUG] 测试原点: (0, 2), 形状偏移量: [(1, 0), (2, 0)]
[2026-04-15 02:31:27] [DEBUG] 放置验证通过: shape_coords=[(1, 0), (2, 0)], origin=(0, 2), 所有坐标在网格范围内且无碰撞
[2026-04-15 02:31:27] [DEBUG] 原点 (0, 2) 验证通过
[2026-04-15 02:31:27] [DEBUG] 测试原点: (1, 0), 形状偏移量: [(1, 0), (2, 0)]
[2026-04-15 02:31:27] [DEBUG] 原点 (1, 0) 验证失败
[2026-04-15 02:31:27] [DEBUG] 测试原点: (1, 1), 形状偏移量: [(1, 0), (2, 0)]
[2026-04-15 02:31:27] [DEBUG] 放置验证通过: shape_coords=[(1, 0), (2, 0)], origin=(1, 1), 所有坐标在网格范围内且无碰撞
[2026-04-15 02:31:27] [DEBUG] 原点 (1, 1) 验证通过
[2026-04-15 02:31:27] [DEBUG] 测试原点: (1, 2), 形状偏移量: [(1, 0), (2, 0)]
[2026-04-15 02:31:27] [DEBUG] 放置验证通过: shape_coords=[(1, 0), (2, 0)], origin=(1, 2), 所有坐标在网格范围内且无碰撞
[2026-04-15 02:31:27] [DEBUG] 原点 (1, 2) 验证通过
[2026-04-15 02:31:27] [DEBUG] 测试原点: (2, 0), 形状偏移量: [(1, 0), (2, 0)]
[2026-04-15 02:31:27] [DEBUG] 原点 (2, 0) 验证失败
[2026-04-15 02:31:27] [DEBUG] 测试原点: (2, 1), 形状偏移量: [(1, 0), (2, 0)]
[2026-04-15 02:31:27] [DEBUG] 放置验证通过: shape_coords=[(1, 0), (2, 0)], origin=(2, 1), 所有坐标在网格范围内且无碰撞
[2026-04-15 02:31:27] [DEBUG] 原点 (2, 1) 验证通过
[2026-04-15 02:31:27] [DEBUG] 测试原点: (2, 2), 形状偏移量: [(1, 0), (2, 0)]
[2026-04-15 02:31:27] [DEBUG] 放置验证通过: shape_coords=[(1, 0), (2, 0)], origin=(2, 2), 所有坐标在网格范围内且无碰撞
[2026-04-15 02:31:27] [DEBUG] 原点 (2, 2) 验证通过
[2026-04-15 02:31:27] [DEBUG] 测试原点: (3, 0), 形状偏移量: [(1, 0), (2, 0)]
[2026-04-15 02:31:27] [DEBUG] 原点 (3, 0) 验证失败
[2026-04-15 02:31:27] [DEBUG] 测试原点: (3, 1), 形状偏移量: [(1, 0), (2, 0)]
[2026-04-15 02:31:27] [DEBUG] 原点 (3, 1) 验证失败
[2026-04-15 02:31:27] [DEBUG] 测试原点: (3, 2), 形状偏移量: [(1, 0), (2, 0)]
[2026-04-15 02:31:27] [DEBUG] 放置验证通过: shape_coords=[(1, 0), (2, 0)], origin=(3, 2), 所有坐标在网格范围内且无碰撞
[2026-04-15 02:31:27] [DEBUG] 原点 (3, 2) 验证通过
[2026-04-15 02:31:27] [DEBUG] 测试原点: (4, 0), 形状偏移量: [(1, 0), (2, 0)]
[2026-04-15 02:31:27] [DEBUG] 放置验证通过: shape_coords=[(1, 0), (2, 0)], origin=(4, 0), 所有坐标在网格范围内且无碰撞
[2026-04-15 02:31:27] [DEBUG] 原点 (4, 0) 验证通过
[2026-04-15 02:31:27] [DEBUG] 测试原点: (4, 1), 形状偏移量: [(1, 0), (2, 0)]
[2026-04-15 02:31:27] [DEBUG] 原点 (4, 1) 验证失败
[2026-04-15 02:31:27] [DEBUG] 测试原点: (4, 2), 形状偏移量: [(1, 0), (2, 0)]
[2026-04-15 02:31:27] [DEBUG] 放置验证通过: shape_coords=[(1, 0), (2, 0)], origin=(4, 2), 所有坐标在网格范围内且无碰撞
[2026-04-15 02:31:27] [DEBUG] 原点 (4, 2) 验证通过
[2026-04-15 02:31:27] [DEBUG] 测试原点: (5, 0), 形状偏移量: [(1, 0), (2, 0)]
[2026-04-15 02:31:27] [DEBUG] 放置验证通过: shape_coords=[(1, 0), (2, 0)], origin=(5, 0), 所有坐标在网格范围内且无碰撞
[2026-04-15 02:31:27] [DEBUG] 原点 (5, 0) 验证通过
[2026-04-15 02:31:27] [DEBUG] 测试原点: (5, 1), 形状偏移量: [(1, 0), (2, 0)]
[2026-04-15 02:31:27] [DEBUG] 原点 (5, 1) 验证失败
[2026-04-15 02:31:27] [DEBUG] 测试原点: (5, 2), 形状偏移量: [(1, 0), (2, 0)]
[2026-04-15 02:31:27] [DEBUG] 放置验证通过: shape_coords=[(1, 0), (2, 0)], origin=(5, 2), 所有坐标在网格范围内且无碰撞
[2026-04-15 02:31:27] [DEBUG] 原点 (5, 2) 验证通过
[2026-04-15 02:31:27] [DEBUG] 测试原点: (6, 0), 形状偏移量: [(1, 0), (2, 0)]
[2026-04-15 02:31:27] [DEBUG] 放置验证通过: shape_coords=[(1, 0), (2, 0)], origin=(6, 0), 所有坐标在网格范围内且无碰撞
[2026-04-15 02:31:27] [DEBUG] 原点 (6, 0) 验证通过
[2026-04-15 02:31:27] [DEBUG] 测试原点: (6, 1), 形状偏移量: [(1, 0), (2, 0)]
[2026-04-15 02:31:27] [DEBUG] 放置验证通过: shape_coords=[(1, 0), (2, 0)], origin=(6, 1), 所有坐标在网格范围内且无碰撞
[2026-04-15 02:31:27] [DEBUG] 原点 (6, 1) 验证通过
[2026-04-15 02:31:27] [DEBUG] 测试原点: (6, 2), 形状偏移量: [(1, 0), (2, 0)]
[2026-04-15 02:31:27] [DEBUG] 放置验证通过: shape_coords=[(1, 0), (2, 0)], origin=(6, 2), 所有坐标在网格范围内且无碰撞
[2026-04-15 02:31:27] [DEBUG] 原点 (6, 2) 验证通过
[2026-04-15 02:31:27] [DEBUG] 测试原点: (7, 0), 形状偏移量: [(1, 0), (2, 0)]
[2026-04-15 02:31:27] [DEBUG] 放置验证通过: shape_coords=[(1, 0), (2, 0)], origin=(7, 0), 所有坐标在网格范围内且无碰撞
[2026-04-15 02:31:27] [DEBUG] 原点 (7, 0) 验证通过
[2026-04-15 02:31:27] [DEBUG] 测试原点: (7, 1), 形状偏移量: [(1, 0), (2, 0)]
[2026-04-15 02:31:27] [DEBUG] 原点 (7, 1) 验证失败
[2026-04-15 02:31:27] [DEBUG] 测试原点: (7, 2), 形状偏移量: [(1, 0), (2, 0)]
[2026-04-15 02:31:27] [DEBUG] 放置验证通过: shape_coords=[(1, 0), (2, 0)], origin=(7, 2), 所有坐标在网格范围内且无碰撞
[2026-04-15 02:31:27] [DEBUG] 原点 (7, 2) 验证通过
[2026-04-15 02:31:27] [DEBUG] 测试原点: (8, 0), 形状偏移量: [(1, 0), (2, 0)]
[2026-04-15 02:31:27] [DEBUG] 放置验证通过: shape_coords=[(1, 0), (2, 0)], origin=(8, 0), 所有坐标在网格范围内且无碰撞
[2026-04-15 02:31:27] [DEBUG] 原点 (8, 0) 验证通过
[2026-04-15 02:31:27] [DEBUG] 测试原点: (8, 1), 形状偏移量: [(1, 0), (2, 0)]
[2026-04-15 02:31:27] [DEBUG] 原点 (8, 1) 验证失败
[2026-04-15 02:31:27] [DEBUG] 测试原点: (8, 2), 形状偏移量: [(1, 0), (2, 0)]
[2026-04-15 02:31:27] [DEBUG] 放置验证通过: shape_coords=[(1, 0), (2, 0)], origin=(8, 2), 所有坐标在网格范围内且无碰撞
[2026-04-15 02:31:27] [DEBUG] 原点 (8, 2) 验证通过
[2026-04-15 02:31:27] [DEBUG] 测试原点: (9, 0), 形状偏移量: [(1, 0), (2, 0)]
[2026-04-15 02:31:27] [DEBUG] 放置验证通过: shape_coords=[(1, 0), (2, 0)], origin=(9, 0), 所有坐标在网格范围内且无碰撞
[2026-04-15 02:31:27] [DEBUG] 原点 (9, 0) 验证通过
[2026-04-15 02:31:27] [DEBUG] 测试原点: (9, 1), 形状偏移量: [(1, 0), (2, 0)]
[2026-04-15 02:31:27] [DEBUG] 原点 (9, 1) 验证失败
[2026-04-15 02:31:27] [DEBUG] 测试原点: (9, 2), 形状偏移量: [(1, 0), (2, 0)]
[2026-04-15 02:31:27] [DEBUG] 放置验证通过: shape_coords=[(1, 0), (2, 0)], origin=(9, 2), 所有坐标在网格范围内且无碰撞
[2026-04-15 02:31:27] [DEBUG] 原点 (9, 2) 验证通过
[2026-04-15 02:31:27] [DEBUG] find_random_available_spot: 找到 21 个可用位置: [(0, 0), (0, 1), (0, 2), (1, 1), (1, 2), (2, 1), (2, 2), (3, 2), (4, 0), (4, 2), (5, 0), (5, 2), (6, 0), (6, 1), (6, 2), (7, 0), (7, 2), (8, 0), (8, 2), (9, 0), (9, 2)]
[2026-04-15 02:31:27] [DEBUG] 随机选择原点: (5, 2)
[2026-04-15 02:31:27] [DEBUG] 创建村庄意图行动: village, 效果: 扩张1
[2026-04-15 02:31:27] [DEBUG] 放置验证通过: shape_coords=[(1, 0), (2, 0)], origin=(5, 2), 所有坐标在网格范围内且无碰撞
[2026-04-15 02:31:27] [DEBUG] place_action: 绝对坐标=[(6, 2), (7, 2)], 网格当前占用数=6
[2026-04-15 02:31:27] [DEBUG] place_action: 占据坐标 (6, 2)
[2026-04-15 02:31:27] [DEBUG] place_action: 占据坐标 (7, 2)
[2026-04-15 02:31:27] [INFO] place_action: 行动放置成功！origin=(5, 2), 行动ID=-9223371915320620560
[2026-04-15 02:31:27] [INFO] 👾 敌人 @Node2D@174 成功在随机位置 (5, 2) 部署了意图！
[2026-04-15 02:31:27] [INFO] 生成敌人意图: 敌人=@Node2D@74, 类型=Node2D
[2026-04-15 02:31:27] [INFO] 敌人形状: [(1, 0), (2, 0)]
[2026-04-15 02:31:27] [DEBUG] find_random_available_spot: 寻找形状 [(1, 0), (2, 0)] 的可用位置，网格范围 12 x 3
[2026-04-15 02:31:27] [DEBUG] 形状范围: X[1, 2](宽度=2), Y[0, 0](高度=1)
[2026-04-15 02:31:27] [DEBUG] 可能的原点范围: X[0, 9], Y[0, 2]
[2026-04-15 02:31:27] [DEBUG] 测试原点: (0, 0), 形状偏移量: [(1, 0), (2, 0)]
[2026-04-15 02:31:27] [DEBUG] 放置验证通过: shape_coords=[(1, 0), (2, 0)], origin=(0, 0), 所有坐标在网格范围内且无碰撞
[2026-04-15 02:31:27] [DEBUG] 原点 (0, 0) 验证通过
[2026-04-15 02:31:27] [DEBUG] 测试原点: (0, 1), 形状偏移量: [(1, 0), (2, 0)]
[2026-04-15 02:31:27] [DEBUG] 放置验证通过: shape_coords=[(1, 0), (2, 0)], origin=(0, 1), 所有坐标在网格范围内且无碰撞
[2026-04-15 02:31:27] [DEBUG] 原点 (0, 1) 验证通过
[2026-04-15 02:31:27] [DEBUG] 测试原点: (0, 2), 形状偏移量: [(1, 0), (2, 0)]
[2026-04-15 02:31:27] [DEBUG] 放置验证通过: shape_coords=[(1, 0), (2, 0)], origin=(0, 2), 所有坐标在网格范围内且无碰撞
[2026-04-15 02:31:27] [DEBUG] 原点 (0, 2) 验证通过
[2026-04-15 02:31:27] [DEBUG] 测试原点: (1, 0), 形状偏移量: [(1, 0), (2, 0)]
[2026-04-15 02:31:27] [DEBUG] 原点 (1, 0) 验证失败
[2026-04-15 02:31:27] [DEBUG] 测试原点: (1, 1), 形状偏移量: [(1, 0), (2, 0)]
[2026-04-15 02:31:27] [DEBUG] 放置验证通过: shape_coords=[(1, 0), (2, 0)], origin=(1, 1), 所有坐标在网格范围内且无碰撞
[2026-04-15 02:31:27] [DEBUG] 原点 (1, 1) 验证通过
[2026-04-15 02:31:27] [DEBUG] 测试原点: (1, 2), 形状偏移量: [(1, 0), (2, 0)]
[2026-04-15 02:31:27] [DEBUG] 放置验证通过: shape_coords=[(1, 0), (2, 0)], origin=(1, 2), 所有坐标在网格范围内且无碰撞
[2026-04-15 02:31:27] [DEBUG] 原点 (1, 2) 验证通过
[2026-04-15 02:31:27] [DEBUG] 测试原点: (2, 0), 形状偏移量: [(1, 0), (2, 0)]
[2026-04-15 02:31:27] [DEBUG] 原点 (2, 0) 验证失败
[2026-04-15 02:31:27] [DEBUG] 测试原点: (2, 1), 形状偏移量: [(1, 0), (2, 0)]
[2026-04-15 02:31:27] [DEBUG] 放置验证通过: shape_coords=[(1, 0), (2, 0)], origin=(2, 1), 所有坐标在网格范围内且无碰撞
[2026-04-15 02:31:27] [DEBUG] 原点 (2, 1) 验证通过
[2026-04-15 02:31:27] [DEBUG] 测试原点: (2, 2), 形状偏移量: [(1, 0), (2, 0)]
[2026-04-15 02:31:27] [DEBUG] 放置验证通过: shape_coords=[(1, 0), (2, 0)], origin=(2, 2), 所有坐标在网格范围内且无碰撞
[2026-04-15 02:31:27] [DEBUG] 原点 (2, 2) 验证通过
[2026-04-15 02:31:27] [DEBUG] 测试原点: (3, 0), 形状偏移量: [(1, 0), (2, 0)]
[2026-04-15 02:31:27] [DEBUG] 原点 (3, 0) 验证失败
[2026-04-15 02:31:27] [DEBUG] 测试原点: (3, 1), 形状偏移量: [(1, 0), (2, 0)]
[2026-04-15 02:31:27] [DEBUG] 原点 (3, 1) 验证失败
[2026-04-15 02:31:27] [DEBUG] 测试原点: (3, 2), 形状偏移量: [(1, 0), (2, 0)]
[2026-04-15 02:31:27] [DEBUG] 放置验证通过: shape_coords=[(1, 0), (2, 0)], origin=(3, 2), 所有坐标在网格范围内且无碰撞
[2026-04-15 02:31:27] [DEBUG] 原点 (3, 2) 验证通过
[2026-04-15 02:31:27] [DEBUG] 测试原点: (4, 0), 形状偏移量: [(1, 0), (2, 0)]
[2026-04-15 02:31:27] [DEBUG] 放置验证通过: shape_coords=[(1, 0), (2, 0)], origin=(4, 0), 所有坐标在网格范围内且无碰撞
[2026-04-15 02:31:27] [DEBUG] 原点 (4, 0) 验证通过
[2026-04-15 02:31:27] [DEBUG] 测试原点: (4, 1), 形状偏移量: [(1, 0), (2, 0)]
[2026-04-15 02:31:27] [DEBUG] 原点 (4, 1) 验证失败
[2026-04-15 02:31:27] [DEBUG] 测试原点: (4, 2), 形状偏移量: [(1, 0), (2, 0)]
[2026-04-15 02:31:27] [DEBUG] 原点 (4, 2) 验证失败
[2026-04-15 02:31:27] [DEBUG] 测试原点: (5, 0), 形状偏移量: [(1, 0), (2, 0)]
[2026-04-15 02:31:27] [DEBUG] 放置验证通过: shape_coords=[(1, 0), (2, 0)], origin=(5, 0), 所有坐标在网格范围内且无碰撞
[2026-04-15 02:31:27] [DEBUG] 原点 (5, 0) 验证通过
[2026-04-15 02:31:27] [DEBUG] 测试原点: (5, 1), 形状偏移量: [(1, 0), (2, 0)]
[2026-04-15 02:31:27] [DEBUG] 原点 (5, 1) 验证失败
[2026-04-15 02:31:27] [DEBUG] 测试原点: (5, 2), 形状偏移量: [(1, 0), (2, 0)]
[2026-04-15 02:31:27] [DEBUG] 原点 (5, 2) 验证失败
[2026-04-15 02:31:27] [DEBUG] 测试原点: (6, 0), 形状偏移量: [(1, 0), (2, 0)]
[2026-04-15 02:31:27] [DEBUG] 放置验证通过: shape_coords=[(1, 0), (2, 0)], origin=(6, 0), 所有坐标在网格范围内且无碰撞
[2026-04-15 02:31:27] [DEBUG] 原点 (6, 0) 验证通过
[2026-04-15 02:31:27] [DEBUG] 测试原点: (6, 1), 形状偏移量: [(1, 0), (2, 0)]
[2026-04-15 02:31:27] [DEBUG] 放置验证通过: shape_coords=[(1, 0), (2, 0)], origin=(6, 1), 所有坐标在网格范围内且无碰撞
[2026-04-15 02:31:27] [DEBUG] 原点 (6, 1) 验证通过
[2026-04-15 02:31:27] [DEBUG] 测试原点: (6, 2), 形状偏移量: [(1, 0), (2, 0)]
[2026-04-15 02:31:27] [DEBUG] 原点 (6, 2) 验证失败
[2026-04-15 02:31:27] [DEBUG] 测试原点: (7, 0), 形状偏移量: [(1, 0), (2, 0)]
[2026-04-15 02:31:27] [DEBUG] 放置验证通过: shape_coords=[(1, 0), (2, 0)], origin=(7, 0), 所有坐标在网格范围内且无碰撞
[2026-04-15 02:31:27] [DEBUG] 原点 (7, 0) 验证通过
[2026-04-15 02:31:27] [DEBUG] 测试原点: (7, 1), 形状偏移量: [(1, 0), (2, 0)]
[2026-04-15 02:31:27] [DEBUG] 原点 (7, 1) 验证失败
[2026-04-15 02:31:27] [DEBUG] 测试原点: (7, 2), 形状偏移量: [(1, 0), (2, 0)]
[2026-04-15 02:31:27] [DEBUG] 放置验证通过: shape_coords=[(1, 0), (2, 0)], origin=(7, 2), 所有坐标在网格范围内且无碰撞
[2026-04-15 02:31:27] [DEBUG] 原点 (7, 2) 验证通过
[2026-04-15 02:31:27] [DEBUG] 测试原点: (8, 0), 形状偏移量: [(1, 0), (2, 0)]
[2026-04-15 02:31:27] [DEBUG] 放置验证通过: shape_coords=[(1, 0), (2, 0)], origin=(8, 0), 所有坐标在网格范围内且无碰撞
[2026-04-15 02:31:27] [DEBUG] 原点 (8, 0) 验证通过
[2026-04-15 02:31:27] [DEBUG] 测试原点: (8, 1), 形状偏移量: [(1, 0), (2, 0)]
[2026-04-15 02:31:27] [DEBUG] 原点 (8, 1) 验证失败
[2026-04-15 02:31:27] [DEBUG] 测试原点: (8, 2), 形状偏移量: [(1, 0), (2, 0)]
[2026-04-15 02:31:27] [DEBUG] 放置验证通过: shape_coords=[(1, 0), (2, 0)], origin=(8, 2), 所有坐标在网格范围内且无碰撞
[2026-04-15 02:31:27] [DEBUG] 原点 (8, 2) 验证通过
[2026-04-15 02:31:27] [DEBUG] 测试原点: (9, 0), 形状偏移量: [(1, 0), (2, 0)]
[2026-04-15 02:31:27] [DEBUG] 放置验证通过: shape_coords=[(1, 0), (2, 0)], origin=(9, 0), 所有坐标在网格范围内且无碰撞
[2026-04-15 02:31:27] [DEBUG] 原点 (9, 0) 验证通过
[2026-04-15 02:31:27] [DEBUG] 测试原点: (9, 1), 形状偏移量: [(1, 0), (2, 0)]
[2026-04-15 02:31:27] [DEBUG] 原点 (9, 1) 验证失败
[2026-04-15 02:31:27] [DEBUG] 测试原点: (9, 2), 形状偏移量: [(1, 0), (2, 0)]
[2026-04-15 02:31:27] [DEBUG] 放置验证通过: shape_coords=[(1, 0), (2, 0)], origin=(9, 2), 所有坐标在网格范围内且无碰撞
[2026-04-15 02:31:27] [DEBUG] 原点 (9, 2) 验证通过
[2026-04-15 02:31:27] [DEBUG] find_random_available_spot: 找到 18 个可用位置: [(0, 0), (0, 1), (0, 2), (1, 1), (1, 2), (2, 1), (2, 2), (3, 2), (4, 0), (5, 0), (6, 0), (6, 1), (7, 0), (7, 2), (8, 0), (8, 2), (9, 0), (9, 2)]
[2026-04-15 02:31:27] [DEBUG] 随机选择原点: (8, 0)
[2026-04-15 02:31:27] [DEBUG] 创建村庄意图行动: village, 效果: 扩张1
[2026-04-15 02:31:27] [DEBUG] 放置验证通过: shape_coords=[(1, 0), (2, 0)], origin=(8, 0), 所有坐标在网格范围内且无碰撞
[2026-04-15 02:31:27] [DEBUG] place_action: 绝对坐标=[(9, 0), (10, 0)], 网格当前占用数=8
[2026-04-15 02:31:27] [DEBUG] place_action: 占据坐标 (9, 0)
[2026-04-15 02:31:27] [DEBUG] place_action: 占据坐标 (10, 0)
[2026-04-15 02:31:27] [INFO] place_action: 行动放置成功！origin=(8, 0), 行动ID=-9223371910421673473
[2026-04-15 02:31:27] [INFO] 👾 敌人 @Node2D@74 成功在随机位置 (8, 0) 部署了意图！
[2026-04-15 02:31:27] [WARNING] ⚠️ 时间轴已满载，不再生成额外敌方意图！
[2026-04-15 02:31:27] [INFO] ✅ 游戏开始时已生成敌人意图
[2026-04-15 02:31:27] [INFO] === 时间轴网格状态 ===
[2026-04-15 02:31:27] [INFO] 网格占用总数: 10
[2026-04-15 02:31:27] [INFO] (5, 1): TimelineAction(type=ENEMY, origin=(4, 1))
[2026-04-15 02:31:27] [INFO] (6, 1): TimelineAction(type=ENEMY, origin=(4, 1))
[2026-04-15 02:31:27] [INFO] (9, 1): TimelineAction(type=ENEMY, origin=(8, 1))
[2026-04-15 02:31:27] [INFO] (10, 1): TimelineAction(type=ENEMY, origin=(8, 1))
[2026-04-15 02:31:27] [INFO] (3, 0): TimelineAction(type=ENEMY, origin=(2, 0))
[2026-04-15 02:31:27] [INFO] (4, 0): TimelineAction(type=ENEMY, origin=(2, 0))
[2026-04-15 02:31:27] [INFO] (6, 2): TimelineAction(type=ENEMY, origin=(5, 2))
[2026-04-15 02:31:27] [INFO] (7, 2): TimelineAction(type=ENEMY, origin=(5, 2))
[2026-04-15 02:31:27] [INFO] (9, 0): TimelineAction(type=ENEMY, origin=(8, 0))
[2026-04-15 02:31:27] [INFO] (10, 0): TimelineAction(type=ENEMY, origin=(8, 0))
[2026-04-15 02:31:27] [INFO] === 网格状态结束 ===
[2026-04-15 02:31:27] [DEBUG] cursor_tooltip 已增强为PanelContainer样式
[2026-04-15 02:31:27] [DEBUG] 卡牌原始状态已保存: parent=Cards, pos=(0.0, 400.0), scale=(1.0, 1.0)
[2026-04-15 02:31:27] [DEBUG] 卡牌原始状态已保存: parent=Cards, pos=(0.0, 400.0), scale=(1.0, 1.0)
[2026-04-15 02:31:27] [DEBUG] 卡牌原始状态已保存: parent=Cards, pos=(0.0, 400.0), scale=(1.0, 1.0)
[2026-04-15 02:31:27] [INFO] UI 更新完毕 | 抽牌堆: 3 | 弃牌堆: 0
[2026-04-15 02:31:27] [DEBUG] 卡牌shape为字符串格式: 1
[2026-04-15 02:31:27] [DEBUG] 成功解析为矩阵格式: 1 -> 1x1
[2026-04-15 02:31:27] [DEBUG] TimeBlock节点类型: Control, 路径: /root/in_scene/ui/Main/DeckPile/Cards/Card/TimeBlock
[2026-04-15 02:31:27] [DEBUG] TimeBlock是Control类型，尝试动态处理
[2026-04-15 02:31:27] [DEBUG] 已创建TextureRect子节点显示时间占位图片: 1x1
[2026-04-15 02:31:27] [DEBUG] 处理通用Control节点: Control
[2026-04-15 02:31:27] [DEBUG] 显示时间占位图片，位置: (27.5, -40.83334), 大小: (0.0, 0.0)
[2026-04-15 02:31:27] [DEBUG] 卡牌shape为字符串格式: 1,1
[2026-04-15 02:31:27] [DEBUG] 成功解析为矩阵格式: 1,1 -> 1x2
[2026-04-15 02:31:27] [DEBUG] TimeBlock节点类型: Control, 路径: /root/in_scene/ui/Main/DeckPile/Cards/@Control@324/TimeBlock
[2026-04-15 02:31:27] [DEBUG] TimeBlock是Control类型，尝试动态处理
[2026-04-15 02:31:27] [DEBUG] 已创建TextureRect子节点显示时间占位图片: 1x2
[2026-04-15 02:31:27] [DEBUG] 处理通用Control节点: Control
[2026-04-15 02:31:27] [DEBUG] 显示时间占位图片，位置: (27.5, -40.83334), 大小: (0.0, 0.0)
[2026-04-15 02:31:27] [DEBUG] 卡牌shape为字符串格式: 11,11
[2026-04-15 02:31:27] [DEBUG] 成功解析为矩阵格式: 11,11 -> 2x2
[2026-04-15 02:31:27] [DEBUG] TimeBlock节点类型: Control, 路径: /root/in_scene/ui/Main/DeckPile/Cards/@Control@325/TimeBlock
[2026-04-15 02:31:27] [DEBUG] TimeBlock是Control类型，尝试动态处理
[2026-04-15 02:31:27] [DEBUG] 已创建TextureRect子节点显示时间占位图片: 2x2
[2026-04-15 02:31:27] [DEBUG] 处理通用Control节点: Control
[2026-04-15 02:31:27] [DEBUG] 显示时间占位图片，位置: (27.5, -40.83334), 大小: (0.0, 0.0)
[2026-04-15 02:31:30] [DEBUG] 开始视图切换动画，锁定状态
[2026-04-15 02:31:30] [INFO] 切换到压缩高度视图（物理坐标扁平化）
[2026-04-15 02:31:30] [DEBUG] 压缩模式高度指示器，真实视觉中心锚点: (0.0, -100.0)，原始高度: 8
[2026-04-15 02:31:30] [DEBUG] 已存储光柱引用到height_view_pillar元数据
[2026-04-15 02:31:30] [DEBUG] 压缩模式高度指示器，真实视觉中心锚点: (0.0, -100.0)，原始高度: 1
[2026-04-15 02:31:30] [DEBUG] 已存储光柱引用到height_view_pillar元数据
[2026-04-15 02:31:30] [DEBUG] 压缩模式高度指示器，真实视觉中心锚点: (0.0, -100.0)，原始高度: 3
[2026-04-15 02:31:30] [DEBUG] 已存储光柱引用到height_view_pillar元数据
[2026-04-15 02:31:30] [DEBUG] 压缩模式高度指示器，真实视觉中心锚点: (0.0, -100.0)，原始高度: 4
[2026-04-15 02:31:30] [DEBUG] 已存储光柱引用到height_view_pillar元数据
[2026-04-15 02:31:30] [DEBUG] 压缩模式高度指示器，真实视觉中心锚点: (0.0, -100.0)，原始高度: 3
[2026-04-15 02:31:30] [DEBUG] 已存储光柱引用到height_view_pillar元数据
[2026-04-15 02:31:30] [DEBUG] 压缩模式高度指示器，真实视觉中心锚点: (0.0, -100.0)，原始高度: 4
[2026-04-15 02:31:30] [DEBUG] 已存储光柱引用到height_view_pillar元数据
[2026-04-15 02:31:30] [DEBUG] 压缩模式高度指示器，真实视觉中心锚点: (0.0, -100.0)，原始高度: 2
[2026-04-15 02:31:30] [DEBUG] 已存储光柱引用到height_view_pillar元数据
[2026-04-15 02:31:30] [DEBUG] 压缩模式高度指示器，真实视觉中心锚点: (0.0, -100.0)，原始高度: 3
[2026-04-15 02:31:30] [DEBUG] 已存储光柱引用到height_view_pillar元数据
[2026-04-15 02:31:30] [DEBUG] 压缩模式高度指示器，真实视觉中心锚点: (0.0, -100.0)，原始高度: 4
[2026-04-15 02:31:30] [DEBUG] 已存储光柱引用到height_view_pillar元数据
[2026-04-15 02:31:30] [DEBUG] 压缩模式高度指示器，真实视觉中心锚点: (0.0, -100.0)，原始高度: 1
[2026-04-15 02:31:30] [DEBUG] 已存储光柱引用到height_view_pillar元数据
[2026-04-15 02:31:30] [DEBUG] 压缩模式高度指示器，真实视觉中心锚点: (0.0, -100.0)，原始高度: 3
[2026-04-15 02:31:30] [DEBUG] 已存储光柱引用到height_view_pillar元数据
[2026-04-15 02:31:30] [DEBUG] 压缩模式高度指示器，真实视觉中心锚点: (0.0, -100.0)，原始高度: 4
[2026-04-15 02:31:30] [DEBUG] 已存储光柱引用到height_view_pillar元数据
[2026-04-15 02:31:30] [DEBUG] 压缩模式高度指示器，真实视觉中心锚点: (0.0, -100.0)，原始高度: 4
[2026-04-15 02:31:30] [DEBUG] 已存储光柱引用到height_view_pillar元数据
[2026-04-15 02:31:30] [DEBUG] 压缩模式高度指示器，真实视觉中心锚点: (0.0, -100.0)，原始高度: 3
[2026-04-15 02:31:30] [DEBUG] 已存储光柱引用到height_view_pillar元数据
[2026-04-15 02:31:30] [DEBUG] 压缩模式高度指示器，真实视觉中心锚点: (0.0, -100.0)，原始高度: 4
[2026-04-15 02:31:30] [DEBUG] 已存储光柱引用到height_view_pillar元数据
[2026-04-15 02:31:30] [DEBUG] 压缩模式高度指示器，真实视觉中心锚点: (0.0, -100.0)，原始高度: 3
[2026-04-15 02:31:30] [DEBUG] 已存储光柱引用到height_view_pillar元数据
[2026-04-15 02:31:30] [DEBUG] 压缩模式高度指示器，真实视觉中心锚点: (0.0, -100.0)，原始高度: 3
[2026-04-15 02:31:30] [DEBUG] 已存储光柱引用到height_view_pillar元数据
[2026-04-15 02:31:30] [DEBUG] 压缩模式高度指示器，真实视觉中心锚点: (0.0, -100.0)，原始高度: 3
[2026-04-15 02:31:30] [DEBUG] 已存储光柱引用到height_view_pillar元数据
[2026-04-15 02:31:30] [DEBUG] 压缩模式高度指示器，真实视觉中心锚点: (0.0, -100.0)，原始高度: 3
[2026-04-15 02:31:30] [DEBUG] 已存储光柱引用到height_view_pillar元数据
[2026-04-15 02:31:30] [DEBUG] 压缩模式高度指示器，真实视觉中心锚点: (0.0, -100.0)，原始高度: 3
[2026-04-15 02:31:30] [DEBUG] 已存储光柱引用到height_view_pillar元数据
[2026-04-15 02:31:30] [DEBUG] 压缩模式高度指示器，真实视觉中心锚点: (0.0, -100.0)，原始高度: 2
[2026-04-15 02:31:30] [DEBUG] 已存储光柱引用到height_view_pillar元数据
[2026-04-15 02:31:30] [DEBUG] 压缩模式高度指示器，真实视觉中心锚点: (0.0, -100.0)，原始高度: 1
[2026-04-15 02:31:30] [DEBUG] 已存储光柱引用到height_view_pillar元数据
[2026-04-15 02:31:30] [DEBUG] 压缩模式高度指示器，真实视觉中心锚点: (0.0, -100.0)，原始高度: 3
[2026-04-15 02:31:30] [DEBUG] 已存储光柱引用到height_view_pillar元数据
[2026-04-15 02:31:30] [DEBUG] 压缩模式高度指示器，真实视觉中心锚点: (0.0, -100.0)，原始高度: 2
[2026-04-15 02:31:30] [DEBUG] 已存储光柱引用到height_view_pillar元数据
[2026-04-15 02:31:30] [DEBUG] 压缩模式高度指示器，真实视觉中心锚点: (0.0, -100.0)，原始高度: 4
[2026-04-15 02:31:30] [DEBUG] 已存储光柱引用到height_view_pillar元数据
[2026-04-15 02:31:30] [DEBUG] 压缩模式高度指示器，真实视觉中心锚点: (0.0, -100.0)，原始高度: 3
[2026-04-15 02:31:30] [DEBUG] 已存储光柱引用到height_view_pillar元数据
[2026-04-15 02:31:30] [DEBUG] 压缩模式高度指示器，真实视觉中心锚点: (0.0, -100.0)，原始高度: 1
[2026-04-15 02:31:30] [DEBUG] 已存储光柱引用到height_view_pillar元数据
[2026-04-15 02:31:30] [DEBUG] 压缩模式高度指示器，真实视觉中心锚点: (0.0, -100.0)，原始高度: 1
[2026-04-15 02:31:30] [DEBUG] 已存储光柱引用到height_view_pillar元数据
[2026-04-15 02:31:30] [DEBUG] 压缩模式高度指示器，真实视觉中心锚点: (0.0, -100.0)，原始高度: 6
[2026-04-15 02:31:30] [DEBUG] 已存储光柱引用到height_view_pillar元数据
[2026-04-15 02:31:30] [DEBUG] 压缩模式高度指示器，真实视觉中心锚点: (0.0, -100.0)，原始高度: 2
[2026-04-15 02:31:30] [DEBUG] 已存储光柱引用到height_view_pillar元数据
[2026-04-15 02:31:30] [DEBUG] 压缩模式高度指示器，真实视觉中心锚点: (0.0, -100.0)，原始高度: 2
[2026-04-15 02:31:30] [DEBUG] 已存储光柱引用到height_view_pillar元数据
[2026-04-15 02:31:30] [DEBUG] 压缩模式高度指示器，真实视觉中心锚点: (0.0, -100.0)，原始高度: 4
[2026-04-15 02:31:30] [DEBUG] 已存储光柱引用到height_view_pillar元数据
[2026-04-15 02:31:30] [DEBUG] 压缩模式高度指示器，真实视觉中心锚点: (0.0, -100.0)，原始高度: 1
[2026-04-15 02:31:30] [DEBUG] 已存储光柱引用到height_view_pillar元数据
[2026-04-15 02:31:30] [DEBUG] 压缩模式高度指示器，真实视觉中心锚点: (0.0, -100.0)，原始高度: 3
[2026-04-15 02:31:30] [DEBUG] 已存储光柱引用到height_view_pillar元数据
[2026-04-15 02:31:30] [DEBUG] 压缩模式高度指示器，真实视觉中心锚点: (0.0, -100.0)，原始高度: 2
[2026-04-15 02:31:30] [DEBUG] 已存储光柱引用到height_view_pillar元数据
[2026-04-15 02:31:30] [DEBUG] 压缩模式高度指示器，真实视觉中心锚点: (0.0, -100.0)，原始高度: 2
[2026-04-15 02:31:30] [DEBUG] 已存储光柱引用到height_view_pillar元数据
[2026-04-15 02:31:30] [DEBUG] 压缩模式高度指示器，真实视觉中心锚点: (0.0, -100.0)，原始高度: 1
[2026-04-15 02:31:30] [DEBUG] 已存储光柱引用到height_view_pillar元数据
[2026-04-15 02:31:30] [DEBUG] 压缩模式高度指示器，真实视觉中心锚点: (0.0, -100.0)，原始高度: 3
[2026-04-15 02:31:30] [DEBUG] 已存储光柱引用到height_view_pillar元数据
[2026-04-15 02:31:30] [DEBUG] 压缩模式高度指示器，真实视觉中心锚点: (0.0, -100.0)，原始高度: 4
[2026-04-15 02:31:30] [DEBUG] 已存储光柱引用到height_view_pillar元数据
[2026-04-15 02:31:30] [DEBUG] 压缩模式高度指示器，真实视觉中心锚点: (0.0, -100.0)，原始高度: 1
[2026-04-15 02:31:30] [DEBUG] 已存储光柱引用到height_view_pillar元数据
[2026-04-15 02:31:30] [DEBUG] 压缩模式高度指示器，真实视觉中心锚点: (0.0, -100.0)，原始高度: 4
[2026-04-15 02:31:30] [DEBUG] 已存储光柱引用到height_view_pillar元数据
[2026-04-15 02:31:30] [DEBUG] 压缩模式高度指示器，真实视觉中心锚点: (0.0, -100.0)，原始高度: 2
[2026-04-15 02:31:30] [DEBUG] 已存储光柱引用到height_view_pillar元数据
[2026-04-15 02:31:30] [DEBUG] 压缩模式高度指示器，真实视觉中心锚点: (0.0, -100.0)，原始高度: 3
[2026-04-15 02:31:30] [DEBUG] 已存储光柱引用到height_view_pillar元数据
[2026-04-15 02:31:30] [DEBUG] 压缩模式高度指示器，真实视觉中心锚点: (0.0, -100.0)，原始高度: 3
[2026-04-15 02:31:30] [DEBUG] 已存储光柱引用到height_view_pillar元数据
[2026-04-15 02:31:30] [DEBUG] 压缩模式高度指示器，真实视觉中心锚点: (0.0, -100.0)，原始高度: 4
[2026-04-15 02:31:30] [DEBUG] 已存储光柱引用到height_view_pillar元数据
[2026-04-15 02:31:30] [DEBUG] 压缩模式高度指示器，真实视觉中心锚点: (0.0, -100.0)，原始高度: 3
[2026-04-15 02:31:30] [DEBUG] 已存储光柱引用到height_view_pillar元数据
[2026-04-15 02:31:30] [DEBUG] 压缩模式高度指示器，真实视觉中心锚点: (0.0, -100.0)，原始高度: 3
[2026-04-15 02:31:30] [DEBUG] 已存储光柱引用到height_view_pillar元数据
[2026-04-15 02:31:30] [DEBUG] 压缩模式高度指示器，真实视觉中心锚点: (0.0, -100.0)，原始高度: 1
[2026-04-15 02:31:30] [DEBUG] 已存储光柱引用到height_view_pillar元数据
[2026-04-15 02:31:30] [DEBUG] 压缩模式高度指示器，真实视觉中心锚点: (0.0, -100.0)，原始高度: 3
[2026-04-15 02:31:30] [DEBUG] 已存储光柱引用到height_view_pillar元数据
[2026-04-15 02:31:30] [DEBUG] 视图切换动画完成，解锁状态
[2026-04-15 02:31:31] [DEBUG] 开始视图切换动画，锁定状态
[2026-04-15 02:31:31] [INFO] 恢复原始高度视图（恢复物理坐标）
[2026-04-15 02:31:31] [INFO] 恢复完成，总计: 49个地块, 174个精灵, 14个敌人/地貌
[2026-04-15 02:31:32] [DEBUG] 视图切换动画完成，解锁状态
================================================================================
会话开始: [2026-04-15 23:39:57]
================================================================================
[2026-04-15 23:39:57] [DEBUG] 地图数据填充完成，形状: fan，坐标数量: 48
[2026-04-15 23:39:57] [INFO] 扇形地图生成完成，坐标数量: 48
[2026-04-15 23:39:57] [DEBUG] 设置地形时间占位形状: 011 -> [(1, 0), (2, 0)]
[2026-04-15 23:39:57] [DEBUG] 地形受伤: amount=17, current_hp=83, damage_rate=0.17
[2026-04-15 23:39:57] [DEBUG] 设置地形时间占位形状: 011 -> [(1, 0), (2, 0)]
[2026-04-15 23:39:57] [DEBUG] 地形受伤: amount=24, current_hp=76, damage_rate=0.24
[2026-04-15 23:39:57] [DEBUG] 设置地形时间占位形状: 011 -> [(1, 0), (2, 0)]
[2026-04-15 23:39:57] [DEBUG] 地形受伤: amount=14, current_hp=86, damage_rate=0.14
[2026-04-15 23:39:57] [DEBUG] 设置地形时间占位形状: 011 -> [(1, 0), (2, 0)]
[2026-04-15 23:39:57] [DEBUG] 地形受伤: amount=15, current_hp=85, damage_rate=0.15
[2026-04-15 23:39:57] [DEBUG] 设置地形时间占位形状: 011 -> [(1, 0), (2, 0)]
[2026-04-15 23:39:57] [DEBUG] 地形受伤: amount=10, current_hp=90, damage_rate=0.10
[2026-04-15 23:39:57] [DEBUG] 设置地形时间占位形状: 011 -> [(1, 0), (2, 0)]
[2026-04-15 23:39:57] [DEBUG] 地形受伤: amount=4, current_hp=96, damage_rate=0.04
[2026-04-15 23:39:57] [DEBUG] 设置地形时间占位形状: 011 -> [(1, 0), (2, 0)]
[2026-04-15 23:39:57] [DEBUG] 地形受伤: amount=17, current_hp=83, damage_rate=0.17
[2026-04-15 23:39:57] [DEBUG] 设置地形时间占位形状: 011 -> [(1, 0), (2, 0)]
[2026-04-15 23:39:57] [DEBUG] 地形受伤: amount=20, current_hp=80, damage_rate=0.20
[2026-04-15 23:39:57] [DEBUG] 设置地形时间占位形状: 011 -> [(1, 0), (2, 0)]
[2026-04-15 23:39:57] [DEBUG] 地形受伤: amount=6, current_hp=94, damage_rate=0.06
[2026-04-15 23:39:57] [DEBUG] 设置地形时间占位形状: 011 -> [(1, 0), (2, 0)]
[2026-04-15 23:39:57] [DEBUG] 地形受伤: amount=23, current_hp=77, damage_rate=0.23
[2026-04-15 23:39:57] [DEBUG] 设置地形时间占位形状: 011 -> [(1, 0), (2, 0)]
[2026-04-15 23:39:57] [DEBUG] 地形受伤: amount=21, current_hp=79, damage_rate=0.21
[2026-04-15 23:39:57] [DEBUG] 设置地形时间占位形状: 011 -> [(1, 0), (2, 0)]
[2026-04-15 23:39:57] [DEBUG] 地形受伤: amount=6, current_hp=94, damage_rate=0.06
[2026-04-15 23:39:57] [DEBUG] 设置地形时间占位形状: 011 -> [(1, 0), (2, 0)]
[2026-04-15 23:39:57] [DEBUG] 地形受伤: amount=0, current_hp=100, damage_rate=0.00
[2026-04-15 23:39:57] [DEBUG] 设置地形时间占位形状: 011 -> [(1, 0), (2, 0)]
[2026-04-15 23:39:57] [DEBUG] 地形受伤: amount=15, current_hp=85, damage_rate=0.15
[2026-04-15 23:39:57] [DEBUG] 设置地形时间占位形状: 011 -> [(1, 0), (2, 0)]
[2026-04-15 23:39:57] [DEBUG] 地形受伤: amount=20, current_hp=80, damage_rate=0.20
[2026-04-15 23:39:57] [DEBUG] 设置地形时间占位形状: 011 -> [(1, 0), (2, 0)]
[2026-04-15 23:39:57] [DEBUG] 地形受伤: amount=0, current_hp=100, damage_rate=0.00
[2026-04-15 23:39:57] [DEBUG] 设置地形时间占位形状: 011 -> [(1, 0), (2, 0)]
[2026-04-15 23:39:57] [DEBUG] 设置地形时间占位形状: 011 -> [(1, 0), (2, 0)]
[2026-04-15 23:39:57] [DEBUG] 地形受伤: amount=2, current_hp=98, damage_rate=0.02
[2026-04-15 23:39:57] [DEBUG] 地貌放置完成，总数: 17，最大限制: 17
[2026-04-15 23:39:57] [DEBUG] 地形受伤: amount=7, current_hp=89, damage_rate=0.11
[2026-04-15 23:39:57] [DEBUG] 生成地貌: @Node2D@42 at (-4, 5)
[2026-04-15 23:39:57] [DEBUG] 地形受伤: amount=24, current_hp=59, damage_rate=0.41
[2026-04-15 23:39:57] [DEBUG] 生成地貌: @Node2D@47 at (-4, 6)
[2026-04-15 23:39:57] [DEBUG] 地形受伤: amount=29, current_hp=51, damage_rate=0.49
[2026-04-15 23:39:57] [DEBUG] 生成地貌: @Node2D@63 at (-3, 5)
[2026-04-15 23:39:57] [DEBUG] 地形受伤: amount=22, current_hp=72, damage_rate=0.28
[2026-04-15 23:39:57] [DEBUG] 生成地貌: @Node2D@85 at (-2, 4)
[2026-04-15 23:39:57] [DEBUG] 地形受伤: amount=30, current_hp=70, damage_rate=0.30
[2026-04-15 23:39:57] [DEBUG] 生成地貌: @Node2D@91 at (-2, 5)
[2026-04-15 23:39:57] [DEBUG] 地形受伤: amount=21, current_hp=62, damage_rate=0.38
[2026-04-15 23:39:57] [DEBUG] 生成地貌: @Node2D@106 at (-1, 2)
[2026-04-15 23:39:57] [DEBUG] 地形受伤: amount=4, current_hp=81, damage_rate=0.19
[2026-04-15 23:39:57] [DEBUG] 生成地貌: @Node2D@111 at (-1, 3)
[2026-04-15 23:39:57] [DEBUG] 地形受伤: amount=22, current_hp=76, damage_rate=0.24
[2026-04-15 23:39:57] [DEBUG] 生成地貌: @Node2D@129 at (0, 1)
[2026-04-15 23:39:57] [DEBUG] 地形受伤: amount=17, current_hp=69, damage_rate=0.31
[2026-04-15 23:39:57] [DEBUG] 生成地貌: @Node2D@156 at (0, 6)
[2026-04-15 23:39:57] [DEBUG] 地形受伤: amount=19, current_hp=57, damage_rate=0.43
[2026-04-15 23:39:57] [DEBUG] 生成地貌: @Node2D@175 at (1, 2)
[2026-04-15 23:39:57] [DEBUG] 地形受伤: amount=10, current_hp=70, damage_rate=0.30
[2026-04-15 23:39:57] [DEBUG] 生成地貌: @Node2D@180 at (1, 3)
[2026-04-15 23:39:57] [DEBUG] 地形受伤: amount=13, current_hp=77, damage_rate=0.23
[2026-04-15 23:39:57] [DEBUG] 生成地貌: @Node2D@191 at (1, 5)
[2026-04-15 23:39:57] [DEBUG] 地形受伤: amount=13, current_hp=64, damage_rate=0.36
[2026-04-15 23:39:57] [DEBUG] 生成地貌: @Node2D@198 at (2, 0)
[2026-04-15 23:39:57] [DEBUG] 地形受伤: amount=4, current_hp=96, damage_rate=0.04
[2026-04-15 23:39:57] [DEBUG] 生成地貌: @Node2D@208 at (2, 2)
[2026-04-15 23:39:57] [DEBUG] 地形受伤: amount=13, current_hp=72, damage_rate=0.28
[2026-04-15 23:39:57] [DEBUG] 生成地貌: @Node2D@218 at (2, 4)
[2026-04-15 23:39:57] [DEBUG] 地形受伤: amount=11, current_hp=68, damage_rate=0.32
[2026-04-15 23:39:57] [DEBUG] 生成地貌: @Node2D@227 at (3, 1)
[2026-04-15 23:39:57] [DEBUG] 地形受伤: amount=30, current_hp=64, damage_rate=0.36
[2026-04-15 23:39:57] [DEBUG] 生成地貌: @Node2D@247 at (4, 1)
[2026-04-15 23:39:57] [DEBUG] 成功绑定高度视图切换按钮
[2026-04-15 23:39:57] [DEBUG] 应用响应式动态锚点布局
[2026-04-15 23:39:57] [DEBUG] 布局应用完成: 真实尺寸(502.0x124.0), 缩放中心=(251.0, 0.0)
[2026-04-15 23:39:57] [DEBUG] 开始创建遮罩节点
[2026-04-15 23:39:57] [DEBUG] 时间轴遮罩已创建（使用全屏锚点），颜色: (0.2666, 0.2666, 0.2666, 0.6)，层级: 1，可见: false
[2026-04-15 23:39:57] [DEBUG] 遮罩创建完成，background_mask: BackgroundMask:<ColorRect#94405396781>
[2026-04-15 23:39:57] [DEBUG] 找到TimelineManager: TimelineManager
[2026-04-15 23:39:57] [DEBUG] 设置时间轴点击缩放权限: allow=false filter=2
[2026-04-15 23:39:57] [DEBUG] DragShapeController已添加到组，准备接收拖拽事件
[2026-04-15 23:39:57] [DEBUG] 敌人意图管理器已就绪
[2026-04-15 23:39:57] [INFO] 成功连接到 TimelineManager
[2026-04-15 23:39:57] [DEBUG] 时间轴可视化器已就绪
[2026-04-15 23:39:57] [INFO] 已连接到 DragShapeController
[2026-04-15 23:39:57] [INFO] TimelineUI已找到: TimelineUI
[2026-04-15 23:39:57] [INFO] 胜利调试按钮已连接
[2026-04-15 23:39:57] [INFO] 已连接胜利触发信号
[2026-04-15 23:39:57] [DEBUG] 🩸 成功将血条组件收编进地块渲染序列: EnemyHealth
[2026-04-15 23:39:57] [DEBUG] 🩸 成功将血条组件收编进地块渲染序列: EnemyHealth
[2026-04-15 23:39:57] [DEBUG] 🩸 成功将血条组件收编进地块渲染序列: EnemyHealth
[2026-04-15 23:39:57] [DEBUG] 🩸 成功将血条组件收编进地块渲染序列: EnemyHealth
[2026-04-15 23:39:57] [DEBUG] 🩸 成功将血条组件收编进地块渲染序列: EnemyHealth
[2026-04-15 23:39:57] [DEBUG] 🩸 成功将血条组件收编进地块渲染序列: EnemyHealth
[2026-04-15 23:39:57] [DEBUG] 🩸 成功将血条组件收编进地块渲染序列: EnemyHealth
[2026-04-15 23:39:57] [DEBUG] 🩸 成功将血条组件收编进地块渲染序列: EnemyHealth
[2026-04-15 23:39:57] [DEBUG] 🩸 成功将血条组件收编进地块渲染序列: EnemyHealth
[2026-04-15 23:39:57] [DEBUG] 🩸 成功将血条组件收编进地块渲染序列: EnemyHealth
[2026-04-15 23:39:57] [DEBUG] 🩸 成功将血条组件收编进地块渲染序列: EnemyHealth
[2026-04-15 23:39:57] [DEBUG] 🩸 成功将血条组件收编进地块渲染序列: EnemyHealth
[2026-04-15 23:39:57] [DEBUG] 🩸 成功将血条组件收编进地块渲染序列: EnemyHealth
[2026-04-15 23:39:57] [DEBUG] 🩸 成功将血条组件收编进地块渲染序列: EnemyHealth
[2026-04-15 23:39:57] [DEBUG] 🩸 成功将血条组件收编进地块渲染序列: EnemyHealth
[2026-04-15 23:39:57] [DEBUG] 🩸 成功将血条组件收编进地块渲染序列: EnemyHealth
[2026-04-15 23:39:57] [DEBUG] 🩸 成功将血条组件收编进地块渲染序列: EnemyHealth
[2026-04-15 23:39:57] [WARNING] 未找到弃牌区
[2026-04-15 23:39:57] [INFO] 清除时间轴网格，当前占用数: 0
[2026-04-15 23:39:57] [DEBUG] 游戏初始化：找到 17 个敌人，生成初始意图
[2026-04-15 23:39:57] [INFO] 生成敌人意图: 敌人=@Node2D@129, 类型=Node2D
[2026-04-15 23:39:57] [INFO] 敌人形状: [(1, 0), (2, 0)]
[2026-04-15 23:39:57] [DEBUG] find_random_available_spot: 寻找形状 [(1, 0), (2, 0)] 的可用位置，网格范围 12 x 3
[2026-04-15 23:39:57] [DEBUG] 形状范围: X[1, 2](宽度=2), Y[0, 0](高度=1)
[2026-04-15 23:39:57] [DEBUG] 可能的原点范围: X[0, 9], Y[0, 2]
[2026-04-15 23:39:57] [DEBUG] 测试原点: (0, 0), 形状偏移量: [(1, 0), (2, 0)]
[2026-04-15 23:39:57] [DEBUG] 放置验证通过: shape_coords=[(1, 0), (2, 0)], origin=(0, 0), 所有坐标在网格范围内且无碰撞
[2026-04-15 23:39:57] [DEBUG] 原点 (0, 0) 验证通过
[2026-04-15 23:39:57] [DEBUG] 测试原点: (0, 1), 形状偏移量: [(1, 0), (2, 0)]
[2026-04-15 23:39:57] [DEBUG] 放置验证通过: shape_coords=[(1, 0), (2, 0)], origin=(0, 1), 所有坐标在网格范围内且无碰撞
[2026-04-15 23:39:57] [DEBUG] 原点 (0, 1) 验证通过
[2026-04-15 23:39:57] [DEBUG] 测试原点: (0, 2), 形状偏移量: [(1, 0), (2, 0)]
[2026-04-15 23:39:57] [DEBUG] 放置验证通过: shape_coords=[(1, 0), (2, 0)], origin=(0, 2), 所有坐标在网格范围内且无碰撞
[2026-04-15 23:39:57] [DEBUG] 原点 (0, 2) 验证通过
[2026-04-15 23:39:57] [DEBUG] 测试原点: (1, 0), 形状偏移量: [(1, 0), (2, 0)]
[2026-04-15 23:39:57] [DEBUG] 放置验证通过: shape_coords=[(1, 0), (2, 0)], origin=(1, 0), 所有坐标在网格范围内且无碰撞
[2026-04-15 23:39:57] [DEBUG] 原点 (1, 0) 验证通过
[2026-04-15 23:39:57] [DEBUG] 测试原点: (1, 1), 形状偏移量: [(1, 0), (2, 0)]
[2026-04-15 23:39:57] [DEBUG] 放置验证通过: shape_coords=[(1, 0), (2, 0)], origin=(1, 1), 所有坐标在网格范围内且无碰撞
[2026-04-15 23:39:57] [DEBUG] 原点 (1, 1) 验证通过
[2026-04-15 23:39:57] [DEBUG] 测试原点: (1, 2), 形状偏移量: [(1, 0), (2, 0)]
[2026-04-15 23:39:57] [DEBUG] 放置验证通过: shape_coords=[(1, 0), (2, 0)], origin=(1, 2), 所有坐标在网格范围内且无碰撞
[2026-04-15 23:39:57] [DEBUG] 原点 (1, 2) 验证通过
[2026-04-15 23:39:57] [DEBUG] 测试原点: (2, 0), 形状偏移量: [(1, 0), (2, 0)]
[2026-04-15 23:39:57] [DEBUG] 放置验证通过: shape_coords=[(1, 0), (2, 0)], origin=(2, 0), 所有坐标在网格范围内且无碰撞
[2026-04-15 23:39:57] [DEBUG] 原点 (2, 0) 验证通过
[2026-04-15 23:39:57] [DEBUG] 测试原点: (2, 1), 形状偏移量: [(1, 0), (2, 0)]
[2026-04-15 23:39:57] [DEBUG] 放置验证通过: shape_coords=[(1, 0), (2, 0)], origin=(2, 1), 所有坐标在网格范围内且无碰撞
[2026-04-15 23:39:57] [DEBUG] 原点 (2, 1) 验证通过
[2026-04-15 23:39:57] [DEBUG] 测试原点: (2, 2), 形状偏移量: [(1, 0), (2, 0)]
[2026-04-15 23:39:57] [DEBUG] 放置验证通过: shape_coords=[(1, 0), (2, 0)], origin=(2, 2), 所有坐标在网格范围内且无碰撞
[2026-04-15 23:39:57] [DEBUG] 原点 (2, 2) 验证通过
[2026-04-15 23:39:57] [DEBUG] 测试原点: (3, 0), 形状偏移量: [(1, 0), (2, 0)]
[2026-04-15 23:39:57] [DEBUG] 放置验证通过: shape_coords=[(1, 0), (2, 0)], origin=(3, 0), 所有坐标在网格范围内且无碰撞
[2026-04-15 23:39:57] [DEBUG] 原点 (3, 0) 验证通过
[2026-04-15 23:39:57] [DEBUG] 测试原点: (3, 1), 形状偏移量: [(1, 0), (2, 0)]
[2026-04-15 23:39:57] [DEBUG] 放置验证通过: shape_coords=[(1, 0), (2, 0)], origin=(3, 1), 所有坐标在网格范围内且无碰撞
[2026-04-15 23:39:57] [DEBUG] 原点 (3, 1) 验证通过
[2026-04-15 23:39:57] [DEBUG] 测试原点: (3, 2), 形状偏移量: [(1, 0), (2, 0)]
[2026-04-15 23:39:57] [DEBUG] 放置验证通过: shape_coords=[(1, 0), (2, 0)], origin=(3, 2), 所有坐标在网格范围内且无碰撞
[2026-04-15 23:39:57] [DEBUG] 原点 (3, 2) 验证通过
[2026-04-15 23:39:57] [DEBUG] 测试原点: (4, 0), 形状偏移量: [(1, 0), (2, 0)]
[2026-04-15 23:39:57] [DEBUG] 放置验证通过: shape_coords=[(1, 0), (2, 0)], origin=(4, 0), 所有坐标在网格范围内且无碰撞
[2026-04-15 23:39:57] [DEBUG] 原点 (4, 0) 验证通过
[2026-04-15 23:39:57] [DEBUG] 测试原点: (4, 1), 形状偏移量: [(1, 0), (2, 0)]
[2026-04-15 23:39:57] [DEBUG] 放置验证通过: shape_coords=[(1, 0), (2, 0)], origin=(4, 1), 所有坐标在网格范围内且无碰撞
[2026-04-15 23:39:57] [DEBUG] 原点 (4, 1) 验证通过
[2026-04-15 23:39:57] [DEBUG] 测试原点: (4, 2), 形状偏移量: [(1, 0), (2, 0)]
[2026-04-15 23:39:57] [DEBUG] 放置验证通过: shape_coords=[(1, 0), (2, 0)], origin=(4, 2), 所有坐标在网格范围内且无碰撞
[2026-04-15 23:39:57] [DEBUG] 原点 (4, 2) 验证通过
[2026-04-15 23:39:57] [DEBUG] 测试原点: (5, 0), 形状偏移量: [(1, 0), (2, 0)]
[2026-04-15 23:39:57] [DEBUG] 放置验证通过: shape_coords=[(1, 0), (2, 0)], origin=(5, 0), 所有坐标在网格范围内且无碰撞
[2026-04-15 23:39:57] [DEBUG] 原点 (5, 0) 验证通过
[2026-04-15 23:39:57] [DEBUG] 测试原点: (5, 1), 形状偏移量: [(1, 0), (2, 0)]
[2026-04-15 23:39:57] [DEBUG] 放置验证通过: shape_coords=[(1, 0), (2, 0)], origin=(5, 1), 所有坐标在网格范围内且无碰撞
[2026-04-15 23:39:57] [DEBUG] 原点 (5, 1) 验证通过
[2026-04-15 23:39:57] [DEBUG] 测试原点: (5, 2), 形状偏移量: [(1, 0), (2, 0)]
[2026-04-15 23:39:57] [DEBUG] 放置验证通过: shape_coords=[(1, 0), (2, 0)], origin=(5, 2), 所有坐标在网格范围内且无碰撞
[2026-04-15 23:39:57] [DEBUG] 原点 (5, 2) 验证通过
[2026-04-15 23:39:57] [DEBUG] 测试原点: (6, 0), 形状偏移量: [(1, 0), (2, 0)]
[2026-04-15 23:39:57] [DEBUG] 放置验证通过: shape_coords=[(1, 0), (2, 0)], origin=(6, 0), 所有坐标在网格范围内且无碰撞
[2026-04-15 23:39:57] [DEBUG] 原点 (6, 0) 验证通过
[2026-04-15 23:39:57] [DEBUG] 测试原点: (6, 1), 形状偏移量: [(1, 0), (2, 0)]
[2026-04-15 23:39:57] [DEBUG] 放置验证通过: shape_coords=[(1, 0), (2, 0)], origin=(6, 1), 所有坐标在网格范围内且无碰撞
[2026-04-15 23:39:57] [DEBUG] 原点 (6, 1) 验证通过
[2026-04-15 23:39:57] [DEBUG] 测试原点: (6, 2), 形状偏移量: [(1, 0), (2, 0)]
[2026-04-15 23:39:57] [DEBUG] 放置验证通过: shape_coords=[(1, 0), (2, 0)], origin=(6, 2), 所有坐标在网格范围内且无碰撞
[2026-04-15 23:39:57] [DEBUG] 原点 (6, 2) 验证通过
[2026-04-15 23:39:57] [DEBUG] 测试原点: (7, 0), 形状偏移量: [(1, 0), (2, 0)]
[2026-04-15 23:39:57] [DEBUG] 放置验证通过: shape_coords=[(1, 0), (2, 0)], origin=(7, 0), 所有坐标在网格范围内且无碰撞
[2026-04-15 23:39:57] [DEBUG] 原点 (7, 0) 验证通过
[2026-04-15 23:39:57] [DEBUG] 测试原点: (7, 1), 形状偏移量: [(1, 0), (2, 0)]
[2026-04-15 23:39:57] [DEBUG] 放置验证通过: shape_coords=[(1, 0), (2, 0)], origin=(7, 1), 所有坐标在网格范围内且无碰撞
[2026-04-15 23:39:57] [DEBUG] 原点 (7, 1) 验证通过
[2026-04-15 23:39:57] [DEBUG] 测试原点: (7, 2), 形状偏移量: [(1, 0), (2, 0)]
[2026-04-15 23:39:57] [DEBUG] 放置验证通过: shape_coords=[(1, 0), (2, 0)], origin=(7, 2), 所有坐标在网格范围内且无碰撞
[2026-04-15 23:39:57] [DEBUG] 原点 (7, 2) 验证通过
[2026-04-15 23:39:57] [DEBUG] 测试原点: (8, 0), 形状偏移量: [(1, 0), (2, 0)]
[2026-04-15 23:39:57] [DEBUG] 放置验证通过: shape_coords=[(1, 0), (2, 0)], origin=(8, 0), 所有坐标在网格范围内且无碰撞
[2026-04-15 23:39:57] [DEBUG] 原点 (8, 0) 验证通过
[2026-04-15 23:39:57] [DEBUG] 测试原点: (8, 1), 形状偏移量: [(1, 0), (2, 0)]
[2026-04-15 23:39:57] [DEBUG] 放置验证通过: shape_coords=[(1, 0), (2, 0)], origin=(8, 1), 所有坐标在网格范围内且无碰撞
[2026-04-15 23:39:57] [DEBUG] 原点 (8, 1) 验证通过
[2026-04-15 23:39:57] [DEBUG] 测试原点: (8, 2), 形状偏移量: [(1, 0), (2, 0)]
[2026-04-15 23:39:57] [DEBUG] 放置验证通过: shape_coords=[(1, 0), (2, 0)], origin=(8, 2), 所有坐标在网格范围内且无碰撞
[2026-04-15 23:39:57] [DEBUG] 原点 (8, 2) 验证通过
[2026-04-15 23:39:57] [DEBUG] 测试原点: (9, 0), 形状偏移量: [(1, 0), (2, 0)]
[2026-04-15 23:39:57] [DEBUG] 放置验证通过: shape_coords=[(1, 0), (2, 0)], origin=(9, 0), 所有坐标在网格范围内且无碰撞
[2026-04-15 23:39:57] [DEBUG] 原点 (9, 0) 验证通过
[2026-04-15 23:39:57] [DEBUG] 测试原点: (9, 1), 形状偏移量: [(1, 0), (2, 0)]
[2026-04-15 23:39:57] [DEBUG] 放置验证通过: shape_coords=[(1, 0), (2, 0)], origin=(9, 1), 所有坐标在网格范围内且无碰撞
[2026-04-15 23:39:57] [DEBUG] 原点 (9, 1) 验证通过
[2026-04-15 23:39:57] [DEBUG] 测试原点: (9, 2), 形状偏移量: [(1, 0), (2, 0)]
[2026-04-15 23:39:57] [DEBUG] 放置验证通过: shape_coords=[(1, 0), (2, 0)], origin=(9, 2), 所有坐标在网格范围内且无碰撞
[2026-04-15 23:39:57] [DEBUG] 原点 (9, 2) 验证通过
[2026-04-15 23:39:57] [DEBUG] find_random_available_spot: 找到 30 个可用位置: [(0, 0), (0, 1), (0, 2), (1, 0), (1, 1), (1, 2), (2, 0), (2, 1), (2, 2), (3, 0), (3, 1), (3, 2), (4, 0), (4, 1), (4, 2), (5, 0), (5, 1), (5, 2), (6, 0), (6, 1), (6, 2), (7, 0), (7, 1), (7, 2), (8, 0), (8, 1), (8, 2), (9, 0), (9, 1), (9, 2)]
[2026-04-15 23:39:57] [DEBUG] 随机选择原点: (4, 1)
[2026-04-15 23:39:57] [DEBUG] 创建村庄意图行动: village, 效果: 扩张1
[2026-04-15 23:39:57] [DEBUG] 放置验证通过: shape_coords=[(1, 0), (2, 0)], origin=(4, 1), 所有坐标在网格范围内且无碰撞
[2026-04-15 23:39:57] [DEBUG] place_action: 绝对坐标=[(5, 1), (6, 1)], 网格当前占用数=0
[2026-04-15 23:39:57] [DEBUG] place_action: 占据坐标 (5, 1)
[2026-04-15 23:39:57] [DEBUG] place_action: 占据坐标 (6, 1)
[2026-04-15 23:39:57] [INFO] place_action: 行动放置成功！origin=(4, 1), 行动ID=-9223371930805990945
[2026-04-15 23:39:57] [INFO] 👾 敌人 @Node2D@129 成功在随机位置 (4, 1) 部署了意图！
[2026-04-15 23:39:57] [INFO] 生成敌人意图: 敌人=@Node2D@47, 类型=Node2D
[2026-04-15 23:39:57] [INFO] 敌人形状: [(1, 0), (2, 0)]
[2026-04-15 23:39:57] [DEBUG] find_random_available_spot: 寻找形状 [(1, 0), (2, 0)] 的可用位置，网格范围 12 x 3
[2026-04-15 23:39:57] [DEBUG] 形状范围: X[1, 2](宽度=2), Y[0, 0](高度=1)
[2026-04-15 23:39:57] [DEBUG] 可能的原点范围: X[0, 9], Y[0, 2]
[2026-04-15 23:39:57] [DEBUG] 测试原点: (0, 0), 形状偏移量: [(1, 0), (2, 0)]
[2026-04-15 23:39:57] [DEBUG] 放置验证通过: shape_coords=[(1, 0), (2, 0)], origin=(0, 0), 所有坐标在网格范围内且无碰撞
[2026-04-15 23:39:57] [DEBUG] 原点 (0, 0) 验证通过
[2026-04-15 23:39:57] [DEBUG] 测试原点: (0, 1), 形状偏移量: [(1, 0), (2, 0)]
[2026-04-15 23:39:57] [DEBUG] 放置验证通过: shape_coords=[(1, 0), (2, 0)], origin=(0, 1), 所有坐标在网格范围内且无碰撞
[2026-04-15 23:39:57] [DEBUG] 原点 (0, 1) 验证通过
[2026-04-15 23:39:57] [DEBUG] 测试原点: (0, 2), 形状偏移量: [(1, 0), (2, 0)]
[2026-04-15 23:39:57] [DEBUG] 放置验证通过: shape_coords=[(1, 0), (2, 0)], origin=(0, 2), 所有坐标在网格范围内且无碰撞
[2026-04-15 23:39:57] [DEBUG] 原点 (0, 2) 验证通过
[2026-04-15 23:39:57] [DEBUG] 测试原点: (1, 0), 形状偏移量: [(1, 0), (2, 0)]
[2026-04-15 23:39:57] [DEBUG] 放置验证通过: shape_coords=[(1, 0), (2, 0)], origin=(1, 0), 所有坐标在网格范围内且无碰撞
[2026-04-15 23:39:57] [DEBUG] 原点 (1, 0) 验证通过
[2026-04-15 23:39:57] [DEBUG] 测试原点: (1, 1), 形状偏移量: [(1, 0), (2, 0)]
[2026-04-15 23:39:57] [DEBUG] 放置验证通过: shape_coords=[(1, 0), (2, 0)], origin=(1, 1), 所有坐标在网格范围内且无碰撞
[2026-04-15 23:39:57] [DEBUG] 原点 (1, 1) 验证通过
[2026-04-15 23:39:57] [DEBUG] 测试原点: (1, 2), 形状偏移量: [(1, 0), (2, 0)]
[2026-04-15 23:39:57] [DEBUG] 放置验证通过: shape_coords=[(1, 0), (2, 0)], origin=(1, 2), 所有坐标在网格范围内且无碰撞
[2026-04-15 23:39:57] [DEBUG] 原点 (1, 2) 验证通过
[2026-04-15 23:39:57] [DEBUG] 测试原点: (2, 0), 形状偏移量: [(1, 0), (2, 0)]
[2026-04-15 23:39:57] [DEBUG] 放置验证通过: shape_coords=[(1, 0), (2, 0)], origin=(2, 0), 所有坐标在网格范围内且无碰撞
[2026-04-15 23:39:57] [DEBUG] 原点 (2, 0) 验证通过
[2026-04-15 23:39:57] [DEBUG] 测试原点: (2, 1), 形状偏移量: [(1, 0), (2, 0)]
[2026-04-15 23:39:57] [DEBUG] 放置验证通过: shape_coords=[(1, 0), (2, 0)], origin=(2, 1), 所有坐标在网格范围内且无碰撞
[2026-04-15 23:39:57] [DEBUG] 原点 (2, 1) 验证通过
[2026-04-15 23:39:57] [DEBUG] 测试原点: (2, 2), 形状偏移量: [(1, 0), (2, 0)]
[2026-04-15 23:39:57] [DEBUG] 放置验证通过: shape_coords=[(1, 0), (2, 0)], origin=(2, 2), 所有坐标在网格范围内且无碰撞
[2026-04-15 23:39:57] [DEBUG] 原点 (2, 2) 验证通过
[2026-04-15 23:39:57] [DEBUG] 测试原点: (3, 0), 形状偏移量: [(1, 0), (2, 0)]
[2026-04-15 23:39:57] [DEBUG] 放置验证通过: shape_coords=[(1, 0), (2, 0)], origin=(3, 0), 所有坐标在网格范围内且无碰撞
[2026-04-15 23:39:57] [DEBUG] 原点 (3, 0) 验证通过
[2026-04-15 23:39:57] [DEBUG] 测试原点: (3, 1), 形状偏移量: [(1, 0), (2, 0)]
[2026-04-15 23:39:57] [DEBUG] 原点 (3, 1) 验证失败
[2026-04-15 23:39:57] [DEBUG] 测试原点: (3, 2), 形状偏移量: [(1, 0), (2, 0)]
[2026-04-15 23:39:57] [DEBUG] 放置验证通过: shape_coords=[(1, 0), (2, 0)], origin=(3, 2), 所有坐标在网格范围内且无碰撞
[2026-04-15 23:39:57] [DEBUG] 原点 (3, 2) 验证通过
[2026-04-15 23:39:57] [DEBUG] 测试原点: (4, 0), 形状偏移量: [(1, 0), (2, 0)]
[2026-04-15 23:39:57] [DEBUG] 放置验证通过: shape_coords=[(1, 0), (2, 0)], origin=(4, 0), 所有坐标在网格范围内且无碰撞
[2026-04-15 23:39:57] [DEBUG] 原点 (4, 0) 验证通过
[2026-04-15 23:39:57] [DEBUG] 测试原点: (4, 1), 形状偏移量: [(1, 0), (2, 0)]
[2026-04-15 23:39:57] [DEBUG] 原点 (4, 1) 验证失败
[2026-04-15 23:39:57] [DEBUG] 测试原点: (4, 2), 形状偏移量: [(1, 0), (2, 0)]
[2026-04-15 23:39:57] [DEBUG] 放置验证通过: shape_coords=[(1, 0), (2, 0)], origin=(4, 2), 所有坐标在网格范围内且无碰撞
[2026-04-15 23:39:57] [DEBUG] 原点 (4, 2) 验证通过
[2026-04-15 23:39:57] [DEBUG] 测试原点: (5, 0), 形状偏移量: [(1, 0), (2, 0)]
[2026-04-15 23:39:57] [DEBUG] 放置验证通过: shape_coords=[(1, 0), (2, 0)], origin=(5, 0), 所有坐标在网格范围内且无碰撞
[2026-04-15 23:39:57] [DEBUG] 原点 (5, 0) 验证通过
[2026-04-15 23:39:57] [DEBUG] 测试原点: (5, 1), 形状偏移量: [(1, 0), (2, 0)]
[2026-04-15 23:39:57] [DEBUG] 原点 (5, 1) 验证失败
[2026-04-15 23:39:57] [DEBUG] 测试原点: (5, 2), 形状偏移量: [(1, 0), (2, 0)]
[2026-04-15 23:39:57] [DEBUG] 放置验证通过: shape_coords=[(1, 0), (2, 0)], origin=(5, 2), 所有坐标在网格范围内且无碰撞
[2026-04-15 23:39:57] [DEBUG] 原点 (5, 2) 验证通过
[2026-04-15 23:39:57] [DEBUG] 测试原点: (6, 0), 形状偏移量: [(1, 0), (2, 0)]
[2026-04-15 23:39:57] [DEBUG] 放置验证通过: shape_coords=[(1, 0), (2, 0)], origin=(6, 0), 所有坐标在网格范围内且无碰撞
[2026-04-15 23:39:57] [DEBUG] 原点 (6, 0) 验证通过
[2026-04-15 23:39:57] [DEBUG] 测试原点: (6, 1), 形状偏移量: [(1, 0), (2, 0)]
[2026-04-15 23:39:57] [DEBUG] 放置验证通过: shape_coords=[(1, 0), (2, 0)], origin=(6, 1), 所有坐标在网格范围内且无碰撞
[2026-04-15 23:39:57] [DEBUG] 原点 (6, 1) 验证通过
[2026-04-15 23:39:57] [DEBUG] 测试原点: (6, 2), 形状偏移量: [(1, 0), (2, 0)]
[2026-04-15 23:39:57] [DEBUG] 放置验证通过: shape_coords=[(1, 0), (2, 0)], origin=(6, 2), 所有坐标在网格范围内且无碰撞
[2026-04-15 23:39:57] [DEBUG] 原点 (6, 2) 验证通过
[2026-04-15 23:39:57] [DEBUG] 测试原点: (7, 0), 形状偏移量: [(1, 0), (2, 0)]
[2026-04-15 23:39:57] [DEBUG] 放置验证通过: shape_coords=[(1, 0), (2, 0)], origin=(7, 0), 所有坐标在网格范围内且无碰撞
[2026-04-15 23:39:57] [DEBUG] 原点 (7, 0) 验证通过
[2026-04-15 23:39:57] [DEBUG] 测试原点: (7, 1), 形状偏移量: [(1, 0), (2, 0)]
[2026-04-15 23:39:57] [DEBUG] 放置验证通过: shape_coords=[(1, 0), (2, 0)], origin=(7, 1), 所有坐标在网格范围内且无碰撞
[2026-04-15 23:39:57] [DEBUG] 原点 (7, 1) 验证通过
[2026-04-15 23:39:57] [DEBUG] 测试原点: (7, 2), 形状偏移量: [(1, 0), (2, 0)]
[2026-04-15 23:39:57] [DEBUG] 放置验证通过: shape_coords=[(1, 0), (2, 0)], origin=(7, 2), 所有坐标在网格范围内且无碰撞
[2026-04-15 23:39:57] [DEBUG] 原点 (7, 2) 验证通过
[2026-04-15 23:39:57] [DEBUG] 测试原点: (8, 0), 形状偏移量: [(1, 0), (2, 0)]
[2026-04-15 23:39:57] [DEBUG] 放置验证通过: shape_coords=[(1, 0), (2, 0)], origin=(8, 0), 所有坐标在网格范围内且无碰撞
[2026-04-15 23:39:57] [DEBUG] 原点 (8, 0) 验证通过
[2026-04-15 23:39:57] [DEBUG] 测试原点: (8, 1), 形状偏移量: [(1, 0), (2, 0)]
[2026-04-15 23:39:57] [DEBUG] 放置验证通过: shape_coords=[(1, 0), (2, 0)], origin=(8, 1), 所有坐标在网格范围内且无碰撞
[2026-04-15 23:39:57] [DEBUG] 原点 (8, 1) 验证通过
[2026-04-15 23:39:57] [DEBUG] 测试原点: (8, 2), 形状偏移量: [(1, 0), (2, 0)]
[2026-04-15 23:39:57] [DEBUG] 放置验证通过: shape_coords=[(1, 0), (2, 0)], origin=(8, 2), 所有坐标在网格范围内且无碰撞
[2026-04-15 23:39:57] [DEBUG] 原点 (8, 2) 验证通过
[2026-04-15 23:39:57] [DEBUG] 测试原点: (9, 0), 形状偏移量: [(1, 0), (2, 0)]
[2026-04-15 23:39:57] [DEBUG] 放置验证通过: shape_coords=[(1, 0), (2, 0)], origin=(9, 0), 所有坐标在网格范围内且无碰撞
[2026-04-15 23:39:57] [DEBUG] 原点 (9, 0) 验证通过
[2026-04-15 23:39:57] [DEBUG] 测试原点: (9, 1), 形状偏移量: [(1, 0), (2, 0)]
[2026-04-15 23:39:57] [DEBUG] 放置验证通过: shape_coords=[(1, 0), (2, 0)], origin=(9, 1), 所有坐标在网格范围内且无碰撞
[2026-04-15 23:39:57] [DEBUG] 原点 (9, 1) 验证通过
[2026-04-15 23:39:57] [DEBUG] 测试原点: (9, 2), 形状偏移量: [(1, 0), (2, 0)]
[2026-04-15 23:39:57] [DEBUG] 放置验证通过: shape_coords=[(1, 0), (2, 0)], origin=(9, 2), 所有坐标在网格范围内且无碰撞
[2026-04-15 23:39:57] [DEBUG] 原点 (9, 2) 验证通过
[2026-04-15 23:39:57] [DEBUG] find_random_available_spot: 找到 27 个可用位置: [(0, 0), (0, 1), (0, 2), (1, 0), (1, 1), (1, 2), (2, 0), (2, 1), (2, 2), (3, 0), (3, 2), (4, 0), (4, 2), (5, 0), (5, 2), (6, 0), (6, 1), (6, 2), (7, 0), (7, 1), (7, 2), (8, 0), (8, 1), (8, 2), (9, 0), (9, 1), (9, 2)]
[2026-04-15 23:39:57] [DEBUG] 随机选择原点: (0, 2)
[2026-04-15 23:39:57] [DEBUG] 创建村庄意图行动: village, 效果: 扩张1
[2026-04-15 23:39:57] [DEBUG] 放置验证通过: shape_coords=[(1, 0), (2, 0)], origin=(0, 2), 所有坐标在网格范围内且无碰撞
[2026-04-15 23:39:57] [DEBUG] place_action: 绝对坐标=[(1, 2), (2, 2)], 网格当前占用数=2
[2026-04-15 23:39:57] [DEBUG] place_action: 占据坐标 (1, 2)
[2026-04-15 23:39:57] [DEBUG] place_action: 占据坐标 (2, 2)
[2026-04-15 23:39:57] [INFO] place_action: 行动放置成功！origin=(0, 2), 行动ID=-9223371925454059038
[2026-04-15 23:39:57] [INFO] 👾 敌人 @Node2D@47 成功在随机位置 (0, 2) 部署了意图！
[2026-04-15 23:39:57] [INFO] 生成敌人意图: 敌人=@Node2D@227, 类型=Node2D
[2026-04-15 23:39:57] [INFO] 敌人形状: [(1, 0), (2, 0)]
[2026-04-15 23:39:57] [DEBUG] find_random_available_spot: 寻找形状 [(1, 0), (2, 0)] 的可用位置，网格范围 12 x 3
[2026-04-15 23:39:57] [DEBUG] 形状范围: X[1, 2](宽度=2), Y[0, 0](高度=1)
[2026-04-15 23:39:57] [DEBUG] 可能的原点范围: X[0, 9], Y[0, 2]
[2026-04-15 23:39:57] [DEBUG] 测试原点: (0, 0), 形状偏移量: [(1, 0), (2, 0)]
[2026-04-15 23:39:57] [DEBUG] 放置验证通过: shape_coords=[(1, 0), (2, 0)], origin=(0, 0), 所有坐标在网格范围内且无碰撞
[2026-04-15 23:39:57] [DEBUG] 原点 (0, 0) 验证通过
[2026-04-15 23:39:57] [DEBUG] 测试原点: (0, 1), 形状偏移量: [(1, 0), (2, 0)]
[2026-04-15 23:39:57] [DEBUG] 放置验证通过: shape_coords=[(1, 0), (2, 0)], origin=(0, 1), 所有坐标在网格范围内且无碰撞
[2026-04-15 23:39:57] [DEBUG] 原点 (0, 1) 验证通过
[2026-04-15 23:39:57] [DEBUG] 测试原点: (0, 2), 形状偏移量: [(1, 0), (2, 0)]
[2026-04-15 23:39:57] [DEBUG] 原点 (0, 2) 验证失败
[2026-04-15 23:39:57] [DEBUG] 测试原点: (1, 0), 形状偏移量: [(1, 0), (2, 0)]
[2026-04-15 23:39:57] [DEBUG] 放置验证通过: shape_coords=[(1, 0), (2, 0)], origin=(1, 0), 所有坐标在网格范围内且无碰撞
[2026-04-15 23:39:57] [DEBUG] 原点 (1, 0) 验证通过
[2026-04-15 23:39:57] [DEBUG] 测试原点: (1, 1), 形状偏移量: [(1, 0), (2, 0)]
[2026-04-15 23:39:57] [DEBUG] 放置验证通过: shape_coords=[(1, 0), (2, 0)], origin=(1, 1), 所有坐标在网格范围内且无碰撞
[2026-04-15 23:39:57] [DEBUG] 原点 (1, 1) 验证通过
[2026-04-15 23:39:57] [DEBUG] 测试原点: (1, 2), 形状偏移量: [(1, 0), (2, 0)]
[2026-04-15 23:39:57] [DEBUG] 原点 (1, 2) 验证失败
[2026-04-15 23:39:57] [DEBUG] 测试原点: (2, 0), 形状偏移量: [(1, 0), (2, 0)]
[2026-04-15 23:39:57] [DEBUG] 放置验证通过: shape_coords=[(1, 0), (2, 0)], origin=(2, 0), 所有坐标在网格范围内且无碰撞
[2026-04-15 23:39:57] [DEBUG] 原点 (2, 0) 验证通过
[2026-04-15 23:39:57] [DEBUG] 测试原点: (2, 1), 形状偏移量: [(1, 0), (2, 0)]
[2026-04-15 23:39:57] [DEBUG] 放置验证通过: shape_coords=[(1, 0), (2, 0)], origin=(2, 1), 所有坐标在网格范围内且无碰撞
[2026-04-15 23:39:57] [DEBUG] 原点 (2, 1) 验证通过
[2026-04-15 23:39:57] [DEBUG] 测试原点: (2, 2), 形状偏移量: [(1, 0), (2, 0)]
[2026-04-15 23:39:57] [DEBUG] 放置验证通过: shape_coords=[(1, 0), (2, 0)], origin=(2, 2), 所有坐标在网格范围内且无碰撞
[2026-04-15 23:39:57] [DEBUG] 原点 (2, 2) 验证通过
[2026-04-15 23:39:57] [DEBUG] 测试原点: (3, 0), 形状偏移量: [(1, 0), (2, 0)]
[2026-04-15 23:39:57] [DEBUG] 放置验证通过: shape_coords=[(1, 0), (2, 0)], origin=(3, 0), 所有坐标在网格范围内且无碰撞
[2026-04-15 23:39:57] [DEBUG] 原点 (3, 0) 验证通过
[2026-04-15 23:39:57] [DEBUG] 测试原点: (3, 1), 形状偏移量: [(1, 0), (2, 0)]
[2026-04-15 23:39:57] [DEBUG] 原点 (3, 1) 验证失败
[2026-04-15 23:39:57] [DEBUG] 测试原点: (3, 2), 形状偏移量: [(1, 0), (2, 0)]
[2026-04-15 23:39:57] [DEBUG] 放置验证通过: shape_coords=[(1, 0), (2, 0)], origin=(3, 2), 所有坐标在网格范围内且无碰撞
[2026-04-15 23:39:57] [DEBUG] 原点 (3, 2) 验证通过
[2026-04-15 23:39:57] [DEBUG] 测试原点: (4, 0), 形状偏移量: [(1, 0), (2, 0)]
[2026-04-15 23:39:57] [DEBUG] 放置验证通过: shape_coords=[(1, 0), (2, 0)], origin=(4, 0), 所有坐标在网格范围内且无碰撞
[2026-04-15 23:39:57] [DEBUG] 原点 (4, 0) 验证通过
[2026-04-15 23:39:57] [DEBUG] 测试原点: (4, 1), 形状偏移量: [(1, 0), (2, 0)]
[2026-04-15 23:39:57] [DEBUG] 原点 (4, 1) 验证失败
[2026-04-15 23:39:57] [DEBUG] 测试原点: (4, 2), 形状偏移量: [(1, 0), (2, 0)]
[2026-04-15 23:39:57] [DEBUG] 放置验证通过: shape_coords=[(1, 0), (2, 0)], origin=(4, 2), 所有坐标在网格范围内且无碰撞
[2026-04-15 23:39:57] [DEBUG] 原点 (4, 2) 验证通过
[2026-04-15 23:39:57] [DEBUG] 测试原点: (5, 0), 形状偏移量: [(1, 0), (2, 0)]
[2026-04-15 23:39:57] [DEBUG] 放置验证通过: shape_coords=[(1, 0), (2, 0)], origin=(5, 0), 所有坐标在网格范围内且无碰撞
[2026-04-15 23:39:57] [DEBUG] 原点 (5, 0) 验证通过
[2026-04-15 23:39:57] [DEBUG] 测试原点: (5, 1), 形状偏移量: [(1, 0), (2, 0)]
[2026-04-15 23:39:57] [DEBUG] 原点 (5, 1) 验证失败
[2026-04-15 23:39:57] [DEBUG] 测试原点: (5, 2), 形状偏移量: [(1, 0), (2, 0)]
[2026-04-15 23:39:57] [DEBUG] 放置验证通过: shape_coords=[(1, 0), (2, 0)], origin=(5, 2), 所有坐标在网格范围内且无碰撞
[2026-04-15 23:39:57] [DEBUG] 原点 (5, 2) 验证通过
[2026-04-15 23:39:57] [DEBUG] 测试原点: (6, 0), 形状偏移量: [(1, 0), (2, 0)]
[2026-04-15 23:39:57] [DEBUG] 放置验证通过: shape_coords=[(1, 0), (2, 0)], origin=(6, 0), 所有坐标在网格范围内且无碰撞
[2026-04-15 23:39:57] [DEBUG] 原点 (6, 0) 验证通过
[2026-04-15 23:39:57] [DEBUG] 测试原点: (6, 1), 形状偏移量: [(1, 0), (2, 0)]
[2026-04-15 23:39:57] [DEBUG] 放置验证通过: shape_coords=[(1, 0), (2, 0)], origin=(6, 1), 所有坐标在网格范围内且无碰撞
[2026-04-15 23:39:57] [DEBUG] 原点 (6, 1) 验证通过
[2026-04-15 23:39:57] [DEBUG] 测试原点: (6, 2), 形状偏移量: [(1, 0), (2, 0)]
[2026-04-15 23:39:57] [DEBUG] 放置验证通过: shape_coords=[(1, 0), (2, 0)], origin=(6, 2), 所有坐标在网格范围内且无碰撞
[2026-04-15 23:39:57] [DEBUG] 原点 (6, 2) 验证通过
[2026-04-15 23:39:57] [DEBUG] 测试原点: (7, 0), 形状偏移量: [(1, 0), (2, 0)]
[2026-04-15 23:39:57] [DEBUG] 放置验证通过: shape_coords=[(1, 0), (2, 0)], origin=(7, 0), 所有坐标在网格范围内且无碰撞
[2026-04-15 23:39:57] [DEBUG] 原点 (7, 0) 验证通过
[2026-04-15 23:39:57] [DEBUG] 测试原点: (7, 1), 形状偏移量: [(1, 0), (2, 0)]
[2026-04-15 23:39:57] [DEBUG] 放置验证通过: shape_coords=[(1, 0), (2, 0)], origin=(7, 1), 所有坐标在网格范围内且无碰撞
[2026-04-15 23:39:57] [DEBUG] 原点 (7, 1) 验证通过
[2026-04-15 23:39:57] [DEBUG] 测试原点: (7, 2), 形状偏移量: [(1, 0), (2, 0)]
[2026-04-15 23:39:57] [DEBUG] 放置验证通过: shape_coords=[(1, 0), (2, 0)], origin=(7, 2), 所有坐标在网格范围内且无碰撞
[2026-04-15 23:39:57] [DEBUG] 原点 (7, 2) 验证通过
[2026-04-15 23:39:57] [DEBUG] 测试原点: (8, 0), 形状偏移量: [(1, 0), (2, 0)]
[2026-04-15 23:39:57] [DEBUG] 放置验证通过: shape_coords=[(1, 0), (2, 0)], origin=(8, 0), 所有坐标在网格范围内且无碰撞
[2026-04-15 23:39:57] [DEBUG] 原点 (8, 0) 验证通过
[2026-04-15 23:39:57] [DEBUG] 测试原点: (8, 1), 形状偏移量: [(1, 0), (2, 0)]
[2026-04-15 23:39:57] [DEBUG] 放置验证通过: shape_coords=[(1, 0), (2, 0)], origin=(8, 1), 所有坐标在网格范围内且无碰撞
[2026-04-15 23:39:57] [DEBUG] 原点 (8, 1) 验证通过
[2026-04-15 23:39:57] [DEBUG] 测试原点: (8, 2), 形状偏移量: [(1, 0), (2, 0)]
[2026-04-15 23:39:57] [DEBUG] 放置验证通过: shape_coords=[(1, 0), (2, 0)], origin=(8, 2), 所有坐标在网格范围内且无碰撞
[2026-04-15 23:39:57] [DEBUG] 原点 (8, 2) 验证通过
[2026-04-15 23:39:57] [DEBUG] 测试原点: (9, 0), 形状偏移量: [(1, 0), (2, 0)]
[2026-04-15 23:39:57] [DEBUG] 放置验证通过: shape_coords=[(1, 0), (2, 0)], origin=(9, 0), 所有坐标在网格范围内且无碰撞
[2026-04-15 23:39:57] [DEBUG] 原点 (9, 0) 验证通过
[2026-04-15 23:39:57] [DEBUG] 测试原点: (9, 1), 形状偏移量: [(1, 0), (2, 0)]
[2026-04-15 23:39:57] [DEBUG] 放置验证通过: shape_coords=[(1, 0), (2, 0)], origin=(9, 1), 所有坐标在网格范围内且无碰撞
[2026-04-15 23:39:57] [DEBUG] 原点 (9, 1) 验证通过
[2026-04-15 23:39:57] [DEBUG] 测试原点: (9, 2), 形状偏移量: [(1, 0), (2, 0)]
[2026-04-15 23:39:57] [DEBUG] 放置验证通过: shape_coords=[(1, 0), (2, 0)], origin=(9, 2), 所有坐标在网格范围内且无碰撞
[2026-04-15 23:39:57] [DEBUG] 原点 (9, 2) 验证通过
[2026-04-15 23:39:57] [DEBUG] find_random_available_spot: 找到 25 个可用位置: [(0, 0), (0, 1), (1, 0), (1, 1), (2, 0), (2, 1), (2, 2), (3, 0), (3, 2), (4, 0), (4, 2), (5, 0), (5, 2), (6, 0), (6, 1), (6, 2), (7, 0), (7, 1), (7, 2), (8, 0), (8, 1), (8, 2), (9, 0), (9, 1), (9, 2)]
[2026-04-15 23:39:57] [DEBUG] 随机选择原点: (3, 2)
[2026-04-15 23:39:57] [DEBUG] 创建村庄意图行动: village, 效果: 扩张1
[2026-04-15 23:39:57] [DEBUG] 放置验证通过: shape_coords=[(1, 0), (2, 0)], origin=(3, 2), 所有坐标在网格范围内且无碰撞
[2026-04-15 23:39:57] [DEBUG] place_action: 绝对坐标=[(4, 2), (5, 2)], 网格当前占用数=4
[2026-04-15 23:39:57] [DEBUG] place_action: 占据坐标 (4, 2)
[2026-04-15 23:39:57] [DEBUG] place_action: 占据坐标 (5, 2)
[2026-04-15 23:39:57] [INFO] place_action: 行动放置成功！origin=(3, 2), 行动ID=-9223371920202790415
[2026-04-15 23:39:57] [INFO] 👾 敌人 @Node2D@227 成功在随机位置 (3, 2) 部署了意图！
[2026-04-15 23:39:57] [INFO] 生成敌人意图: 敌人=@Node2D@191, 类型=Node2D
[2026-04-15 23:39:57] [INFO] 敌人形状: [(1, 0), (2, 0)]
[2026-04-15 23:39:57] [DEBUG] find_random_available_spot: 寻找形状 [(1, 0), (2, 0)] 的可用位置，网格范围 12 x 3
[2026-04-15 23:39:57] [DEBUG] 形状范围: X[1, 2](宽度=2), Y[0, 0](高度=1)
[2026-04-15 23:39:57] [DEBUG] 可能的原点范围: X[0, 9], Y[0, 2]
[2026-04-15 23:39:57] [DEBUG] 测试原点: (0, 0), 形状偏移量: [(1, 0), (2, 0)]
[2026-04-15 23:39:57] [DEBUG] 放置验证通过: shape_coords=[(1, 0), (2, 0)], origin=(0, 0), 所有坐标在网格范围内且无碰撞
[2026-04-15 23:39:57] [DEBUG] 原点 (0, 0) 验证通过
[2026-04-15 23:39:57] [DEBUG] 测试原点: (0, 1), 形状偏移量: [(1, 0), (2, 0)]
[2026-04-15 23:39:57] [DEBUG] 放置验证通过: shape_coords=[(1, 0), (2, 0)], origin=(0, 1), 所有坐标在网格范围内且无碰撞
[2026-04-15 23:39:57] [DEBUG] 原点 (0, 1) 验证通过
[2026-04-15 23:39:57] [DEBUG] 测试原点: (0, 2), 形状偏移量: [(1, 0), (2, 0)]
[2026-04-15 23:39:57] [DEBUG] 原点 (0, 2) 验证失败
[2026-04-15 23:39:57] [DEBUG] 测试原点: (1, 0), 形状偏移量: [(1, 0), (2, 0)]
[2026-04-15 23:39:57] [DEBUG] 放置验证通过: shape_coords=[(1, 0), (2, 0)], origin=(1, 0), 所有坐标在网格范围内且无碰撞
[2026-04-15 23:39:57] [DEBUG] 原点 (1, 0) 验证通过
[2026-04-15 23:39:57] [DEBUG] 测试原点: (1, 1), 形状偏移量: [(1, 0), (2, 0)]
[2026-04-15 23:39:57] [DEBUG] 放置验证通过: shape_coords=[(1, 0), (2, 0)], origin=(1, 1), 所有坐标在网格范围内且无碰撞
[2026-04-15 23:39:57] [DEBUG] 原点 (1, 1) 验证通过
[2026-04-15 23:39:57] [DEBUG] 测试原点: (1, 2), 形状偏移量: [(1, 0), (2, 0)]
[2026-04-15 23:39:57] [DEBUG] 原点 (1, 2) 验证失败
[2026-04-15 23:39:57] [DEBUG] 测试原点: (2, 0), 形状偏移量: [(1, 0), (2, 0)]
[2026-04-15 23:39:57] [DEBUG] 放置验证通过: shape_coords=[(1, 0), (2, 0)], origin=(2, 0), 所有坐标在网格范围内且无碰撞
[2026-04-15 23:39:57] [DEBUG] 原点 (2, 0) 验证通过
[2026-04-15 23:39:57] [DEBUG] 测试原点: (2, 1), 形状偏移量: [(1, 0), (2, 0)]
[2026-04-15 23:39:57] [DEBUG] 放置验证通过: shape_coords=[(1, 0), (2, 0)], origin=(2, 1), 所有坐标在网格范围内且无碰撞
[2026-04-15 23:39:57] [DEBUG] 原点 (2, 1) 验证通过
[2026-04-15 23:39:57] [DEBUG] 测试原点: (2, 2), 形状偏移量: [(1, 0), (2, 0)]
[2026-04-15 23:39:57] [DEBUG] 原点 (2, 2) 验证失败
[2026-04-15 23:39:57] [DEBUG] 测试原点: (3, 0), 形状偏移量: [(1, 0), (2, 0)]
[2026-04-15 23:39:57] [DEBUG] 放置验证通过: shape_coords=[(1, 0), (2, 0)], origin=(3, 0), 所有坐标在网格范围内且无碰撞
[2026-04-15 23:39:57] [DEBUG] 原点 (3, 0) 验证通过
[2026-04-15 23:39:57] [DEBUG] 测试原点: (3, 1), 形状偏移量: [(1, 0), (2, 0)]
[2026-04-15 23:39:57] [DEBUG] 原点 (3, 1) 验证失败
[2026-04-15 23:39:57] [DEBUG] 测试原点: (3, 2), 形状偏移量: [(1, 0), (2, 0)]
[2026-04-15 23:39:57] [DEBUG] 原点 (3, 2) 验证失败
[2026-04-15 23:39:57] [DEBUG] 测试原点: (4, 0), 形状偏移量: [(1, 0), (2, 0)]
[2026-04-15 23:39:57] [DEBUG] 放置验证通过: shape_coords=[(1, 0), (2, 0)], origin=(4, 0), 所有坐标在网格范围内且无碰撞
[2026-04-15 23:39:57] [DEBUG] 原点 (4, 0) 验证通过
[2026-04-15 23:39:57] [DEBUG] 测试原点: (4, 1), 形状偏移量: [(1, 0), (2, 0)]
[2026-04-15 23:39:57] [DEBUG] 原点 (4, 1) 验证失败
[2026-04-15 23:39:57] [DEBUG] 测试原点: (4, 2), 形状偏移量: [(1, 0), (2, 0)]
[2026-04-15 23:39:57] [DEBUG] 原点 (4, 2) 验证失败
[2026-04-15 23:39:57] [DEBUG] 测试原点: (5, 0), 形状偏移量: [(1, 0), (2, 0)]
[2026-04-15 23:39:57] [DEBUG] 放置验证通过: shape_coords=[(1, 0), (2, 0)], origin=(5, 0), 所有坐标在网格范围内且无碰撞
[2026-04-15 23:39:57] [DEBUG] 原点 (5, 0) 验证通过
[2026-04-15 23:39:57] [DEBUG] 测试原点: (5, 1), 形状偏移量: [(1, 0), (2, 0)]
[2026-04-15 23:39:57] [DEBUG] 原点 (5, 1) 验证失败
[2026-04-15 23:39:57] [DEBUG] 测试原点: (5, 2), 形状偏移量: [(1, 0), (2, 0)]
[2026-04-15 23:39:57] [DEBUG] 放置验证通过: shape_coords=[(1, 0), (2, 0)], origin=(5, 2), 所有坐标在网格范围内且无碰撞
[2026-04-15 23:39:57] [DEBUG] 原点 (5, 2) 验证通过
[2026-04-15 23:39:57] [DEBUG] 测试原点: (6, 0), 形状偏移量: [(1, 0), (2, 0)]
[2026-04-15 23:39:57] [DEBUG] 放置验证通过: shape_coords=[(1, 0), (2, 0)], origin=(6, 0), 所有坐标在网格范围内且无碰撞
[2026-04-15 23:39:57] [DEBUG] 原点 (6, 0) 验证通过
[2026-04-15 23:39:57] [DEBUG] 测试原点: (6, 1), 形状偏移量: [(1, 0), (2, 0)]
[2026-04-15 23:39:57] [DEBUG] 放置验证通过: shape_coords=[(1, 0), (2, 0)], origin=(6, 1), 所有坐标在网格范围内且无碰撞
[2026-04-15 23:39:57] [DEBUG] 原点 (6, 1) 验证通过
[2026-04-15 23:39:57] [DEBUG] 测试原点: (6, 2), 形状偏移量: [(1, 0), (2, 0)]
[2026-04-15 23:39:57] [DEBUG] 放置验证通过: shape_coords=[(1, 0), (2, 0)], origin=(6, 2), 所有坐标在网格范围内且无碰撞
[2026-04-15 23:39:57] [DEBUG] 原点 (6, 2) 验证通过
[2026-04-15 23:39:57] [DEBUG] 测试原点: (7, 0), 形状偏移量: [(1, 0), (2, 0)]
[2026-04-15 23:39:57] [DEBUG] 放置验证通过: shape_coords=[(1, 0), (2, 0)], origin=(7, 0), 所有坐标在网格范围内且无碰撞
[2026-04-15 23:39:57] [DEBUG] 原点 (7, 0) 验证通过
[2026-04-15 23:39:57] [DEBUG] 测试原点: (7, 1), 形状偏移量: [(1, 0), (2, 0)]
[2026-04-15 23:39:57] [DEBUG] 放置验证通过: shape_coords=[(1, 0), (2, 0)], origin=(7, 1), 所有坐标在网格范围内且无碰撞
[2026-04-15 23:39:57] [DEBUG] 原点 (7, 1) 验证通过
[2026-04-15 23:39:57] [DEBUG] 测试原点: (7, 2), 形状偏移量: [(1, 0), (2, 0)]
[2026-04-15 23:39:57] [DEBUG] 放置验证通过: shape_coords=[(1, 0), (2, 0)], origin=(7, 2), 所有坐标在网格范围内且无碰撞
[2026-04-15 23:39:57] [DEBUG] 原点 (7, 2) 验证通过
[2026-04-15 23:39:57] [DEBUG] 测试原点: (8, 0), 形状偏移量: [(1, 0), (2, 0)]
[2026-04-15 23:39:57] [DEBUG] 放置验证通过: shape_coords=[(1, 0), (2, 0)], origin=(8, 0), 所有坐标在网格范围内且无碰撞
[2026-04-15 23:39:57] [DEBUG] 原点 (8, 0) 验证通过
[2026-04-15 23:39:57] [DEBUG] 测试原点: (8, 1), 形状偏移量: [(1, 0), (2, 0)]
[2026-04-15 23:39:57] [DEBUG] 放置验证通过: shape_coords=[(1, 0), (2, 0)], origin=(8, 1), 所有坐标在网格范围内且无碰撞
[2026-04-15 23:39:57] [DEBUG] 原点 (8, 1) 验证通过
[2026-04-15 23:39:57] [DEBUG] 测试原点: (8, 2), 形状偏移量: [(1, 0), (2, 0)]
[2026-04-15 23:39:57] [DEBUG] 放置验证通过: shape_coords=[(1, 0), (2, 0)], origin=(8, 2), 所有坐标在网格范围内且无碰撞
[2026-04-15 23:39:57] [DEBUG] 原点 (8, 2) 验证通过
[2026-04-15 23:39:57] [DEBUG] 测试原点: (9, 0), 形状偏移量: [(1, 0), (2, 0)]
[2026-04-15 23:39:57] [DEBUG] 放置验证通过: shape_coords=[(1, 0), (2, 0)], origin=(9, 0), 所有坐标在网格范围内且无碰撞
[2026-04-15 23:39:57] [DEBUG] 原点 (9, 0) 验证通过
[2026-04-15 23:39:57] [DEBUG] 测试原点: (9, 1), 形状偏移量: [(1, 0), (2, 0)]
[2026-04-15 23:39:57] [DEBUG] 放置验证通过: shape_coords=[(1, 0), (2, 0)], origin=(9, 1), 所有坐标在网格范围内且无碰撞
[2026-04-15 23:39:57] [DEBUG] 原点 (9, 1) 验证通过
[2026-04-15 23:39:57] [DEBUG] 测试原点: (9, 2), 形状偏移量: [(1, 0), (2, 0)]
[2026-04-15 23:39:57] [DEBUG] 放置验证通过: shape_coords=[(1, 0), (2, 0)], origin=(9, 2), 所有坐标在网格范围内且无碰撞
[2026-04-15 23:39:57] [DEBUG] 原点 (9, 2) 验证通过
[2026-04-15 23:39:57] [DEBUG] find_random_available_spot: 找到 22 个可用位置: [(0, 0), (0, 1), (1, 0), (1, 1), (2, 0), (2, 1), (3, 0), (4, 0), (5, 0), (5, 2), (6, 0), (6, 1), (6, 2), (7, 0), (7, 1), (7, 2), (8, 0), (8, 1), (8, 2), (9, 0), (9, 1), (9, 2)]
[2026-04-15 23:39:57] [DEBUG] 随机选择原点: (8, 1)
[2026-04-15 23:39:57] [DEBUG] 创建村庄意图行动: village, 效果: 扩张1
[2026-04-15 23:39:57] [DEBUG] 放置验证通过: shape_coords=[(1, 0), (2, 0)], origin=(8, 1), 所有坐标在网格范围内且无碰撞
[2026-04-15 23:39:57] [DEBUG] place_action: 绝对坐标=[(9, 1), (10, 1)], 网格当前占用数=6
[2026-04-15 23:39:57] [DEBUG] place_action: 占据坐标 (9, 1)
[2026-04-15 23:39:57] [DEBUG] place_action: 占据坐标 (10, 1)
[2026-04-15 23:39:57] [INFO] place_action: 行动放置成功！origin=(8, 1), 行动ID=-9223371915102516736
[2026-04-15 23:39:57] [INFO] 👾 敌人 @Node2D@191 成功在随机位置 (8, 1) 部署了意图！
[2026-04-15 23:39:57] [INFO] 生成敌人意图: 敌人=@Node2D@247, 类型=Node2D
[2026-04-15 23:39:57] [INFO] 敌人形状: [(1, 0), (2, 0)]
[2026-04-15 23:39:57] [DEBUG] find_random_available_spot: 寻找形状 [(1, 0), (2, 0)] 的可用位置，网格范围 12 x 3
[2026-04-15 23:39:57] [DEBUG] 形状范围: X[1, 2](宽度=2), Y[0, 0](高度=1)
[2026-04-15 23:39:57] [DEBUG] 可能的原点范围: X[0, 9], Y[0, 2]
[2026-04-15 23:39:57] [DEBUG] 测试原点: (0, 0), 形状偏移量: [(1, 0), (2, 0)]
[2026-04-15 23:39:57] [DEBUG] 放置验证通过: shape_coords=[(1, 0), (2, 0)], origin=(0, 0), 所有坐标在网格范围内且无碰撞
[2026-04-15 23:39:57] [DEBUG] 原点 (0, 0) 验证通过
[2026-04-15 23:39:57] [DEBUG] 测试原点: (0, 1), 形状偏移量: [(1, 0), (2, 0)]
[2026-04-15 23:39:57] [DEBUG] 放置验证通过: shape_coords=[(1, 0), (2, 0)], origin=(0, 1), 所有坐标在网格范围内且无碰撞
[2026-04-15 23:39:57] [DEBUG] 原点 (0, 1) 验证通过
[2026-04-15 23:39:57] [DEBUG] 测试原点: (0, 2), 形状偏移量: [(1, 0), (2, 0)]
[2026-04-15 23:39:57] [DEBUG] 原点 (0, 2) 验证失败
[2026-04-15 23:39:57] [DEBUG] 测试原点: (1, 0), 形状偏移量: [(1, 0), (2, 0)]
[2026-04-15 23:39:57] [DEBUG] 放置验证通过: shape_coords=[(1, 0), (2, 0)], origin=(1, 0), 所有坐标在网格范围内且无碰撞
[2026-04-15 23:39:57] [DEBUG] 原点 (1, 0) 验证通过
[2026-04-15 23:39:57] [DEBUG] 测试原点: (1, 1), 形状偏移量: [(1, 0), (2, 0)]
[2026-04-15 23:39:57] [DEBUG] 放置验证通过: shape_coords=[(1, 0), (2, 0)], origin=(1, 1), 所有坐标在网格范围内且无碰撞
[2026-04-15 23:39:57] [DEBUG] 原点 (1, 1) 验证通过
[2026-04-15 23:39:57] [DEBUG] 测试原点: (1, 2), 形状偏移量: [(1, 0), (2, 0)]
[2026-04-15 23:39:57] [DEBUG] 原点 (1, 2) 验证失败
[2026-04-15 23:39:57] [DEBUG] 测试原点: (2, 0), 形状偏移量: [(1, 0), (2, 0)]
[2026-04-15 23:39:57] [DEBUG] 放置验证通过: shape_coords=[(1, 0), (2, 0)], origin=(2, 0), 所有坐标在网格范围内且无碰撞
[2026-04-15 23:39:57] [DEBUG] 原点 (2, 0) 验证通过
[2026-04-15 23:39:57] [DEBUG] 测试原点: (2, 1), 形状偏移量: [(1, 0), (2, 0)]
[2026-04-15 23:39:57] [DEBUG] 放置验证通过: shape_coords=[(1, 0), (2, 0)], origin=(2, 1), 所有坐标在网格范围内且无碰撞
[2026-04-15 23:39:57] [DEBUG] 原点 (2, 1) 验证通过
[2026-04-15 23:39:57] [DEBUG] 测试原点: (2, 2), 形状偏移量: [(1, 0), (2, 0)]
[2026-04-15 23:39:57] [DEBUG] 原点 (2, 2) 验证失败
[2026-04-15 23:39:57] [DEBUG] 测试原点: (3, 0), 形状偏移量: [(1, 0), (2, 0)]
[2026-04-15 23:39:57] [DEBUG] 放置验证通过: shape_coords=[(1, 0), (2, 0)], origin=(3, 0), 所有坐标在网格范围内且无碰撞
[2026-04-15 23:39:57] [DEBUG] 原点 (3, 0) 验证通过
[2026-04-15 23:39:57] [DEBUG] 测试原点: (3, 1), 形状偏移量: [(1, 0), (2, 0)]
[2026-04-15 23:39:57] [DEBUG] 原点 (3, 1) 验证失败
[2026-04-15 23:39:57] [DEBUG] 测试原点: (3, 2), 形状偏移量: [(1, 0), (2, 0)]
[2026-04-15 23:39:57] [DEBUG] 原点 (3, 2) 验证失败
[2026-04-15 23:39:57] [DEBUG] 测试原点: (4, 0), 形状偏移量: [(1, 0), (2, 0)]
[2026-04-15 23:39:57] [DEBUG] 放置验证通过: shape_coords=[(1, 0), (2, 0)], origin=(4, 0), 所有坐标在网格范围内且无碰撞
[2026-04-15 23:39:57] [DEBUG] 原点 (4, 0) 验证通过
[2026-04-15 23:39:57] [DEBUG] 测试原点: (4, 1), 形状偏移量: [(1, 0), (2, 0)]
[2026-04-15 23:39:57] [DEBUG] 原点 (4, 1) 验证失败
[2026-04-15 23:39:57] [DEBUG] 测试原点: (4, 2), 形状偏移量: [(1, 0), (2, 0)]
[2026-04-15 23:39:57] [DEBUG] 原点 (4, 2) 验证失败
[2026-04-15 23:39:57] [DEBUG] 测试原点: (5, 0), 形状偏移量: [(1, 0), (2, 0)]
[2026-04-15 23:39:57] [DEBUG] 放置验证通过: shape_coords=[(1, 0), (2, 0)], origin=(5, 0), 所有坐标在网格范围内且无碰撞
[2026-04-15 23:39:57] [DEBUG] 原点 (5, 0) 验证通过
[2026-04-15 23:39:57] [DEBUG] 测试原点: (5, 1), 形状偏移量: [(1, 0), (2, 0)]
[2026-04-15 23:39:57] [DEBUG] 原点 (5, 1) 验证失败
[2026-04-15 23:39:57] [DEBUG] 测试原点: (5, 2), 形状偏移量: [(1, 0), (2, 0)]
[2026-04-15 23:39:57] [DEBUG] 放置验证通过: shape_coords=[(1, 0), (2, 0)], origin=(5, 2), 所有坐标在网格范围内且无碰撞
[2026-04-15 23:39:57] [DEBUG] 原点 (5, 2) 验证通过
[2026-04-15 23:39:57] [DEBUG] 测试原点: (6, 0), 形状偏移量: [(1, 0), (2, 0)]
[2026-04-15 23:39:57] [DEBUG] 放置验证通过: shape_coords=[(1, 0), (2, 0)], origin=(6, 0), 所有坐标在网格范围内且无碰撞
[2026-04-15 23:39:57] [DEBUG] 原点 (6, 0) 验证通过
[2026-04-15 23:39:57] [DEBUG] 测试原点: (6, 1), 形状偏移量: [(1, 0), (2, 0)]
[2026-04-15 23:39:57] [DEBUG] 放置验证通过: shape_coords=[(1, 0), (2, 0)], origin=(6, 1), 所有坐标在网格范围内且无碰撞
[2026-04-15 23:39:57] [DEBUG] 原点 (6, 1) 验证通过
[2026-04-15 23:39:57] [DEBUG] 测试原点: (6, 2), 形状偏移量: [(1, 0), (2, 0)]
[2026-04-15 23:39:57] [DEBUG] 放置验证通过: shape_coords=[(1, 0), (2, 0)], origin=(6, 2), 所有坐标在网格范围内且无碰撞
[2026-04-15 23:39:57] [DEBUG] 原点 (6, 2) 验证通过
[2026-04-15 23:39:57] [DEBUG] 测试原点: (7, 0), 形状偏移量: [(1, 0), (2, 0)]
[2026-04-15 23:39:57] [DEBUG] 放置验证通过: shape_coords=[(1, 0), (2, 0)], origin=(7, 0), 所有坐标在网格范围内且无碰撞
[2026-04-15 23:39:57] [DEBUG] 原点 (7, 0) 验证通过
[2026-04-15 23:39:57] [DEBUG] 测试原点: (7, 1), 形状偏移量: [(1, 0), (2, 0)]
[2026-04-15 23:39:57] [DEBUG] 原点 (7, 1) 验证失败
[2026-04-15 23:39:57] [DEBUG] 测试原点: (7, 2), 形状偏移量: [(1, 0), (2, 0)]
[2026-04-15 23:39:57] [DEBUG] 放置验证通过: shape_coords=[(1, 0), (2, 0)], origin=(7, 2), 所有坐标在网格范围内且无碰撞
[2026-04-15 23:39:57] [DEBUG] 原点 (7, 2) 验证通过
[2026-04-15 23:39:57] [DEBUG] 测试原点: (8, 0), 形状偏移量: [(1, 0), (2, 0)]
[2026-04-15 23:39:57] [DEBUG] 放置验证通过: shape_coords=[(1, 0), (2, 0)], origin=(8, 0), 所有坐标在网格范围内且无碰撞
[2026-04-15 23:39:57] [DEBUG] 原点 (8, 0) 验证通过
[2026-04-15 23:39:57] [DEBUG] 测试原点: (8, 1), 形状偏移量: [(1, 0), (2, 0)]
[2026-04-15 23:39:57] [DEBUG] 原点 (8, 1) 验证失败
[2026-04-15 23:39:57] [DEBUG] 测试原点: (8, 2), 形状偏移量: [(1, 0), (2, 0)]
[2026-04-15 23:39:57] [DEBUG] 放置验证通过: shape_coords=[(1, 0), (2, 0)], origin=(8, 2), 所有坐标在网格范围内且无碰撞
[2026-04-15 23:39:57] [DEBUG] 原点 (8, 2) 验证通过
[2026-04-15 23:39:57] [DEBUG] 测试原点: (9, 0), 形状偏移量: [(1, 0), (2, 0)]
[2026-04-15 23:39:57] [DEBUG] 放置验证通过: shape_coords=[(1, 0), (2, 0)], origin=(9, 0), 所有坐标在网格范围内且无碰撞
[2026-04-15 23:39:57] [DEBUG] 原点 (9, 0) 验证通过
[2026-04-15 23:39:57] [DEBUG] 测试原点: (9, 1), 形状偏移量: [(1, 0), (2, 0)]
[2026-04-15 23:39:57] [DEBUG] 原点 (9, 1) 验证失败
[2026-04-15 23:39:57] [DEBUG] 测试原点: (9, 2), 形状偏移量: [(1, 0), (2, 0)]
[2026-04-15 23:39:57] [DEBUG] 放置验证通过: shape_coords=[(1, 0), (2, 0)], origin=(9, 2), 所有坐标在网格范围内且无碰撞
[2026-04-15 23:39:57] [DEBUG] 原点 (9, 2) 验证通过
[2026-04-15 23:39:57] [DEBUG] find_random_available_spot: 找到 19 个可用位置: [(0, 0), (0, 1), (1, 0), (1, 1), (2, 0), (2, 1), (3, 0), (4, 0), (5, 0), (5, 2), (6, 0), (6, 1), (6, 2), (7, 0), (7, 2), (8, 0), (8, 2), (9, 0), (9, 2)]
[2026-04-15 23:39:57] [DEBUG] 随机选择原点: (6, 2)
[2026-04-15 23:39:57] [DEBUG] 创建村庄意图行动: village, 效果: 扩张1
[2026-04-15 23:39:57] [DEBUG] 放置验证通过: shape_coords=[(1, 0), (2, 0)], origin=(6, 2), 所有坐标在网格范围内且无碰撞
[2026-04-15 23:39:57] [DEBUG] place_action: 绝对坐标=[(7, 2), (8, 2)], 网格当前占用数=8
[2026-04-15 23:39:57] [DEBUG] place_action: 占据坐标 (7, 2)
[2026-04-15 23:39:57] [DEBUG] place_action: 占据坐标 (8, 2)
[2026-04-15 23:39:57] [INFO] place_action: 行动放置成功！origin=(6, 2), 行动ID=-9223371910153238001
[2026-04-15 23:39:57] [INFO] 👾 敌人 @Node2D@247 成功在随机位置 (6, 2) 部署了意图！
[2026-04-15 23:39:57] [WARNING] ⚠️ 时间轴已满载，不再生成额外敌方意图！
[2026-04-15 23:39:57] [INFO] ✅ 游戏开始时已生成敌人意图
[2026-04-15 23:39:57] [INFO] === 时间轴网格状态 ===
[2026-04-15 23:39:57] [INFO] 网格占用总数: 10
[2026-04-15 23:39:57] [INFO] (5, 1): TimelineAction(type=ENEMY, origin=(4, 1))
[2026-04-15 23:39:57] [INFO] (6, 1): TimelineAction(type=ENEMY, origin=(4, 1))
[2026-04-15 23:39:57] [INFO] (1, 2): TimelineAction(type=ENEMY, origin=(0, 2))
[2026-04-15 23:39:57] [INFO] (2, 2): TimelineAction(type=ENEMY, origin=(0, 2))
[2026-04-15 23:39:57] [INFO] (4, 2): TimelineAction(type=ENEMY, origin=(3, 2))
[2026-04-15 23:39:57] [INFO] (5, 2): TimelineAction(type=ENEMY, origin=(3, 2))
[2026-04-15 23:39:57] [INFO] (9, 1): TimelineAction(type=ENEMY, origin=(8, 1))
[2026-04-15 23:39:57] [INFO] (10, 1): TimelineAction(type=ENEMY, origin=(8, 1))
[2026-04-15 23:39:57] [INFO] (7, 2): TimelineAction(type=ENEMY, origin=(6, 2))
[2026-04-15 23:39:57] [INFO] (8, 2): TimelineAction(type=ENEMY, origin=(6, 2))
[2026-04-15 23:39:57] [INFO] === 网格状态结束 ===
[2026-04-15 23:39:57] [DEBUG] cursor_tooltip 已增强为PanelContainer样式
[2026-04-15 23:39:57] [DEBUG] 卡牌原始状态已保存: parent=Cards, pos=(0.0, 400.0), scale=(1.0, 1.0)
[2026-04-15 23:39:57] [DEBUG] 卡牌原始状态已保存: parent=Cards, pos=(0.0, 400.0), scale=(1.0, 1.0)
[2026-04-15 23:39:57] [DEBUG] 卡牌原始状态已保存: parent=Cards, pos=(0.0, 400.0), scale=(1.0, 1.0)
[2026-04-15 23:39:57] [INFO] UI 更新完毕 | 抽牌堆: 3 | 弃牌堆: 0
[2026-04-15 23:39:57] [DEBUG] 卡牌shape为字符串格式: 1
[2026-04-15 23:39:57] [DEBUG] 成功解析为矩阵格式: 1 -> 1x1
[2026-04-15 23:39:57] [DEBUG] TimeBlock节点类型: Control, 路径: /root/in_scene/ui/Main/DeckPile/Cards/Card/TimeBlock
[2026-04-15 23:39:57] [DEBUG] TimeBlock是Control类型，尝试动态处理
[2026-04-15 23:39:57] [DEBUG] 已创建TextureRect子节点显示时间占位图片: 1x1
[2026-04-15 23:39:57] [DEBUG] 处理通用Control节点: Control
[2026-04-15 23:39:57] [DEBUG] 显示时间占位图片，位置: (27.5, -40.83334), 大小: (0.0, 0.0)
[2026-04-15 23:39:57] [DEBUG] 卡牌shape为字符串格式: 1,1
[2026-04-15 23:39:57] [DEBUG] 成功解析为矩阵格式: 1,1 -> 1x2
[2026-04-15 23:39:57] [DEBUG] TimeBlock节点类型: Control, 路径: /root/in_scene/ui/Main/DeckPile/Cards/@Control@332/TimeBlock
[2026-04-15 23:39:57] [DEBUG] TimeBlock是Control类型，尝试动态处理
[2026-04-15 23:39:57] [DEBUG] 已创建TextureRect子节点显示时间占位图片: 1x2
[2026-04-15 23:39:57] [DEBUG] 处理通用Control节点: Control
[2026-04-15 23:39:57] [DEBUG] 显示时间占位图片，位置: (27.5, -40.83334), 大小: (0.0, 0.0)
[2026-04-15 23:39:57] [DEBUG] 卡牌shape为字符串格式: 11,11
[2026-04-15 23:39:57] [DEBUG] 成功解析为矩阵格式: 11,11 -> 2x2
[2026-04-15 23:39:57] [DEBUG] TimeBlock节点类型: Control, 路径: /root/in_scene/ui/Main/DeckPile/Cards/@Control@333/TimeBlock
[2026-04-15 23:39:57] [DEBUG] TimeBlock是Control类型，尝试动态处理
[2026-04-15 23:39:57] [DEBUG] 已创建TextureRect子节点显示时间占位图片: 2x2
[2026-04-15 23:39:57] [DEBUG] 处理通用Control节点: Control
[2026-04-15 23:39:57] [DEBUG] 显示时间占位图片，位置: (27.5, -40.83334), 大小: (0.0, 0.0)
[2026-04-15 23:40:09] [INFO] 🔧 玩家点击失败调试按钮
[2026-04-15 23:40:09] [INFO] 💀 收到失败信号，开始失败动画序列
[2026-04-15 23:40:09] [INFO] 🔄 隐藏UI，为局外场景做准备
[2026-04-15 23:40:09] [INFO] ✅ UI隐藏完成，hexmap和时间币保持显示
================================================================================
会话开始: [2026-04-16 11:28:30]
================================================================================
[2026-04-16 11:28:30] [DEBUG] 地图数据填充完成，形状: fan，坐标数量: 48
[2026-04-16 11:28:30] [INFO] 扇形地图生成完成，坐标数量: 48
[2026-04-16 11:28:30] [DEBUG] 设置地形时间占位形状: 011 -> [(1, 0), (2, 0)]
[2026-04-16 11:28:30] [DEBUG] 地形受伤: amount=17, current_hp=83, damage_rate=0.17
[2026-04-16 11:28:30] [DEBUG] 设置地形时间占位形状: 011 -> [(1, 0), (2, 0)]
[2026-04-16 11:28:30] [DEBUG] 地形受伤: amount=3, current_hp=97, damage_rate=0.03
[2026-04-16 11:28:30] [DEBUG] 设置地形时间占位形状: 011 -> [(1, 0), (2, 0)]
[2026-04-16 11:28:30] [DEBUG] 地形受伤: amount=12, current_hp=88, damage_rate=0.12
[2026-04-16 11:28:30] [DEBUG] 设置地形时间占位形状: 011 -> [(1, 0), (2, 0)]
[2026-04-16 11:28:30] [DEBUG] 地形受伤: amount=22, current_hp=78, damage_rate=0.22
[2026-04-16 11:28:30] [DEBUG] 设置地形时间占位形状: 011 -> [(1, 0), (2, 0)]
[2026-04-16 11:28:30] [DEBUG] 地形受伤: amount=15, current_hp=85, damage_rate=0.15
[2026-04-16 11:28:30] [DEBUG] 设置地形时间占位形状: 011 -> [(1, 0), (2, 0)]
[2026-04-16 11:28:30] [DEBUG] 地形受伤: amount=8, current_hp=92, damage_rate=0.08
[2026-04-16 11:28:30] [DEBUG] 设置地形时间占位形状: 011 -> [(1, 0), (2, 0)]
[2026-04-16 11:28:30] [DEBUG] 地形受伤: amount=11, current_hp=89, damage_rate=0.11
[2026-04-16 11:28:30] [DEBUG] 设置地形时间占位形状: 011 -> [(1, 0), (2, 0)]
[2026-04-16 11:28:30] [DEBUG] 地形受伤: amount=26, current_hp=74, damage_rate=0.26
[2026-04-16 11:28:30] [DEBUG] 设置地形时间占位形状: 011 -> [(1, 0), (2, 0)]
[2026-04-16 11:28:30] [DEBUG] 地形受伤: amount=26, current_hp=74, damage_rate=0.26
[2026-04-16 11:28:30] [DEBUG] 设置地形时间占位形状: 011 -> [(1, 0), (2, 0)]
[2026-04-16 11:28:30] [DEBUG] 地形受伤: amount=15, current_hp=85, damage_rate=0.15
[2026-04-16 11:28:30] [DEBUG] 设置地形时间占位形状: 011 -> [(1, 0), (2, 0)]
[2026-04-16 11:28:30] [DEBUG] 地形受伤: amount=25, current_hp=75, damage_rate=0.25
[2026-04-16 11:28:30] [DEBUG] 设置地形时间占位形状: 011 -> [(1, 0), (2, 0)]
[2026-04-16 11:28:30] [DEBUG] 地形受伤: amount=29, current_hp=71, damage_rate=0.29
[2026-04-16 11:28:30] [DEBUG] 设置地形时间占位形状: 011 -> [(1, 0), (2, 0)]
[2026-04-16 11:28:30] [DEBUG] 地形受伤: amount=9, current_hp=91, damage_rate=0.09
[2026-04-16 11:28:30] [DEBUG] 设置地形时间占位形状: 011 -> [(1, 0), (2, 0)]
[2026-04-16 11:28:30] [DEBUG] 地形受伤: amount=13, current_hp=87, damage_rate=0.13
[2026-04-16 11:28:30] [DEBUG] 设置地形时间占位形状: 011 -> [(1, 0), (2, 0)]
[2026-04-16 11:28:30] [DEBUG] 地形受伤: amount=28, current_hp=72, damage_rate=0.28
[2026-04-16 11:28:30] [DEBUG] 设置地形时间占位形状: 011 -> [(1, 0), (2, 0)]
[2026-04-16 11:28:30] [DEBUG] 地形受伤: amount=1, current_hp=99, damage_rate=0.01
[2026-04-16 11:28:30] [DEBUG] 设置地形时间占位形状: 011 -> [(1, 0), (2, 0)]
[2026-04-16 11:28:30] [DEBUG] 地形受伤: amount=3, current_hp=97, damage_rate=0.03
[2026-04-16 11:28:30] [DEBUG] 地貌放置完成，总数: 17，最大限制: 17
[2026-04-16 11:28:30] [DEBUG] 地形受伤: amount=1, current_hp=88, damage_rate=0.12
[2026-04-16 11:28:30] [DEBUG] 生成地貌: @Node2D@27 at (-5, 5)
[2026-04-16 11:28:30] [DEBUG] 地形受伤: amount=28, current_hp=43, damage_rate=0.57
[2026-04-16 11:28:30] [DEBUG] 生成地貌: @Node2D@44 at (-4, 5)
[2026-04-16 11:28:30] [DEBUG] 地形受伤: amount=6, current_hp=68, damage_rate=0.32
[2026-04-16 11:28:30] [DEBUG] 生成地貌: @Node2D@58 at (-3, 4)
[2026-04-16 11:28:30] [DEBUG] 地形受伤: amount=2, current_hp=83, damage_rate=0.17
[2026-04-16 11:28:30] [DEBUG] 生成地貌: @Node2D@83 at (-2, 5)
[2026-04-16 11:28:30] [DEBUG] 地形受伤: amount=12, current_hp=76, damage_rate=0.24
[2026-04-16 11:28:30] [DEBUG] 生成地貌: @Node2D@89 at (-2, 6)
[2026-04-16 11:28:30] [DEBUG] 地形受伤: amount=21, current_hp=57, damage_rate=0.43
[2026-04-16 11:28:30] [DEBUG] 生成地貌: @Node2D@101 at (-1, 2)
[2026-04-16 11:28:30] [DEBUG] 地形受伤: amount=2, current_hp=95, damage_rate=0.05
[2026-04-16 11:28:30] [DEBUG] 生成地貌: @Node2D@121 at (-1, 6)
[2026-04-16 11:28:30] [DEBUG] 地形受伤: amount=7, current_hp=80, damage_rate=0.20
[2026-04-16 11:28:30] [DEBUG] 生成地貌: @Node2D@129 at (0, 1)
[2026-04-16 11:28:30] [DEBUG] 地形受伤: amount=8, current_hp=67, damage_rate=0.33
[2026-04-16 11:28:30] [DEBUG] 生成地貌: @Node2D@136 at (0, 2)
[2026-04-16 11:28:30] [DEBUG] 地形受伤: amount=18, current_hp=56, damage_rate=0.44
[2026-04-16 11:28:30] [DEBUG] 生成地貌: @Node2D@149 at (0, 5)
[2026-04-16 11:28:30] [DEBUG] 地形受伤: amount=18, current_hp=73, damage_rate=0.27
[2026-04-16 11:28:30] [DEBUG] 生成地貌: @Node2D@153 at (0, 6)
[2026-04-16 11:28:30] [DEBUG] 地形受伤: amount=15, current_hp=70, damage_rate=0.30
[2026-04-16 11:28:30] [DEBUG] 生成地貌: @Node2D@177 at (1, 4)
[2026-04-16 11:28:30] [DEBUG] 地形受伤: amount=26, current_hp=73, damage_rate=0.27
[2026-04-16 11:28:30] [DEBUG] 生成地貌: @Node2D@182 at (1, 5)
[2026-04-16 11:28:30] [DEBUG] 地形受伤: amount=4, current_hp=79, damage_rate=0.21
[2026-04-16 11:28:30] [DEBUG] 生成地貌: @Node2D@213 at (3, 0)
[2026-04-16 11:28:30] [DEBUG] 地形受伤: amount=18, current_hp=79, damage_rate=0.21
[2026-04-16 11:28:30] [DEBUG] 生成地貌: @Node2D@229 at (3, 3)
[2026-04-16 11:28:30] [DEBUG] 地形受伤: amount=1, current_hp=91, damage_rate=0.09
[2026-04-16 11:28:30] [DEBUG] 生成地貌: @Node2D@239 at (4, 1)
[2026-04-16 11:28:30] [DEBUG] 地形受伤: amount=14, current_hp=58, damage_rate=0.42
[2026-04-16 11:28:30] [DEBUG] 生成地貌: @Node2D@251 at (5, 1)
[2026-04-16 11:28:30] [DEBUG] 成功绑定高度视图切换按钮
[2026-04-16 11:28:30] [DEBUG] 应用响应式动态锚点布局
[2026-04-16 11:28:30] [DEBUG] 布局应用完成: 真实尺寸(502.0x124.0), 缩放中心=(251.0, 0.0)
[2026-04-16 11:28:30] [DEBUG] 开始创建遮罩节点
[2026-04-16 11:28:30] [DEBUG] 时间轴遮罩已创建（使用全屏锚点），颜色: (0.2666, 0.2666, 0.2666, 0.6)，层级: 1，可见: false
[2026-04-16 11:28:30] [DEBUG] 遮罩创建完成，background_mask: BackgroundMask:<ColorRect#94069852433>
[2026-04-16 11:28:30] [DEBUG] 找到TimelineManager: TimelineManager
[2026-04-16 11:28:30] [DEBUG] 设置时间轴点击缩放权限: allow=false filter=2
[2026-04-16 11:28:30] [DEBUG] DragShapeController已添加到组，准备接收拖拽事件
[2026-04-16 11:28:30] [DEBUG] 敌人意图管理器已就绪
[2026-04-16 11:28:30] [INFO] 成功连接到 TimelineManager
[2026-04-16 11:28:30] [DEBUG] 时间轴可视化器已就绪
[2026-04-16 11:28:30] [INFO] 已连接到 DragShapeController
[2026-04-16 11:28:30] [INFO] TimelineUI已找到: TimelineUI
[2026-04-16 11:28:30] [INFO] 胜利调试按钮已连接
[2026-04-16 11:28:30] [INFO] 已连接胜利触发信号
[2026-04-16 11:28:30] [DEBUG] 🩸 成功将血条组件收编进地块渲染序列: EnemyHealth
[2026-04-16 11:28:30] [DEBUG] 🩸 成功将血条组件收编进地块渲染序列: EnemyHealth
[2026-04-16 11:28:30] [DEBUG] 🩸 成功将血条组件收编进地块渲染序列: EnemyHealth
[2026-04-16 11:28:30] [DEBUG] 🩸 成功将血条组件收编进地块渲染序列: EnemyHealth
[2026-04-16 11:28:30] [DEBUG] 🩸 成功将血条组件收编进地块渲染序列: EnemyHealth
[2026-04-16 11:28:30] [DEBUG] 🩸 成功将血条组件收编进地块渲染序列: EnemyHealth
[2026-04-16 11:28:30] [DEBUG] 🩸 成功将血条组件收编进地块渲染序列: EnemyHealth
[2026-04-16 11:28:30] [DEBUG] 🩸 成功将血条组件收编进地块渲染序列: EnemyHealth
[2026-04-16 11:28:30] [DEBUG] 🩸 成功将血条组件收编进地块渲染序列: EnemyHealth
[2026-04-16 11:28:30] [DEBUG] 🩸 成功将血条组件收编进地块渲染序列: EnemyHealth
[2026-04-16 11:28:30] [DEBUG] 🩸 成功将血条组件收编进地块渲染序列: EnemyHealth
[2026-04-16 11:28:30] [DEBUG] 🩸 成功将血条组件收编进地块渲染序列: EnemyHealth
[2026-04-16 11:28:30] [DEBUG] 🩸 成功将血条组件收编进地块渲染序列: EnemyHealth
[2026-04-16 11:28:30] [DEBUG] 🩸 成功将血条组件收编进地块渲染序列: EnemyHealth
[2026-04-16 11:28:30] [DEBUG] 🩸 成功将血条组件收编进地块渲染序列: EnemyHealth
[2026-04-16 11:28:30] [DEBUG] 🩸 成功将血条组件收编进地块渲染序列: EnemyHealth
[2026-04-16 11:28:30] [DEBUG] 🩸 成功将血条组件收编进地块渲染序列: EnemyHealth
[2026-04-16 11:28:30] [WARNING] 未找到弃牌区
[2026-04-16 11:28:30] [INFO] 清除时间轴网格，当前占用数: 0
[2026-04-16 11:28:30] [DEBUG] 游戏初始化：找到 17 个敌人，生成初始意图
[2026-04-16 11:28:30] [INFO] 生成敌人意图: 敌人=@Node2D@27, 类型=Node2D
[2026-04-16 11:28:30] [INFO] 敌人形状: [(1, 0), (2, 0)]
[2026-04-16 11:28:30] [DEBUG] find_random_available_spot: 寻找形状 [(1, 0), (2, 0)] 的可用位置，网格范围 12 x 3
[2026-04-16 11:28:30] [DEBUG] 形状范围: X[1, 2](宽度=2), Y[0, 0](高度=1)
[2026-04-16 11:28:30] [DEBUG] 可能的原点范围: X[0, 9], Y[0, 2]
[2026-04-16 11:28:30] [DEBUG] 测试原点: (0, 0), 形状偏移量: [(1, 0), (2, 0)]
[2026-04-16 11:28:30] [DEBUG] 放置验证通过: shape_coords=[(1, 0), (2, 0)], origin=(0, 0), 所有坐标在网格范围内且无碰撞
[2026-04-16 11:28:30] [DEBUG] 原点 (0, 0) 验证通过
[2026-04-16 11:28:30] [DEBUG] 测试原点: (0, 1), 形状偏移量: [(1, 0), (2, 0)]
[2026-04-16 11:28:30] [DEBUG] 放置验证通过: shape_coords=[(1, 0), (2, 0)], origin=(0, 1), 所有坐标在网格范围内且无碰撞
[2026-04-16 11:28:30] [DEBUG] 原点 (0, 1) 验证通过
[2026-04-16 11:28:30] [DEBUG] 测试原点: (0, 2), 形状偏移量: [(1, 0), (2, 0)]
[2026-04-16 11:28:30] [DEBUG] 放置验证通过: shape_coords=[(1, 0), (2, 0)], origin=(0, 2), 所有坐标在网格范围内且无碰撞
[2026-04-16 11:28:30] [DEBUG] 原点 (0, 2) 验证通过
[2026-04-16 11:28:30] [DEBUG] 测试原点: (1, 0), 形状偏移量: [(1, 0), (2, 0)]
[2026-04-16 11:28:30] [DEBUG] 放置验证通过: shape_coords=[(1, 0), (2, 0)], origin=(1, 0), 所有坐标在网格范围内且无碰撞
[2026-04-16 11:28:30] [DEBUG] 原点 (1, 0) 验证通过
[2026-04-16 11:28:30] [DEBUG] 测试原点: (1, 1), 形状偏移量: [(1, 0), (2, 0)]
[2026-04-16 11:28:30] [DEBUG] 放置验证通过: shape_coords=[(1, 0), (2, 0)], origin=(1, 1), 所有坐标在网格范围内且无碰撞
[2026-04-16 11:28:30] [DEBUG] 原点 (1, 1) 验证通过
[2026-04-16 11:28:30] [DEBUG] 测试原点: (1, 2), 形状偏移量: [(1, 0), (2, 0)]
[2026-04-16 11:28:30] [DEBUG] 放置验证通过: shape_coords=[(1, 0), (2, 0)], origin=(1, 2), 所有坐标在网格范围内且无碰撞
[2026-04-16 11:28:30] [DEBUG] 原点 (1, 2) 验证通过
[2026-04-16 11:28:30] [DEBUG] 测试原点: (2, 0), 形状偏移量: [(1, 0), (2, 0)]
[2026-04-16 11:28:30] [DEBUG] 放置验证通过: shape_coords=[(1, 0), (2, 0)], origin=(2, 0), 所有坐标在网格范围内且无碰撞
[2026-04-16 11:28:30] [DEBUG] 原点 (2, 0) 验证通过
[2026-04-16 11:28:30] [DEBUG] 测试原点: (2, 1), 形状偏移量: [(1, 0), (2, 0)]
[2026-04-16 11:28:30] [DEBUG] 放置验证通过: shape_coords=[(1, 0), (2, 0)], origin=(2, 1), 所有坐标在网格范围内且无碰撞
[2026-04-16 11:28:30] [DEBUG] 原点 (2, 1) 验证通过
[2026-04-16 11:28:30] [DEBUG] 测试原点: (2, 2), 形状偏移量: [(1, 0), (2, 0)]
[2026-04-16 11:28:30] [DEBUG] 放置验证通过: shape_coords=[(1, 0), (2, 0)], origin=(2, 2), 所有坐标在网格范围内且无碰撞
[2026-04-16 11:28:30] [DEBUG] 原点 (2, 2) 验证通过
[2026-04-16 11:28:30] [DEBUG] 测试原点: (3, 0), 形状偏移量: [(1, 0), (2, 0)]
[2026-04-16 11:28:30] [DEBUG] 放置验证通过: shape_coords=[(1, 0), (2, 0)], origin=(3, 0), 所有坐标在网格范围内且无碰撞
[2026-04-16 11:28:30] [DEBUG] 原点 (3, 0) 验证通过
[2026-04-16 11:28:30] [DEBUG] 测试原点: (3, 1), 形状偏移量: [(1, 0), (2, 0)]
[2026-04-16 11:28:30] [DEBUG] 放置验证通过: shape_coords=[(1, 0), (2, 0)], origin=(3, 1), 所有坐标在网格范围内且无碰撞
[2026-04-16 11:28:30] [DEBUG] 原点 (3, 1) 验证通过
[2026-04-16 11:28:30] [DEBUG] 测试原点: (3, 2), 形状偏移量: [(1, 0), (2, 0)]
[2026-04-16 11:28:30] [DEBUG] 放置验证通过: shape_coords=[(1, 0), (2, 0)], origin=(3, 2), 所有坐标在网格范围内且无碰撞
[2026-04-16 11:28:30] [DEBUG] 原点 (3, 2) 验证通过
[2026-04-16 11:28:30] [DEBUG] 测试原点: (4, 0), 形状偏移量: [(1, 0), (2, 0)]
[2026-04-16 11:28:30] [DEBUG] 放置验证通过: shape_coords=[(1, 0), (2, 0)], origin=(4, 0), 所有坐标在网格范围内且无碰撞
[2026-04-16 11:28:30] [DEBUG] 原点 (4, 0) 验证通过
[2026-04-16 11:28:30] [DEBUG] 测试原点: (4, 1), 形状偏移量: [(1, 0), (2, 0)]
[2026-04-16 11:28:30] [DEBUG] 放置验证通过: shape_coords=[(1, 0), (2, 0)], origin=(4, 1), 所有坐标在网格范围内且无碰撞
[2026-04-16 11:28:30] [DEBUG] 原点 (4, 1) 验证通过
[2026-04-16 11:28:30] [DEBUG] 测试原点: (4, 2), 形状偏移量: [(1, 0), (2, 0)]
[2026-04-16 11:28:30] [DEBUG] 放置验证通过: shape_coords=[(1, 0), (2, 0)], origin=(4, 2), 所有坐标在网格范围内且无碰撞
[2026-04-16 11:28:30] [DEBUG] 原点 (4, 2) 验证通过
[2026-04-16 11:28:30] [DEBUG] 测试原点: (5, 0), 形状偏移量: [(1, 0), (2, 0)]
[2026-04-16 11:28:30] [DEBUG] 放置验证通过: shape_coords=[(1, 0), (2, 0)], origin=(5, 0), 所有坐标在网格范围内且无碰撞
[2026-04-16 11:28:30] [DEBUG] 原点 (5, 0) 验证通过
[2026-04-16 11:28:30] [DEBUG] 测试原点: (5, 1), 形状偏移量: [(1, 0), (2, 0)]
[2026-04-16 11:28:30] [DEBUG] 放置验证通过: shape_coords=[(1, 0), (2, 0)], origin=(5, 1), 所有坐标在网格范围内且无碰撞
[2026-04-16 11:28:30] [DEBUG] 原点 (5, 1) 验证通过
[2026-04-16 11:28:30] [DEBUG] 测试原点: (5, 2), 形状偏移量: [(1, 0), (2, 0)]
[2026-04-16 11:28:30] [DEBUG] 放置验证通过: shape_coords=[(1, 0), (2, 0)], origin=(5, 2), 所有坐标在网格范围内且无碰撞
[2026-04-16 11:28:30] [DEBUG] 原点 (5, 2) 验证通过
[2026-04-16 11:28:30] [DEBUG] 测试原点: (6, 0), 形状偏移量: [(1, 0), (2, 0)]
[2026-04-16 11:28:30] [DEBUG] 放置验证通过: shape_coords=[(1, 0), (2, 0)], origin=(6, 0), 所有坐标在网格范围内且无碰撞
[2026-04-16 11:28:30] [DEBUG] 原点 (6, 0) 验证通过
[2026-04-16 11:28:30] [DEBUG] 测试原点: (6, 1), 形状偏移量: [(1, 0), (2, 0)]
[2026-04-16 11:28:30] [DEBUG] 放置验证通过: shape_coords=[(1, 0), (2, 0)], origin=(6, 1), 所有坐标在网格范围内且无碰撞
[2026-04-16 11:28:30] [DEBUG] 原点 (6, 1) 验证通过
[2026-04-16 11:28:30] [DEBUG] 测试原点: (6, 2), 形状偏移量: [(1, 0), (2, 0)]
[2026-04-16 11:28:30] [DEBUG] 放置验证通过: shape_coords=[(1, 0), (2, 0)], origin=(6, 2), 所有坐标在网格范围内且无碰撞
[2026-04-16 11:28:30] [DEBUG] 原点 (6, 2) 验证通过
[2026-04-16 11:28:30] [DEBUG] 测试原点: (7, 0), 形状偏移量: [(1, 0), (2, 0)]
[2026-04-16 11:28:30] [DEBUG] 放置验证通过: shape_coords=[(1, 0), (2, 0)], origin=(7, 0), 所有坐标在网格范围内且无碰撞
[2026-04-16 11:28:30] [DEBUG] 原点 (7, 0) 验证通过
[2026-04-16 11:28:30] [DEBUG] 测试原点: (7, 1), 形状偏移量: [(1, 0), (2, 0)]
[2026-04-16 11:28:30] [DEBUG] 放置验证通过: shape_coords=[(1, 0), (2, 0)], origin=(7, 1), 所有坐标在网格范围内且无碰撞
[2026-04-16 11:28:30] [DEBUG] 原点 (7, 1) 验证通过
[2026-04-16 11:28:30] [DEBUG] 测试原点: (7, 2), 形状偏移量: [(1, 0), (2, 0)]
[2026-04-16 11:28:30] [DEBUG] 放置验证通过: shape_coords=[(1, 0), (2, 0)], origin=(7, 2), 所有坐标在网格范围内且无碰撞
[2026-04-16 11:28:30] [DEBUG] 原点 (7, 2) 验证通过
[2026-04-16 11:28:30] [DEBUG] 测试原点: (8, 0), 形状偏移量: [(1, 0), (2, 0)]
[2026-04-16 11:28:30] [DEBUG] 放置验证通过: shape_coords=[(1, 0), (2, 0)], origin=(8, 0), 所有坐标在网格范围内且无碰撞
[2026-04-16 11:28:30] [DEBUG] 原点 (8, 0) 验证通过
[2026-04-16 11:28:30] [DEBUG] 测试原点: (8, 1), 形状偏移量: [(1, 0), (2, 0)]
[2026-04-16 11:28:30] [DEBUG] 放置验证通过: shape_coords=[(1, 0), (2, 0)], origin=(8, 1), 所有坐标在网格范围内且无碰撞
[2026-04-16 11:28:30] [DEBUG] 原点 (8, 1) 验证通过
[2026-04-16 11:28:30] [DEBUG] 测试原点: (8, 2), 形状偏移量: [(1, 0), (2, 0)]
[2026-04-16 11:28:30] [DEBUG] 放置验证通过: shape_coords=[(1, 0), (2, 0)], origin=(8, 2), 所有坐标在网格范围内且无碰撞
[2026-04-16 11:28:30] [DEBUG] 原点 (8, 2) 验证通过
[2026-04-16 11:28:30] [DEBUG] 测试原点: (9, 0), 形状偏移量: [(1, 0), (2, 0)]
[2026-04-16 11:28:30] [DEBUG] 放置验证通过: shape_coords=[(1, 0), (2, 0)], origin=(9, 0), 所有坐标在网格范围内且无碰撞
[2026-04-16 11:28:30] [DEBUG] 原点 (9, 0) 验证通过
[2026-04-16 11:28:30] [DEBUG] 测试原点: (9, 1), 形状偏移量: [(1, 0), (2, 0)]
[2026-04-16 11:28:30] [DEBUG] 放置验证通过: shape_coords=[(1, 0), (2, 0)], origin=(9, 1), 所有坐标在网格范围内且无碰撞
[2026-04-16 11:28:30] [DEBUG] 原点 (9, 1) 验证通过
[2026-04-16 11:28:30] [DEBUG] 测试原点: (9, 2), 形状偏移量: [(1, 0), (2, 0)]
[2026-04-16 11:28:30] [DEBUG] 放置验证通过: shape_coords=[(1, 0), (2, 0)], origin=(9, 2), 所有坐标在网格范围内且无碰撞
[2026-04-16 11:28:30] [DEBUG] 原点 (9, 2) 验证通过
[2026-04-16 11:28:30] [DEBUG] find_random_available_spot: 找到 30 个可用位置: [(0, 0), (0, 1), (0, 2), (1, 0), (1, 1), (1, 2), (2, 0), (2, 1), (2, 2), (3, 0), (3, 1), (3, 2), (4, 0), (4, 1), (4, 2), (5, 0), (5, 1), (5, 2), (6, 0), (6, 1), (6, 2), (7, 0), (7, 1), (7, 2), (8, 0), (8, 1), (8, 2), (9, 0), (9, 1), (9, 2)]
[2026-04-16 11:28:30] [DEBUG] 随机选择原点: (3, 1)
[2026-04-16 11:28:30] [DEBUG] 创建村庄意图行动: village, 效果: 扩张1
[2026-04-16 11:28:30] [DEBUG] 放置验证通过: shape_coords=[(1, 0), (2, 0)], origin=(3, 1), 所有坐标在网格范围内且无碰撞
[2026-04-16 11:28:30] [DEBUG] place_action: 绝对坐标=[(4, 1), (5, 1)], 网格当前占用数=0
[2026-04-16 11:28:30] [DEBUG] place_action: 占据坐标 (4, 1)
[2026-04-16 11:28:30] [DEBUG] place_action: 占据坐标 (5, 1)
[2026-04-16 11:28:30] [INFO] place_action: 行动放置成功！origin=(3, 1), 行动ID=-9223371931107980859
[2026-04-16 11:28:30] [INFO] 👾 敌人 @Node2D@27 成功在随机位置 (3, 1) 部署了意图！
[2026-04-16 11:28:30] [INFO] 生成敌人意图: 敌人=@Node2D@251, 类型=Node2D
[2026-04-16 11:28:30] [INFO] 敌人形状: [(1, 0), (2, 0)]
[2026-04-16 11:28:30] [DEBUG] find_random_available_spot: 寻找形状 [(1, 0), (2, 0)] 的可用位置，网格范围 12 x 3
[2026-04-16 11:28:30] [DEBUG] 形状范围: X[1, 2](宽度=2), Y[0, 0](高度=1)
[2026-04-16 11:28:30] [DEBUG] 可能的原点范围: X[0, 9], Y[0, 2]
[2026-04-16 11:28:30] [DEBUG] 测试原点: (0, 0), 形状偏移量: [(1, 0), (2, 0)]
[2026-04-16 11:28:30] [DEBUG] 放置验证通过: shape_coords=[(1, 0), (2, 0)], origin=(0, 0), 所有坐标在网格范围内且无碰撞
[2026-04-16 11:28:30] [DEBUG] 原点 (0, 0) 验证通过
[2026-04-16 11:28:30] [DEBUG] 测试原点: (0, 1), 形状偏移量: [(1, 0), (2, 0)]
[2026-04-16 11:28:30] [DEBUG] 放置验证通过: shape_coords=[(1, 0), (2, 0)], origin=(0, 1), 所有坐标在网格范围内且无碰撞
[2026-04-16 11:28:30] [DEBUG] 原点 (0, 1) 验证通过
[2026-04-16 11:28:30] [DEBUG] 测试原点: (0, 2), 形状偏移量: [(1, 0), (2, 0)]
[2026-04-16 11:28:30] [DEBUG] 放置验证通过: shape_coords=[(1, 0), (2, 0)], origin=(0, 2), 所有坐标在网格范围内且无碰撞
[2026-04-16 11:28:30] [DEBUG] 原点 (0, 2) 验证通过
[2026-04-16 11:28:30] [DEBUG] 测试原点: (1, 0), 形状偏移量: [(1, 0), (2, 0)]
[2026-04-16 11:28:30] [DEBUG] 放置验证通过: shape_coords=[(1, 0), (2, 0)], origin=(1, 0), 所有坐标在网格范围内且无碰撞
[2026-04-16 11:28:30] [DEBUG] 原点 (1, 0) 验证通过
[2026-04-16 11:28:30] [DEBUG] 测试原点: (1, 1), 形状偏移量: [(1, 0), (2, 0)]
[2026-04-16 11:28:30] [DEBUG] 放置验证通过: shape_coords=[(1, 0), (2, 0)], origin=(1, 1), 所有坐标在网格范围内且无碰撞
[2026-04-16 11:28:30] [DEBUG] 原点 (1, 1) 验证通过
[2026-04-16 11:28:30] [DEBUG] 测试原点: (1, 2), 形状偏移量: [(1, 0), (2, 0)]
[2026-04-16 11:28:30] [DEBUG] 放置验证通过: shape_coords=[(1, 0), (2, 0)], origin=(1, 2), 所有坐标在网格范围内且无碰撞
[2026-04-16 11:28:30] [DEBUG] 原点 (1, 2) 验证通过
[2026-04-16 11:28:30] [DEBUG] 测试原点: (2, 0), 形状偏移量: [(1, 0), (2, 0)]
[2026-04-16 11:28:30] [DEBUG] 放置验证通过: shape_coords=[(1, 0), (2, 0)], origin=(2, 0), 所有坐标在网格范围内且无碰撞
[2026-04-16 11:28:30] [DEBUG] 原点 (2, 0) 验证通过
[2026-04-16 11:28:30] [DEBUG] 测试原点: (2, 1), 形状偏移量: [(1, 0), (2, 0)]
[2026-04-16 11:28:30] [DEBUG] 原点 (2, 1) 验证失败
[2026-04-16 11:28:30] [DEBUG] 测试原点: (2, 2), 形状偏移量: [(1, 0), (2, 0)]
[2026-04-16 11:28:30] [DEBUG] 放置验证通过: shape_coords=[(1, 0), (2, 0)], origin=(2, 2), 所有坐标在网格范围内且无碰撞
[2026-04-16 11:28:30] [DEBUG] 原点 (2, 2) 验证通过
[2026-04-16 11:28:30] [DEBUG] 测试原点: (3, 0), 形状偏移量: [(1, 0), (2, 0)]
[2026-04-16 11:28:30] [DEBUG] 放置验证通过: shape_coords=[(1, 0), (2, 0)], origin=(3, 0), 所有坐标在网格范围内且无碰撞
[2026-04-16 11:28:30] [DEBUG] 原点 (3, 0) 验证通过
[2026-04-16 11:28:30] [DEBUG] 测试原点: (3, 1), 形状偏移量: [(1, 0), (2, 0)]
[2026-04-16 11:28:30] [DEBUG] 原点 (3, 1) 验证失败
[2026-04-16 11:28:30] [DEBUG] 测试原点: (3, 2), 形状偏移量: [(1, 0), (2, 0)]
[2026-04-16 11:28:30] [DEBUG] 放置验证通过: shape_coords=[(1, 0), (2, 0)], origin=(3, 2), 所有坐标在网格范围内且无碰撞
[2026-04-16 11:28:30] [DEBUG] 原点 (3, 2) 验证通过
[2026-04-16 11:28:30] [DEBUG] 测试原点: (4, 0), 形状偏移量: [(1, 0), (2, 0)]
[2026-04-16 11:28:30] [DEBUG] 放置验证通过: shape_coords=[(1, 0), (2, 0)], origin=(4, 0), 所有坐标在网格范围内且无碰撞
[2026-04-16 11:28:30] [DEBUG] 原点 (4, 0) 验证通过
[2026-04-16 11:28:30] [DEBUG] 测试原点: (4, 1), 形状偏移量: [(1, 0), (2, 0)]
[2026-04-16 11:28:30] [DEBUG] 原点 (4, 1) 验证失败
[2026-04-16 11:28:30] [DEBUG] 测试原点: (4, 2), 形状偏移量: [(1, 0), (2, 0)]
[2026-04-16 11:28:30] [DEBUG] 放置验证通过: shape_coords=[(1, 0), (2, 0)], origin=(4, 2), 所有坐标在网格范围内且无碰撞
[2026-04-16 11:28:30] [DEBUG] 原点 (4, 2) 验证通过
[2026-04-16 11:28:30] [DEBUG] 测试原点: (5, 0), 形状偏移量: [(1, 0), (2, 0)]
[2026-04-16 11:28:30] [DEBUG] 放置验证通过: shape_coords=[(1, 0), (2, 0)], origin=(5, 0), 所有坐标在网格范围内且无碰撞
[2026-04-16 11:28:30] [DEBUG] 原点 (5, 0) 验证通过
[2026-04-16 11:28:30] [DEBUG] 测试原点: (5, 1), 形状偏移量: [(1, 0), (2, 0)]
[2026-04-16 11:28:30] [DEBUG] 放置验证通过: shape_coords=[(1, 0), (2, 0)], origin=(5, 1), 所有坐标在网格范围内且无碰撞
[2026-04-16 11:28:30] [DEBUG] 原点 (5, 1) 验证通过
[2026-04-16 11:28:30] [DEBUG] 测试原点: (5, 2), 形状偏移量: [(1, 0), (2, 0)]
[2026-04-16 11:28:30] [DEBUG] 放置验证通过: shape_coords=[(1, 0), (2, 0)], origin=(5, 2), 所有坐标在网格范围内且无碰撞
[2026-04-16 11:28:30] [DEBUG] 原点 (5, 2) 验证通过
[2026-04-16 11:28:30] [DEBUG] 测试原点: (6, 0), 形状偏移量: [(1, 0), (2, 0)]
[2026-04-16 11:28:30] [DEBUG] 放置验证通过: shape_coords=[(1, 0), (2, 0)], origin=(6, 0), 所有坐标在网格范围内且无碰撞
[2026-04-16 11:28:30] [DEBUG] 原点 (6, 0) 验证通过
[2026-04-16 11:28:30] [DEBUG] 测试原点: (6, 1), 形状偏移量: [(1, 0), (2, 0)]
[2026-04-16 11:28:30] [DEBUG] 放置验证通过: shape_coords=[(1, 0), (2, 0)], origin=(6, 1), 所有坐标在网格范围内且无碰撞
[2026-04-16 11:28:30] [DEBUG] 原点 (6, 1) 验证通过
[2026-04-16 11:28:30] [DEBUG] 测试原点: (6, 2), 形状偏移量: [(1, 0), (2, 0)]
[2026-04-16 11:28:30] [DEBUG] 放置验证通过: shape_coords=[(1, 0), (2, 0)], origin=(6, 2), 所有坐标在网格范围内且无碰撞
[2026-04-16 11:28:30] [DEBUG] 原点 (6, 2) 验证通过
[2026-04-16 11:28:30] [DEBUG] 测试原点: (7, 0), 形状偏移量: [(1, 0), (2, 0)]
[2026-04-16 11:28:30] [DEBUG] 放置验证通过: shape_coords=[(1, 0), (2, 0)], origin=(7, 0), 所有坐标在网格范围内且无碰撞
[2026-04-16 11:28:30] [DEBUG] 原点 (7, 0) 验证通过
[2026-04-16 11:28:30] [DEBUG] 测试原点: (7, 1), 形状偏移量: [(1, 0), (2, 0)]
[2026-04-16 11:28:30] [DEBUG] 放置验证通过: shape_coords=[(1, 0), (2, 0)], origin=(7, 1), 所有坐标在网格范围内且无碰撞
[2026-04-16 11:28:30] [DEBUG] 原点 (7, 1) 验证通过
[2026-04-16 11:28:30] [DEBUG] 测试原点: (7, 2), 形状偏移量: [(1, 0), (2, 0)]
[2026-04-16 11:28:30] [DEBUG] 放置验证通过: shape_coords=[(1, 0), (2, 0)], origin=(7, 2), 所有坐标在网格范围内且无碰撞
[2026-04-16 11:28:30] [DEBUG] 原点 (7, 2) 验证通过
[2026-04-16 11:28:30] [DEBUG] 测试原点: (8, 0), 形状偏移量: [(1, 0), (2, 0)]
[2026-04-16 11:28:30] [DEBUG] 放置验证通过: shape_coords=[(1, 0), (2, 0)], origin=(8, 0), 所有坐标在网格范围内且无碰撞
[2026-04-16 11:28:30] [DEBUG] 原点 (8, 0) 验证通过
[2026-04-16 11:28:30] [DEBUG] 测试原点: (8, 1), 形状偏移量: [(1, 0), (2, 0)]
[2026-04-16 11:28:30] [DEBUG] 放置验证通过: shape_coords=[(1, 0), (2, 0)], origin=(8, 1), 所有坐标在网格范围内且无碰撞
[2026-04-16 11:28:30] [DEBUG] 原点 (8, 1) 验证通过
[2026-04-16 11:28:30] [DEBUG] 测试原点: (8, 2), 形状偏移量: [(1, 0), (2, 0)]
[2026-04-16 11:28:30] [DEBUG] 放置验证通过: shape_coords=[(1, 0), (2, 0)], origin=(8, 2), 所有坐标在网格范围内且无碰撞
[2026-04-16 11:28:30] [DEBUG] 原点 (8, 2) 验证通过
[2026-04-16 11:28:30] [DEBUG] 测试原点: (9, 0), 形状偏移量: [(1, 0), (2, 0)]
[2026-04-16 11:28:30] [DEBUG] 放置验证通过: shape_coords=[(1, 0), (2, 0)], origin=(9, 0), 所有坐标在网格范围内且无碰撞
[2026-04-16 11:28:30] [DEBUG] 原点 (9, 0) 验证通过
[2026-04-16 11:28:30] [DEBUG] 测试原点: (9, 1), 形状偏移量: [(1, 0), (2, 0)]
[2026-04-16 11:28:30] [DEBUG] 放置验证通过: shape_coords=[(1, 0), (2, 0)], origin=(9, 1), 所有坐标在网格范围内且无碰撞
[2026-04-16 11:28:30] [DEBUG] 原点 (9, 1) 验证通过
[2026-04-16 11:28:30] [DEBUG] 测试原点: (9, 2), 形状偏移量: [(1, 0), (2, 0)]
[2026-04-16 11:28:30] [DEBUG] 放置验证通过: shape_coords=[(1, 0), (2, 0)], origin=(9, 2), 所有坐标在网格范围内且无碰撞
[2026-04-16 11:28:30] [DEBUG] 原点 (9, 2) 验证通过
[2026-04-16 11:28:30] [DEBUG] find_random_available_spot: 找到 27 个可用位置: [(0, 0), (0, 1), (0, 2), (1, 0), (1, 1), (1, 2), (2, 0), (2, 2), (3, 0), (3, 2), (4, 0), (4, 2), (5, 0), (5, 1), (5, 2), (6, 0), (6, 1), (6, 2), (7, 0), (7, 1), (7, 2), (8, 0), (8, 1), (8, 2), (9, 0), (9, 1), (9, 2)]
[2026-04-16 11:28:30] [DEBUG] 随机选择原点: (8, 1)
[2026-04-16 11:28:30] [DEBUG] 创建村庄意图行动: village, 效果: 扩张1
[2026-04-16 11:28:30] [DEBUG] 放置验证通过: shape_coords=[(1, 0), (2, 0)], origin=(8, 1), 所有坐标在网格范围内且无碰撞
[2026-04-16 11:28:30] [DEBUG] place_action: 绝对坐标=[(9, 1), (10, 1)], 网格当前占用数=2
[2026-04-16 11:28:30] [DEBUG] place_action: 占据坐标 (9, 1)
[2026-04-16 11:28:30] [DEBUG] place_action: 占据坐标 (10, 1)
[2026-04-16 11:28:30] [INFO] place_action: 行动放置成功！origin=(8, 1), 行动ID=-9223371925756048952
[2026-04-16 11:28:30] [INFO] 👾 敌人 @Node2D@251 成功在随机位置 (8, 1) 部署了意图！
[2026-04-16 11:28:30] [INFO] 生成敌人意图: 敌人=@Node2D@136, 类型=Node2D
[2026-04-16 11:28:30] [INFO] 敌人形状: [(1, 0), (2, 0)]
[2026-04-16 11:28:30] [DEBUG] find_random_available_spot: 寻找形状 [(1, 0), (2, 0)] 的可用位置，网格范围 12 x 3
[2026-04-16 11:28:30] [DEBUG] 形状范围: X[1, 2](宽度=2), Y[0, 0](高度=1)
[2026-04-16 11:28:30] [DEBUG] 可能的原点范围: X[0, 9], Y[0, 2]
[2026-04-16 11:28:30] [DEBUG] 测试原点: (0, 0), 形状偏移量: [(1, 0), (2, 0)]
[2026-04-16 11:28:30] [DEBUG] 放置验证通过: shape_coords=[(1, 0), (2, 0)], origin=(0, 0), 所有坐标在网格范围内且无碰撞
[2026-04-16 11:28:30] [DEBUG] 原点 (0, 0) 验证通过
[2026-04-16 11:28:30] [DEBUG] 测试原点: (0, 1), 形状偏移量: [(1, 0), (2, 0)]
[2026-04-16 11:28:30] [DEBUG] 放置验证通过: shape_coords=[(1, 0), (2, 0)], origin=(0, 1), 所有坐标在网格范围内且无碰撞
[2026-04-16 11:28:30] [DEBUG] 原点 (0, 1) 验证通过
[2026-04-16 11:28:30] [DEBUG] 测试原点: (0, 2), 形状偏移量: [(1, 0), (2, 0)]
[2026-04-16 11:28:30] [DEBUG] 放置验证通过: shape_coords=[(1, 0), (2, 0)], origin=(0, 2), 所有坐标在网格范围内且无碰撞
[2026-04-16 11:28:30] [DEBUG] 原点 (0, 2) 验证通过
[2026-04-16 11:28:30] [DEBUG] 测试原点: (1, 0), 形状偏移量: [(1, 0), (2, 0)]
[2026-04-16 11:28:30] [DEBUG] 放置验证通过: shape_coords=[(1, 0), (2, 0)], origin=(1, 0), 所有坐标在网格范围内且无碰撞
[2026-04-16 11:28:30] [DEBUG] 原点 (1, 0) 验证通过
[2026-04-16 11:28:30] [DEBUG] 测试原点: (1, 1), 形状偏移量: [(1, 0), (2, 0)]
[2026-04-16 11:28:30] [DEBUG] 放置验证通过: shape_coords=[(1, 0), (2, 0)], origin=(1, 1), 所有坐标在网格范围内且无碰撞
[2026-04-16 11:28:30] [DEBUG] 原点 (1, 1) 验证通过
[2026-04-16 11:28:30] [DEBUG] 测试原点: (1, 2), 形状偏移量: [(1, 0), (2, 0)]
[2026-04-16 11:28:30] [DEBUG] 放置验证通过: shape_coords=[(1, 0), (2, 0)], origin=(1, 2), 所有坐标在网格范围内且无碰撞
[2026-04-16 11:28:30] [DEBUG] 原点 (1, 2) 验证通过
[2026-04-16 11:28:30] [DEBUG] 测试原点: (2, 0), 形状偏移量: [(1, 0), (2, 0)]
[2026-04-16 11:28:30] [DEBUG] 放置验证通过: shape_coords=[(1, 0), (2, 0)], origin=(2, 0), 所有坐标在网格范围内且无碰撞
[2026-04-16 11:28:30] [DEBUG] 原点 (2, 0) 验证通过
[2026-04-16 11:28:30] [DEBUG] 测试原点: (2, 1), 形状偏移量: [(1, 0), (2, 0)]
[2026-04-16 11:28:30] [DEBUG] 原点 (2, 1) 验证失败
[2026-04-16 11:28:30] [DEBUG] 测试原点: (2, 2), 形状偏移量: [(1, 0), (2, 0)]
[2026-04-16 11:28:30] [DEBUG] 放置验证通过: shape_coords=[(1, 0), (2, 0)], origin=(2, 2), 所有坐标在网格范围内且无碰撞
[2026-04-16 11:28:30] [DEBUG] 原点 (2, 2) 验证通过
[2026-04-16 11:28:30] [DEBUG] 测试原点: (3, 0), 形状偏移量: [(1, 0), (2, 0)]
[2026-04-16 11:28:30] [DEBUG] 放置验证通过: shape_coords=[(1, 0), (2, 0)], origin=(3, 0), 所有坐标在网格范围内且无碰撞
[2026-04-16 11:28:30] [DEBUG] 原点 (3, 0) 验证通过
[2026-04-16 11:28:30] [DEBUG] 测试原点: (3, 1), 形状偏移量: [(1, 0), (2, 0)]
[2026-04-16 11:28:30] [DEBUG] 原点 (3, 1) 验证失败
[2026-04-16 11:28:30] [DEBUG] 测试原点: (3, 2), 形状偏移量: [(1, 0), (2, 0)]
[2026-04-16 11:28:30] [DEBUG] 放置验证通过: shape_coords=[(1, 0), (2, 0)], origin=(3, 2), 所有坐标在网格范围内且无碰撞
[2026-04-16 11:28:30] [DEBUG] 原点 (3, 2) 验证通过
[2026-04-16 11:28:30] [DEBUG] 测试原点: (4, 0), 形状偏移量: [(1, 0), (2, 0)]
[2026-04-16 11:28:30] [DEBUG] 放置验证通过: shape_coords=[(1, 0), (2, 0)], origin=(4, 0), 所有坐标在网格范围内且无碰撞
[2026-04-16 11:28:30] [DEBUG] 原点 (4, 0) 验证通过
[2026-04-16 11:28:30] [DEBUG] 测试原点: (4, 1), 形状偏移量: [(1, 0), (2, 0)]
[2026-04-16 11:28:30] [DEBUG] 原点 (4, 1) 验证失败
[2026-04-16 11:28:30] [DEBUG] 测试原点: (4, 2), 形状偏移量: [(1, 0), (2, 0)]
[2026-04-16 11:28:30] [DEBUG] 放置验证通过: shape_coords=[(1, 0), (2, 0)], origin=(4, 2), 所有坐标在网格范围内且无碰撞
[2026-04-16 11:28:30] [DEBUG] 原点 (4, 2) 验证通过
[2026-04-16 11:28:30] [DEBUG] 测试原点: (5, 0), 形状偏移量: [(1, 0), (2, 0)]
[2026-04-16 11:28:30] [DEBUG] 放置验证通过: shape_coords=[(1, 0), (2, 0)], origin=(5, 0), 所有坐标在网格范围内且无碰撞
[2026-04-16 11:28:30] [DEBUG] 原点 (5, 0) 验证通过
[2026-04-16 11:28:30] [DEBUG] 测试原点: (5, 1), 形状偏移量: [(1, 0), (2, 0)]
[2026-04-16 11:28:30] [DEBUG] 放置验证通过: shape_coords=[(1, 0), (2, 0)], origin=(5, 1), 所有坐标在网格范围内且无碰撞
[2026-04-16 11:28:30] [DEBUG] 原点 (5, 1) 验证通过
[2026-04-16 11:28:30] [DEBUG] 测试原点: (5, 2), 形状偏移量: [(1, 0), (2, 0)]
[2026-04-16 11:28:30] [DEBUG] 放置验证通过: shape_coords=[(1, 0), (2, 0)], origin=(5, 2), 所有坐标在网格范围内且无碰撞
[2026-04-16 11:28:30] [DEBUG] 原点 (5, 2) 验证通过
[2026-04-16 11:28:30] [DEBUG] 测试原点: (6, 0), 形状偏移量: [(1, 0), (2, 0)]
[2026-04-16 11:28:30] [DEBUG] 放置验证通过: shape_coords=[(1, 0), (2, 0)], origin=(6, 0), 所有坐标在网格范围内且无碰撞
[2026-04-16 11:28:30] [DEBUG] 原点 (6, 0) 验证通过
[2026-04-16 11:28:30] [DEBUG] 测试原点: (6, 1), 形状偏移量: [(1, 0), (2, 0)]
[2026-04-16 11:28:30] [DEBUG] 放置验证通过: shape_coords=[(1, 0), (2, 0)], origin=(6, 1), 所有坐标在网格范围内且无碰撞
[2026-04-16 11:28:30] [DEBUG] 原点 (6, 1) 验证通过
[2026-04-16 11:28:30] [DEBUG] 测试原点: (6, 2), 形状偏移量: [(1, 0), (2, 0)]
[2026-04-16 11:28:30] [DEBUG] 放置验证通过: shape_coords=[(1, 0), (2, 0)], origin=(6, 2), 所有坐标在网格范围内且无碰撞
[2026-04-16 11:28:30] [DEBUG] 原点 (6, 2) 验证通过
[2026-04-16 11:28:30] [DEBUG] 测试原点: (7, 0), 形状偏移量: [(1, 0), (2, 0)]
[2026-04-16 11:28:30] [DEBUG] 放置验证通过: shape_coords=[(1, 0), (2, 0)], origin=(7, 0), 所有坐标在网格范围内且无碰撞
[2026-04-16 11:28:30] [DEBUG] 原点 (7, 0) 验证通过
[2026-04-16 11:28:30] [DEBUG] 测试原点: (7, 1), 形状偏移量: [(1, 0), (2, 0)]
[2026-04-16 11:28:30] [DEBUG] 原点 (7, 1) 验证失败
[2026-04-16 11:28:30] [DEBUG] 测试原点: (7, 2), 形状偏移量: [(1, 0), (2, 0)]
[2026-04-16 11:28:30] [DEBUG] 放置验证通过: shape_coords=[(1, 0), (2, 0)], origin=(7, 2), 所有坐标在网格范围内且无碰撞
[2026-04-16 11:28:30] [DEBUG] 原点 (7, 2) 验证通过
[2026-04-16 11:28:30] [DEBUG] 测试原点: (8, 0), 形状偏移量: [(1, 0), (2, 0)]
[2026-04-16 11:28:30] [DEBUG] 放置验证通过: shape_coords=[(1, 0), (2, 0)], origin=(8, 0), 所有坐标在网格范围内且无碰撞
[2026-04-16 11:28:30] [DEBUG] 原点 (8, 0) 验证通过
[2026-04-16 11:28:30] [DEBUG] 测试原点: (8, 1), 形状偏移量: [(1, 0), (2, 0)]
[2026-04-16 11:28:30] [DEBUG] 原点 (8, 1) 验证失败
[2026-04-16 11:28:30] [DEBUG] 测试原点: (8, 2), 形状偏移量: [(1, 0), (2, 0)]
[2026-04-16 11:28:30] [DEBUG] 放置验证通过: shape_coords=[(1, 0), (2, 0)], origin=(8, 2), 所有坐标在网格范围内且无碰撞
[2026-04-16 11:28:30] [DEBUG] 原点 (8, 2) 验证通过
[2026-04-16 11:28:30] [DEBUG] 测试原点: (9, 0), 形状偏移量: [(1, 0), (2, 0)]
[2026-04-16 11:28:30] [DEBUG] 放置验证通过: shape_coords=[(1, 0), (2, 0)], origin=(9, 0), 所有坐标在网格范围内且无碰撞
[2026-04-16 11:28:30] [DEBUG] 原点 (9, 0) 验证通过
[2026-04-16 11:28:30] [DEBUG] 测试原点: (9, 1), 形状偏移量: [(1, 0), (2, 0)]
[2026-04-16 11:28:30] [DEBUG] 原点 (9, 1) 验证失败
[2026-04-16 11:28:30] [DEBUG] 测试原点: (9, 2), 形状偏移量: [(1, 0), (2, 0)]
[2026-04-16 11:28:30] [DEBUG] 放置验证通过: shape_coords=[(1, 0), (2, 0)], origin=(9, 2), 所有坐标在网格范围内且无碰撞
[2026-04-16 11:28:30] [DEBUG] 原点 (9, 2) 验证通过
[2026-04-16 11:28:30] [DEBUG] find_random_available_spot: 找到 24 个可用位置: [(0, 0), (0, 1), (0, 2), (1, 0), (1, 1), (1, 2), (2, 0), (2, 2), (3, 0), (3, 2), (4, 0), (4, 2), (5, 0), (5, 1), (5, 2), (6, 0), (6, 1), (6, 2), (7, 0), (7, 2), (8, 0), (8, 2), (9, 0), (9, 2)]
[2026-04-16 11:28:30] [DEBUG] 随机选择原点: (7, 0)
[2026-04-16 11:28:30] [DEBUG] 创建村庄意图行动: village, 效果: 扩张1
[2026-04-16 11:28:30] [DEBUG] 放置验证通过: shape_coords=[(1, 0), (2, 0)], origin=(7, 0), 所有坐标在网格范围内且无碰撞
[2026-04-16 11:28:30] [DEBUG] place_action: 绝对坐标=[(8, 0), (9, 0)], 网格当前占用数=4
[2026-04-16 11:28:30] [DEBUG] place_action: 占据坐标 (8, 0)
[2026-04-16 11:28:30] [DEBUG] place_action: 占据坐标 (9, 0)
[2026-04-16 11:28:30] [INFO] place_action: 行动放置成功！origin=(7, 0), 行动ID=-9223371920555111977
[2026-04-16 11:28:30] [INFO] 👾 敌人 @Node2D@136 成功在随机位置 (7, 0) 部署了意图！
[2026-04-16 11:28:30] [INFO] 生成敌人意图: 敌人=@Node2D@44, 类型=Node2D
[2026-04-16 11:28:30] [INFO] 敌人形状: [(1, 0), (2, 0)]
[2026-04-16 11:28:30] [DEBUG] find_random_available_spot: 寻找形状 [(1, 0), (2, 0)] 的可用位置，网格范围 12 x 3
[2026-04-16 11:28:30] [DEBUG] 形状范围: X[1, 2](宽度=2), Y[0, 0](高度=1)
[2026-04-16 11:28:30] [DEBUG] 可能的原点范围: X[0, 9], Y[0, 2]
[2026-04-16 11:28:30] [DEBUG] 测试原点: (0, 0), 形状偏移量: [(1, 0), (2, 0)]
[2026-04-16 11:28:30] [DEBUG] 放置验证通过: shape_coords=[(1, 0), (2, 0)], origin=(0, 0), 所有坐标在网格范围内且无碰撞
[2026-04-16 11:28:30] [DEBUG] 原点 (0, 0) 验证通过
[2026-04-16 11:28:30] [DEBUG] 测试原点: (0, 1), 形状偏移量: [(1, 0), (2, 0)]
[2026-04-16 11:28:30] [DEBUG] 放置验证通过: shape_coords=[(1, 0), (2, 0)], origin=(0, 1), 所有坐标在网格范围内且无碰撞
[2026-04-16 11:28:30] [DEBUG] 原点 (0, 1) 验证通过
[2026-04-16 11:28:30] [DEBUG] 测试原点: (0, 2), 形状偏移量: [(1, 0), (2, 0)]
[2026-04-16 11:28:30] [DEBUG] 放置验证通过: shape_coords=[(1, 0), (2, 0)], origin=(0, 2), 所有坐标在网格范围内且无碰撞
[2026-04-16 11:28:30] [DEBUG] 原点 (0, 2) 验证通过
[2026-04-16 11:28:30] [DEBUG] 测试原点: (1, 0), 形状偏移量: [(1, 0), (2, 0)]
[2026-04-16 11:28:30] [DEBUG] 放置验证通过: shape_coords=[(1, 0), (2, 0)], origin=(1, 0), 所有坐标在网格范围内且无碰撞
[2026-04-16 11:28:30] [DEBUG] 原点 (1, 0) 验证通过
[2026-04-16 11:28:30] [DEBUG] 测试原点: (1, 1), 形状偏移量: [(1, 0), (2, 0)]
[2026-04-16 11:28:30] [DEBUG] 放置验证通过: shape_coords=[(1, 0), (2, 0)], origin=(1, 1), 所有坐标在网格范围内且无碰撞
[2026-04-16 11:28:30] [DEBUG] 原点 (1, 1) 验证通过
[2026-04-16 11:28:30] [DEBUG] 测试原点: (1, 2), 形状偏移量: [(1, 0), (2, 0)]
[2026-04-16 11:28:30] [DEBUG] 放置验证通过: shape_coords=[(1, 0), (2, 0)], origin=(1, 2), 所有坐标在网格范围内且无碰撞
[2026-04-16 11:28:30] [DEBUG] 原点 (1, 2) 验证通过
[2026-04-16 11:28:30] [DEBUG] 测试原点: (2, 0), 形状偏移量: [(1, 0), (2, 0)]
[2026-04-16 11:28:30] [DEBUG] 放置验证通过: shape_coords=[(1, 0), (2, 0)], origin=(2, 0), 所有坐标在网格范围内且无碰撞
[2026-04-16 11:28:30] [DEBUG] 原点 (2, 0) 验证通过
[2026-04-16 11:28:30] [DEBUG] 测试原点: (2, 1), 形状偏移量: [(1, 0), (2, 0)]
[2026-04-16 11:28:30] [DEBUG] 原点 (2, 1) 验证失败
[2026-04-16 11:28:30] [DEBUG] 测试原点: (2, 2), 形状偏移量: [(1, 0), (2, 0)]
[2026-04-16 11:28:30] [DEBUG] 放置验证通过: shape_coords=[(1, 0), (2, 0)], origin=(2, 2), 所有坐标在网格范围内且无碰撞
[2026-04-16 11:28:30] [DEBUG] 原点 (2, 2) 验证通过
[2026-04-16 11:28:30] [DEBUG] 测试原点: (3, 0), 形状偏移量: [(1, 0), (2, 0)]
[2026-04-16 11:28:30] [DEBUG] 放置验证通过: shape_coords=[(1, 0), (2, 0)], origin=(3, 0), 所有坐标在网格范围内且无碰撞
[2026-04-16 11:28:30] [DEBUG] 原点 (3, 0) 验证通过
[2026-04-16 11:28:30] [DEBUG] 测试原点: (3, 1), 形状偏移量: [(1, 0), (2, 0)]
[2026-04-16 11:28:30] [DEBUG] 原点 (3, 1) 验证失败
[2026-04-16 11:28:30] [DEBUG] 测试原点: (3, 2), 形状偏移量: [(1, 0), (2, 0)]
[2026-04-16 11:28:30] [DEBUG] 放置验证通过: shape_coords=[(1, 0), (2, 0)], origin=(3, 2), 所有坐标在网格范围内且无碰撞
[2026-04-16 11:28:30] [DEBUG] 原点 (3, 2) 验证通过
[2026-04-16 11:28:30] [DEBUG] 测试原点: (4, 0), 形状偏移量: [(1, 0), (2, 0)]
[2026-04-16 11:28:30] [DEBUG] 放置验证通过: shape_coords=[(1, 0), (2, 0)], origin=(4, 0), 所有坐标在网格范围内且无碰撞
[2026-04-16 11:28:31] [DEBUG] 原点 (4, 0) 验证通过
[2026-04-16 11:28:31] [DEBUG] 测试原点: (4, 1), 形状偏移量: [(1, 0), (2, 0)]
[2026-04-16 11:28:31] [DEBUG] 原点 (4, 1) 验证失败
[2026-04-16 11:28:31] [DEBUG] 测试原点: (4, 2), 形状偏移量: [(1, 0), (2, 0)]
[2026-04-16 11:28:31] [DEBUG] 放置验证通过: shape_coords=[(1, 0), (2, 0)], origin=(4, 2), 所有坐标在网格范围内且无碰撞
[2026-04-16 11:28:31] [DEBUG] 原点 (4, 2) 验证通过
[2026-04-16 11:28:31] [DEBUG] 测试原点: (5, 0), 形状偏移量: [(1, 0), (2, 0)]
[2026-04-16 11:28:31] [DEBUG] 放置验证通过: shape_coords=[(1, 0), (2, 0)], origin=(5, 0), 所有坐标在网格范围内且无碰撞
[2026-04-16 11:28:31] [DEBUG] 原点 (5, 0) 验证通过
[2026-04-16 11:28:31] [DEBUG] 测试原点: (5, 1), 形状偏移量: [(1, 0), (2, 0)]
[2026-04-16 11:28:31] [DEBUG] 放置验证通过: shape_coords=[(1, 0), (2, 0)], origin=(5, 1), 所有坐标在网格范围内且无碰撞
[2026-04-16 11:28:31] [DEBUG] 原点 (5, 1) 验证通过
[2026-04-16 11:28:31] [DEBUG] 测试原点: (5, 2), 形状偏移量: [(1, 0), (2, 0)]
[2026-04-16 11:28:31] [DEBUG] 放置验证通过: shape_coords=[(1, 0), (2, 0)], origin=(5, 2), 所有坐标在网格范围内且无碰撞
[2026-04-16 11:28:31] [DEBUG] 原点 (5, 2) 验证通过
[2026-04-16 11:28:31] [DEBUG] 测试原点: (6, 0), 形状偏移量: [(1, 0), (2, 0)]
[2026-04-16 11:28:31] [DEBUG] 原点 (6, 0) 验证失败
[2026-04-16 11:28:31] [DEBUG] 测试原点: (6, 1), 形状偏移量: [(1, 0), (2, 0)]
[2026-04-16 11:28:31] [DEBUG] 放置验证通过: shape_coords=[(1, 0), (2, 0)], origin=(6, 1), 所有坐标在网格范围内且无碰撞
[2026-04-16 11:28:31] [DEBUG] 原点 (6, 1) 验证通过
[2026-04-16 11:28:31] [DEBUG] 测试原点: (6, 2), 形状偏移量: [(1, 0), (2, 0)]
[2026-04-16 11:28:31] [DEBUG] 放置验证通过: shape_coords=[(1, 0), (2, 0)], origin=(6, 2), 所有坐标在网格范围内且无碰撞
[2026-04-16 11:28:31] [DEBUG] 原点 (6, 2) 验证通过
[2026-04-16 11:28:31] [DEBUG] 测试原点: (7, 0), 形状偏移量: [(1, 0), (2, 0)]
[2026-04-16 11:28:31] [DEBUG] 原点 (7, 0) 验证失败
[2026-04-16 11:28:31] [DEBUG] 测试原点: (7, 1), 形状偏移量: [(1, 0), (2, 0)]
[2026-04-16 11:28:31] [DEBUG] 原点 (7, 1) 验证失败
[2026-04-16 11:28:31] [DEBUG] 测试原点: (7, 2), 形状偏移量: [(1, 0), (2, 0)]
[2026-04-16 11:28:31] [DEBUG] 放置验证通过: shape_coords=[(1, 0), (2, 0)], origin=(7, 2), 所有坐标在网格范围内且无碰撞
[2026-04-16 11:28:31] [DEBUG] 原点 (7, 2) 验证通过
[2026-04-16 11:28:31] [DEBUG] 测试原点: (8, 0), 形状偏移量: [(1, 0), (2, 0)]
[2026-04-16 11:28:31] [DEBUG] 原点 (8, 0) 验证失败
[2026-04-16 11:28:31] [DEBUG] 测试原点: (8, 1), 形状偏移量: [(1, 0), (2, 0)]
[2026-04-16 11:28:31] [DEBUG] 原点 (8, 1) 验证失败
[2026-04-16 11:28:31] [DEBUG] 测试原点: (8, 2), 形状偏移量: [(1, 0), (2, 0)]
[2026-04-16 11:28:31] [DEBUG] 放置验证通过: shape_coords=[(1, 0), (2, 0)], origin=(8, 2), 所有坐标在网格范围内且无碰撞
[2026-04-16 11:28:31] [DEBUG] 原点 (8, 2) 验证通过
[2026-04-16 11:28:31] [DEBUG] 测试原点: (9, 0), 形状偏移量: [(1, 0), (2, 0)]
[2026-04-16 11:28:31] [DEBUG] 放置验证通过: shape_coords=[(1, 0), (2, 0)], origin=(9, 0), 所有坐标在网格范围内且无碰撞
[2026-04-16 11:28:31] [DEBUG] 原点 (9, 0) 验证通过
[2026-04-16 11:28:31] [DEBUG] 测试原点: (9, 1), 形状偏移量: [(1, 0), (2, 0)]
[2026-04-16 11:28:31] [DEBUG] 原点 (9, 1) 验证失败
[2026-04-16 11:28:31] [DEBUG] 测试原点: (9, 2), 形状偏移量: [(1, 0), (2, 0)]
[2026-04-16 11:28:31] [DEBUG] 放置验证通过: shape_coords=[(1, 0), (2, 0)], origin=(9, 2), 所有坐标在网格范围内且无碰撞
[2026-04-16 11:28:31] [DEBUG] 原点 (9, 2) 验证通过
[2026-04-16 11:28:31] [DEBUG] find_random_available_spot: 找到 21 个可用位置: [(0, 0), (0, 1), (0, 2), (1, 0), (1, 1), (1, 2), (2, 0), (2, 2), (3, 0), (3, 2), (4, 0), (4, 2), (5, 0), (5, 1), (5, 2), (6, 1), (6, 2), (7, 2), (8, 2), (9, 0), (9, 2)]
[2026-04-16 11:28:31] [DEBUG] 随机选择原点: (9, 2)
[2026-04-16 11:28:31] [DEBUG] 创建村庄意图行动: village, 效果: 扩张1
[2026-04-16 11:28:31] [DEBUG] 放置验证通过: shape_coords=[(1, 0), (2, 0)], origin=(9, 2), 所有坐标在网格范围内且无碰撞
[2026-04-16 11:28:31] [DEBUG] place_action: 绝对坐标=[(10, 2), (11, 2)], 网格当前占用数=6
[2026-04-16 11:28:31] [DEBUG] place_action: 占据坐标 (10, 2)
[2026-04-16 11:28:31] [DEBUG] place_action: 占据坐标 (11, 2)
[2026-04-16 11:28:31] [INFO] place_action: 行动放置成功！origin=(9, 2), 行动ID=-9223371915505169946
[2026-04-16 11:28:31] [INFO] 👾 敌人 @Node2D@44 成功在随机位置 (9, 2) 部署了意图！
[2026-04-16 11:28:31] [INFO] 生成敌人意图: 敌人=@Node2D@177, 类型=Node2D
[2026-04-16 11:28:31] [INFO] 敌人形状: [(1, 0), (2, 0)]
[2026-04-16 11:28:31] [DEBUG] find_random_available_spot: 寻找形状 [(1, 0), (2, 0)] 的可用位置，网格范围 12 x 3
[2026-04-16 11:28:31] [DEBUG] 形状范围: X[1, 2](宽度=2), Y[0, 0](高度=1)
[2026-04-16 11:28:31] [DEBUG] 可能的原点范围: X[0, 9], Y[0, 2]
[2026-04-16 11:28:31] [DEBUG] 测试原点: (0, 0), 形状偏移量: [(1, 0), (2, 0)]
[2026-04-16 11:28:31] [DEBUG] 放置验证通过: shape_coords=[(1, 0), (2, 0)], origin=(0, 0), 所有坐标在网格范围内且无碰撞
[2026-04-16 11:28:31] [DEBUG] 原点 (0, 0) 验证通过
[2026-04-16 11:28:31] [DEBUG] 测试原点: (0, 1), 形状偏移量: [(1, 0), (2, 0)]
[2026-04-16 11:28:31] [DEBUG] 放置验证通过: shape_coords=[(1, 0), (2, 0)], origin=(0, 1), 所有坐标在网格范围内且无碰撞
[2026-04-16 11:28:31] [DEBUG] 原点 (0, 1) 验证通过
[2026-04-16 11:28:31] [DEBUG] 测试原点: (0, 2), 形状偏移量: [(1, 0), (2, 0)]
[2026-04-16 11:28:31] [DEBUG] 放置验证通过: shape_coords=[(1, 0), (2, 0)], origin=(0, 2), 所有坐标在网格范围内且无碰撞
[2026-04-16 11:28:31] [DEBUG] 原点 (0, 2) 验证通过
[2026-04-16 11:28:31] [DEBUG] 测试原点: (1, 0), 形状偏移量: [(1, 0), (2, 0)]
[2026-04-16 11:28:31] [DEBUG] 放置验证通过: shape_coords=[(1, 0), (2, 0)], origin=(1, 0), 所有坐标在网格范围内且无碰撞
[2026-04-16 11:28:31] [DEBUG] 原点 (1, 0) 验证通过
[2026-04-16 11:28:31] [DEBUG] 测试原点: (1, 1), 形状偏移量: [(1, 0), (2, 0)]
[2026-04-16 11:28:31] [DEBUG] 放置验证通过: shape_coords=[(1, 0), (2, 0)], origin=(1, 1), 所有坐标在网格范围内且无碰撞
[2026-04-16 11:28:31] [DEBUG] 原点 (1, 1) 验证通过
[2026-04-16 11:28:31] [DEBUG] 测试原点: (1, 2), 形状偏移量: [(1, 0), (2, 0)]
[2026-04-16 11:28:31] [DEBUG] 放置验证通过: shape_coords=[(1, 0), (2, 0)], origin=(1, 2), 所有坐标在网格范围内且无碰撞
[2026-04-16 11:28:31] [DEBUG] 原点 (1, 2) 验证通过
[2026-04-16 11:28:31] [DEBUG] 测试原点: (2, 0), 形状偏移量: [(1, 0), (2, 0)]
[2026-04-16 11:28:31] [DEBUG] 放置验证通过: shape_coords=[(1, 0), (2, 0)], origin=(2, 0), 所有坐标在网格范围内且无碰撞
[2026-04-16 11:28:31] [DEBUG] 原点 (2, 0) 验证通过
[2026-04-16 11:28:31] [DEBUG] 测试原点: (2, 1), 形状偏移量: [(1, 0), (2, 0)]
[2026-04-16 11:28:31] [DEBUG] 原点 (2, 1) 验证失败
[2026-04-16 11:28:31] [DEBUG] 测试原点: (2, 2), 形状偏移量: [(1, 0), (2, 0)]
[2026-04-16 11:28:31] [DEBUG] 放置验证通过: shape_coords=[(1, 0), (2, 0)], origin=(2, 2), 所有坐标在网格范围内且无碰撞
[2026-04-16 11:28:31] [DEBUG] 原点 (2, 2) 验证通过
[2026-04-16 11:28:31] [DEBUG] 测试原点: (3, 0), 形状偏移量: [(1, 0), (2, 0)]
[2026-04-16 11:28:31] [DEBUG] 放置验证通过: shape_coords=[(1, 0), (2, 0)], origin=(3, 0), 所有坐标在网格范围内且无碰撞
[2026-04-16 11:28:31] [DEBUG] 原点 (3, 0) 验证通过
[2026-04-16 11:28:31] [DEBUG] 测试原点: (3, 1), 形状偏移量: [(1, 0), (2, 0)]
[2026-04-16 11:28:31] [DEBUG] 原点 (3, 1) 验证失败
[2026-04-16 11:28:31] [DEBUG] 测试原点: (3, 2), 形状偏移量: [(1, 0), (2, 0)]
[2026-04-16 11:28:31] [DEBUG] 放置验证通过: shape_coords=[(1, 0), (2, 0)], origin=(3, 2), 所有坐标在网格范围内且无碰撞
[2026-04-16 11:28:31] [DEBUG] 原点 (3, 2) 验证通过
[2026-04-16 11:28:31] [DEBUG] 测试原点: (4, 0), 形状偏移量: [(1, 0), (2, 0)]
[2026-04-16 11:28:31] [DEBUG] 放置验证通过: shape_coords=[(1, 0), (2, 0)], origin=(4, 0), 所有坐标在网格范围内且无碰撞
[2026-04-16 11:28:31] [DEBUG] 原点 (4, 0) 验证通过
[2026-04-16 11:28:31] [DEBUG] 测试原点: (4, 1), 形状偏移量: [(1, 0), (2, 0)]
[2026-04-16 11:28:31] [DEBUG] 原点 (4, 1) 验证失败
[2026-04-16 11:28:31] [DEBUG] 测试原点: (4, 2), 形状偏移量: [(1, 0), (2, 0)]
[2026-04-16 11:28:31] [DEBUG] 放置验证通过: shape_coords=[(1, 0), (2, 0)], origin=(4, 2), 所有坐标在网格范围内且无碰撞
[2026-04-16 11:28:31] [DEBUG] 原点 (4, 2) 验证通过
[2026-04-16 11:28:31] [DEBUG] 测试原点: (5, 0), 形状偏移量: [(1, 0), (2, 0)]
[2026-04-16 11:28:31] [DEBUG] 放置验证通过: shape_coords=[(1, 0), (2, 0)], origin=(5, 0), 所有坐标在网格范围内且无碰撞
[2026-04-16 11:28:31] [DEBUG] 原点 (5, 0) 验证通过
[2026-04-16 11:28:31] [DEBUG] 测试原点: (5, 1), 形状偏移量: [(1, 0), (2, 0)]
[2026-04-16 11:28:31] [DEBUG] 放置验证通过: shape_coords=[(1, 0), (2, 0)], origin=(5, 1), 所有坐标在网格范围内且无碰撞
[2026-04-16 11:28:31] [DEBUG] 原点 (5, 1) 验证通过
[2026-04-16 11:28:31] [DEBUG] 测试原点: (5, 2), 形状偏移量: [(1, 0), (2, 0)]
[2026-04-16 11:28:31] [DEBUG] 放置验证通过: shape_coords=[(1, 0), (2, 0)], origin=(5, 2), 所有坐标在网格范围内且无碰撞
[2026-04-16 11:28:31] [DEBUG] 原点 (5, 2) 验证通过
[2026-04-16 11:28:31] [DEBUG] 测试原点: (6, 0), 形状偏移量: [(1, 0), (2, 0)]
[2026-04-16 11:28:31] [DEBUG] 原点 (6, 0) 验证失败
[2026-04-16 11:28:31] [DEBUG] 测试原点: (6, 1), 形状偏移量: [(1, 0), (2, 0)]
[2026-04-16 11:28:31] [DEBUG] 放置验证通过: shape_coords=[(1, 0), (2, 0)], origin=(6, 1), 所有坐标在网格范围内且无碰撞
[2026-04-16 11:28:31] [DEBUG] 原点 (6, 1) 验证通过
[2026-04-16 11:28:31] [DEBUG] 测试原点: (6, 2), 形状偏移量: [(1, 0), (2, 0)]
[2026-04-16 11:28:31] [DEBUG] 放置验证通过: shape_coords=[(1, 0), (2, 0)], origin=(6, 2), 所有坐标在网格范围内且无碰撞
[2026-04-16 11:28:31] [DEBUG] 原点 (6, 2) 验证通过
[2026-04-16 11:28:31] [DEBUG] 测试原点: (7, 0), 形状偏移量: [(1, 0), (2, 0)]
[2026-04-16 11:28:31] [DEBUG] 原点 (7, 0) 验证失败
[2026-04-16 11:28:31] [DEBUG] 测试原点: (7, 1), 形状偏移量: [(1, 0), (2, 0)]
[2026-04-16 11:28:31] [DEBUG] 原点 (7, 1) 验证失败
[2026-04-16 11:28:31] [DEBUG] 测试原点: (7, 2), 形状偏移量: [(1, 0), (2, 0)]
[2026-04-16 11:28:31] [DEBUG] 放置验证通过: shape_coords=[(1, 0), (2, 0)], origin=(7, 2), 所有坐标在网格范围内且无碰撞
[2026-04-16 11:28:31] [DEBUG] 原点 (7, 2) 验证通过
[2026-04-16 11:28:31] [DEBUG] 测试原点: (8, 0), 形状偏移量: [(1, 0), (2, 0)]
[2026-04-16 11:28:31] [DEBUG] 原点 (8, 0) 验证失败
[2026-04-16 11:28:31] [DEBUG] 测试原点: (8, 1), 形状偏移量: [(1, 0), (2, 0)]
[2026-04-16 11:28:31] [DEBUG] 原点 (8, 1) 验证失败
[2026-04-16 11:28:31] [DEBUG] 测试原点: (8, 2), 形状偏移量: [(1, 0), (2, 0)]
[2026-04-16 11:28:31] [DEBUG] 原点 (8, 2) 验证失败
[2026-04-16 11:28:31] [DEBUG] 测试原点: (9, 0), 形状偏移量: [(1, 0), (2, 0)]
[2026-04-16 11:28:31] [DEBUG] 放置验证通过: shape_coords=[(1, 0), (2, 0)], origin=(9, 0), 所有坐标在网格范围内且无碰撞
[2026-04-16 11:28:31] [DEBUG] 原点 (9, 0) 验证通过
[2026-04-16 11:28:31] [DEBUG] 测试原点: (9, 1), 形状偏移量: [(1, 0), (2, 0)]
[2026-04-16 11:28:31] [DEBUG] 原点 (9, 1) 验证失败
[2026-04-16 11:28:31] [DEBUG] 测试原点: (9, 2), 形状偏移量: [(1, 0), (2, 0)]
[2026-04-16 11:28:31] [DEBUG] 原点 (9, 2) 验证失败
[2026-04-16 11:28:31] [DEBUG] find_random_available_spot: 找到 19 个可用位置: [(0, 0), (0, 1), (0, 2), (1, 0), (1, 1), (1, 2), (2, 0), (2, 2), (3, 0), (3, 2), (4, 0), (4, 2), (5, 0), (5, 1), (5, 2), (6, 1), (6, 2), (7, 2), (9, 0)]
[2026-04-16 11:28:31] [DEBUG] 随机选择原点: (1, 0)
[2026-04-16 11:28:31] [DEBUG] 创建村庄意图行动: village, 效果: 扩张1
[2026-04-16 11:28:31] [DEBUG] 放置验证通过: shape_coords=[(1, 0), (2, 0)], origin=(1, 0), 所有坐标在网格范围内且无碰撞
[2026-04-16 11:28:31] [DEBUG] place_action: 绝对坐标=[(2, 0), (3, 0)], 网格当前占用数=8
[2026-04-16 11:28:31] [DEBUG] place_action: 占据坐标 (2, 0)
[2026-04-16 11:28:31] [DEBUG] place_action: 占据坐标 (3, 0)
[2026-04-16 11:28:31] [INFO] place_action: 行动放置成功！origin=(1, 0), 行动ID=-9223371910555891211
[2026-04-16 11:28:31] [INFO] 👾 敌人 @Node2D@177 成功在随机位置 (1, 0) 部署了意图！
[2026-04-16 11:28:31] [WARNING] ⚠️ 时间轴已满载，不再生成额外敌方意图！
[2026-04-16 11:28:31] [INFO] ✅ 游戏开始时已生成敌人意图
[2026-04-16 11:28:31] [INFO] === 时间轴网格状态 ===
[2026-04-16 11:28:31] [INFO] 网格占用总数: 10
[2026-04-16 11:28:31] [INFO] (4, 1): TimelineAction(type=ENEMY, origin=(3, 1))
[2026-04-16 11:28:31] [INFO] (5, 1): TimelineAction(type=ENEMY, origin=(3, 1))
[2026-04-16 11:28:31] [INFO] (9, 1): TimelineAction(type=ENEMY, origin=(8, 1))
[2026-04-16 11:28:31] [INFO] (10, 1): TimelineAction(type=ENEMY, origin=(8, 1))
[2026-04-16 11:28:31] [INFO] (8, 0): TimelineAction(type=ENEMY, origin=(7, 0))
[2026-04-16 11:28:31] [INFO] (9, 0): TimelineAction(type=ENEMY, origin=(7, 0))
[2026-04-16 11:28:31] [INFO] (10, 2): TimelineAction(type=ENEMY, origin=(9, 2))
[2026-04-16 11:28:31] [INFO] (11, 2): TimelineAction(type=ENEMY, origin=(9, 2))
[2026-04-16 11:28:31] [INFO] (2, 0): TimelineAction(type=ENEMY, origin=(1, 0))
[2026-04-16 11:28:31] [INFO] (3, 0): TimelineAction(type=ENEMY, origin=(1, 0))
[2026-04-16 11:28:31] [INFO] === 网格状态结束 ===
[2026-04-16 11:28:31] [DEBUG] cursor_tooltip 已增强为PanelContainer样式
[2026-04-16 11:28:31] [DEBUG] 卡牌原始状态已保存: parent=Cards, pos=(0.0, 400.0), scale=(1.0, 1.0)
[2026-04-16 11:28:31] [DEBUG] 卡牌原始状态已保存: parent=Cards, pos=(0.0, 400.0), scale=(1.0, 1.0)
[2026-04-16 11:28:31] [DEBUG] 卡牌原始状态已保存: parent=Cards, pos=(0.0, 400.0), scale=(1.0, 1.0)
[2026-04-16 11:28:31] [INFO] UI 更新完毕 | 抽牌堆: 3 | 弃牌堆: 0
[2026-04-16 11:28:31] [DEBUG] 卡牌shape为字符串格式: 1
[2026-04-16 11:28:31] [DEBUG] 成功解析为矩阵格式: 1 -> 1x1
[2026-04-16 11:28:31] [DEBUG] TimeBlock节点类型: Control, 路径: /root/in_scene/ui/Main/DeckPile/Cards/Card/TimeBlock
[2026-04-16 11:28:31] [DEBUG] TimeBlock是Control类型，尝试动态处理
[2026-04-16 11:28:31] [DEBUG] 已创建TextureRect子节点显示时间占位图片: 1x1
[2026-04-16 11:28:31] [DEBUG] 处理通用Control节点: Control
[2026-04-16 11:28:31] [DEBUG] 显示时间占位图片，位置: (27.5, -40.83334), 大小: (0.0, 0.0)
[2026-04-16 11:28:31] [DEBUG] 卡牌shape为字符串格式: 1,1
[2026-04-16 11:28:31] [DEBUG] 成功解析为矩阵格式: 1,1 -> 1x2
[2026-04-16 11:28:31] [DEBUG] TimeBlock节点类型: Control, 路径: /root/in_scene/ui/Main/DeckPile/Cards/@Control@317/TimeBlock
[2026-04-16 11:28:31] [DEBUG] TimeBlock是Control类型，尝试动态处理
[2026-04-16 11:28:31] [DEBUG] 已创建TextureRect子节点显示时间占位图片: 1x2
[2026-04-16 11:28:31] [DEBUG] 处理通用Control节点: Control
[2026-04-16 11:28:31] [DEBUG] 显示时间占位图片，位置: (27.5, -40.83334), 大小: (0.0, 0.0)
[2026-04-16 11:28:31] [DEBUG] 卡牌shape为字符串格式: 11,11
[2026-04-16 11:28:31] [DEBUG] 成功解析为矩阵格式: 11,11 -> 2x2
[2026-04-16 11:28:31] [DEBUG] TimeBlock节点类型: Control, 路径: /root/in_scene/ui/Main/DeckPile/Cards/@Control@318/TimeBlock
[2026-04-16 11:28:31] [DEBUG] TimeBlock是Control类型，尝试动态处理
[2026-04-16 11:28:31] [DEBUG] 已创建TextureRect子节点显示时间占位图片: 2x2
[2026-04-16 11:28:31] [DEBUG] 处理通用Control节点: Control
[2026-04-16 11:28:31] [DEBUG] 显示时间占位图片，位置: (27.5, -40.83334), 大小: (0.0, 0.0)
================================================================================
会话开始: [2026-04-20 09:35:00]
================================================================================
[2026-04-20 09:35:00] [DEBUG] 地图数据填充完成，形状: fan，坐标数量: 48
[2026-04-20 09:35:00] [INFO] 扇形地图生成完成，坐标数量: 48
[2026-04-20 09:35:00] [DEBUG] 设置地形时间占位形状: 011 -> [(1, 0), (2, 0)]
[2026-04-20 09:35:00] [DEBUG] 地形受伤: amount=20, current_hp=80, damage_rate=0.20
[2026-04-20 09:35:00] [DEBUG] 设置地形时间占位形状: 011 -> [(1, 0), (2, 0)]
[2026-04-20 09:35:00] [DEBUG] 地形受伤: amount=1, current_hp=99, damage_rate=0.01
[2026-04-20 09:35:00] [DEBUG] 设置地形时间占位形状: 011 -> [(1, 0), (2, 0)]
[2026-04-20 09:35:00] [DEBUG] 地形受伤: amount=25, current_hp=75, damage_rate=0.25
[2026-04-20 09:35:00] [DEBUG] 设置地形时间占位形状: 011 -> [(1, 0), (2, 0)]
[2026-04-20 09:35:00] [DEBUG] 地形受伤: amount=1, current_hp=99, damage_rate=0.01
[2026-04-20 09:35:00] [DEBUG] 设置地形时间占位形状: 011 -> [(1, 0), (2, 0)]
[2026-04-20 09:35:00] [DEBUG] 地形受伤: amount=16, current_hp=84, damage_rate=0.16
[2026-04-20 09:35:00] [DEBUG] 设置地形时间占位形状: 011 -> [(1, 0), (2, 0)]
[2026-04-20 09:35:00] [DEBUG] 地形受伤: amount=11, current_hp=89, damage_rate=0.11
[2026-04-20 09:35:00] [DEBUG] 设置地形时间占位形状: 011 -> [(1, 0), (2, 0)]
[2026-04-20 09:35:00] [DEBUG] 设置地形时间占位形状: 011 -> [(1, 0), (2, 0)]
[2026-04-20 09:35:00] [DEBUG] 地形受伤: amount=0, current_hp=100, damage_rate=0.00
[2026-04-20 09:35:00] [DEBUG] 设置地形时间占位形状: 011 -> [(1, 0), (2, 0)]
[2026-04-20 09:35:00] [DEBUG] 地形受伤: amount=9, current_hp=91, damage_rate=0.09
[2026-04-20 09:35:00] [DEBUG] 设置地形时间占位形状: 011 -> [(1, 0), (2, 0)]
[2026-04-20 09:35:00] [DEBUG] 地形受伤: amount=2, current_hp=98, damage_rate=0.02
[2026-04-20 09:35:00] [DEBUG] 设置地形时间占位形状: 011 -> [(1, 0), (2, 0)]
[2026-04-20 09:35:00] [DEBUG] 地形受伤: amount=14, current_hp=86, damage_rate=0.14
[2026-04-20 09:35:00] [DEBUG] 设置地形时间占位形状: 011 -> [(1, 0), (2, 0)]
[2026-04-20 09:35:00] [DEBUG] 地形受伤: amount=16, current_hp=84, damage_rate=0.16
[2026-04-20 09:35:00] [DEBUG] 设置地形时间占位形状: 011 -> [(1, 0), (2, 0)]
[2026-04-20 09:35:00] [DEBUG] 地形受伤: amount=29, current_hp=71, damage_rate=0.29
[2026-04-20 09:35:00] [DEBUG] 设置地形时间占位形状: 011 -> [(1, 0), (2, 0)]
[2026-04-20 09:35:00] [DEBUG] 地形受伤: amount=11, current_hp=89, damage_rate=0.11
[2026-04-20 09:35:00] [DEBUG] 设置地形时间占位形状: 011 -> [(1, 0), (2, 0)]
[2026-04-20 09:35:00] [DEBUG] 地形受伤: amount=0, current_hp=100, damage_rate=0.00
[2026-04-20 09:35:00] [DEBUG] 设置地形时间占位形状: 011 -> [(1, 0), (2, 0)]
[2026-04-20 09:35:00] [DEBUG] 地形受伤: amount=0, current_hp=100, damage_rate=0.00
[2026-04-20 09:35:00] [DEBUG] 设置地形时间占位形状: 011 -> [(1, 0), (2, 0)]
[2026-04-20 09:35:00] [DEBUG] 地形受伤: amount=14, current_hp=86, damage_rate=0.14
[2026-04-20 09:35:00] [DEBUG] 设置地形时间占位形状: 011 -> [(1, 0), (2, 0)]
[2026-04-20 09:35:00] [DEBUG] 地形受伤: amount=15, current_hp=85, damage_rate=0.15
[2026-04-20 09:35:00] [DEBUG] 地貌放置完成，总数: 17，最大限制: 17
[2026-04-20 09:35:00] [DEBUG] 地形受伤: amount=29, current_hp=42, damage_rate=0.58
[2026-04-20 09:35:00] [DEBUG] 生成地貌: @Node2D@22 at (-6, 6)
[2026-04-20 09:35:00] [DEBUG] 地形受伤: amount=4, current_hp=80, damage_rate=0.20
[2026-04-20 09:35:00] [DEBUG] 生成地貌: @Node2D@33 at (-5, 6)
[2026-04-20 09:35:00] [DEBUG] 地形受伤: amount=14, current_hp=84, damage_rate=0.16
[2026-04-20 09:35:00] [DEBUG] 生成地貌: @Node2D@56 at (-3, 4)
[2026-04-20 09:35:00] [DEBUG] 地形受伤: amount=24, current_hp=75, damage_rate=0.25
[2026-04-20 09:35:00] [DEBUG] 生成地貌: @Node2D@62 at (-3, 5)
[2026-04-20 09:35:00] [DEBUG] 地形受伤: amount=16, current_hp=84, damage_rate=0.16
[2026-04-20 09:35:00] [DEBUG] 生成地貌: @Node2D@76 at (-2, 3)
[2026-04-20 09:35:00] [DEBUG] 地形受伤: amount=24, current_hp=56, damage_rate=0.44
[2026-04-20 09:35:00] [DEBUG] 生成地貌: @Node2D@106 at (-1, 2)
[2026-04-20 09:35:00] [DEBUG] 地形受伤: amount=7, current_hp=92, damage_rate=0.08
[2026-04-20 09:35:00] [DEBUG] 生成地貌: @Node2D@124 at (-1, 6)
[2026-04-20 09:35:00] [DEBUG] 地形受伤: amount=17, current_hp=67, damage_rate=0.33
[2026-04-20 09:35:00] [DEBUG] 生成地貌: @Node2D@131 at (0, 1)
[2026-04-20 09:35:00] [DEBUG] 地形受伤: amount=1, current_hp=90, damage_rate=0.10
[2026-04-20 09:35:00] [DEBUG] 生成地貌: @Node2D@138 at (0, 2)
[2026-04-20 09:35:00] [DEBUG] 地形受伤: amount=10, current_hp=90, damage_rate=0.10
[2026-04-20 09:35:00] [DEBUG] 生成地貌: @Node2D@142 at (0, 3)
[2026-04-20 09:35:00] [DEBUG] 地形受伤: amount=3, current_hp=86, damage_rate=0.14
[2026-04-20 09:35:00] [DEBUG] 生成地貌: @Node2D@146 at (0, 4)
[2026-04-20 09:35:00] [DEBUG] 地形受伤: amount=3, current_hp=72, damage_rate=0.28
[2026-04-20 09:35:00] [DEBUG] 生成地貌: @Node2D@169 at (1, 1)
[2026-04-20 09:35:00] [DEBUG] 地形受伤: amount=21, current_hp=65, damage_rate=0.35
[2026-04-20 09:35:00] [DEBUG] 生成地貌: @Node2D@176 at (1, 2)
[2026-04-20 09:35:00] [DEBUG] 地形受伤: amount=10, current_hp=76, damage_rate=0.24
[2026-04-20 09:35:00] [DEBUG] 生成地貌: @Node2D@193 at (1, 5)
[2026-04-20 09:35:00] [DEBUG] 地形受伤: amount=17, current_hp=68, damage_rate=0.32
[2026-04-20 09:35:00] [DEBUG] 生成地貌: @Node2D@216 at (2, 4)
[2026-04-20 09:35:00] [DEBUG] 地形受伤: amount=20, current_hp=69, damage_rate=0.31
[2026-04-20 09:35:00] [DEBUG] 生成地貌: @Node2D@240 at (4, 0)
[2026-04-20 09:35:00] [DEBUG] 地形受伤: amount=17, current_hp=83, damage_rate=0.17
[2026-04-20 09:35:00] [DEBUG] 生成地貌: @Node2D@249 at (4, 2)
[2026-04-20 09:35:00] [DEBUG] 成功绑定高度视图切换按钮
[2026-04-20 09:35:00] [DEBUG] 应用响应式动态锚点布局
[2026-04-20 09:35:00] [DEBUG] 布局应用完成: 真实尺寸(502.0x124.0), 缩放中心=(251.0, 0.0)
[2026-04-20 09:35:00] [DEBUG] 开始创建遮罩节点
[2026-04-20 09:35:00] [DEBUG] 时间轴遮罩已创建（使用全屏锚点），颜色: (0.2666, 0.2666, 0.2666, 0.6)，层级: 1，可见: false
[2026-04-20 09:35:00] [DEBUG] 遮罩创建完成，background_mask: BackgroundMask:<ColorRect#94355065126>
[2026-04-20 09:35:00] [DEBUG] 找到TimelineManager: TimelineManager
[2026-04-20 09:35:00] [DEBUG] 设置时间轴点击缩放权限: allow=false filter=2
[2026-04-20 09:35:00] [DEBUG] DragShapeController已添加到组，准备接收拖拽事件
[2026-04-20 09:35:00] [DEBUG] 敌人意图管理器已就绪
[2026-04-20 09:35:00] [INFO] 成功连接到 TimelineManager
[2026-04-20 09:35:00] [DEBUG] 时间轴可视化器已就绪
[2026-04-20 09:35:00] [INFO] 已连接到 DragShapeController
[2026-04-20 09:35:00] [INFO] TimelineUI已找到: TimelineUI
[2026-04-20 09:35:00] [INFO] 胜利调试按钮已连接
[2026-04-20 09:35:00] [INFO] 已连接胜利触发信号
[2026-04-20 09:35:00] [DEBUG] 🩸 成功将血条组件收编进地块渲染序列: EnemyHealth
[2026-04-20 09:35:00] [DEBUG] 🩸 成功将血条组件收编进地块渲染序列: EnemyHealth
[2026-04-20 09:35:00] [DEBUG] 🩸 成功将血条组件收编进地块渲染序列: EnemyHealth
[2026-04-20 09:35:00] [DEBUG] 🩸 成功将血条组件收编进地块渲染序列: EnemyHealth
[2026-04-20 09:35:00] [DEBUG] 🩸 成功将血条组件收编进地块渲染序列: EnemyHealth
[2026-04-20 09:35:00] [DEBUG] 🩸 成功将血条组件收编进地块渲染序列: EnemyHealth
[2026-04-20 09:35:00] [DEBUG] 🩸 成功将血条组件收编进地块渲染序列: EnemyHealth
[2026-04-20 09:35:00] [DEBUG] 🩸 成功将血条组件收编进地块渲染序列: EnemyHealth
[2026-04-20 09:35:00] [DEBUG] 🩸 成功将血条组件收编进地块渲染序列: EnemyHealth
[2026-04-20 09:35:00] [DEBUG] 🩸 成功将血条组件收编进地块渲染序列: EnemyHealth
[2026-04-20 09:35:00] [DEBUG] 🩸 成功将血条组件收编进地块渲染序列: EnemyHealth
[2026-04-20 09:35:00] [DEBUG] 🩸 成功将血条组件收编进地块渲染序列: EnemyHealth
[2026-04-20 09:35:00] [DEBUG] 🩸 成功将血条组件收编进地块渲染序列: EnemyHealth
[2026-04-20 09:35:00] [DEBUG] 🩸 成功将血条组件收编进地块渲染序列: EnemyHealth
[2026-04-20 09:35:00] [DEBUG] 🩸 成功将血条组件收编进地块渲染序列: EnemyHealth
[2026-04-20 09:35:00] [DEBUG] 🩸 成功将血条组件收编进地块渲染序列: EnemyHealth
[2026-04-20 09:35:00] [DEBUG] 🩸 成功将血条组件收编进地块渲染序列: EnemyHealth
[2026-04-20 09:35:00] [DEBUG] 游戏初始化：找到 17 个敌人，生成初始意图
[2026-04-20 09:35:00] [INFO] 生成敌人意图: 敌人=@Node2D@193, 类型=Node2D
[2026-04-20 09:35:00] [INFO] 敌人形状: [(1, 0), (2, 0)]
[2026-04-20 09:35:00] [DEBUG] 放置验证通过: shape_coords=[(1, 0), (2, 0)], origin=(0, 0), 所有坐标在网格范围内且无碰撞
[2026-04-20 09:35:00] [DEBUG] 放置验证通过: shape_coords=[(1, 0), (2, 0)], origin=(0, 1), 所有坐标在网格范围内且无碰撞
[2026-04-20 09:35:00] [DEBUG] 放置验证通过: shape_coords=[(1, 0), (2, 0)], origin=(0, 2), 所有坐标在网格范围内且无碰撞
[2026-04-20 09:35:00] [DEBUG] 放置验证通过: shape_coords=[(1, 0), (2, 0)], origin=(1, 0), 所有坐标在网格范围内且无碰撞
[2026-04-20 09:35:00] [DEBUG] 放置验证通过: shape_coords=[(1, 0), (2, 0)], origin=(1, 1), 所有坐标在网格范围内且无碰撞
[2026-04-20 09:35:00] [DEBUG] 放置验证通过: shape_coords=[(1, 0), (2, 0)], origin=(1, 2), 所有坐标在网格范围内且无碰撞
[2026-04-20 09:35:00] [DEBUG] 放置验证通过: shape_coords=[(1, 0), (2, 0)], origin=(2, 0), 所有坐标在网格范围内且无碰撞
[2026-04-20 09:35:00] [DEBUG] 放置验证通过: shape_coords=[(1, 0), (2, 0)], origin=(2, 1), 所有坐标在网格范围内且无碰撞
[2026-04-20 09:35:00] [DEBUG] 放置验证通过: shape_coords=[(1, 0), (2, 0)], origin=(2, 2), 所有坐标在网格范围内且无碰撞
[2026-04-20 09:35:00] [DEBUG] 放置验证通过: shape_coords=[(1, 0), (2, 0)], origin=(3, 0), 所有坐标在网格范围内且无碰撞
[2026-04-20 09:35:00] [DEBUG] 放置验证通过: shape_coords=[(1, 0), (2, 0)], origin=(3, 1), 所有坐标在网格范围内且无碰撞
[2026-04-20 09:35:00] [DEBUG] 放置验证通过: shape_coords=[(1, 0), (2, 0)], origin=(3, 2), 所有坐标在网格范围内且无碰撞
[2026-04-20 09:35:00] [DEBUG] 放置验证通过: shape_coords=[(1, 0), (2, 0)], origin=(4, 0), 所有坐标在网格范围内且无碰撞
[2026-04-20 09:35:00] [DEBUG] 放置验证通过: shape_coords=[(1, 0), (2, 0)], origin=(4, 1), 所有坐标在网格范围内且无碰撞
[2026-04-20 09:35:00] [DEBUG] 放置验证通过: shape_coords=[(1, 0), (2, 0)], origin=(4, 2), 所有坐标在网格范围内且无碰撞
[2026-04-20 09:35:00] [DEBUG] 放置验证通过: shape_coords=[(1, 0), (2, 0)], origin=(5, 0), 所有坐标在网格范围内且无碰撞
[2026-04-20 09:35:00] [DEBUG] 放置验证通过: shape_coords=[(1, 0), (2, 0)], origin=(5, 1), 所有坐标在网格范围内且无碰撞
[2026-04-20 09:35:00] [DEBUG] 放置验证通过: shape_coords=[(1, 0), (2, 0)], origin=(5, 2), 所有坐标在网格范围内且无碰撞
[2026-04-20 09:35:00] [DEBUG] 放置验证通过: shape_coords=[(1, 0), (2, 0)], origin=(6, 0), 所有坐标在网格范围内且无碰撞
[2026-04-20 09:35:00] [DEBUG] 放置验证通过: shape_coords=[(1, 0), (2, 0)], origin=(6, 1), 所有坐标在网格范围内且无碰撞
[2026-04-20 09:35:00] [DEBUG] 放置验证通过: shape_coords=[(1, 0), (2, 0)], origin=(6, 2), 所有坐标在网格范围内且无碰撞
[2026-04-20 09:35:00] [DEBUG] 放置验证通过: shape_coords=[(1, 0), (2, 0)], origin=(7, 0), 所有坐标在网格范围内且无碰撞
[2026-04-20 09:35:00] [DEBUG] 放置验证通过: shape_coords=[(1, 0), (2, 0)], origin=(7, 1), 所有坐标在网格范围内且无碰撞
[2026-04-20 09:35:00] [DEBUG] 放置验证通过: shape_coords=[(1, 0), (2, 0)], origin=(7, 2), 所有坐标在网格范围内且无碰撞
[2026-04-20 09:35:00] [DEBUG] 放置验证通过: shape_coords=[(1, 0), (2, 0)], origin=(8, 0), 所有坐标在网格范围内且无碰撞
[2026-04-20 09:35:00] [DEBUG] 放置验证通过: shape_coords=[(1, 0), (2, 0)], origin=(8, 1), 所有坐标在网格范围内且无碰撞
[2026-04-20 09:35:00] [DEBUG] 放置验证通过: shape_coords=[(1, 0), (2, 0)], origin=(8, 2), 所有坐标在网格范围内且无碰撞
[2026-04-20 09:35:00] [DEBUG] 放置验证通过: shape_coords=[(1, 0), (2, 0)], origin=(9, 0), 所有坐标在网格范围内且无碰撞
[2026-04-20 09:35:00] [DEBUG] 放置验证通过: shape_coords=[(1, 0), (2, 0)], origin=(9, 1), 所有坐标在网格范围内且无碰撞
[2026-04-20 09:35:00] [DEBUG] 放置验证通过: shape_coords=[(1, 0), (2, 0)], origin=(9, 2), 所有坐标在网格范围内且无碰撞
[2026-04-20 09:35:00] [DEBUG] 创建村庄意图行动: village, 效果: 扩张1
[2026-04-20 09:35:00] [DEBUG] 放置验证通过: shape_coords=[(1, 0), (2, 0)], origin=(7, 0), 所有坐标在网格范围内且无碰撞
[2026-04-20 09:35:00] [INFO] place_action: 行动放置成功！origin=(7, 0), 行动ID=-9223371934211765799
[2026-04-20 09:35:00] [INFO] 生成敌人意图: 敌人=@Node2D@131, 类型=Node2D
[2026-04-20 09:35:00] [INFO] 敌人形状: [(1, 0), (2, 0)]
[2026-04-20 09:35:00] [DEBUG] 放置验证通过: shape_coords=[(1, 0), (2, 0)], origin=(0, 0), 所有坐标在网格范围内且无碰撞
[2026-04-20 09:35:00] [DEBUG] 放置验证通过: shape_coords=[(1, 0), (2, 0)], origin=(0, 1), 所有坐标在网格范围内且无碰撞
[2026-04-20 09:35:00] [DEBUG] 放置验证通过: shape_coords=[(1, 0), (2, 0)], origin=(0, 2), 所有坐标在网格范围内且无碰撞
[2026-04-20 09:35:00] [DEBUG] 放置验证通过: shape_coords=[(1, 0), (2, 0)], origin=(1, 0), 所有坐标在网格范围内且无碰撞
[2026-04-20 09:35:00] [DEBUG] 放置验证通过: shape_coords=[(1, 0), (2, 0)], origin=(1, 1), 所有坐标在网格范围内且无碰撞
[2026-04-20 09:35:00] [DEBUG] 放置验证通过: shape_coords=[(1, 0), (2, 0)], origin=(1, 2), 所有坐标在网格范围内且无碰撞
[2026-04-20 09:35:00] [DEBUG] 放置验证通过: shape_coords=[(1, 0), (2, 0)], origin=(2, 0), 所有坐标在网格范围内且无碰撞
[2026-04-20 09:35:00] [DEBUG] 放置验证通过: shape_coords=[(1, 0), (2, 0)], origin=(2, 1), 所有坐标在网格范围内且无碰撞
[2026-04-20 09:35:00] [DEBUG] 放置验证通过: shape_coords=[(1, 0), (2, 0)], origin=(2, 2), 所有坐标在网格范围内且无碰撞
[2026-04-20 09:35:00] [DEBUG] 放置验证通过: shape_coords=[(1, 0), (2, 0)], origin=(3, 0), 所有坐标在网格范围内且无碰撞
[2026-04-20 09:35:00] [DEBUG] 放置验证通过: shape_coords=[(1, 0), (2, 0)], origin=(3, 1), 所有坐标在网格范围内且无碰撞
[2026-04-20 09:35:00] [DEBUG] 放置验证通过: shape_coords=[(1, 0), (2, 0)], origin=(3, 2), 所有坐标在网格范围内且无碰撞
[2026-04-20 09:35:00] [DEBUG] 放置验证通过: shape_coords=[(1, 0), (2, 0)], origin=(4, 0), 所有坐标在网格范围内且无碰撞
[2026-04-20 09:35:00] [DEBUG] 放置验证通过: shape_coords=[(1, 0), (2, 0)], origin=(4, 1), 所有坐标在网格范围内且无碰撞
[2026-04-20 09:35:00] [DEBUG] 放置验证通过: shape_coords=[(1, 0), (2, 0)], origin=(4, 2), 所有坐标在网格范围内且无碰撞
[2026-04-20 09:35:00] [DEBUG] 放置验证通过: shape_coords=[(1, 0), (2, 0)], origin=(5, 0), 所有坐标在网格范围内且无碰撞
[2026-04-20 09:35:00] [DEBUG] 放置验证通过: shape_coords=[(1, 0), (2, 0)], origin=(5, 1), 所有坐标在网格范围内且无碰撞
[2026-04-20 09:35:00] [DEBUG] 放置验证通过: shape_coords=[(1, 0), (2, 0)], origin=(5, 2), 所有坐标在网格范围内且无碰撞
[2026-04-20 09:35:00] [DEBUG] 放置验证通过: shape_coords=[(1, 0), (2, 0)], origin=(6, 1), 所有坐标在网格范围内且无碰撞
[2026-04-20 09:35:00] [DEBUG] 放置验证通过: shape_coords=[(1, 0), (2, 0)], origin=(6, 2), 所有坐标在网格范围内且无碰撞
[2026-04-20 09:35:00] [DEBUG] 放置验证通过: shape_coords=[(1, 0), (2, 0)], origin=(7, 1), 所有坐标在网格范围内且无碰撞
[2026-04-20 09:35:00] [DEBUG] 放置验证通过: shape_coords=[(1, 0), (2, 0)], origin=(7, 2), 所有坐标在网格范围内且无碰撞
[2026-04-20 09:35:00] [DEBUG] 放置验证通过: shape_coords=[(1, 0), (2, 0)], origin=(8, 1), 所有坐标在网格范围内且无碰撞
[2026-04-20 09:35:00] [DEBUG] 放置验证通过: shape_coords=[(1, 0), (2, 0)], origin=(8, 2), 所有坐标在网格范围内且无碰撞
[2026-04-20 09:35:00] [DEBUG] 放置验证通过: shape_coords=[(1, 0), (2, 0)], origin=(9, 0), 所有坐标在网格范围内且无碰撞
[2026-04-20 09:35:00] [DEBUG] 放置验证通过: shape_coords=[(1, 0), (2, 0)], origin=(9, 1), 所有坐标在网格范围内且无碰撞
[2026-04-20 09:35:00] [DEBUG] 放置验证通过: shape_coords=[(1, 0), (2, 0)], origin=(9, 2), 所有坐标在网格范围内且无碰撞
[2026-04-20 09:35:00] [DEBUG] 创建村庄意图行动: village, 效果: 扩张1
[2026-04-20 09:35:00] [DEBUG] 放置验证通过: shape_coords=[(1, 0), (2, 0)], origin=(1, 2), 所有坐标在网格范围内且无碰撞
[2026-04-20 09:35:00] [INFO] place_action: 行动放置成功！origin=(1, 2), 行动ID=-9223371932332717604
[2026-04-20 09:35:00] [INFO] 生成敌人意图: 敌人=@Node2D@22, 类型=Node2D
[2026-04-20 09:35:00] [INFO] 敌人形状: [(1, 0), (2, 0)]
[2026-04-20 09:35:00] [DEBUG] 放置验证通过: shape_coords=[(1, 0), (2, 0)], origin=(0, 0), 所有坐标在网格范围内且无碰撞
[2026-04-20 09:35:00] [DEBUG] 放置验证通过: shape_coords=[(1, 0), (2, 0)], origin=(0, 1), 所有坐标在网格范围内且无碰撞
[2026-04-20 09:35:00] [DEBUG] 放置验证通过: shape_coords=[(1, 0), (2, 0)], origin=(1, 0), 所有坐标在网格范围内且无碰撞
[2026-04-20 09:35:00] [DEBUG] 放置验证通过: shape_coords=[(1, 0), (2, 0)], origin=(1, 1), 所有坐标在网格范围内且无碰撞
[2026-04-20 09:35:00] [DEBUG] 放置验证通过: shape_coords=[(1, 0), (2, 0)], origin=(2, 0), 所有坐标在网格范围内且无碰撞
[2026-04-20 09:35:00] [DEBUG] 放置验证通过: shape_coords=[(1, 0), (2, 0)], origin=(2, 1), 所有坐标在网格范围内且无碰撞
[2026-04-20 09:35:00] [DEBUG] 放置验证通过: shape_coords=[(1, 0), (2, 0)], origin=(3, 0), 所有坐标在网格范围内且无碰撞
[2026-04-20 09:35:00] [DEBUG] 放置验证通过: shape_coords=[(1, 0), (2, 0)], origin=(3, 1), 所有坐标在网格范围内且无碰撞
[2026-04-20 09:35:00] [DEBUG] 放置验证通过: shape_coords=[(1, 0), (2, 0)], origin=(3, 2), 所有坐标在网格范围内且无碰撞
[2026-04-20 09:35:00] [DEBUG] 放置验证通过: shape_coords=[(1, 0), (2, 0)], origin=(4, 0), 所有坐标在网格范围内且无碰撞
[2026-04-20 09:35:00] [DEBUG] 放置验证通过: shape_coords=[(1, 0), (2, 0)], origin=(4, 1), 所有坐标在网格范围内且无碰撞
[2026-04-20 09:35:00] [DEBUG] 放置验证通过: shape_coords=[(1, 0), (2, 0)], origin=(4, 2), 所有坐标在网格范围内且无碰撞
[2026-04-20 09:35:00] [DEBUG] 放置验证通过: shape_coords=[(1, 0), (2, 0)], origin=(5, 0), 所有坐标在网格范围内且无碰撞
[2026-04-20 09:35:00] [DEBUG] 放置验证通过: shape_coords=[(1, 0), (2, 0)], origin=(5, 1), 所有坐标在网格范围内且无碰撞
[2026-04-20 09:35:00] [DEBUG] 放置验证通过: shape_coords=[(1, 0), (2, 0)], origin=(5, 2), 所有坐标在网格范围内且无碰撞
[2026-04-20 09:35:00] [DEBUG] 放置验证通过: shape_coords=[(1, 0), (2, 0)], origin=(6, 1), 所有坐标在网格范围内且无碰撞
[2026-04-20 09:35:00] [DEBUG] 放置验证通过: shape_coords=[(1, 0), (2, 0)], origin=(6, 2), 所有坐标在网格范围内且无碰撞
[2026-04-20 09:35:00] [DEBUG] 放置验证通过: shape_coords=[(1, 0), (2, 0)], origin=(7, 1), 所有坐标在网格范围内且无碰撞
[2026-04-20 09:35:00] [DEBUG] 放置验证通过: shape_coords=[(1, 0), (2, 0)], origin=(7, 2), 所有坐标在网格范围内且无碰撞
[2026-04-20 09:35:00] [DEBUG] 放置验证通过: shape_coords=[(1, 0), (2, 0)], origin=(8, 1), 所有坐标在网格范围内且无碰撞
[2026-04-20 09:35:00] [DEBUG] 放置验证通过: shape_coords=[(1, 0), (2, 0)], origin=(8, 2), 所有坐标在网格范围内且无碰撞
[2026-04-20 09:35:00] [DEBUG] 放置验证通过: shape_coords=[(1, 0), (2, 0)], origin=(9, 0), 所有坐标在网格范围内且无碰撞
[2026-04-20 09:35:00] [DEBUG] 放置验证通过: shape_coords=[(1, 0), (2, 0)], origin=(9, 1), 所有坐标在网格范围内且无碰撞
[2026-04-20 09:35:00] [DEBUG] 放置验证通过: shape_coords=[(1, 0), (2, 0)], origin=(9, 2), 所有坐标在网格范围内且无碰撞
[2026-04-20 09:35:00] [DEBUG] 创建村庄意图行动: village, 效果: 扩张1
[2026-04-20 09:35:00] [DEBUG] 放置验证通过: shape_coords=[(1, 0), (2, 0)], origin=(2, 0), 所有坐标在网格范围内且无碰撞
[2026-04-20 09:35:00] [INFO] place_action: 行动放置成功！origin=(2, 0), 行动ID=-9223371930604664341
[2026-04-20 09:35:00] [INFO] 生成敌人意图: 敌人=@Node2D@142, 类型=Node2D
[2026-04-20 09:35:00] [INFO] 敌人形状: [(1, 0), (2, 0)]
[2026-04-20 09:35:00] [DEBUG] 放置验证通过: shape_coords=[(1, 0), (2, 0)], origin=(0, 0), 所有坐标在网格范围内且无碰撞
[2026-04-20 09:35:00] [DEBUG] 放置验证通过: shape_coords=[(1, 0), (2, 0)], origin=(0, 1), 所有坐标在网格范围内且无碰撞
[2026-04-20 09:35:00] [DEBUG] 放置验证通过: shape_coords=[(1, 0), (2, 0)], origin=(1, 1), 所有坐标在网格范围内且无碰撞
[2026-04-20 09:35:00] [DEBUG] 放置验证通过: shape_coords=[(1, 0), (2, 0)], origin=(2, 1), 所有坐标在网格范围内且无碰撞
[2026-04-20 09:35:00] [DEBUG] 放置验证通过: shape_coords=[(1, 0), (2, 0)], origin=(3, 1), 所有坐标在网格范围内且无碰撞
[2026-04-20 09:35:00] [DEBUG] 放置验证通过: shape_coords=[(1, 0), (2, 0)], origin=(3, 2), 所有坐标在网格范围内且无碰撞
[2026-04-20 09:35:00] [DEBUG] 放置验证通过: shape_coords=[(1, 0), (2, 0)], origin=(4, 0), 所有坐标在网格范围内且无碰撞
[2026-04-20 09:35:00] [DEBUG] 放置验证通过: shape_coords=[(1, 0), (2, 0)], origin=(4, 1), 所有坐标在网格范围内且无碰撞
[2026-04-20 09:35:00] [DEBUG] 放置验证通过: shape_coords=[(1, 0), (2, 0)], origin=(4, 2), 所有坐标在网格范围内且无碰撞
[2026-04-20 09:35:00] [DEBUG] 放置验证通过: shape_coords=[(1, 0), (2, 0)], origin=(5, 0), 所有坐标在网格范围内且无碰撞
[2026-04-20 09:35:00] [DEBUG] 放置验证通过: shape_coords=[(1, 0), (2, 0)], origin=(5, 1), 所有坐标在网格范围内且无碰撞
[2026-04-20 09:35:00] [DEBUG] 放置验证通过: shape_coords=[(1, 0), (2, 0)], origin=(5, 2), 所有坐标在网格范围内且无碰撞
[2026-04-20 09:35:00] [DEBUG] 放置验证通过: shape_coords=[(1, 0), (2, 0)], origin=(6, 1), 所有坐标在网格范围内且无碰撞
[2026-04-20 09:35:00] [DEBUG] 放置验证通过: shape_coords=[(1, 0), (2, 0)], origin=(6, 2), 所有坐标在网格范围内且无碰撞
[2026-04-20 09:35:00] [DEBUG] 放置验证通过: shape_coords=[(1, 0), (2, 0)], origin=(7, 1), 所有坐标在网格范围内且无碰撞
[2026-04-20 09:35:00] [DEBUG] 放置验证通过: shape_coords=[(1, 0), (2, 0)], origin=(7, 2), 所有坐标在网格范围内且无碰撞
[2026-04-20 09:35:00] [DEBUG] 放置验证通过: shape_coords=[(1, 0), (2, 0)], origin=(8, 1), 所有坐标在网格范围内且无碰撞
[2026-04-20 09:35:00] [DEBUG] 放置验证通过: shape_coords=[(1, 0), (2, 0)], origin=(8, 2), 所有坐标在网格范围内且无碰撞
[2026-04-20 09:35:00] [DEBUG] 放置验证通过: shape_coords=[(1, 0), (2, 0)], origin=(9, 0), 所有坐标在网格范围内且无碰撞
[2026-04-20 09:35:00] [DEBUG] 放置验证通过: shape_coords=[(1, 0), (2, 0)], origin=(9, 1), 所有坐标在网格范围内且无碰撞
[2026-04-20 09:35:00] [DEBUG] 放置验证通过: shape_coords=[(1, 0), (2, 0)], origin=(9, 2), 所有坐标在网格范围内且无碰撞
[2026-04-20 09:35:00] [DEBUG] 创建村庄意图行动: village, 效果: 扩张1
[2026-04-20 09:35:00] [DEBUG] 放置验证通过: shape_coords=[(1, 0), (2, 0)], origin=(7, 1), 所有坐标在网格范围内且无碰撞
[2026-04-20 09:35:00] [INFO] place_action: 行动放置成功！origin=(7, 1), 行动ID=-9223371929027606022
[2026-04-20 09:35:00] [INFO] 生成敌人意图: 敌人=@Node2D@216, 类型=Node2D
[2026-04-20 09:35:00] [INFO] 敌人形状: [(1, 0), (2, 0)]
[2026-04-20 09:35:00] [DEBUG] 放置验证通过: shape_coords=[(1, 0), (2, 0)], origin=(0, 0), 所有坐标在网格范围内且无碰撞
[2026-04-20 09:35:00] [DEBUG] 放置验证通过: shape_coords=[(1, 0), (2, 0)], origin=(0, 1), 所有坐标在网格范围内且无碰撞
[2026-04-20 09:35:00] [DEBUG] 放置验证通过: shape_coords=[(1, 0), (2, 0)], origin=(1, 1), 所有坐标在网格范围内且无碰撞
[2026-04-20 09:35:00] [DEBUG] 放置验证通过: shape_coords=[(1, 0), (2, 0)], origin=(2, 1), 所有坐标在网格范围内且无碰撞
[2026-04-20 09:35:00] [DEBUG] 放置验证通过: shape_coords=[(1, 0), (2, 0)], origin=(3, 1), 所有坐标在网格范围内且无碰撞
[2026-04-20 09:35:00] [DEBUG] 放置验证通过: shape_coords=[(1, 0), (2, 0)], origin=(3, 2), 所有坐标在网格范围内且无碰撞
[2026-04-20 09:35:00] [DEBUG] 放置验证通过: shape_coords=[(1, 0), (2, 0)], origin=(4, 0), 所有坐标在网格范围内且无碰撞
[2026-04-20 09:35:00] [DEBUG] 放置验证通过: shape_coords=[(1, 0), (2, 0)], origin=(4, 1), 所有坐标在网格范围内且无碰撞
[2026-04-20 09:35:00] [DEBUG] 放置验证通过: shape_coords=[(1, 0), (2, 0)], origin=(4, 2), 所有坐标在网格范围内且无碰撞
[2026-04-20 09:35:00] [DEBUG] 放置验证通过: shape_coords=[(1, 0), (2, 0)], origin=(5, 0), 所有坐标在网格范围内且无碰撞
[2026-04-20 09:35:00] [DEBUG] 放置验证通过: shape_coords=[(1, 0), (2, 0)], origin=(5, 1), 所有坐标在网格范围内且无碰撞
[2026-04-20 09:35:00] [DEBUG] 放置验证通过: shape_coords=[(1, 0), (2, 0)], origin=(5, 2), 所有坐标在网格范围内且无碰撞
[2026-04-20 09:35:00] [DEBUG] 放置验证通过: shape_coords=[(1, 0), (2, 0)], origin=(6, 2), 所有坐标在网格范围内且无碰撞
[2026-04-20 09:35:00] [DEBUG] 放置验证通过: shape_coords=[(1, 0), (2, 0)], origin=(7, 2), 所有坐标在网格范围内且无碰撞
[2026-04-20 09:35:00] [DEBUG] 放置验证通过: shape_coords=[(1, 0), (2, 0)], origin=(8, 2), 所有坐标在网格范围内且无碰撞
[2026-04-20 09:35:00] [DEBUG] 放置验证通过: shape_coords=[(1, 0), (2, 0)], origin=(9, 0), 所有坐标在网格范围内且无碰撞
[2026-04-20 09:35:00] [DEBUG] 放置验证通过: shape_coords=[(1, 0), (2, 0)], origin=(9, 1), 所有坐标在网格范围内且无碰撞
[2026-04-20 09:35:00] [DEBUG] 放置验证通过: shape_coords=[(1, 0), (2, 0)], origin=(9, 2), 所有坐标在网格范围内且无碰撞
[2026-04-20 09:35:00] [DEBUG] 创建村庄意图行动: village, 效果: 扩张1
[2026-04-20 09:35:00] [DEBUG] 放置验证通过: shape_coords=[(1, 0), (2, 0)], origin=(9, 2), 所有坐标在网格范围内且无碰撞
[2026-04-20 09:35:00] [INFO] place_action: 行动放置成功！origin=(9, 2), 行动ID=-9223371927601542647
[2026-04-20 09:35:00] [INFO] ✅ 游戏开始时已生成敌人意图
[2026-04-20 09:35:00] [INFO] === 时间轴网格状态 ===
[2026-04-20 09:35:00] [INFO] 网格占用总数: 10
[2026-04-20 09:35:00] [INFO] (8, 0): TimelineAction(type=ENEMY, origin=(7, 0))
[2026-04-20 09:35:00] [INFO] (9, 0): TimelineAction(type=ENEMY, origin=(7, 0))
[2026-04-20 09:35:00] [INFO] (2, 2): TimelineAction(type=ENEMY, origin=(1, 2))
[2026-04-20 09:35:00] [INFO] (3, 2): TimelineAction(type=ENEMY, origin=(1, 2))
[2026-04-20 09:35:00] [INFO] (3, 0): TimelineAction(type=ENEMY, origin=(2, 0))
[2026-04-20 09:35:00] [INFO] (4, 0): TimelineAction(type=ENEMY, origin=(2, 0))
[2026-04-20 09:35:00] [INFO] (8, 1): TimelineAction(type=ENEMY, origin=(7, 1))
[2026-04-20 09:35:00] [INFO] (9, 1): TimelineAction(type=ENEMY, origin=(7, 1))
[2026-04-20 09:35:00] [INFO] (10, 2): TimelineAction(type=ENEMY, origin=(9, 2))
[2026-04-20 09:35:00] [INFO] (11, 2): TimelineAction(type=ENEMY, origin=(9, 2))
[2026-04-20 09:35:00] [INFO] === 网格状态结束 ===
[2026-04-20 09:35:00] [DEBUG] cursor_tooltip 已增强为PanelContainer样式
[2026-04-20 09:35:00] [DEBUG] 卡牌原始状态已保存: parent=Cards, pos=(0.0, 400.0), scale=(1.0, 1.0)
[2026-04-20 09:35:00] [DEBUG] 卡牌原始状态已保存: parent=Cards, pos=(0.0, 400.0), scale=(1.0, 1.0)
[2026-04-20 09:35:00] [DEBUG] 设置卡牌透明度: 1.0
[2026-04-20 09:35:00] [DEBUG] 卡牌原始状态已保存: parent=Cards, pos=(0.0, 400.0), scale=(1.0, 1.0)
[2026-04-20 09:35:00] [DEBUG] 设置卡牌透明度: 1.0
[2026-04-20 09:35:00] [DEBUG] 卡牌原始状态已保存: parent=Cards, pos=(0.0, 400.0), scale=(1.0, 1.0)
[2026-04-20 09:35:00] [DEBUG] 设置卡牌透明度: 1.0
[2026-04-20 09:35:00] [DEBUG] 卡牌原始状态已保存: parent=Cards, pos=(0.0, 400.0), scale=(1.0, 1.0)
[2026-04-20 09:35:00] [DEBUG] 设置卡牌透明度: 1.0
[2026-04-20 09:35:00] [DEBUG] 卡牌原始状态已保存: parent=Cards, pos=(0.0, 400.0), scale=(1.0, 1.0)
[2026-04-20 09:35:00] [DEBUG] 设置卡牌透明度: 1.0
[2026-04-20 09:35:00] [DEBUG] 卡牌原始状态已保存: parent=Cards, pos=(0.0, 400.0), scale=(1.0, 1.0)
[2026-04-20 09:35:00] [DEBUG] 设置卡牌透明度: 1.0
[2026-04-20 09:35:00] [DEBUG] 卡牌原始状态已保存: parent=Cards, pos=(0.0, 400.0), scale=(1.0, 1.0)
[2026-04-20 09:35:00] [DEBUG] 设置卡牌透明度: 1.0
[2026-04-20 09:35:00] [DEBUG] 卡牌原始状态已保存: parent=Cards, pos=(0.0, 400.0), scale=(1.0, 1.0)
[2026-04-20 09:35:00] [DEBUG] 设置卡牌透明度: 1.0
[2026-04-20 09:35:00] [DEBUG] 卡牌原始状态已保存: parent=Cards, pos=(0.0, 400.0), scale=(1.0, 1.0)
[2026-04-20 09:35:00] [DEBUG] 设置卡牌透明度: 1.0
[2026-04-20 09:35:00] [DEBUG] 卡牌原始状态已保存: parent=Cards, pos=(0.0, 400.0), scale=(1.0, 1.0)
[2026-04-20 09:35:00] [DEBUG] 设置卡牌透明度: 1.0
[2026-04-20 09:35:00] [DEBUG] 卡牌原始状态已保存: parent=Cards, pos=(0.0, 400.0), scale=(1.0, 1.0)
[2026-04-20 09:35:00] [DEBUG] 设置卡牌透明度: 1.0
[2026-04-20 09:35:00] [DEBUG] 卡牌原始状态已保存: parent=Cards, pos=(0.0, 400.0), scale=(1.0, 1.0)
[2026-04-20 09:35:00] [DEBUG] 设置卡牌透明度: 1.0
[2026-04-20 09:35:00] [DEBUG] 卡牌原始状态已保存: parent=Cards, pos=(0.0, 400.0), scale=(1.0, 1.0)
[2026-04-20 09:35:00] [DEBUG] 设置卡牌透明度: 1.0
[2026-04-20 09:35:00] [INFO] UI 更新完毕 | 抽牌堆: 14 | 弃牌堆: 0
[2026-04-20 09:35:00] [DEBUG] 解析并归一化形状成功！唯一特征码: [1], 尺寸: (1, 1)
[2026-04-20 09:35:00] [DEBUG] TimeBlock节点类型: Control, 路径: /root/in_scene/ui/Main/DeckPile/Cards/Card/TimeBlock
[2026-04-20 09:35:00] [DEBUG] TimeBlock是Control类型，尝试动态处理
[2026-04-20 09:35:00] [DEBUG] 已创建TextureRect子节点显示时间占位图片: 1
[2026-04-20 09:35:00] [DEBUG] 处理通用Control节点: Control
[2026-04-20 09:35:00] [DEBUG] 显示时间占位图片，位置: (27.5, -40.83334), 大小: (0.0, 0.0)
[2026-04-20 09:35:00] [DEBUG] 解析并归一化形状成功！唯一特征码: [1], 尺寸: (1, 1)
[2026-04-20 09:35:00] [DEBUG] TimeBlock节点类型: Control, 路径: /root/in_scene/ui/Main/DeckPile/Cards/@Control@325/TimeBlock
[2026-04-20 09:35:00] [DEBUG] TimeBlock是Control类型，尝试动态处理
[2026-04-20 09:35:00] [DEBUG] 已创建TextureRect子节点显示时间占位图片: 1
[2026-04-20 09:35:00] [DEBUG] 处理通用Control节点: Control
[2026-04-20 09:35:00] [DEBUG] 显示时间占位图片，位置: (27.5, -40.83334), 大小: (0.0, 0.0)
[2026-04-20 09:35:00] [DEBUG] 解析并归一化形状成功！唯一特征码: [1], 尺寸: (1, 1)
[2026-04-20 09:35:00] [DEBUG] TimeBlock节点类型: Control, 路径: /root/in_scene/ui/Main/DeckPile/Cards/@Control@326/TimeBlock
[2026-04-20 09:35:00] [DEBUG] TimeBlock是Control类型，尝试动态处理
[2026-04-20 09:35:00] [DEBUG] 已创建TextureRect子节点显示时间占位图片: 1
[2026-04-20 09:35:00] [DEBUG] 处理通用Control节点: Control
[2026-04-20 09:35:00] [DEBUG] 显示时间占位图片，位置: (27.5, -40.83334), 大小: (0.0, 0.0)
[2026-04-20 09:35:00] [DEBUG] 解析并归一化形状成功！唯一特征码: [1], 尺寸: (1, 1)
[2026-04-20 09:35:00] [DEBUG] TimeBlock节点类型: Control, 路径: /root/in_scene/ui/Main/DeckPile/Cards/@Control@327/TimeBlock
[2026-04-20 09:35:00] [DEBUG] TimeBlock是Control类型，尝试动态处理
[2026-04-20 09:35:00] [DEBUG] 已创建TextureRect子节点显示时间占位图片: 1
[2026-04-20 09:35:00] [DEBUG] 处理通用Control节点: Control
[2026-04-20 09:35:00] [DEBUG] 显示时间占位图片，位置: (27.5, -40.83334), 大小: (0.0, 0.0)
[2026-04-20 09:35:00] [DEBUG] 解析并归一化形状成功！唯一特征码: [1], 尺寸: (1, 1)
[2026-04-20 09:35:00] [DEBUG] TimeBlock节点类型: Control, 路径: /root/in_scene/ui/Main/DeckPile/Cards/@Control@328/TimeBlock
[2026-04-20 09:35:00] [DEBUG] TimeBlock是Control类型，尝试动态处理
[2026-04-20 09:35:00] [DEBUG] 已创建TextureRect子节点显示时间占位图片: 1
[2026-04-20 09:35:00] [DEBUG] 处理通用Control节点: Control
[2026-04-20 09:35:00] [DEBUG] 显示时间占位图片，位置: (27.5, -40.83334), 大小: (0.0, 0.0)
[2026-04-20 09:35:00] [DEBUG] 解析并归一化形状成功！唯一特征码: [1], 尺寸: (1, 1)
[2026-04-20 09:35:00] [DEBUG] TimeBlock节点类型: Control, 路径: /root/in_scene/ui/Main/DeckPile/Cards/@Control@329/TimeBlock
[2026-04-20 09:35:00] [DEBUG] TimeBlock是Control类型，尝试动态处理
[2026-04-20 09:35:00] [DEBUG] 已创建TextureRect子节点显示时间占位图片: 1
[2026-04-20 09:35:00] [DEBUG] 处理通用Control节点: Control
[2026-04-20 09:35:00] [DEBUG] 显示时间占位图片，位置: (27.5, -40.83334), 大小: (0.0, 0.0)
[2026-04-20 09:35:00] [DEBUG] 解析并归一化形状成功！唯一特征码: [1], 尺寸: (1, 1)
[2026-04-20 09:35:00] [DEBUG] TimeBlock节点类型: Control, 路径: /root/in_scene/ui/Main/DeckPile/Cards/@Control@330/TimeBlock
[2026-04-20 09:35:00] [DEBUG] TimeBlock是Control类型，尝试动态处理
[2026-04-20 09:35:00] [DEBUG] 已创建TextureRect子节点显示时间占位图片: 1
[2026-04-20 09:35:00] [DEBUG] 处理通用Control节点: Control
[2026-04-20 09:35:00] [DEBUG] 显示时间占位图片，位置: (27.5, -40.83334), 大小: (0.0, 0.0)
[2026-04-20 09:35:00] [DEBUG] 解析并归一化形状成功！唯一特征码: [11], 尺寸: (2, 1)
[2026-04-20 09:35:00] [DEBUG] TimeBlock节点类型: Control, 路径: /root/in_scene/ui/Main/DeckPile/Cards/@Control@331/TimeBlock
[2026-04-20 09:35:00] [DEBUG] TimeBlock是Control类型，尝试动态处理
[2026-04-20 09:35:00] [DEBUG] 已创建TextureRect子节点显示时间占位图片: 11
[2026-04-20 09:35:00] [DEBUG] 处理通用Control节点: Control
[2026-04-20 09:35:00] [DEBUG] 显示时间占位图片，位置: (27.5, -40.83334), 大小: (0.0, 0.0)
[2026-04-20 09:35:00] [DEBUG] 解析并归一化形状成功！唯一特征码: [1], 尺寸: (1, 1)
[2026-04-20 09:35:00] [DEBUG] TimeBlock节点类型: Control, 路径: /root/in_scene/ui/Main/DeckPile/Cards/@Control@332/TimeBlock
[2026-04-20 09:35:00] [DEBUG] TimeBlock是Control类型，尝试动态处理
[2026-04-20 09:35:00] [DEBUG] 已创建TextureRect子节点显示时间占位图片: 1
[2026-04-20 09:35:00] [DEBUG] 处理通用Control节点: Control
[2026-04-20 09:35:00] [DEBUG] 显示时间占位图片，位置: (27.5, -40.83334), 大小: (0.0, 0.0)
[2026-04-20 09:35:00] [DEBUG] 解析并归一化形状成功！唯一特征码: [1], 尺寸: (1, 1)
[2026-04-20 09:35:00] [DEBUG] TimeBlock节点类型: Control, 路径: /root/in_scene/ui/Main/DeckPile/Cards/@Control@333/TimeBlock
[2026-04-20 09:35:00] [DEBUG] TimeBlock是Control类型，尝试动态处理
[2026-04-20 09:35:00] [DEBUG] 已创建TextureRect子节点显示时间占位图片: 1
[2026-04-20 09:35:00] [DEBUG] 处理通用Control节点: Control
[2026-04-20 09:35:00] [DEBUG] 显示时间占位图片，位置: (27.5, -40.83334), 大小: (0.0, 0.0)
[2026-04-20 09:35:00] [DEBUG] 解析并归一化形状成功！唯一特征码: [11,11], 尺寸: (2, 2)
[2026-04-20 09:35:00] [DEBUG] TimeBlock节点类型: Control, 路径: /root/in_scene/ui/Main/DeckPile/Cards/@Control@334/TimeBlock
[2026-04-20 09:35:00] [DEBUG] TimeBlock是Control类型，尝试动态处理
[2026-04-20 09:35:00] [DEBUG] 已创建TextureRect子节点显示时间占位图片: 11,11
[2026-04-20 09:35:00] [DEBUG] 处理通用Control节点: Control
[2026-04-20 09:35:00] [DEBUG] 显示时间占位图片，位置: (27.5, -40.83334), 大小: (0.0, 0.0)
[2026-04-20 09:35:00] [DEBUG] 解析并归一化形状成功！唯一特征码: [1000,0001,1001], 尺寸: (4, 3)
[2026-04-20 09:35:00] [WARNING] 未找到时间占位图片: 1000,0001,1001
[2026-04-20 09:35:00] [DEBUG] 处理通用Control节点: Control
[2026-04-20 09:35:00] [DEBUG] 显示时间占位图片，位置: (27.5, -40.83334), 大小: (0.0, 0.0)
[2026-04-20 09:35:00] [DEBUG] 解析并归一化形状成功！唯一特征码: [1], 尺寸: (1, 1)
[2026-04-20 09:35:00] [DEBUG] TimeBlock节点类型: Control, 路径: /root/in_scene/ui/Main/DeckPile/Cards/@Control@336/TimeBlock
[2026-04-20 09:35:00] [DEBUG] TimeBlock是Control类型，尝试动态处理
[2026-04-20 09:35:00] [DEBUG] 已创建TextureRect子节点显示时间占位图片: 1
[2026-04-20 09:35:00] [DEBUG] 处理通用Control节点: Control
[2026-04-20 09:35:00] [DEBUG] 显示时间占位图片，位置: (27.5, -40.83334), 大小: (0.0, 0.0)
[2026-04-20 09:35:00] [DEBUG] 解析并归一化形状成功！唯一特征码: [1], 尺寸: (1, 1)
[2026-04-20 09:35:00] [DEBUG] TimeBlock节点类型: Control, 路径: /root/in_scene/ui/Main/DeckPile/Cards/@Control@337/TimeBlock
[2026-04-20 09:35:00] [DEBUG] TimeBlock是Control类型，尝试动态处理
[2026-04-20 09:35:00] [DEBUG] 已创建TextureRect子节点显示时间占位图片: 1
[2026-04-20 09:35:00] [DEBUG] 处理通用Control节点: Control
[2026-04-20 09:35:00] [DEBUG] 显示时间占位图片，位置: (27.5, -40.83334), 大小: (0.0, 0.0)
[2026-04-20 09:35:00] [DEBUG] 设置卡牌透明度: 1.0
[2026-04-20 09:35:00] [DEBUG] 设置卡牌透明度: 1.0
[2026-04-20 09:35:00] [DEBUG] 设置卡牌透明度: 1.0
[2026-04-20 09:35:00] [DEBUG] 设置卡牌透明度: 1.0
[2026-04-20 09:35:00] [DEBUG] 设置卡牌透明度: 1.0
[2026-04-20 09:35:00] [DEBUG] 设置卡牌透明度: 1.0
[2026-04-20 09:35:00] [DEBUG] 设置卡牌透明度: 1.0
[2026-04-20 09:35:00] [DEBUG] 设置卡牌透明度: 1.0
[2026-04-20 09:35:00] [DEBUG] 设置卡牌透明度: 1.0
[2026-04-20 09:35:00] [DEBUG] 设置卡牌透明度: 1.0
[2026-04-20 09:35:00] [DEBUG] 设置卡牌透明度: 1.0
[2026-04-20 09:35:00] [DEBUG] 设置卡牌透明度: 1.0
[2026-04-20 09:35:00] [DEBUG] 设置卡牌透明度: 1.0
[2026-04-20 09:35:01] [DEBUG] 左键点击抽牌堆：尝试抽牌...
[2026-04-20 09:35:01] [INFO] 开始摸牌，数量：3
[2026-04-20 09:35:01] [DEBUG] 设置卡牌透明度: 1.0
[2026-04-20 09:35:01] [DEBUG] 设置卡牌透明度: 1.0
[2026-04-20 09:35:01] [DEBUG] 设置卡牌透明度: 1.0
[2026-04-20 09:35:01] [DEBUG] 设置卡牌透明度: 1.0
[2026-04-20 09:35:01] [DEBUG] 设置卡牌透明度: 1.0
[2026-04-20 09:35:01] [DEBUG] 设置卡牌透明度: 1.0
[2026-04-20 09:35:01] [DEBUG] 设置卡牌透明度: 1.0
[2026-04-20 09:35:01] [DEBUG] 设置卡牌透明度: 1.0
[2026-04-20 09:35:01] [DEBUG] 设置卡牌透明度: 1.0
[2026-04-20 09:35:01] [DEBUG] 设置卡牌透明度: 1.0
[2026-04-20 09:35:01] [INFO] UI 更新完毕 | 抽牌堆: 13 | 弃牌堆: 0
[2026-04-20 09:35:01] [DEBUG] 设置卡牌透明度: 1.0
[2026-04-20 09:35:01] [DEBUG] 设置卡牌透明度: 1.0
[2026-04-20 09:35:01] [DEBUG] 设置卡牌透明度: 1.0
[2026-04-20 09:35:01] [DEBUG] 设置卡牌透明度: 1.0
[2026-04-20 09:35:01] [DEBUG] 设置卡牌透明度: 1.0
[2026-04-20 09:35:01] [DEBUG] 设置卡牌透明度: 1.0
[2026-04-20 09:35:01] [DEBUG] 设置卡牌透明度: 1.0
[2026-04-20 09:35:01] [DEBUG] 设置卡牌透明度: 1.0
[2026-04-20 09:35:01] [DEBUG] 设置卡牌透明度: 1.0
[2026-04-20 09:35:01] [DEBUG] 设置卡牌透明度: 1.0
[2026-04-20 09:35:01] [INFO] UI 更新完毕 | 抽牌堆: 12 | 弃牌堆: 0
[2026-04-20 09:35:02] [DEBUG] 设置卡牌透明度: 1.0
[2026-04-20 09:35:02] [INFO] UI 更新完毕 | 抽牌堆: 11 | 弃牌堆: 0
[2026-04-20 09:35:02] [DEBUG] 设置卡牌透明度: 1.0
[2026-04-20 09:35:02] [DEBUG] 设置卡牌透明度: 1.0
[2026-04-20 09:35:02] [DEBUG] 设置卡牌透明度: 1.0
[2026-04-20 09:35:04] [DEBUG] TimeBlock节点类型: Control, 路径: /root/in_scene/ui/Main/PlayerHand/Cards/Card/TimeBlock
[2026-04-20 09:35:04] [DEBUG] TimeBlock是Control类型，尝试动态处理
[2026-04-20 09:35:04] [DEBUG] 已创建TextureRect子节点显示时间占位图片: 1
[2026-04-20 09:35:04] [DEBUG] 处理通用Control节点: Control
[2026-04-20 09:35:04] [DEBUG] 显示时间占位图片，位置: (27.5, -40.83334), 大小: (0.0, 0.0)
[2026-04-20 09:35:04] [DEBUG] 设置卡牌透明度: 0.5
[2026-04-20 09:35:05] [INFO] 🃏 卡牌打出！移交 DragShapeController 变形处理...
[2026-04-20 09:35:05] [DEBUG] 从实体卡牌继承解析坐标: [(0, 0)]
[2026-04-20 09:35:05] [DEBUG] 拖拽开始，显示形状预览
[2026-04-20 09:35:05] [DEBUG] 显示形状预览，坐标数量: 1
[2026-04-20 09:35:05] [DEBUG] 创建 1 个预览方块
[2026-04-20 09:35:05] [DEBUG] 设置预览容器位置: (709.0, 0.0)
[2026-04-20 09:35:05] [DEBUG] 设置预览方块位置: 方块索引=0, 网格坐标=(0, 0), 像素位置=(0.0, 0.0)
[2026-04-20 09:35:05] [DEBUG] 设置时间轴点击缩放权限: allow=true filter=1
[2026-04-20 09:35:05] [DEBUG] 已启用时间轴点击缩放权限（卡牌选中中）
[2026-04-20 09:35:05] [DEBUG] 已禁用时间轴UI鼠标交互
[2026-04-20 09:35:05] [DEBUG] 地块交互状态已设置为: false
[2026-04-20 09:35:05] [DEBUG] 已禁用地块交互
[2026-04-20 09:35:05] [DEBUG] 地块视觉状态锁已设置为: true
[2026-04-20 09:35:05] [DEBUG] 已禁用网格单元格鼠标交互: @Panel@263
[2026-04-20 09:35:05] [DEBUG] 已禁用网格单元格鼠标交互: @Panel@264
[2026-04-20 09:35:05] [DEBUG] 已禁用网格单元格鼠标交互: @Panel@265
[2026-04-20 09:35:05] [DEBUG] 已禁用网格单元格鼠标交互: @Panel@266
[2026-04-20 09:35:05] [DEBUG] 已禁用网格单元格鼠标交互: @Panel@267
[2026-04-20 09:35:05] [DEBUG] 已禁用网格单元格鼠标交互: @Panel@268
[2026-04-20 09:35:05] [DEBUG] 已禁用网格单元格鼠标交互: @Panel@269
[2026-04-20 09:35:05] [DEBUG] 已禁用网格单元格鼠标交互: @Panel@270
[2026-04-20 09:35:05] [DEBUG] 已禁用网格单元格鼠标交互: @Panel@271
[2026-04-20 09:35:05] [DEBUG] 已禁用网格单元格鼠标交互: @Panel@272
[2026-04-20 09:35:05] [DEBUG] 已禁用网格单元格鼠标交互: @Panel@273
[2026-04-20 09:35:05] [DEBUG] 已禁用网格单元格鼠标交互: @Panel@274
[2026-04-20 09:35:05] [DEBUG] 已禁用网格单元格鼠标交互: @Panel@275
[2026-04-20 09:35:05] [DEBUG] 已禁用网格单元格鼠标交互: @Panel@276
[2026-04-20 09:35:05] [DEBUG] 已禁用网格单元格鼠标交互: @Panel@277
[2026-04-20 09:35:05] [DEBUG] 已禁用网格单元格鼠标交互: @Panel@278
[2026-04-20 09:35:05] [DEBUG] 已禁用网格单元格鼠标交互: @Panel@279
[2026-04-20 09:35:05] [DEBUG] 已禁用网格单元格鼠标交互: @Panel@280
[2026-04-20 09:35:05] [DEBUG] 已禁用网格单元格鼠标交互: @Panel@281
[2026-04-20 09:35:05] [DEBUG] 已禁用网格单元格鼠标交互: @Panel@282
[2026-04-20 09:35:05] [DEBUG] 已禁用网格单元格鼠标交互: @Panel@283
[2026-04-20 09:35:05] [DEBUG] 已禁用网格单元格鼠标交互: @Panel@284
[2026-04-20 09:35:05] [DEBUG] 已禁用网格单元格鼠标交互: @Panel@285
[2026-04-20 09:35:05] [DEBUG] 已禁用网格单元格鼠标交互: @Panel@286
[2026-04-20 09:35:05] [DEBUG] 已禁用网格单元格鼠标交互: @Panel@287
[2026-04-20 09:35:05] [DEBUG] 已禁用网格单元格鼠标交互: @Panel@288
[2026-04-20 09:35:05] [DEBUG] 已禁用网格单元格鼠标交互: @Panel@289
[2026-04-20 09:35:05] [DEBUG] 已禁用网格单元格鼠标交互: @Panel@290
[2026-04-20 09:35:05] [DEBUG] 已禁用网格单元格鼠标交互: @Panel@291
[2026-04-20 09:35:05] [DEBUG] 已禁用网格单元格鼠标交互: @Panel@292
[2026-04-20 09:35:05] [DEBUG] 已禁用网格单元格鼠标交互: @Panel@293
[2026-04-20 09:35:05] [DEBUG] 已禁用网格单元格鼠标交互: @Panel@294
[2026-04-20 09:35:05] [DEBUG] 已禁用网格单元格鼠标交互: @Panel@295
[2026-04-20 09:35:05] [DEBUG] 已禁用网格单元格鼠标交互: @Panel@296
[2026-04-20 09:35:05] [DEBUG] 已禁用网格单元格鼠标交互: @Panel@297
[2026-04-20 09:35:05] [DEBUG] 已禁用网格单元格鼠标交互: @Panel@298
[2026-04-20 09:35:05] [INFO] 卡牌进入拖拽状态
[2026-04-20 09:35:05] [DEBUG] 卡牌原始状态已保存: parent=Cards, pos=(903.8976, 811.8459), scale=(1.0, 1.0)
[2026-04-20 09:35:05] [DEBUG] 卡牌父节点: Control @ (897.5, 856.0)
[2026-04-20 09:35:05] [DEBUG] 卡牌重新父级化前: 位置=(6.397587, -44.1541), 大小=(125.0, 175.0)
[2026-04-20 09:35:05] [DEBUG] 卡牌缩放: 目标=2.0, 当前=(1.0, 1.0)
[2026-04-20 09:35:05] [DEBUG] 卡牌中心计算完成: (131.3976, 130.8459)
[2026-04-20 09:35:05] [DEBUG] 拖拽偏移锁定为: (0.0, 0.0)
[2026-04-20 09:35:05] [INFO] 开始拖拽实体卡牌，已重新父级化到场景根节点
[2026-04-20 09:35:05] [DEBUG] 自由拖拽: 目标=(1048.931, 563.3791)
[2026-04-20 09:35:05] [DEBUG] 自由拖拽: 目标=(1048.931, 563.3791)
[2026-04-20 09:35:05] [DEBUG] 自由拖拽: 目标=(1048.931, 563.3791)
[2026-04-20 09:35:05] [DEBUG] 自由拖拽: 目标=(1048.931, 563.3791)
[2026-04-20 09:35:05] [DEBUG] 自由拖拽: 目标=(1048.931, 563.3791)
[2026-04-20 09:35:05] [DEBUG] 自由拖拽: 目标=(1048.931, 563.3791)
[2026-04-20 09:35:05] [DEBUG] 自由拖拽: 目标=(1048.931, 563.3791)
[2026-04-20 09:35:05] [DEBUG] 自由拖拽: 目标=(1048.931, 563.3791)
[2026-04-20 09:35:05] [DEBUG] 自由拖拽: 目标=(1048.931, 563.3791)
[2026-04-20 09:35:05] [DEBUG] 自由拖拽: 目标=(1048.931, 563.3791)
[2026-04-20 09:35:05] [DEBUG] 自由拖拽: 目标=(1048.931, 563.3791)
[2026-04-20 09:35:05] [DEBUG] 自由拖拽: 目标=(1047.791, 563.3791)
[2026-04-20 09:35:05] [DEBUG] 自由拖拽: 目标=(1047.791, 563.3791)
[2026-04-20 09:35:05] [DEBUG] 自由拖拽: 目标=(1046.651, 563.3791)
[2026-04-20 09:35:05] [DEBUG] 自由拖拽: 目标=(1046.651, 563.3791)
[2026-04-20 09:35:05] [DEBUG] 自由拖拽: 目标=(1046.651, 563.3791)
[2026-04-20 09:35:05] [DEBUG] 自由拖拽: 目标=(1045.511, 563.3791)
[2026-04-20 09:35:05] [DEBUG] 自由拖拽: 目标=(1045.511, 563.3791)
[2026-04-20 09:35:05] [DEBUG] 自由拖拽: 目标=(1045.511, 563.3791)
[2026-04-20 09:35:05] [DEBUG] 自由拖拽: 目标=(1045.511, 563.3791)
[2026-04-20 09:35:05] [DEBUG] 自由拖拽: 目标=(1045.511, 563.3791)
[2026-04-20 09:35:05] [DEBUG] 自由拖拽: 目标=(1045.511, 563.3791)
[2026-04-20 09:35:05] [DEBUG] 自由拖拽: 目标=(1045.511, 563.3791)
[2026-04-20 09:35:05] [DEBUG] 自由拖拽: 目标=(1045.511, 563.3791)
[2026-04-20 09:35:05] [DEBUG] 自由拖拽: 目标=(1045.511, 563.3791)
[2026-04-20 09:35:05] [DEBUG] 自由拖拽: 目标=(1045.511, 563.3791)
[2026-04-20 09:35:05] [DEBUG] 自由拖拽: 目标=(1045.511, 563.3791)
[2026-04-20 09:35:05] [DEBUG] 自由拖拽: 目标=(1045.511, 563.3791)
[2026-04-20 09:35:05] [DEBUG] 自由拖拽: 目标=(1045.511, 563.3791)
[2026-04-20 09:35:05] [DEBUG] 自由拖拽: 目标=(1045.511, 563.3791)
[2026-04-20 09:35:05] [DEBUG] 自由拖拽: 目标=(1045.511, 563.3791)
[2026-04-20 09:35:05] [DEBUG] 自由拖拽: 目标=(1045.511, 563.3791)
[2026-04-20 09:35:05] [DEBUG] 自由拖拽: 目标=(1045.511, 563.3791)
[2026-04-20 09:35:05] [DEBUG] 自由拖拽: 目标=(1045.511, 563.3791)
[2026-04-20 09:35:05] [DEBUG] 自由拖拽: 目标=(1045.511, 563.3791)
[2026-04-20 09:35:05] [DEBUG] 自由拖拽: 目标=(1045.511, 563.3791)
[2026-04-20 09:35:05] [DEBUG] 自由拖拽: 目标=(1045.511, 563.3791)
[2026-04-20 09:35:05] [DEBUG] 自由拖拽: 目标=(1045.511, 563.3791)
[2026-04-20 09:35:05] [DEBUG] 自由拖拽: 目标=(1045.511, 563.3791)
[2026-04-20 09:35:05] [DEBUG] 自由拖拽: 目标=(1045.511, 563.3791)
[2026-04-20 09:35:05] [DEBUG] 自由拖拽: 目标=(1045.511, 563.3791)
[2026-04-20 09:35:05] [DEBUG] 自由拖拽: 目标=(1045.511, 563.3791)
[2026-04-20 09:35:05] [DEBUG] 自由拖拽: 目标=(1045.511, 563.3791)
[2026-04-20 09:35:05] [DEBUG] 自由拖拽: 目标=(1045.511, 563.3791)
[2026-04-20 09:35:05] [DEBUG] 自由拖拽: 目标=(1045.511, 563.3791)
[2026-04-20 09:35:05] [DEBUG] 自由拖拽: 目标=(1045.511, 563.3791)
[2026-04-20 09:35:05] [DEBUG] 自由拖拽: 目标=(1045.511, 562.2386)
[2026-04-20 09:35:05] [DEBUG] 自由拖拽: 目标=(1045.511, 562.2386)
[2026-04-20 09:35:05] [DEBUG] 自由拖拽: 目标=(1045.511, 561.0982)
[2026-04-20 09:35:05] [DEBUG] 自由拖拽: 目标=(1045.511, 557.6768)
[2026-04-20 09:35:05] [DEBUG] 自由拖拽: 目标=(1045.511, 557.6768)
[2026-04-20 09:35:05] [DEBUG] 自由拖拽: 目标=(1044.37, 547.4128)
[2026-04-20 09:35:05] [DEBUG] 自由拖拽: 目标=(1044.37, 547.4128)
[2026-04-20 09:35:05] [DEBUG] 自由拖拽: 目标=(1042.09, 534.868)
[2026-04-20 09:35:05] [DEBUG] 自由拖拽: 目标=(1039.81, 521.1827)
[2026-04-20 09:35:05] [DEBUG] 自由拖拽: 目标=(1034.109, 505.2164)
[2026-04-20 09:35:05] [DEBUG] 自由拖拽: 目标=(1034.109, 505.2164)
[2026-04-20 09:35:05] [DEBUG] 自由拖拽: 目标=(1029.549, 493.812)
[2026-04-20 09:35:05] [DEBUG] 自由拖拽: 目标=(1026.128, 485.8289)
[2026-04-20 09:35:05] [DEBUG] 自由拖拽: 目标=(1026.128, 485.8289)
[2026-04-20 09:35:05] [DEBUG] 自由拖拽: 目标=(1022.708, 477.8458)
[2026-04-20 09:35:05] [DEBUG] 自由拖拽: 目标=(1017.007, 461.8796)
[2026-04-20 09:35:05] [DEBUG] 自由拖拽: 目标=(1017.007, 461.8796)
[2026-04-20 09:35:05] [DEBUG] 自由拖拽: 目标=(1013.587, 453.8965)
[2026-04-20 09:35:05] [DEBUG] 自由拖拽: 目标=(1013.587, 453.8965)
[2026-04-20 09:35:05] [DEBUG] 自由拖拽: 目标=(1010.166, 444.7729)
[2026-04-20 09:35:05] [DEBUG] 自由拖拽: 目标=(1004.466, 434.5089)
[2026-04-20 09:35:05] [DEBUG] 自由拖拽: 目标=(998.7648, 424.245)
[2026-04-20 09:35:05] [DEBUG] 自由拖拽: 目标=(998.7648, 424.245)
[2026-04-20 09:35:05] [DEBUG] 自由拖拽: 目标=(993.0641, 412.8405)
[2026-04-20 09:35:05] [DEBUG] 自由拖拽: 目标=(985.0831, 403.717)
[2026-04-20 09:35:05] [DEBUG] 自由拖拽: 目标=(985.0831, 403.717)
[2026-04-20 09:35:05] [DEBUG] 自由拖拽: 目标=(975.9619, 392.3126)
[2026-04-20 09:35:05] [DEBUG] 自由拖拽: 目标=(966.8408, 380.9081)
[2026-04-20 09:35:05] [DEBUG] 自由拖拽: 目标=(966.8408, 380.9081)
[2026-04-20 09:35:05] [DEBUG] 自由拖拽: 目标=(958.8598, 370.6441)
[2026-04-20 09:35:05] [DEBUG] 自由拖拽: 目标=(958.8598, 370.6441)
[2026-04-20 09:35:05] [DEBUG] 自由拖拽: 目标=(944.038, 352.397)
[2026-04-20 09:35:05] [DEBUG] 自由拖拽: 目标=(936.0569, 344.4139)
[2026-04-20 09:35:05] [DEBUG] 自由拖拽: 目标=(936.0569, 344.4139)
[2026-04-20 09:35:05] [DEBUG] 自由拖拽: 目标=(930.3562, 337.5713)
[2026-04-20 09:35:05] [DEBUG] 自由拖拽: 目标=(924.6555, 329.5882)
[2026-04-20 09:35:05] [DEBUG] 自由拖拽: 目标=(924.6555, 329.5882)
[2026-04-20 09:35:05] [DEBUG] 自由拖拽: 目标=(921.2351, 326.1668)
[2026-04-20 09:35:05] [DEBUG] 自由拖拽: 目标=(917.8146, 323.886)
[2026-04-20 09:35:05] [DEBUG] 自由拖拽: 目标=(917.8146, 323.886)
[2026-04-20 09:35:05] [DEBUG] 自由拖拽: 目标=(915.5344, 319.3242)
[2026-04-20 09:35:05] [DEBUG] 自由拖拽: 目标=(913.2541, 315.9028)
[2026-04-20 09:35:05] [DEBUG] 自由拖拽: 目标=(908.6935, 310.2006)
[2026-04-20 09:35:05] [DEBUG] 自由拖拽: 目标=(908.6935, 310.2006)
[2026-04-20 09:35:05] [DEBUG] 自由拖拽: 目标=(901.8527, 297.6557)
[2026-04-20 09:35:05] [DEBUG] 自由拖拽: 目标=(901.8527, 297.6557)
[2026-04-20 09:35:05] [DEBUG] 自由拖拽: 目标=(898.4323, 291.9535)
[2026-04-20 09:35:05] [DEBUG] 自由拖拽: 目标=(896.152, 285.1109)
[2026-04-20 09:35:05] [DEBUG] 自由拖拽: 目标=(896.152, 285.1109)
[2026-04-20 09:35:05] [DEBUG] 自由拖拽: 目标=(892.7315, 279.4087)
[2026-04-20 09:35:05] [DEBUG] 自由拖拽: 目标=(889.3111, 272.566)
[2026-04-20 09:35:05] [DEBUG] 自由拖拽: 目标=(889.3111, 272.566)
[2026-04-20 09:35:05] [DEBUG] 自由拖拽: 目标=(888.171, 268.0042)
[2026-04-20 09:35:05] [DEBUG] 自由拖拽: 目标=(885.8907, 262.302)
[2026-04-20 09:35:05] [DEBUG] 自由拖拽: 目标=(885.8907, 262.302)
[2026-04-20 09:35:05] [DEBUG] 自由拖拽: 目标=(882.4703, 255.4594)
[2026-04-20 09:35:05] [DEBUG] 自由拖拽: 目标=(877.9097, 246.3358)
[2026-04-20 09:35:05] [DEBUG] 自由拖拽: 目标=(877.9097, 246.3358)
[2026-04-20 09:35:05] [DEBUG] 自由拖拽: 目标=(875.6294, 239.4931)
[2026-04-20 09:35:05] [DEBUG] 自由拖拽: 目标=(872.209, 231.51)
[2026-04-20 09:35:05] [DEBUG] 自由拖拽: 目标=(872.209, 231.51)
[2026-04-20 09:35:05] [DEBUG] 自由拖拽: 目标=(867.6484, 223.5269)
[2026-04-20 09:35:05] [DEBUG] 自由拖拽: 目标=(867.6484, 223.5269)
[2026-04-20 09:35:05] [DEBUG] 自由拖拽: 目标=(864.228, 214.4034)
[2026-04-20 09:35:05] [DEBUG] 自由拖拽: 目标=(858.5273, 207.5607)
[2026-04-20 09:35:05] [DEBUG] 自由拖拽: 目标=(852.8265, 199.5776)
[2026-04-20 09:35:05] [DEBUG] 自由拖拽: 目标=(852.8265, 199.5776)
[2026-04-20 09:35:05] [DEBUG] 自由拖拽: 目标=(848.266, 192.7349)
[2026-04-20 09:35:05] [DEBUG] 自由拖拽: 目标=(845.9857, 187.0327)
[2026-04-20 09:35:05] [DEBUG] 自由拖拽: 目标=(845.9857, 187.0327)
[2026-04-20 09:35:05] [DEBUG] 时间轴悬停调试: 
  - 鼠标位置: (835.7244, 173.3474)
  - 网格背景本地鼠标位置: (168.1497, 115.5649) (已自动剔除缩放变换)
  - 格子大小: 42.0 (ui_slot_size=40.0, ui_spacing=2.0)
  - 网格坐标: (4, 2)
  - 网格边界检查: true (范围: X[0-11], Y[0-2])
  - 拖拽偏移: (0.0, 0.0)
  - 目标中心: (835.7244, 173.3474)
  - 当前卡牌位置: (765.7642, 74.72241)
[2026-04-20 09:35:05] [DEBUG] 卡牌左上角计算: 大小=(125.0, 175.0002), 缩放=(1.283545, 1.283545), 左上角=(755.5029, 61.03709)
[2026-04-20 09:35:05] [DEBUG] 放置验证通过: shape_coords=[(0, 0)], origin=(4, 2), 所有坐标在网格范围内且无碰撞
[2026-04-20 09:35:05] [DEBUG] 更新预览位置: (4, 2), 有效: true
[2026-04-20 09:35:05] [DEBUG] 设置预览容器位置: (583.5, 0.0)
[2026-04-20 09:35:05] [DEBUG] 设置预览方块位置: 方块索引=0, 网格坐标=(4, 2), 像素位置=(168.0, 84.0)
[2026-04-20 09:35:05] [DEBUG] 更新网格预览: 形状=[(0, 0)], 原点=(4, 2), 有效=true, 全部在边界内=true, 敌人重叠=false
[2026-04-20 09:35:05] [DEBUG] 时间轴悬停调试: 
  - 鼠标位置: (834.5843, 169.9261)
  - 网格背景本地鼠标位置: (167.3895, 113.284) (已自动剔除缩放变换)
  - 格子大小: 42.0 (ui_slot_size=40.0, ui_spacing=2.0)
  - 网格坐标: (3, 2)
  - 网格边界检查: true (范围: X[0-11], Y[0-2])
  - 拖拽偏移: (0.0, 0.0)
  - 目标中心: (834.5843, 169.9261)
  - 当前卡牌位置: (755.5029, 61.03709)
[2026-04-20 09:35:05] [DEBUG] 卡牌左上角计算: 大小=(125.0, 175.0002), 缩放=(1.283545, 1.283545), 左上角=(754.3627, 57.61575)
[2026-04-20 09:35:05] [DEBUG] 更新预览位置: (3, 2), 有效: false
[2026-04-20 09:35:05] [DEBUG] 设置预览容器位置: (583.5, 0.0)
[2026-04-20 09:35:05] [DEBUG] 设置预览方块位置: 方块索引=0, 网格坐标=(3, 2), 像素位置=(126.0, 84.0)
[2026-04-20 09:35:05] [DEBUG] 更新网格预览: 形状=[(0, 0)], 原点=(3, 2), 有效=false, 全部在边界内=true, 敌人重叠=true
[2026-04-20 09:35:05] [DEBUG] 时间轴悬停调试: 
  - 鼠标位置: (832.304, 168.7856)
  - 网格背景本地鼠标位置: (165.8693, 112.5238) (已自动剔除缩放变换)
  - 格子大小: 42.0 (ui_slot_size=40.0, ui_spacing=2.0)
  - 网格坐标: (3, 2)
  - 网格边界检查: true (范围: X[0-11], Y[0-2])
  - 拖拽偏移: (0.0, 0.0)
  - 目标中心: (832.304, 168.7856)
  - 当前卡牌位置: (754.3627, 57.61575)
[2026-04-20 09:35:05] [DEBUG] 卡牌左上角计算: 大小=(125.0, 175.0002), 缩放=(1.283545, 1.283545), 左上角=(752.0824, 56.47531)
[2026-04-20 09:35:05] [DEBUG] 更新网格预览: 形状=[(0, 0)], 原点=(3, 2), 有效=false, 全部在边界内=true, 敌人重叠=true
[2026-04-20 09:35:05] [DEBUG] 时间轴悬停调试: 
  - 鼠标位置: (832.304, 168.7856)
  - 网格背景本地鼠标位置: (165.8693, 112.5238) (已自动剔除缩放变换)
  - 格子大小: 42.0 (ui_slot_size=40.0, ui_spacing=2.0)
  - 网格坐标: (3, 2)
  - 网格边界检查: true (范围: X[0-11], Y[0-2])
  - 拖拽偏移: (0.0, 0.0)
  - 目标中心: (832.304, 168.7856)
  - 当前卡牌位置: (752.0824, 56.47531)
[2026-04-20 09:35:05] [DEBUG] 卡牌左上角计算: 大小=(125.0, 175.0002), 缩放=(1.283545, 1.283545), 左上角=(752.0824, 56.47531)
[2026-04-20 09:35:05] [DEBUG] 更新网格预览: 形状=[(0, 0)], 原点=(3, 2), 有效=false, 全部在边界内=true, 敌人重叠=true
[2026-04-20 09:35:05] [DEBUG] 时间轴悬停调试: 
  - 鼠标位置: (831.1638, 165.3643)
  - 网格背景本地鼠标位置: (165.1093, 110.2429) (已自动剔除缩放变换)
  - 格子大小: 42.0 (ui_slot_size=40.0, ui_spacing=2.0)
  - 网格坐标: (3, 2)
  - 网格边界检查: true (范围: X[0-11], Y[0-2])
  - 拖拽偏移: (0.0, 0.0)
  - 目标中心: (831.1638, 165.3643)
  - 当前卡牌位置: (752.0824, 56.47531)
[2026-04-20 09:35:05] [DEBUG] 卡牌左上角计算: 大小=(125.0, 175.0002), 缩放=(1.283545, 1.283545), 左上角=(750.9423, 53.05399)
[2026-04-20 09:35:05] [DEBUG] 更新网格预览: 形状=[(0, 0)], 原点=(3, 2), 有效=false, 全部在边界内=true, 敌人重叠=true
[2026-04-20 09:35:05] [DEBUG] 时间轴悬停调试: 
  - 鼠标位置: (831.1638, 165.3643)
  - 网格背景本地鼠标位置: (165.1093, 110.2429) (已自动剔除缩放变换)
  - 格子大小: 42.0 (ui_slot_size=40.0, ui_spacing=2.0)
  - 网格坐标: (3, 2)
  - 网格边界检查: true (范围: X[0-11], Y[0-2])
  - 拖拽偏移: (0.0, 0.0)
  - 目标中心: (831.1638, 165.3643)
  - 当前卡牌位置: (750.9423, 53.05399)
[2026-04-20 09:35:05] [DEBUG] 卡牌左上角计算: 大小=(125.0, 175.0002), 缩放=(1.283545, 1.283545), 左上角=(750.9423, 53.05399)
[2026-04-20 09:35:05] [DEBUG] 更新网格预览: 形状=[(0, 0)], 原点=(3, 2), 有效=false, 全部在边界内=true, 敌人重叠=true
[2026-04-20 09:35:05] [DEBUG] 时间轴悬停调试: 
  - 鼠标位置: (830.0237, 163.0834)
  - 网格背景本地鼠标位置: (164.3491, 108.7223) (已自动剔除缩放变换)
  - 格子大小: 42.0 (ui_slot_size=40.0, ui_spacing=2.0)
  - 网格坐标: (3, 2)
  - 网格边界检查: true (范围: X[0-11], Y[0-2])
  - 拖拽偏移: (0.0, 0.0)
  - 目标中心: (830.0237, 163.0834)
  - 当前卡牌位置: (750.9423, 53.05399)
[2026-04-20 09:35:05] [DEBUG] 卡牌左上角计算: 大小=(125.0, 175.0002), 缩放=(1.283545, 1.283545), 左上角=(749.8021, 50.7731)
[2026-04-20 09:35:05] [DEBUG] 更新网格预览: 形状=[(0, 0)], 原点=(3, 2), 有效=false, 全部在边界内=true, 敌人重叠=true
[2026-04-20 09:35:05] [DEBUG] 时间轴悬停调试: 
  - 鼠标位置: (828.8835, 159.6621)
  - 网格背景本地鼠标位置: (163.5891, 106.4414) (已自动剔除缩放变换)
  - 格子大小: 42.0 (ui_slot_size=40.0, ui_spacing=2.0)
  - 网格坐标: (3, 2)
  - 网格边界检查: true (范围: X[0-11], Y[0-2])
  - 拖拽偏移: (0.0, 0.0)
  - 目标中心: (828.8835, 159.6621)
  - 当前卡牌位置: (749.8021, 50.7731)
[2026-04-20 09:35:05] [DEBUG] 卡牌左上角计算: 大小=(125.0, 175.0002), 缩放=(1.283545, 1.283545), 左上角=(748.662, 47.35176)
[2026-04-20 09:35:05] [DEBUG] 更新网格预览: 形状=[(0, 0)], 原点=(3, 2), 有效=false, 全部在边界内=true, 敌人重叠=true
[2026-04-20 09:35:05] [DEBUG] 时间轴悬停调试: 
  - 鼠标位置: (828.8835, 159.6621)
  - 网格背景本地鼠标位置: (163.5891, 106.4414) (已自动剔除缩放变换)
  - 格子大小: 42.0 (ui_slot_size=40.0, ui_spacing=2.0)
  - 网格坐标: (3, 2)
  - 网格边界检查: true (范围: X[0-11], Y[0-2])
  - 拖拽偏移: (0.0, 0.0)
  - 目标中心: (828.8835, 159.6621)
  - 当前卡牌位置: (748.662, 47.35176)
[2026-04-20 09:35:05] [DEBUG] 卡牌左上角计算: 大小=(125.0, 175.0002), 缩放=(1.283545, 1.283545), 左上角=(748.662, 47.35176)
[2026-04-20 09:35:05] [DEBUG] 更新网格预览: 形状=[(0, 0)], 原点=(3, 2), 有效=false, 全部在边界内=true, 敌人重叠=true
[2026-04-20 09:35:05] [DEBUG] 时间轴悬停调试: 
  - 鼠标位置: (826.6033, 149.3981)
  - 网格背景本地鼠标位置: (162.0688, 99.59874) (已自动剔除缩放变换)
  - 格子大小: 42.0 (ui_slot_size=40.0, ui_spacing=2.0)
  - 网格坐标: (3, 2)
  - 网格边界检查: true (范围: X[0-11], Y[0-2])
  - 拖拽偏移: (0.0, 0.0)
  - 目标中心: (826.6033, 149.3981)
  - 当前卡牌位置: (748.662, 47.35176)
[2026-04-20 09:35:05] [DEBUG] 卡牌左上角计算: 大小=(125.0, 175.0002), 缩放=(1.283545, 1.283545), 左上角=(746.3817, 37.08778)
[2026-04-20 09:35:05] [DEBUG] 更新网格预览: 形状=[(0, 0)], 原点=(3, 2), 有效=false, 全部在边界内=true, 敌人重叠=true
[2026-04-20 09:35:05] [DEBUG] 时间轴悬停调试: 
  - 鼠标位置: (825.4631, 145.9768)
  - 网格背景本地鼠标位置: (161.3088, 97.31784) (已自动剔除缩放变换)
  - 格子大小: 42.0 (ui_slot_size=40.0, ui_spacing=2.0)
  - 网格坐标: (3, 2)
  - 网格边界检查: true (范围: X[0-11], Y[0-2])
  - 拖拽偏移: (0.0, 0.0)
  - 目标中心: (825.4631, 145.9768)
  - 当前卡牌位置: (746.3817, 37.08778)
[2026-04-20 09:35:05] [DEBUG] 卡牌左上角计算: 大小=(125.0, 175.0002), 缩放=(1.283545, 1.283545), 左上角=(745.2416, 33.66644)
[2026-04-20 09:35:05] [DEBUG] 更新网格预览: 形状=[(0, 0)], 原点=(3, 2), 有效=false, 全部在边界内=true, 敌人重叠=true
[2026-04-20 09:35:05] [DEBUG] 时间轴悬停调试: 
  - 鼠标位置: (825.4631, 142.5554)
  - 网格背景本地鼠标位置: (161.3088, 95.03696) (已自动剔除缩放变换)
  - 格子大小: 42.0 (ui_slot_size=40.0, ui_spacing=2.0)
  - 网格坐标: (3, 2)
  - 网格边界检查: true (范围: X[0-11], Y[0-2])
  - 拖拽偏移: (0.0, 0.0)
  - 目标中心: (825.4631, 142.5554)
  - 当前卡牌位置: (745.2416, 33.66644)
[2026-04-20 09:35:05] [DEBUG] 卡牌左上角计算: 大小=(125.0, 175.0002), 缩放=(1.283545, 1.283545), 左上角=(745.2416, 30.24512)
[2026-04-20 09:35:05] [DEBUG] 更新网格预览: 形状=[(0, 0)], 原点=(3, 2), 有效=false, 全部在边界内=true, 敌人重叠=true
[2026-04-20 09:35:05] [DEBUG] 时间轴悬停调试: 
  - 鼠标位置: (825.4631, 142.5554)
  - 网格背景本地鼠标位置: (161.3088, 95.03696) (已自动剔除缩放变换)
  - 格子大小: 42.0 (ui_slot_size=40.0, ui_spacing=2.0)
  - 网格坐标: (3, 2)
  - 网格边界检查: true (范围: X[0-11], Y[0-2])
  - 拖拽偏移: (0.0, 0.0)
  - 目标中心: (825.4631, 142.5554)
  - 当前卡牌位置: (745.2416, 30.24512)
[2026-04-20 09:35:05] [DEBUG] 卡牌左上角计算: 大小=(125.0, 175.0002), 缩放=(1.283545, 1.283545), 左上角=(745.2416, 30.24512)
[2026-04-20 09:35:05] [DEBUG] 更新网格预览: 形状=[(0, 0)], 原点=(3, 2), 有效=false, 全部在边界内=true, 敌人重叠=true
[2026-04-20 09:35:05] [DEBUG] 时间轴悬停调试: 
  - 鼠标位置: (824.323, 140.2746)
  - 网格背景本地鼠标位置: (160.5487, 93.51637) (已自动剔除缩放变换)
  - 格子大小: 42.0 (ui_slot_size=40.0, ui_spacing=2.0)
  - 网格坐标: (3, 2)
  - 网格边界检查: true (范围: X[0-11], Y[0-2])
  - 拖拽偏移: (0.0, 0.0)
  - 目标中心: (824.323, 140.2746)
  - 当前卡牌位置: (745.2416, 30.24512)
[2026-04-20 09:35:05] [DEBUG] 卡牌左上角计算: 大小=(125.0, 175.0002), 缩放=(1.283545, 1.283545), 左上角=(744.1014, 27.96423)
[2026-04-20 09:35:05] [DEBUG] 更新网格预览: 形状=[(0, 0)], 原点=(3, 2), 有效=false, 全部在边界内=true, 敌人重叠=true
[2026-04-20 09:35:05] [DEBUG] 时间轴悬停调试: 
  - 鼠标位置: (824.323, 137.9937)
  - 网格背景本地鼠标位置: (160.5487, 91.99578) (已自动剔除缩放变换)
  - 格子大小: 42.0 (ui_slot_size=40.0, ui_spacing=2.0)
  - 网格坐标: (3, 2)
  - 网格边界检查: true (范围: X[0-11], Y[0-2])
  - 拖拽偏移: (0.0, 0.0)
  - 目标中心: (824.323, 137.9937)
  - 当前卡牌位置: (744.1014, 27.96423)
[2026-04-20 09:35:05] [DEBUG] 卡牌左上角计算: 大小=(125.0, 175.0002), 缩放=(1.283545, 1.283545), 左上角=(744.1014, 25.68335)
[2026-04-20 09:35:05] [DEBUG] 更新网格预览: 形状=[(0, 0)], 原点=(3, 2), 有效=false, 全部在边界内=true, 敌人重叠=true
[2026-04-20 09:35:05] [DEBUG] 时间轴悬停调试: 
  - 鼠标位置: (824.323, 137.9937)
  - 网格背景本地鼠标位置: (160.5487, 91.99578) (已自动剔除缩放变换)
  - 格子大小: 42.0 (ui_slot_size=40.0, ui_spacing=2.0)
  - 网格坐标: (3, 2)
  - 网格边界检查: true (范围: X[0-11], Y[0-2])
  - 拖拽偏移: (0.0, 0.0)
  - 目标中心: (824.323, 137.9937)
  - 当前卡牌位置: (744.1014, 25.68335)
[2026-04-20 09:35:05] [DEBUG] 卡牌左上角计算: 大小=(125.0, 175.0002), 缩放=(1.283545, 1.283545), 左上角=(744.1014, 25.68335)
[2026-04-20 09:35:05] [DEBUG] 更新网格预览: 形状=[(0, 0)], 原点=(3, 2), 有效=false, 全部在边界内=true, 敌人重叠=true
[2026-04-20 09:35:05] [DEBUG] 时间轴悬停调试: 
  - 鼠标位置: (824.323, 136.8532)
  - 网格背景本地鼠标位置: (160.5487, 91.23547) (已自动剔除缩放变换)
  - 格子大小: 42.0 (ui_slot_size=40.0, ui_spacing=2.0)
  - 网格坐标: (3, 2)
  - 网格边界检查: true (范围: X[0-11], Y[0-2])
  - 拖拽偏移: (0.0, 0.0)
  - 目标中心: (824.323, 136.8532)
  - 当前卡牌位置: (744.1014, 25.68335)
[2026-04-20 09:35:05] [DEBUG] 卡牌左上角计算: 大小=(125.0, 175.0002), 缩放=(1.283545, 1.283545), 左上角=(744.1014, 24.54289)
[2026-04-20 09:35:05] [DEBUG] 更新网格预览: 形状=[(0, 0)], 原点=(3, 2), 有效=false, 全部在边界内=true, 敌人重叠=true
[2026-04-20 09:35:05] [DEBUG] 时间轴悬停调试: 
  - 鼠标位置: (824.323, 136.8532)
  - 网格背景本地鼠标位置: (160.5487, 91.23547) (已自动剔除缩放变换)
  - 格子大小: 42.0 (ui_slot_size=40.0, ui_spacing=2.0)
  - 网格坐标: (3, 2)
  - 网格边界检查: true (范围: X[0-11], Y[0-2])
  - 拖拽偏移: (0.0, 0.0)
  - 目标中心: (824.323, 136.8532)
  - 当前卡牌位置: (744.1014, 24.54289)
[2026-04-20 09:35:05] [DEBUG] 卡牌左上角计算: 大小=(125.0, 175.0002), 缩放=(1.283545, 1.283545), 左上角=(744.1014, 24.54289)
[2026-04-20 09:35:05] [DEBUG] 更新网格预览: 形状=[(0, 0)], 原点=(3, 2), 有效=false, 全部在边界内=true, 敌人重叠=true
[2026-04-20 09:35:05] [DEBUG] 时间轴悬停调试: 
  - 鼠标位置: (824.323, 136.8532)
  - 网格背景本地鼠标位置: (160.5487, 91.23547) (已自动剔除缩放变换)
  - 格子大小: 42.0 (ui_slot_size=40.0, ui_spacing=2.0)
  - 网格坐标: (3, 2)
  - 网格边界检查: true (范围: X[0-11], Y[0-2])
  - 拖拽偏移: (0.0, 0.0)
  - 目标中心: (824.323, 136.8532)
  - 当前卡牌位置: (744.1014, 24.54289)
[2026-04-20 09:35:05] [DEBUG] 卡牌左上角计算: 大小=(125.0, 175.0002), 缩放=(1.283545, 1.283545), 左上角=(744.1014, 24.54289)
[2026-04-20 09:35:05] [DEBUG] 更新网格预览: 形状=[(0, 0)], 原点=(3, 2), 有效=false, 全部在边界内=true, 敌人重叠=true
[2026-04-20 09:35:05] [DEBUG] 时间轴悬停调试: 
  - 鼠标位置: (824.323, 135.7128)
  - 网格背景本地鼠标位置: (160.5487, 90.47518) (已自动剔除缩放变换)
  - 格子大小: 42.0 (ui_slot_size=40.0, ui_spacing=2.0)
  - 网格坐标: (3, 2)
  - 网格边界检查: true (范围: X[0-11], Y[0-2])
  - 拖拽偏移: (0.0, 0.0)
  - 目标中心: (824.323, 135.7128)
  - 当前卡牌位置: (744.1014, 24.54289)
[2026-04-20 09:35:05] [DEBUG] 卡牌左上角计算: 大小=(125.0, 175.0002), 缩放=(1.283545, 1.283545), 左上角=(744.1014, 23.40245)
[2026-04-20 09:35:05] [DEBUG] 更新网格预览: 形状=[(0, 0)], 原点=(3, 2), 有效=false, 全部在边界内=true, 敌人重叠=true
[2026-04-20 09:35:05] [DEBUG] 时间轴悬停调试: 
  - 鼠标位置: (824.323, 135.7128)
  - 网格背景本地鼠标位置: (160.5487, 90.47518) (已自动剔除缩放变换)
  - 格子大小: 42.0 (ui_slot_size=40.0, ui_spacing=2.0)
  - 网格坐标: (3, 2)
  - 网格边界检查: true (范围: X[0-11], Y[0-2])
  - 拖拽偏移: (0.0, 0.0)
  - 目标中心: (824.323, 135.7128)
  - 当前卡牌位置: (744.1014, 23.40245)
[2026-04-20 09:35:05] [DEBUG] 卡牌左上角计算: 大小=(125.0, 175.0002), 缩放=(1.283545, 1.283545), 左上角=(744.1014, 23.40245)
[2026-04-20 09:35:05] [DEBUG] 更新网格预览: 形状=[(0, 0)], 原点=(3, 2), 有效=false, 全部在边界内=true, 敌人重叠=true
[2026-04-20 09:35:05] [DEBUG] 时间轴悬停调试: 
  - 鼠标位置: (824.323, 134.5723)
  - 网格背景本地鼠标位置: (160.5487, 89.71489) (已自动剔除缩放变换)
  - 格子大小: 42.0 (ui_slot_size=40.0, ui_spacing=2.0)
  - 网格坐标: (3, 2)
  - 网格边界检查: true (范围: X[0-11], Y[0-2])
  - 拖拽偏移: (0.0, 0.0)
  - 目标中心: (824.323, 134.5723)
  - 当前卡牌位置: (744.1014, 23.40245)
[2026-04-20 09:35:05] [DEBUG] 卡牌左上角计算: 大小=(125.0, 175.0002), 缩放=(1.283545, 1.283545), 左上角=(744.1014, 22.26201)
[2026-04-20 09:35:05] [DEBUG] 更新网格预览: 形状=[(0, 0)], 原点=(3, 2), 有效=false, 全部在边界内=true, 敌人重叠=true
[2026-04-20 09:35:05] [DEBUG] 时间轴悬停调试: 
  - 鼠标位置: (824.323, 134.5723)
  - 网格背景本地鼠标位置: (160.5487, 89.71489) (已自动剔除缩放变换)
  - 格子大小: 42.0 (ui_slot_size=40.0, ui_spacing=2.0)
  - 网格坐标: (3, 2)
  - 网格边界检查: true (范围: X[0-11], Y[0-2])
  - 拖拽偏移: (0.0, 0.0)
  - 目标中心: (824.323, 134.5723)
  - 当前卡牌位置: (744.1014, 22.26201)
[2026-04-20 09:35:05] [DEBUG] 卡牌左上角计算: 大小=(125.0, 175.0002), 缩放=(1.283545, 1.283545), 左上角=(744.1014, 22.26201)
[2026-04-20 09:35:06] [DEBUG] 更新网格预览: 形状=[(0, 0)], 原点=(3, 2), 有效=false, 全部在边界内=true, 敌人重叠=true
[2026-04-20 09:35:06] [DEBUG] 时间轴悬停调试: 
  - 鼠标位置: (824.323, 134.5723)
  - 网格背景本地鼠标位置: (160.5487, 89.71489) (已自动剔除缩放变换)
  - 格子大小: 42.0 (ui_slot_size=40.0, ui_spacing=2.0)
  - 网格坐标: (3, 2)
  - 网格边界检查: true (范围: X[0-11], Y[0-2])
  - 拖拽偏移: (0.0, 0.0)
  - 目标中心: (824.323, 134.5723)
  - 当前卡牌位置: (744.1014, 22.26201)
[2026-04-20 09:35:06] [DEBUG] 卡牌左上角计算: 大小=(125.0, 175.0002), 缩放=(1.283545, 1.283545), 左上角=(744.1014, 22.26201)
[2026-04-20 09:35:06] [DEBUG] 更新网格预览: 形状=[(0, 0)], 原点=(3, 2), 有效=false, 全部在边界内=true, 敌人重叠=true
[2026-04-20 09:35:06] [DEBUG] 时间轴悬停调试: 
  - 鼠标位置: (824.323, 133.4319)
  - 网格背景本地鼠标位置: (160.5487, 88.95459) (已自动剔除缩放变换)
  - 格子大小: 42.0 (ui_slot_size=40.0, ui_spacing=2.0)
  - 网格坐标: (3, 2)
  - 网格边界检查: true (范围: X[0-11], Y[0-2])
  - 拖拽偏移: (0.0, 0.0)
  - 目标中心: (824.323, 133.4319)
  - 当前卡牌位置: (744.1014, 22.26201)
[2026-04-20 09:35:06] [DEBUG] 卡牌左上角计算: 大小=(125.0, 175.0002), 缩放=(1.283545, 1.283545), 左上角=(744.1014, 21.12157)
[2026-04-20 09:35:06] [DEBUG] 更新网格预览: 形状=[(0, 0)], 原点=(3, 2), 有效=false, 全部在边界内=true, 敌人重叠=true
[2026-04-20 09:35:06] [DEBUG] 时间轴悬停调试: 
  - 鼠标位置: (824.323, 132.2914)
  - 网格背景本地鼠标位置: (160.5487, 88.1943) (已自动剔除缩放变换)
  - 格子大小: 42.0 (ui_slot_size=40.0, ui_spacing=2.0)
  - 网格坐标: (3, 2)
  - 网格边界检查: true (范围: X[0-11], Y[0-2])
  - 拖拽偏移: (0.0, 0.0)
  - 目标中心: (824.323, 132.2914)
  - 当前卡牌位置: (744.1014, 21.12157)
[2026-04-20 09:35:06] [DEBUG] 卡牌左上角计算: 大小=(125.0, 175.0002), 缩放=(1.283545, 1.283545), 左上角=(744.1014, 19.98112)
[2026-04-20 09:35:06] [DEBUG] 更新网格预览: 形状=[(0, 0)], 原点=(3, 2), 有效=false, 全部在边界内=true, 敌人重叠=true
[2026-04-20 09:35:06] [DEBUG] 时间轴悬停调试: 
  - 鼠标位置: (824.323, 130.0106)
  - 网格背景本地鼠标位置: (160.5487, 86.67371) (已自动剔除缩放变换)
  - 格子大小: 42.0 (ui_slot_size=40.0, ui_spacing=2.0)
  - 网格坐标: (3, 2)
  - 网格边界检查: true (范围: X[0-11], Y[0-2])
  - 拖拽偏移: (0.0, 0.0)
  - 目标中心: (824.323, 130.0106)
  - 当前卡牌位置: (744.1014, 19.98112)
[2026-04-20 09:35:06] [DEBUG] 卡牌左上角计算: 大小=(125.0, 175.0002), 缩放=(1.283545, 1.283545), 左上角=(744.1014, 17.70024)
[2026-04-20 09:35:06] [DEBUG] 更新网格预览: 形状=[(0, 0)], 原点=(3, 2), 有效=false, 全部在边界内=true, 敌人重叠=true
[2026-04-20 09:35:06] [DEBUG] 时间轴悬停调试: 
  - 鼠标位置: (824.323, 130.0106)
  - 网格背景本地鼠标位置: (160.5487, 86.67371) (已自动剔除缩放变换)
  - 格子大小: 42.0 (ui_slot_size=40.0, ui_spacing=2.0)
  - 网格坐标: (3, 2)
  - 网格边界检查: true (范围: X[0-11], Y[0-2])
  - 拖拽偏移: (0.0, 0.0)
  - 目标中心: (824.323, 130.0106)
  - 当前卡牌位置: (744.1014, 17.70024)
[2026-04-20 09:35:06] [DEBUG] 卡牌左上角计算: 大小=(125.0, 175.0002), 缩放=(1.283545, 1.283545), 左上角=(744.1014, 17.70024)
[2026-04-20 09:35:06] [DEBUG] 更新网格预览: 形状=[(0, 0)], 原点=(3, 2), 有效=false, 全部在边界内=true, 敌人重叠=true
[2026-04-20 09:35:06] [DEBUG] 时间轴悬停调试: 
  - 鼠标位置: (827.7434, 128.8701)
  - 网格背景本地鼠标位置: (162.829, 85.91341) (已自动剔除缩放变换)
  - 格子大小: 42.0 (ui_slot_size=40.0, ui_spacing=2.0)
  - 网格坐标: (3, 2)
  - 网格边界检查: true (范围: X[0-11], Y[0-2])
  - 拖拽偏移: (0.0, 0.0)
  - 目标中心: (827.7434, 128.8701)
  - 当前卡牌位置: (744.1014, 17.70024)
[2026-04-20 09:35:06] [DEBUG] 卡牌左上角计算: 大小=(125.0, 175.0002), 缩放=(1.283545, 1.283545), 左上角=(747.5219, 16.5598)
[2026-04-20 09:35:06] [DEBUG] 更新网格预览: 形状=[(0, 0)], 原点=(3, 2), 有效=false, 全部在边界内=true, 敌人重叠=true
[2026-04-20 09:35:06] [DEBUG] 时间轴悬停调试: 
  - 鼠标位置: (827.7434, 128.8701)
  - 网格背景本地鼠标位置: (162.829, 85.91341) (已自动剔除缩放变换)
  - 格子大小: 42.0 (ui_slot_size=40.0, ui_spacing=2.0)
  - 网格坐标: (3, 2)
  - 网格边界检查: true (范围: X[0-11], Y[0-2])
  - 拖拽偏移: (0.0, 0.0)
  - 目标中心: (827.7434, 128.8701)
  - 当前卡牌位置: (747.5219, 16.5598)
[2026-04-20 09:35:06] [DEBUG] 卡牌左上角计算: 大小=(125.0, 175.0002), 缩放=(1.283545, 1.283545), 左上角=(747.5219, 16.5598)
[2026-04-20 09:35:06] [DEBUG] 更新网格预览: 形状=[(0, 0)], 原点=(3, 2), 有效=false, 全部在边界内=true, 敌人重叠=true
[2026-04-20 09:35:06] [DEBUG] 时间轴悬停调试: 
  - 鼠标位置: (831.1638, 128.8701)
  - 网格背景本地鼠标位置: (165.1093, 85.91341) (已自动剔除缩放变换)
  - 格子大小: 42.0 (ui_slot_size=40.0, ui_spacing=2.0)
  - 网格坐标: (3, 2)
  - 网格边界检查: true (范围: X[0-11], Y[0-2])
  - 拖拽偏移: (0.0, 0.0)
  - 目标中心: (831.1638, 128.8701)
  - 当前卡牌位置: (747.5219, 16.5598)
[2026-04-20 09:35:06] [DEBUG] 卡牌左上角计算: 大小=(125.0, 175.0002), 缩放=(1.283545, 1.283545), 左上角=(750.9423, 16.5598)
[2026-04-20 09:35:06] [DEBUG] 更新网格预览: 形状=[(0, 0)], 原点=(3, 2), 有效=false, 全部在边界内=true, 敌人重叠=true
[2026-04-20 09:35:06] [DEBUG] 时间轴悬停调试: 
  - 鼠标位置: (833.4442, 127.7297)
  - 网格背景本地鼠标位置: (166.6295, 85.15312) (已自动剔除缩放变换)
  - 格子大小: 42.0 (ui_slot_size=40.0, ui_spacing=2.0)
  - 网格坐标: (3, 2)
  - 网格边界检查: true (范围: X[0-11], Y[0-2])
  - 拖拽偏移: (0.0, 0.0)
  - 目标中心: (833.4442, 127.7297)
  - 当前卡牌位置: (750.9423, 16.5598)
[2026-04-20 09:35:06] [DEBUG] 卡牌左上角计算: 大小=(125.0, 175.0002), 缩放=(1.283545, 1.283545), 左上角=(753.2226, 15.41936)
[2026-04-20 09:35:06] [DEBUG] 更新网格预览: 形状=[(0, 0)], 原点=(3, 2), 有效=false, 全部在边界内=true, 敌人重叠=true
[2026-04-20 09:35:06] [DEBUG] 时间轴悬停调试: 
  - 鼠标位置: (833.4442, 127.7297)
  - 网格背景本地鼠标位置: (166.6295, 85.15312) (已自动剔除缩放变换)
  - 格子大小: 42.0 (ui_slot_size=40.0, ui_spacing=2.0)
  - 网格坐标: (3, 2)
  - 网格边界检查: true (范围: X[0-11], Y[0-2])
  - 拖拽偏移: (0.0, 0.0)
  - 目标中心: (833.4442, 127.7297)
  - 当前卡牌位置: (753.2226, 15.41936)
[2026-04-20 09:35:06] [DEBUG] 卡牌左上角计算: 大小=(125.0, 175.0002), 缩放=(1.283545, 1.283545), 左上角=(753.2226, 15.41936)
[2026-04-20 09:35:06] [DEBUG] 更新网格预览: 形状=[(0, 0)], 原点=(3, 2), 有效=false, 全部在边界内=true, 敌人重叠=true
[2026-04-20 09:35:06] [DEBUG] 时间轴悬停调试: 
  - 鼠标位置: (841.4251, 126.5892)
  - 网格背景本地鼠标位置: (171.9501, 84.39282) (已自动剔除缩放变换)
  - 格子大小: 42.0 (ui_slot_size=40.0, ui_spacing=2.0)
  - 网格坐标: (4, 2)
  - 网格边界检查: true (范围: X[0-11], Y[0-2])
  - 拖拽偏移: (0.0, 0.0)
  - 目标中心: (841.4251, 126.5892)
  - 当前卡牌位置: (753.2226, 15.41936)
[2026-04-20 09:35:06] [DEBUG] 卡牌左上角计算: 大小=(125.0, 175.0002), 缩放=(1.283545, 1.283545), 左上角=(761.2036, 14.27892)
[2026-04-20 09:35:06] [DEBUG] 放置验证通过: shape_coords=[(0, 0)], origin=(4, 2), 所有坐标在网格范围内且无碰撞
[2026-04-20 09:35:06] [DEBUG] 更新预览位置: (4, 2), 有效: true
[2026-04-20 09:35:06] [DEBUG] 设置预览容器位置: (583.5, 0.0)
[2026-04-20 09:35:06] [DEBUG] 设置预览方块位置: 方块索引=0, 网格坐标=(4, 2), 像素位置=(168.0, 84.0)
[2026-04-20 09:35:06] [DEBUG] 更新网格预览: 形状=[(0, 0)], 原点=(4, 2), 有效=true, 全部在边界内=true, 敌人重叠=false
[2026-04-20 09:35:06] [DEBUG] 时间轴悬停调试: 
  - 鼠标位置: (841.4251, 126.5892)
  - 网格背景本地鼠标位置: (171.9501, 84.39282) (已自动剔除缩放变换)
  - 格子大小: 42.0 (ui_slot_size=40.0, ui_spacing=2.0)
  - 网格坐标: (4, 2)
  - 网格边界检查: true (范围: X[0-11], Y[0-2])
  - 拖拽偏移: (0.0, 0.0)
  - 目标中心: (841.4251, 126.5892)
  - 当前卡牌位置: (761.2036, 14.27892)
[2026-04-20 09:35:06] [DEBUG] 卡牌左上角计算: 大小=(125.0, 175.0002), 缩放=(1.283545, 1.283545), 左上角=(761.2036, 14.27892)
[2026-04-20 09:35:06] [DEBUG] 放置验证通过: shape_coords=[(0, 0)], origin=(4, 2), 所有坐标在网格范围内且无碰撞
[2026-04-20 09:35:06] [DEBUG] 更新网格预览: 形状=[(0, 0)], 原点=(4, 2), 有效=true, 全部在边界内=true, 敌人重叠=false
[2026-04-20 09:35:06] [DEBUG] 时间轴悬停调试: 
  - 鼠标位置: (851.6864, 122.0275)
  - 网格背景本地鼠标位置: (178.791, 81.35164) (已自动剔除缩放变换)
  - 格子大小: 42.0 (ui_slot_size=40.0, ui_spacing=2.0)
  - 网格坐标: (4, 1)
  - 网格边界检查: true (范围: X[0-11], Y[0-2])
  - 拖拽偏移: (0.0, 0.0)
  - 目标中心: (851.6864, 122.0275)
  - 当前卡牌位置: (761.2036, 14.27892)
[2026-04-20 09:35:06] [DEBUG] 卡牌左上角计算: 大小=(125.0, 175.0002), 缩放=(1.283545, 1.283545), 左上角=(771.4648, 9.717133)
[2026-04-20 09:35:06] [DEBUG] 放置验证通过: shape_coords=[(0, 0)], origin=(4, 1), 所有坐标在网格范围内且无碰撞
[2026-04-20 09:35:06] [DEBUG] 更新预览位置: (4, 1), 有效: true
[2026-04-20 09:35:06] [DEBUG] 设置预览容器位置: (583.5, 0.0)
[2026-04-20 09:35:06] [DEBUG] 设置预览方块位置: 方块索引=0, 网格坐标=(4, 1), 像素位置=(168.0, 42.0)
[2026-04-20 09:35:06] [DEBUG] 更新网格预览: 形状=[(0, 0)], 原点=(4, 1), 有效=true, 全部在边界内=true, 敌人重叠=false
[2026-04-20 09:35:06] [DEBUG] 时间轴悬停调试: 
  - 鼠标位置: (853.9667, 119.7466)
  - 网格背景本地鼠标位置: (180.3112, 79.83105) (已自动剔除缩放变换)
  - 格子大小: 42.0 (ui_slot_size=40.0, ui_spacing=2.0)
  - 网格坐标: (4, 1)
  - 网格边界检查: true (范围: X[0-11], Y[0-2])
  - 拖拽偏移: (0.0, 0.0)
  - 目标中心: (853.9667, 119.7466)
  - 当前卡牌位置: (771.4648, 9.717133)
[2026-04-20 09:35:06] [DEBUG] 卡牌左上角计算: 大小=(125.0, 175.0002), 缩放=(1.283545, 1.283545), 左上角=(773.7451, 7.436249)
[2026-04-20 09:35:06] [DEBUG] 放置验证通过: shape_coords=[(0, 0)], origin=(4, 1), 所有坐标在网格范围内且无碰撞
[2026-04-20 09:35:06] [DEBUG] 更新网格预览: 形状=[(0, 0)], 原点=(4, 1), 有效=true, 全部在边界内=true, 敌人重叠=false
[2026-04-20 09:35:06] [DEBUG] 时间轴悬停调试: 
  - 鼠标位置: (853.9667, 119.7466)
  - 网格背景本地鼠标位置: (180.3112, 79.83105) (已自动剔除缩放变换)
  - 格子大小: 42.0 (ui_slot_size=40.0, ui_spacing=2.0)
  - 网格坐标: (4, 1)
  - 网格边界检查: true (范围: X[0-11], Y[0-2])
  - 拖拽偏移: (0.0, 0.0)
  - 目标中心: (853.9667, 119.7466)
  - 当前卡牌位置: (773.7451, 7.436249)
[2026-04-20 09:35:06] [DEBUG] 卡牌左上角计算: 大小=(125.0, 175.0002), 缩放=(1.283545, 1.283545), 左上角=(773.7451, 7.436249)
[2026-04-20 09:35:06] [DEBUG] 放置验证通过: shape_coords=[(0, 0)], origin=(4, 1), 所有坐标在网格范围内且无碰撞
[2026-04-20 09:35:06] [DEBUG] 更新网格预览: 形状=[(0, 0)], 原点=(4, 1), 有效=true, 全部在边界内=true, 敌人重叠=false
[2026-04-20 09:35:06] [DEBUG] 时间轴悬停调试: 
  - 鼠标位置: (861.9477, 111.7635)
  - 网格背景本地鼠标位置: (185.6318, 74.50897) (已自动剔除缩放变换)
  - 格子大小: 42.0 (ui_slot_size=40.0, ui_spacing=2.0)
  - 网格坐标: (4, 1)
  - 网格边界检查: true (范围: X[0-11], Y[0-2])
  - 拖拽偏移: (0.0, 0.0)
  - 目标中心: (861.9477, 111.7635)
  - 当前卡牌位置: (773.7451, 7.436249)
[2026-04-20 09:35:06] [DEBUG] 卡牌左上角计算: 大小=(125.0, 175.0002), 缩放=(1.283545, 1.283545), 左上角=(781.7261, -0.54686)
[2026-04-20 09:35:06] [DEBUG] 放置验证通过: shape_coords=[(0, 0)], origin=(4, 1), 所有坐标在网格范围内且无碰撞
[2026-04-20 09:35:06] [DEBUG] 更新网格预览: 形状=[(0, 0)], 原点=(4, 1), 有效=true, 全部在边界内=true, 敌人重叠=false
[2026-04-20 09:35:06] [DEBUG] 时间轴悬停调试: 
  - 鼠标位置: (864.228, 107.2017)
  - 网格背景本地鼠标位置: (187.152, 71.4678) (已自动剔除缩放变换)
  - 格子大小: 42.0 (ui_slot_size=40.0, ui_spacing=2.0)
  - 网格坐标: (4, 1)
  - 网格边界检查: true (范围: X[0-11], Y[0-2])
  - 拖拽偏移: (0.0, 0.0)
  - 目标中心: (864.228, 107.2017)
  - 当前卡牌位置: (781.7261, -0.54686)
[2026-04-20 09:35:06] [DEBUG] 卡牌左上角计算: 大小=(125.0, 175.0002), 缩放=(1.283545, 1.283545), 左上角=(784.0064, -5.108627)
[2026-04-20 09:35:06] [DEBUG] 放置验证通过: shape_coords=[(0, 0)], origin=(4, 1), 所有坐标在网格范围内且无碰撞
[2026-04-20 09:35:06] [DEBUG] 更新网格预览: 形状=[(0, 0)], 原点=(4, 1), 有效=true, 全部在边界内=true, 敌人重叠=false
[2026-04-20 09:35:06] [DEBUG] 时间轴悬停调试: 
  - 鼠标位置: (864.228, 107.2017)
  - 网格背景本地鼠标位置: (187.152, 71.4678) (已自动剔除缩放变换)
  - 格子大小: 42.0 (ui_slot_size=40.0, ui_spacing=2.0)
  - 网格坐标: (4, 1)
  - 网格边界检查: true (范围: X[0-11], Y[0-2])
  - 拖拽偏移: (0.0, 0.0)
  - 目标中心: (864.228, 107.2017)
  - 当前卡牌位置: (784.0064, -5.108627)
[2026-04-20 09:35:06] [DEBUG] 卡牌左上角计算: 大小=(125.0, 175.0002), 缩放=(1.283545, 1.283545), 左上角=(784.0064, -5.108627)
[2026-04-20 09:35:06] [DEBUG] 放置验证通过: shape_coords=[(0, 0)], origin=(4, 1), 所有坐标在网格范围内且无碰撞
[2026-04-20 09:35:06] [DEBUG] 更新网格预览: 形状=[(0, 0)], 原点=(4, 1), 有效=true, 全部在边界内=true, 敌人重叠=false
[2026-04-20 09:35:06] [DEBUG] 时间轴悬停调试: 
  - 鼠标位置: (864.228, 104.9208)
  - 网格背景本地鼠标位置: (187.152, 69.9472) (已自动剔除缩放变换)
  - 格子大小: 42.0 (ui_slot_size=40.0, ui_spacing=2.0)
  - 网格坐标: (4, 1)
  - 网格边界检查: true (范围: X[0-11], Y[0-2])
  - 拖拽偏移: (0.0, 0.0)
  - 目标中心: (864.228, 104.9208)
  - 当前卡牌位置: (784.0064, -5.108627)
[2026-04-20 09:35:06] [DEBUG] 卡牌左上角计算: 大小=(125.0, 175.0002), 缩放=(1.283545, 1.283545), 左上角=(784.0064, -7.389511)
[2026-04-20 09:35:06] [DEBUG] 放置验证通过: shape_coords=[(0, 0)], origin=(4, 1), 所有坐标在网格范围内且无碰撞
[2026-04-20 09:35:06] [DEBUG] 更新网格预览: 形状=[(0, 0)], 原点=(4, 1), 有效=true, 全部在边界内=true, 敌人重叠=false
[2026-04-20 09:35:06] [DEBUG] 时间轴悬停调试: 
  - 鼠标位置: (864.228, 102.6399)
  - 网格背景本地鼠标位置: (187.152, 68.42661) (已自动剔除缩放变换)
  - 格子大小: 42.0 (ui_slot_size=40.0, ui_spacing=2.0)
  - 网格坐标: (4, 1)
  - 网格边界检查: true (范围: X[0-11], Y[0-2])
  - 拖拽偏移: (0.0, 0.0)
  - 目标中心: (864.228, 102.6399)
  - 当前卡牌位置: (784.0064, -7.389511)
[2026-04-20 09:35:06] [DEBUG] 卡牌左上角计算: 大小=(125.0, 175.0002), 缩放=(1.283545, 1.283545), 左上角=(784.0064, -9.67041)
[2026-04-20 09:35:06] [DEBUG] 放置验证通过: shape_coords=[(0, 0)], origin=(4, 1), 所有坐标在网格范围内且无碰撞
[2026-04-20 09:35:06] [DEBUG] 更新网格预览: 形状=[(0, 0)], 原点=(4, 1), 有效=true, 全部在边界内=true, 敌人重叠=false
[2026-04-20 09:35:06] [DEBUG] 时间轴悬停调试: 
  - 鼠标位置: (864.228, 99.21858)
  - 网格背景本地鼠标位置: (187.152, 66.14572) (已自动剔除缩放变换)
  - 格子大小: 42.0 (ui_slot_size=40.0, ui_spacing=2.0)
  - 网格坐标: (4, 1)
  - 网格边界检查: true (范围: X[0-11], Y[0-2])
  - 拖拽偏移: (0.0, 0.0)
  - 目标中心: (864.228, 99.21858)
  - 当前卡牌位置: (784.0064, -9.67041)
[2026-04-20 09:35:06] [DEBUG] 卡牌左上角计算: 大小=(125.0, 175.0002), 缩放=(1.283545, 1.283545), 左上角=(784.0064, -13.09174)
[2026-04-20 09:35:06] [DEBUG] 放置验证通过: shape_coords=[(0, 0)], origin=(4, 1), 所有坐标在网格范围内且无碰撞
[2026-04-20 09:35:06] [DEBUG] 更新网格预览: 形状=[(0, 0)], 原点=(4, 1), 有效=true, 全部在边界内=true, 敌人重叠=false
[2026-04-20 09:35:06] [DEBUG] 时间轴悬停调试: 
  - 鼠标位置: (864.228, 99.21858)
  - 网格背景本地鼠标位置: (187.152, 66.14572) (已自动剔除缩放变换)
  - 格子大小: 42.0 (ui_slot_size=40.0, ui_spacing=2.0)
  - 网格坐标: (4, 1)
  - 网格边界检查: true (范围: X[0-11], Y[0-2])
  - 拖拽偏移: (0.0, 0.0)
  - 目标中心: (864.228, 99.21858)
  - 当前卡牌位置: (784.0064, -13.09174)
[2026-04-20 09:35:06] [DEBUG] 卡牌左上角计算: 大小=(125.0, 175.0002), 缩放=(1.283545, 1.283545), 左上角=(784.0064, -13.09174)
[2026-04-20 09:35:06] [DEBUG] 放置验证通过: shape_coords=[(0, 0)], origin=(4, 1), 所有坐标在网格范围内且无碰撞
[2026-04-20 09:35:06] [DEBUG] 更新网格预览: 形状=[(0, 0)], 原点=(4, 1), 有效=true, 全部在边界内=true, 敌人重叠=false
[2026-04-20 09:35:06] [DEBUG] 时间轴悬停调试: 
  - 鼠标位置: (864.228, 99.21858)
  - 网格背景本地鼠标位置: (187.152, 66.14572) (已自动剔除缩放变换)
  - 格子大小: 42.0 (ui_slot_size=40.0, ui_spacing=2.0)
  - 网格坐标: (4, 1)
  - 网格边界检查: true (范围: X[0-11], Y[0-2])
  - 拖拽偏移: (0.0, 0.0)
  - 目标中心: (864.228, 99.21858)
  - 当前卡牌位置: (784.0064, -13.09174)
[2026-04-20 09:35:06] [DEBUG] 卡牌左上角计算: 大小=(125.0, 175.0002), 缩放=(1.283545, 1.283545), 左上角=(784.0064, -13.09174)
[2026-04-20 09:35:06] [DEBUG] 放置验证通过: shape_coords=[(0, 0)], origin=(4, 1), 所有坐标在网格范围内且无碰撞
[2026-04-20 09:35:06] [DEBUG] 更新网格预览: 形状=[(0, 0)], 原点=(4, 1), 有效=true, 全部在边界内=true, 敌人重叠=false
[2026-04-20 09:35:06] [DEBUG] 时间轴悬停调试: 
  - 鼠标位置: (864.228, 99.21858)
  - 网格背景本地鼠标位置: (187.152, 66.14572) (已自动剔除缩放变换)
  - 格子大小: 42.0 (ui_slot_size=40.0, ui_spacing=2.0)
  - 网格坐标: (4, 1)
  - 网格边界检查: true (范围: X[0-11], Y[0-2])
  - 拖拽偏移: (0.0, 0.0)
  - 目标中心: (864.228, 99.21858)
  - 当前卡牌位置: (784.0064, -13.09174)
[2026-04-20 09:35:06] [DEBUG] 卡牌左上角计算: 大小=(125.0, 175.0002), 缩放=(1.283545, 1.283545), 左上角=(784.0064, -13.09174)
[2026-04-20 09:35:06] [DEBUG] 放置验证通过: shape_coords=[(0, 0)], origin=(4, 1), 所有坐标在网格范围内且无碰撞
[2026-04-20 09:35:06] [DEBUG] 更新网格预览: 形状=[(0, 0)], 原点=(4, 1), 有效=true, 全部在边界内=true, 敌人重叠=false
[2026-04-20 09:35:06] [DEBUG] 时间轴悬停调试: 
  - 鼠标位置: (864.228, 93.51637)
  - 网格背景本地鼠标位置: (187.152, 62.34425) (已自动剔除缩放变换)
  - 格子大小: 42.0 (ui_slot_size=40.0, ui_spacing=2.0)
  - 网格坐标: (4, 1)
  - 网格边界检查: true (范围: X[0-11], Y[0-2])
  - 拖拽偏移: (0.0, 0.0)
  - 目标中心: (864.228, 93.51637)
  - 当前卡牌位置: (784.0064, -13.09174)
[2026-04-20 09:35:06] [DEBUG] 卡牌左上角计算: 大小=(125.0, 175.0002), 缩放=(1.283545, 1.283545), 左上角=(784.0064, -18.79395)
[2026-04-20 09:35:06] [DEBUG] 放置验证通过: shape_coords=[(0, 0)], origin=(4, 1), 所有坐标在网格范围内且无碰撞
[2026-04-20 09:35:06] [DEBUG] 更新网格预览: 形状=[(0, 0)], 原点=(4, 1), 有效=true, 全部在边界内=true, 敌人重叠=false
[2026-04-20 09:35:06] [DEBUG] 时间轴悬停调试: 
  - 鼠标位置: (864.228, 93.51637)
  - 网格背景本地鼠标位置: (187.152, 62.34425) (已自动剔除缩放变换)
  - 格子大小: 42.0 (ui_slot_size=40.0, ui_spacing=2.0)
  - 网格坐标: (4, 1)
  - 网格边界检查: true (范围: X[0-11], Y[0-2])
  - 拖拽偏移: (0.0, 0.0)
  - 目标中心: (864.228, 93.51637)
  - 当前卡牌位置: (784.0064, -18.79395)
[2026-04-20 09:35:06] [DEBUG] 卡牌左上角计算: 大小=(125.0, 175.0002), 缩放=(1.283545, 1.283545), 左上角=(784.0064, -18.79395)
[2026-04-20 09:35:06] [DEBUG] 放置验证通过: shape_coords=[(0, 0)], origin=(4, 1), 所有坐标在网格范围内且无碰撞
[2026-04-20 09:35:06] [DEBUG] 更新网格预览: 形状=[(0, 0)], 原点=(4, 1), 有效=true, 全部在边界内=true, 敌人重叠=false
[2026-04-20 09:35:06] [DEBUG] 时间轴悬停调试: 
  - 鼠标位置: (864.228, 91.23547)
  - 网格背景本地鼠标位置: (187.152, 60.82365) (已自动剔除缩放变换)
  - 格子大小: 42.0 (ui_slot_size=40.0, ui_spacing=2.0)
  - 网格坐标: (4, 1)
  - 网格边界检查: true (范围: X[0-11], Y[0-2])
  - 拖拽偏移: (0.0, 0.0)
  - 目标中心: (864.228, 91.23547)
  - 当前卡牌位置: (784.0064, -18.79395)
[2026-04-20 09:35:06] [DEBUG] 卡牌左上角计算: 大小=(125.0, 175.0002), 缩放=(1.283545, 1.283545), 左上角=(784.0064, -21.07484)
[2026-04-20 09:35:06] [DEBUG] 放置验证通过: shape_coords=[(0, 0)], origin=(4, 1), 所有坐标在网格范围内且无碰撞
[2026-04-20 09:35:06] [DEBUG] 更新网格预览: 形状=[(0, 0)], 原点=(4, 1), 有效=true, 全部在边界内=true, 敌人重叠=false
[2026-04-20 09:35:06] [DEBUG] 时间轴悬停调试: 
  - 鼠标位置: (864.228, 91.23547)
  - 网格背景本地鼠标位置: (187.152, 60.82365) (已自动剔除缩放变换)
  - 格子大小: 42.0 (ui_slot_size=40.0, ui_spacing=2.0)
  - 网格坐标: (4, 1)
  - 网格边界检查: true (范围: X[0-11], Y[0-2])
  - 拖拽偏移: (0.0, 0.0)
  - 目标中心: (864.228, 91.23547)
  - 当前卡牌位置: (784.0064, -21.07484)
[2026-04-20 09:35:06] [DEBUG] 卡牌左上角计算: 大小=(125.0, 175.0002), 缩放=(1.283545, 1.283545), 左上角=(784.0064, -21.07484)
[2026-04-20 09:35:06] [DEBUG] 放置验证通过: shape_coords=[(0, 0)], origin=(4, 1), 所有坐标在网格范围内且无碰撞
[2026-04-20 09:35:06] [DEBUG] 更新网格预览: 形状=[(0, 0)], 原点=(4, 1), 有效=true, 全部在边界内=true, 敌人重叠=false
[2026-04-20 09:35:06] [DEBUG] 时间轴悬停调试: 
  - 鼠标位置: (864.228, 91.23547)
  - 网格背景本地鼠标位置: (187.152, 60.82365) (已自动剔除缩放变换)
  - 格子大小: 42.0 (ui_slot_size=40.0, ui_spacing=2.0)
  - 网格坐标: (4, 1)
  - 网格边界检查: true (范围: X[0-11], Y[0-2])
  - 拖拽偏移: (0.0, 0.0)
  - 目标中心: (864.228, 91.23547)
  - 当前卡牌位置: (784.0064, -21.07484)
[2026-04-20 09:35:06] [DEBUG] 卡牌左上角计算: 大小=(125.0, 175.0002), 缩放=(1.283545, 1.283545), 左上角=(784.0064, -21.07484)
[2026-04-20 09:35:06] [DEBUG] 放置验证通过: shape_coords=[(0, 0)], origin=(4, 1), 所有坐标在网格范围内且无碰撞
[2026-04-20 09:35:06] [DEBUG] 更新网格预览: 形状=[(0, 0)], 原点=(4, 1), 有效=true, 全部在边界内=true, 敌人重叠=false
[2026-04-20 09:35:06] [DEBUG] 时间轴悬停调试: 
  - 鼠标位置: (864.228, 91.23547)
  - 网格背景本地鼠标位置: (187.152, 60.82365) (已自动剔除缩放变换)
  - 格子大小: 42.0 (ui_slot_size=40.0, ui_spacing=2.0)
  - 网格坐标: (4, 1)
  - 网格边界检查: true (范围: X[0-11], Y[0-2])
  - 拖拽偏移: (0.0, 0.0)
  - 目标中心: (864.228, 91.23547)
  - 当前卡牌位置: (784.0064, -21.07484)
[2026-04-20 09:35:06] [DEBUG] 卡牌左上角计算: 大小=(125.0, 175.0002), 缩放=(1.283545, 1.283545), 左上角=(784.0064, -21.07484)
[2026-04-20 09:35:06] [DEBUG] 放置验证通过: shape_coords=[(0, 0)], origin=(4, 1), 所有坐标在网格范围内且无碰撞
[2026-04-20 09:35:06] [DEBUG] 更新网格预览: 形状=[(0, 0)], 原点=(4, 1), 有效=true, 全部在边界内=true, 敌人重叠=false
[2026-04-20 09:35:06] [DEBUG] 时间轴悬停调试: 
  - 鼠标位置: (863.0878, 91.23547)
  - 网格背景本地鼠标位置: (186.3919, 60.82365) (已自动剔除缩放变换)
  - 格子大小: 42.0 (ui_slot_size=40.0, ui_spacing=2.0)
  - 网格坐标: (4, 1)
  - 网格边界检查: true (范围: X[0-11], Y[0-2])
  - 拖拽偏移: (0.0, 0.0)
  - 目标中心: (863.0878, 91.23547)
  - 当前卡牌位置: (784.0064, -21.07484)
[2026-04-20 09:35:06] [DEBUG] 卡牌左上角计算: 大小=(125.0, 175.0002), 缩放=(1.283545, 1.283545), 左上角=(782.8663, -21.07484)
[2026-04-20 09:35:06] [DEBUG] 放置验证通过: shape_coords=[(0, 0)], origin=(4, 1), 所有坐标在网格范围内且无碰撞
[2026-04-20 09:35:06] [DEBUG] 更新网格预览: 形状=[(0, 0)], 原点=(4, 1), 有效=true, 全部在边界内=true, 敌人重叠=false
[2026-04-20 09:35:06] [DEBUG] 时间轴悬停调试: 
  - 鼠标位置: (863.0878, 91.23547)
  - 网格背景本地鼠标位置: (186.3919, 60.82365) (已自动剔除缩放变换)
  - 格子大小: 42.0 (ui_slot_size=40.0, ui_spacing=2.0)
  - 网格坐标: (4, 1)
  - 网格边界检查: true (范围: X[0-11], Y[0-2])
  - 拖拽偏移: (0.0, 0.0)
  - 目标中心: (863.0878, 91.23547)
  - 当前卡牌位置: (782.8663, -21.07484)
[2026-04-20 09:35:06] [DEBUG] 卡牌左上角计算: 大小=(125.0, 175.0002), 缩放=(1.283545, 1.283545), 左上角=(782.8663, -21.07484)
[2026-04-20 09:35:06] [DEBUG] 放置验证通过: shape_coords=[(0, 0)], origin=(4, 1), 所有坐标在网格范围内且无碰撞
[2026-04-20 09:35:06] [DEBUG] 更新网格预览: 形状=[(0, 0)], 原点=(4, 1), 有效=true, 全部在边界内=true, 敌人重叠=false
[2026-04-20 09:35:06] [DEBUG] 时间轴悬停调试: 
  - 鼠标位置: (863.0878, 91.23547)
  - 网格背景本地鼠标位置: (186.3919, 60.82365) (已自动剔除缩放变换)
  - 格子大小: 42.0 (ui_slot_size=40.0, ui_spacing=2.0)
  - 网格坐标: (4, 1)
  - 网格边界检查: true (范围: X[0-11], Y[0-2])
  - 拖拽偏移: (0.0, 0.0)
  - 目标中心: (863.0878, 91.23547)
  - 当前卡牌位置: (782.8663, -21.07484)
[2026-04-20 09:35:06] [DEBUG] 卡牌左上角计算: 大小=(125.0, 175.0002), 缩放=(1.283545, 1.283545), 左上角=(782.8663, -21.07484)
[2026-04-20 09:35:06] [DEBUG] 放置验证通过: shape_coords=[(0, 0)], origin=(4, 1), 所有坐标在网格范围内且无碰撞
[2026-04-20 09:35:06] [DEBUG] 更新网格预览: 形状=[(0, 0)], 原点=(4, 1), 有效=true, 全部在边界内=true, 敌人重叠=false
[2026-04-20 09:35:06] [DEBUG] 时间轴悬停调试: 
  - 鼠标位置: (861.9477, 91.23547)
  - 网格背景本地鼠标位置: (185.6318, 60.82365) (已自动剔除缩放变换)
  - 格子大小: 42.0 (ui_slot_size=40.0, ui_spacing=2.0)
  - 网格坐标: (4, 1)
  - 网格边界检查: true (范围: X[0-11], Y[0-2])
  - 拖拽偏移: (0.0, 0.0)
  - 目标中心: (861.9477, 91.23547)
  - 当前卡牌位置: (782.8663, -21.07484)
[2026-04-20 09:35:06] [DEBUG] 卡牌左上角计算: 大小=(125.0, 175.0002), 缩放=(1.283545, 1.283545), 左上角=(781.7261, -21.07484)
[2026-04-20 09:35:06] [DEBUG] 放置验证通过: shape_coords=[(0, 0)], origin=(4, 1), 所有坐标在网格范围内且无碰撞
[2026-04-20 09:35:06] [DEBUG] 更新网格预览: 形状=[(0, 0)], 原点=(4, 1), 有效=true, 全部在边界内=true, 敌人重叠=false
[2026-04-20 09:35:06] [DEBUG] 时间轴悬停调试: 
  - 鼠标位置: (860.8076, 92.37592)
  - 网格背景本地鼠标位置: (184.8717, 61.58395) (已自动剔除缩放变换)
  - 格子大小: 42.0 (ui_slot_size=40.0, ui_spacing=2.0)
  - 网格坐标: (4, 1)
  - 网格边界检查: true (范围: X[0-11], Y[0-2])
  - 拖拽偏移: (0.0, 0.0)
  - 目标中心: (860.8076, 92.37592)
  - 当前卡牌位置: (781.7261, -21.07484)
[2026-04-20 09:35:06] [DEBUG] 卡牌左上角计算: 大小=(125.0, 175.0002), 缩放=(1.283545, 1.283545), 左上角=(780.586, -19.9344)
[2026-04-20 09:35:06] [DEBUG] 放置验证通过: shape_coords=[(0, 0)], origin=(4, 1), 所有坐标在网格范围内且无碰撞
[2026-04-20 09:35:06] [DEBUG] 更新网格预览: 形状=[(0, 0)], 原点=(4, 1), 有效=true, 全部在边界内=true, 敌人重叠=false
[2026-04-20 09:35:06] [DEBUG] 时间轴悬停调试: 
  - 鼠标位置: (860.8076, 92.37592)
  - 网格背景本地鼠标位置: (184.8717, 61.58395) (已自动剔除缩放变换)
  - 格子大小: 42.0 (ui_slot_size=40.0, ui_spacing=2.0)
  - 网格坐标: (4, 1)
  - 网格边界检查: true (范围: X[0-11], Y[0-2])
  - 拖拽偏移: (0.0, 0.0)
  - 目标中心: (860.8076, 92.37592)
  - 当前卡牌位置: (780.586, -19.9344)
[2026-04-20 09:35:06] [DEBUG] 卡牌左上角计算: 大小=(125.0, 175.0002), 缩放=(1.283545, 1.283545), 左上角=(780.586, -19.9344)
[2026-04-20 09:35:06] [DEBUG] 放置验证通过: shape_coords=[(0, 0)], origin=(4, 1), 所有坐标在网格范围内且无碰撞
[2026-04-20 09:35:06] [DEBUG] 更新网格预览: 形状=[(0, 0)], 原点=(4, 1), 有效=true, 全部在边界内=true, 敌人重叠=false
[2026-04-20 09:35:06] [DEBUG] 时间轴悬停调试: 
  - 鼠标位置: (859.6674, 92.37592)
  - 网格背景本地鼠标位置: (184.1116, 61.58395) (已自动剔除缩放变换)
  - 格子大小: 42.0 (ui_slot_size=40.0, ui_spacing=2.0)
  - 网格坐标: (4, 1)
  - 网格边界检查: true (范围: X[0-11], Y[0-2])
  - 拖拽偏移: (0.0, 0.0)
  - 目标中心: (859.6674, 92.37592)
  - 当前卡牌位置: (780.586, -19.9344)
[2026-04-20 09:35:06] [DEBUG] 卡牌左上角计算: 大小=(125.0, 175.0002), 缩放=(1.283545, 1.283545), 左上角=(779.4459, -19.9344)
[2026-04-20 09:35:06] [DEBUG] 放置验证通过: shape_coords=[(0, 0)], origin=(4, 1), 所有坐标在网格范围内且无碰撞
[2026-04-20 09:35:06] [DEBUG] 更新网格预览: 形状=[(0, 0)], 原点=(4, 1), 有效=true, 全部在边界内=true, 敌人重叠=false
[2026-04-20 09:35:06] [DEBUG] 时间轴悬停调试: 
  - 鼠标位置: (859.6674, 92.37592)
  - 网格背景本地鼠标位置: (184.1116, 61.58395) (已自动剔除缩放变换)
  - 格子大小: 42.0 (ui_slot_size=40.0, ui_spacing=2.0)
  - 网格坐标: (4, 1)
  - 网格边界检查: true (范围: X[0-11], Y[0-2])
  - 拖拽偏移: (0.0, 0.0)
  - 目标中心: (859.6674, 92.37592)
  - 当前卡牌位置: (779.4459, -19.9344)
[2026-04-20 09:35:06] [DEBUG] 卡牌左上角计算: 大小=(125.0, 175.0002), 缩放=(1.283545, 1.283545), 左上角=(779.4459, -19.9344)
[2026-04-20 09:35:06] [DEBUG] 放置验证通过: shape_coords=[(0, 0)], origin=(4, 1), 所有坐标在网格范围内且无碰撞
[2026-04-20 09:35:06] [DEBUG] 更新网格预览: 形状=[(0, 0)], 原点=(4, 1), 有效=true, 全部在边界内=true, 敌人重叠=false
[2026-04-20 09:35:06] [DEBUG] 时间轴悬停调试: 
  - 鼠标位置: (859.6674, 92.37592)
  - 网格背景本地鼠标位置: (184.1116, 61.58395) (已自动剔除缩放变换)
  - 格子大小: 42.0 (ui_slot_size=40.0, ui_spacing=2.0)
  - 网格坐标: (4, 1)
  - 网格边界检查: true (范围: X[0-11], Y[0-2])
  - 拖拽偏移: (0.0, 0.0)
  - 目标中心: (859.6674, 92.37592)
  - 当前卡牌位置: (779.4459, -19.9344)
[2026-04-20 09:35:06] [DEBUG] 卡牌左上角计算: 大小=(125.0, 175.0002), 缩放=(1.283545, 1.283545), 左上角=(779.4459, -19.9344)
[2026-04-20 09:35:06] [DEBUG] 放置验证通过: shape_coords=[(0, 0)], origin=(4, 1), 所有坐标在网格范围内且无碰撞
[2026-04-20 09:35:06] [DEBUG] 更新网格预览: 形状=[(0, 0)], 原点=(4, 1), 有效=true, 全部在边界内=true, 敌人重叠=false
[2026-04-20 09:35:06] [DEBUG] 时间轴悬停调试: 
  - 鼠标位置: (859.6674, 92.37592)
  - 网格背景本地鼠标位置: (184.1116, 61.58395) (已自动剔除缩放变换)
  - 格子大小: 42.0 (ui_slot_size=40.0, ui_spacing=2.0)
  - 网格坐标: (4, 1)
  - 网格边界检查: true (范围: X[0-11], Y[0-2])
  - 拖拽偏移: (0.0, 0.0)
  - 目标中心: (859.6674, 92.37592)
  - 当前卡牌位置: (779.4459, -19.9344)
[2026-04-20 09:35:06] [DEBUG] 卡牌左上角计算: 大小=(125.0, 175.0002), 缩放=(1.283545, 1.283545), 左上角=(779.4459, -19.9344)
[2026-04-20 09:35:06] [DEBUG] 放置验证通过: shape_coords=[(0, 0)], origin=(4, 1), 所有坐标在网格范围内且无碰撞
[2026-04-20 09:35:06] [DEBUG] 更新网格预览: 形状=[(0, 0)], 原点=(4, 1), 有效=true, 全部在边界内=true, 敌人重叠=false
[2026-04-20 09:35:06] [DEBUG] 时间轴悬停调试: 
  - 鼠标位置: (859.6674, 92.37592)
  - 网格背景本地鼠标位置: (184.1116, 61.58395) (已自动剔除缩放变换)
  - 格子大小: 42.0 (ui_slot_size=40.0, ui_spacing=2.0)
  - 网格坐标: (4, 1)
  - 网格边界检查: true (范围: X[0-11], Y[0-2])
  - 拖拽偏移: (0.0, 0.0)
  - 目标中心: (859.6674, 92.37592)
  - 当前卡牌位置: (779.4459, -19.9344)
[2026-04-20 09:35:06] [DEBUG] 卡牌左上角计算: 大小=(125.0, 175.0002), 缩放=(1.283545, 1.283545), 左上角=(779.4459, -19.9344)
[2026-04-20 09:35:06] [DEBUG] 放置验证通过: shape_coords=[(0, 0)], origin=(4, 1), 所有坐标在网格范围内且无碰撞
[2026-04-20 09:35:06] [DEBUG] 更新网格预览: 形状=[(0, 0)], 原点=(4, 1), 有效=true, 全部在边界内=true, 敌人重叠=false
[2026-04-20 09:35:06] [DEBUG] 时间轴悬停调试: 
  - 鼠标位置: (859.6674, 92.37592)
  - 网格背景本地鼠标位置: (184.1116, 61.58395) (已自动剔除缩放变换)
  - 格子大小: 42.0 (ui_slot_size=40.0, ui_spacing=2.0)
  - 网格坐标: (4, 1)
  - 网格边界检查: true (范围: X[0-11], Y[0-2])
  - 拖拽偏移: (0.0, 0.0)
  - 目标中心: (859.6674, 92.37592)
  - 当前卡牌位置: (779.4459, -19.9344)
[2026-04-20 09:35:06] [DEBUG] 卡牌左上角计算: 大小=(125.0, 175.0002), 缩放=(1.283545, 1.283545), 左上角=(779.4459, -19.9344)
[2026-04-20 09:35:06] [DEBUG] 放置验证通过: shape_coords=[(0, 0)], origin=(4, 1), 所有坐标在网格范围内且无碰撞
[2026-04-20 09:35:06] [DEBUG] 更新网格预览: 形状=[(0, 0)], 原点=(4, 1), 有效=true, 全部在边界内=true, 敌人重叠=false
[2026-04-20 09:35:06] [DEBUG] 时间轴悬停调试: 
  - 鼠标位置: (859.6674, 92.37592)
  - 网格背景本地鼠标位置: (184.1116, 61.58395) (已自动剔除缩放变换)
  - 格子大小: 42.0 (ui_slot_size=40.0, ui_spacing=2.0)
  - 网格坐标: (4, 1)
  - 网格边界检查: true (范围: X[0-11], Y[0-2])
  - 拖拽偏移: (0.0, 0.0)
  - 目标中心: (859.6674, 92.37592)
  - 当前卡牌位置: (779.4459, -19.9344)
[2026-04-20 09:35:06] [DEBUG] 卡牌左上角计算: 大小=(125.0, 175.0002), 缩放=(1.283545, 1.283545), 左上角=(779.4459, -19.9344)
[2026-04-20 09:35:06] [DEBUG] 放置验证通过: shape_coords=[(0, 0)], origin=(4, 1), 所有坐标在网格范围内且无碰撞
[2026-04-20 09:35:06] [DEBUG] 更新网格预览: 形状=[(0, 0)], 原点=(4, 1), 有效=true, 全部在边界内=true, 敌人重叠=false
[2026-04-20 09:35:06] [DEBUG] 时间轴悬停调试: 
  - 鼠标位置: (859.6674, 92.37592)
  - 网格背景本地鼠标位置: (184.1116, 61.58395) (已自动剔除缩放变换)
  - 格子大小: 42.0 (ui_slot_size=40.0, ui_spacing=2.0)
  - 网格坐标: (4, 1)
  - 网格边界检查: true (范围: X[0-11], Y[0-2])
  - 拖拽偏移: (0.0, 0.0)
  - 目标中心: (859.6674, 92.37592)
  - 当前卡牌位置: (779.4459, -19.9344)
[2026-04-20 09:35:06] [DEBUG] 卡牌左上角计算: 大小=(125.0, 175.0002), 缩放=(1.283545, 1.283545), 左上角=(779.4459, -19.9344)
[2026-04-20 09:35:06] [DEBUG] 放置验证通过: shape_coords=[(0, 0)], origin=(4, 1), 所有坐标在网格范围内且无碰撞
[2026-04-20 09:35:06] [DEBUG] 更新网格预览: 形状=[(0, 0)], 原点=(4, 1), 有效=true, 全部在边界内=true, 敌人重叠=false
[2026-04-20 09:35:06] [DEBUG] 时间轴悬停调试: 
  - 鼠标位置: (859.6674, 92.37592)
  - 网格背景本地鼠标位置: (184.1116, 61.58395) (已自动剔除缩放变换)
  - 格子大小: 42.0 (ui_slot_size=40.0, ui_spacing=2.0)
  - 网格坐标: (4, 1)
  - 网格边界检查: true (范围: X[0-11], Y[0-2])
  - 拖拽偏移: (0.0, 0.0)
  - 目标中心: (859.6674, 92.37592)
  - 当前卡牌位置: (779.4459, -19.9344)
[2026-04-20 09:35:06] [DEBUG] 卡牌左上角计算: 大小=(125.0, 175.0002), 缩放=(1.283545, 1.283545), 左上角=(779.4459, -19.9344)
[2026-04-20 09:35:06] [DEBUG] 放置验证通过: shape_coords=[(0, 0)], origin=(4, 1), 所有坐标在网格范围内且无碰撞
[2026-04-20 09:35:06] [DEBUG] 更新网格预览: 形状=[(0, 0)], 原点=(4, 1), 有效=true, 全部在边界内=true, 敌人重叠=false
[2026-04-20 09:35:06] [DEBUG] 时间轴悬停调试: 
  - 鼠标位置: (859.6674, 92.37592)
  - 网格背景本地鼠标位置: (184.1116, 61.58395) (已自动剔除缩放变换)
  - 格子大小: 42.0 (ui_slot_size=40.0, ui_spacing=2.0)
  - 网格坐标: (4, 1)
  - 网格边界检查: true (范围: X[0-11], Y[0-2])
  - 拖拽偏移: (0.0, 0.0)
  - 目标中心: (859.6674, 92.37592)
  - 当前卡牌位置: (779.4459, -19.9344)
[2026-04-20 09:35:06] [DEBUG] 卡牌左上角计算: 大小=(125.0, 175.0002), 缩放=(1.283545, 1.283545), 左上角=(779.4459, -19.9344)
[2026-04-20 09:35:06] [DEBUG] 放置验证通过: shape_coords=[(0, 0)], origin=(4, 1), 所有坐标在网格范围内且无碰撞
[2026-04-20 09:35:06] [DEBUG] 更新网格预览: 形状=[(0, 0)], 原点=(4, 1), 有效=true, 全部在边界内=true, 敌人重叠=false
[2026-04-20 09:35:06] [DEBUG] 时间轴悬停调试: 
  - 鼠标位置: (859.6674, 92.37592)
  - 网格背景本地鼠标位置: (184.1116, 61.58395) (已自动剔除缩放变换)
  - 格子大小: 42.0 (ui_slot_size=40.0, ui_spacing=2.0)
  - 网格坐标: (4, 1)
  - 网格边界检查: true (范围: X[0-11], Y[0-2])
  - 拖拽偏移: (0.0, 0.0)
  - 目标中心: (859.6674, 92.37592)
  - 当前卡牌位置: (779.4459, -19.9344)
[2026-04-20 09:35:06] [DEBUG] 卡牌左上角计算: 大小=(125.0, 175.0002), 缩放=(1.283545, 1.283545), 左上角=(779.4459, -19.9344)
[2026-04-20 09:35:06] [DEBUG] 放置验证通过: shape_coords=[(0, 0)], origin=(4, 1), 所有坐标在网格范围内且无碰撞
[2026-04-20 09:35:06] [DEBUG] 更新网格预览: 形状=[(0, 0)], 原点=(4, 1), 有效=true, 全部在边界内=true, 敌人重叠=false
[2026-04-20 09:35:06] [DEBUG] 时间轴悬停调试: 
  - 鼠标位置: (859.6674, 92.37592)
  - 网格背景本地鼠标位置: (184.1116, 61.58395) (已自动剔除缩放变换)
  - 格子大小: 42.0 (ui_slot_size=40.0, ui_spacing=2.0)
  - 网格坐标: (4, 1)
  - 网格边界检查: true (范围: X[0-11], Y[0-2])
  - 拖拽偏移: (0.0, 0.0)
  - 目标中心: (859.6674, 92.37592)
  - 当前卡牌位置: (779.4459, -19.9344)
[2026-04-20 09:35:06] [DEBUG] 卡牌左上角计算: 大小=(125.0, 175.0002), 缩放=(1.283545, 1.283545), 左上角=(779.4459, -19.9344)
[2026-04-20 09:35:06] [DEBUG] 放置验证通过: shape_coords=[(0, 0)], origin=(4, 1), 所有坐标在网格范围内且无碰撞
[2026-04-20 09:35:06] [DEBUG] 更新网格预览: 形状=[(0, 0)], 原点=(4, 1), 有效=true, 全部在边界内=true, 敌人重叠=false
[2026-04-20 09:35:06] [DEBUG] 时间轴悬停调试: 
  - 鼠标位置: (859.6674, 92.37592)
  - 网格背景本地鼠标位置: (184.1116, 61.58395) (已自动剔除缩放变换)
  - 格子大小: 42.0 (ui_slot_size=40.0, ui_spacing=2.0)
  - 网格坐标: (4, 1)
  - 网格边界检查: true (范围: X[0-11], Y[0-2])
  - 拖拽偏移: (0.0, 0.0)
  - 目标中心: (859.6674, 92.37592)
  - 当前卡牌位置: (779.4459, -19.9344)
[2026-04-20 09:35:06] [DEBUG] 卡牌左上角计算: 大小=(125.0, 175.0002), 缩放=(1.283545, 1.283545), 左上角=(779.4459, -19.9344)
[2026-04-20 09:35:06] [DEBUG] 放置验证通过: shape_coords=[(0, 0)], origin=(4, 1), 所有坐标在网格范围内且无碰撞
[2026-04-20 09:35:06] [DEBUG] 更新网格预览: 形状=[(0, 0)], 原点=(4, 1), 有效=true, 全部在边界内=true, 敌人重叠=false
[2026-04-20 09:35:06] [DEBUG] 时间轴悬停调试: 
  - 鼠标位置: (859.6674, 92.37592)
  - 网格背景本地鼠标位置: (184.1116, 61.58395) (已自动剔除缩放变换)
  - 格子大小: 42.0 (ui_slot_size=40.0, ui_spacing=2.0)
  - 网格坐标: (4, 1)
  - 网格边界检查: true (范围: X[0-11], Y[0-2])
  - 拖拽偏移: (0.0, 0.0)
  - 目标中心: (859.6674, 92.37592)
  - 当前卡牌位置: (779.4459, -19.9344)
[2026-04-20 09:35:06] [DEBUG] 卡牌左上角计算: 大小=(125.0, 175.0002), 缩放=(1.283545, 1.283545), 左上角=(779.4459, -19.9344)
[2026-04-20 09:35:06] [DEBUG] 放置验证通过: shape_coords=[(0, 0)], origin=(4, 1), 所有坐标在网格范围内且无碰撞
[2026-04-20 09:35:06] [DEBUG] 更新网格预览: 形状=[(0, 0)], 原点=(4, 1), 有效=true, 全部在边界内=true, 敌人重叠=false
[2026-04-20 09:35:06] [DEBUG] 时间轴悬停调试: 
  - 鼠标位置: (859.6674, 92.37592)
  - 网格背景本地鼠标位置: (184.1116, 61.58395) (已自动剔除缩放变换)
  - 格子大小: 42.0 (ui_slot_size=40.0, ui_spacing=2.0)
  - 网格坐标: (4, 1)
  - 网格边界检查: true (范围: X[0-11], Y[0-2])
  - 拖拽偏移: (0.0, 0.0)
  - 目标中心: (859.6674, 92.37592)
  - 当前卡牌位置: (779.4459, -19.9344)
[2026-04-20 09:35:06] [DEBUG] 卡牌左上角计算: 大小=(125.0, 175.0002), 缩放=(1.283545, 1.283545), 左上角=(779.4459, -19.9344)
[2026-04-20 09:35:06] [DEBUG] 放置验证通过: shape_coords=[(0, 0)], origin=(4, 1), 所有坐标在网格范围内且无碰撞
[2026-04-20 09:35:06] [DEBUG] 更新网格预览: 形状=[(0, 0)], 原点=(4, 1), 有效=true, 全部在边界内=true, 敌人重叠=false
[2026-04-20 09:35:06] [DEBUG] 时间轴悬停调试: 
  - 鼠标位置: (859.6674, 92.37592)
  - 网格背景本地鼠标位置: (184.1116, 61.58395) (已自动剔除缩放变换)
  - 格子大小: 42.0 (ui_slot_size=40.0, ui_spacing=2.0)
  - 网格坐标: (4, 1)
  - 网格边界检查: true (范围: X[0-11], Y[0-2])
  - 拖拽偏移: (0.0, 0.0)
  - 目标中心: (859.6674, 92.37592)
  - 当前卡牌位置: (779.4459, -19.9344)
[2026-04-20 09:35:06] [DEBUG] 卡牌左上角计算: 大小=(125.0, 175.0002), 缩放=(1.283545, 1.283545), 左上角=(779.4459, -19.9344)
[2026-04-20 09:35:06] [DEBUG] 放置验证通过: shape_coords=[(0, 0)], origin=(4, 1), 所有坐标在网格范围内且无碰撞
[2026-04-20 09:35:06] [DEBUG] 更新网格预览: 形状=[(0, 0)], 原点=(4, 1), 有效=true, 全部在边界内=true, 敌人重叠=false
[2026-04-20 09:35:06] [DEBUG] 时间轴悬停调试: 
  - 鼠标位置: (859.6674, 92.37592)
  - 网格背景本地鼠标位置: (184.1116, 61.58395) (已自动剔除缩放变换)
  - 格子大小: 42.0 (ui_slot_size=40.0, ui_spacing=2.0)
  - 网格坐标: (4, 1)
  - 网格边界检查: true (范围: X[0-11], Y[0-2])
  - 拖拽偏移: (0.0, 0.0)
  - 目标中心: (859.6674, 92.37592)
  - 当前卡牌位置: (779.4459, -19.9344)
[2026-04-20 09:35:06] [DEBUG] 卡牌左上角计算: 大小=(125.0, 175.0002), 缩放=(1.283545, 1.283545), 左上角=(779.4459, -19.9344)
[2026-04-20 09:35:06] [DEBUG] 放置验证通过: shape_coords=[(0, 0)], origin=(4, 1), 所有坐标在网格范围内且无碰撞
[2026-04-20 09:35:06] [DEBUG] 更新网格预览: 形状=[(0, 0)], 原点=(4, 1), 有效=true, 全部在边界内=true, 敌人重叠=false
[2026-04-20 09:35:06] [DEBUG] 时间轴悬停调试: 
  - 鼠标位置: (859.6674, 92.37592)
  - 网格背景本地鼠标位置: (184.1116, 61.58395) (已自动剔除缩放变换)
  - 格子大小: 42.0 (ui_slot_size=40.0, ui_spacing=2.0)
  - 网格坐标: (4, 1)
  - 网格边界检查: true (范围: X[0-11], Y[0-2])
  - 拖拽偏移: (0.0, 0.0)
  - 目标中心: (859.6674, 92.37592)
  - 当前卡牌位置: (779.4459, -19.9344)
[2026-04-20 09:35:06] [DEBUG] 卡牌左上角计算: 大小=(125.0, 175.0002), 缩放=(1.283545, 1.283545), 左上角=(779.4459, -19.9344)
[2026-04-20 09:35:06] [DEBUG] 放置验证通过: shape_coords=[(0, 0)], origin=(4, 1), 所有坐标在网格范围内且无碰撞
[2026-04-20 09:35:06] [DEBUG] 更新网格预览: 形状=[(0, 0)], 原点=(4, 1), 有效=true, 全部在边界内=true, 敌人重叠=false
[2026-04-20 09:35:06] [DEBUG] 时间轴悬停调试: 
  - 鼠标位置: (859.6674, 92.37592)
  - 网格背景本地鼠标位置: (184.1116, 61.58395) (已自动剔除缩放变换)
  - 格子大小: 42.0 (ui_slot_size=40.0, ui_spacing=2.0)
  - 网格坐标: (4, 1)
  - 网格边界检查: true (范围: X[0-11], Y[0-2])
  - 拖拽偏移: (0.0, 0.0)
  - 目标中心: (859.6674, 92.37592)
  - 当前卡牌位置: (779.4459, -19.9344)
[2026-04-20 09:35:06] [DEBUG] 卡牌左上角计算: 大小=(125.0, 175.0002), 缩放=(1.283545, 1.283545), 左上角=(779.4459, -19.9344)
[2026-04-20 09:35:06] [DEBUG] 放置验证通过: shape_coords=[(0, 0)], origin=(4, 1), 所有坐标在网格范围内且无碰撞
[2026-04-20 09:35:06] [DEBUG] 更新网格预览: 形状=[(0, 0)], 原点=(4, 1), 有效=true, 全部在边界内=true, 敌人重叠=false
[2026-04-20 09:35:06] [DEBUG] 时间轴悬停调试: 
  - 鼠标位置: (859.6674, 92.37592)
  - 网格背景本地鼠标位置: (184.1116, 61.58395) (已自动剔除缩放变换)
  - 格子大小: 42.0 (ui_slot_size=40.0, ui_spacing=2.0)
  - 网格坐标: (4, 1)
  - 网格边界检查: true (范围: X[0-11], Y[0-2])
  - 拖拽偏移: (0.0, 0.0)
  - 目标中心: (859.6674, 92.37592)
  - 当前卡牌位置: (779.4459, -19.9344)
[2026-04-20 09:35:06] [DEBUG] 卡牌左上角计算: 大小=(125.0, 175.0002), 缩放=(1.283545, 1.283545), 左上角=(779.4459, -19.9344)
[2026-04-20 09:35:06] [DEBUG] 放置验证通过: shape_coords=[(0, 0)], origin=(4, 1), 所有坐标在网格范围内且无碰撞
[2026-04-20 09:35:06] [DEBUG] 更新网格预览: 形状=[(0, 0)], 原点=(4, 1), 有效=true, 全部在边界内=true, 敌人重叠=false
[2026-04-20 09:35:06] [DEBUG] 时间轴悬停调试: 
  - 鼠标位置: (859.6674, 92.37592)
  - 网格背景本地鼠标位置: (184.1116, 61.58395) (已自动剔除缩放变换)
  - 格子大小: 42.0 (ui_slot_size=40.0, ui_spacing=2.0)
  - 网格坐标: (4, 1)
  - 网格边界检查: true (范围: X[0-11], Y[0-2])
  - 拖拽偏移: (0.0, 0.0)
  - 目标中心: (859.6674, 92.37592)
  - 当前卡牌位置: (779.4459, -19.9344)
[2026-04-20 09:35:06] [DEBUG] 卡牌左上角计算: 大小=(125.0, 175.0002), 缩放=(1.283545, 1.283545), 左上角=(779.4459, -19.9344)
[2026-04-20 09:35:06] [DEBUG] 放置验证通过: shape_coords=[(0, 0)], origin=(4, 1), 所有坐标在网格范围内且无碰撞
[2026-04-20 09:35:06] [DEBUG] 更新网格预览: 形状=[(0, 0)], 原点=(4, 1), 有效=true, 全部在边界内=true, 敌人重叠=false
[2026-04-20 09:35:06] [DEBUG] 时间轴悬停调试: 
  - 鼠标位置: (859.6674, 92.37592)
  - 网格背景本地鼠标位置: (184.1116, 61.58395) (已自动剔除缩放变换)
  - 格子大小: 42.0 (ui_slot_size=40.0, ui_spacing=2.0)
  - 网格坐标: (4, 1)
  - 网格边界检查: true (范围: X[0-11], Y[0-2])
  - 拖拽偏移: (0.0, 0.0)
  - 目标中心: (859.6674, 92.37592)
  - 当前卡牌位置: (779.4459, -19.9344)
[2026-04-20 09:35:06] [DEBUG] 卡牌左上角计算: 大小=(125.0, 175.0002), 缩放=(1.283545, 1.283545), 左上角=(779.4459, -19.9344)
[2026-04-20 09:35:06] [DEBUG] 放置验证通过: shape_coords=[(0, 0)], origin=(4, 1), 所有坐标在网格范围内且无碰撞
[2026-04-20 09:35:06] [DEBUG] 更新网格预览: 形状=[(0, 0)], 原点=(4, 1), 有效=true, 全部在边界内=true, 敌人重叠=false
[2026-04-20 09:35:06] [DEBUG] 时间轴悬停调试: 
  - 鼠标位置: (859.6674, 92.37592)
  - 网格背景本地鼠标位置: (184.1116, 61.58395) (已自动剔除缩放变换)
  - 格子大小: 42.0 (ui_slot_size=40.0, ui_spacing=2.0)
  - 网格坐标: (4, 1)
  - 网格边界检查: true (范围: X[0-11], Y[0-2])
  - 拖拽偏移: (0.0, 0.0)
  - 目标中心: (859.6674, 92.37592)
  - 当前卡牌位置: (779.4459, -19.9344)
[2026-04-20 09:35:06] [DEBUG] 卡牌左上角计算: 大小=(125.0, 175.0002), 缩放=(1.283545, 1.283545), 左上角=(779.4459, -19.9344)
[2026-04-20 09:35:06] [DEBUG] 放置验证通过: shape_coords=[(0, 0)], origin=(4, 1), 所有坐标在网格范围内且无碰撞
[2026-04-20 09:35:06] [DEBUG] 更新网格预览: 形状=[(0, 0)], 原点=(4, 1), 有效=true, 全部在边界内=true, 敌人重叠=false
[2026-04-20 09:35:06] [DEBUG] 时间轴悬停调试: 
  - 鼠标位置: (859.6674, 92.37592)
  - 网格背景本地鼠标位置: (184.1116, 61.58395) (已自动剔除缩放变换)
  - 格子大小: 42.0 (ui_slot_size=40.0, ui_spacing=2.0)
  - 网格坐标: (4, 1)
  - 网格边界检查: true (范围: X[0-11], Y[0-2])
  - 拖拽偏移: (0.0, 0.0)
  - 目标中心: (859.6674, 92.37592)
  - 当前卡牌位置: (779.4459, -19.9344)
[2026-04-20 09:35:06] [DEBUG] 卡牌左上角计算: 大小=(125.0, 175.0002), 缩放=(1.283545, 1.283545), 左上角=(779.4459, -19.9344)
[2026-04-20 09:35:06] [DEBUG] 放置验证通过: shape_coords=[(0, 0)], origin=(4, 1), 所有坐标在网格范围内且无碰撞
[2026-04-20 09:35:06] [DEBUG] 更新网格预览: 形状=[(0, 0)], 原点=(4, 1), 有效=true, 全部在边界内=true, 敌人重叠=false
[2026-04-20 09:35:06] [DEBUG] 时间轴悬停调试: 
  - 鼠标位置: (859.6674, 92.37592)
  - 网格背景本地鼠标位置: (184.1116, 61.58395) (已自动剔除缩放变换)
  - 格子大小: 42.0 (ui_slot_size=40.0, ui_spacing=2.0)
  - 网格坐标: (4, 1)
  - 网格边界检查: true (范围: X[0-11], Y[0-2])
  - 拖拽偏移: (0.0, 0.0)
  - 目标中心: (859.6674, 92.37592)
  - 当前卡牌位置: (779.4459, -19.9344)
[2026-04-20 09:35:06] [DEBUG] 卡牌左上角计算: 大小=(125.0, 175.0002), 缩放=(1.283545, 1.283545), 左上角=(779.4459, -19.9344)
[2026-04-20 09:35:06] [DEBUG] 放置验证通过: shape_coords=[(0, 0)], origin=(4, 1), 所有坐标在网格范围内且无碰撞
[2026-04-20 09:35:06] [DEBUG] 更新网格预览: 形状=[(0, 0)], 原点=(4, 1), 有效=true, 全部在边界内=true, 敌人重叠=false
[2026-04-20 09:35:06] [DEBUG] 时间轴悬停调试: 
  - 鼠标位置: (859.6674, 92.37592)
  - 网格背景本地鼠标位置: (184.1116, 61.58395) (已自动剔除缩放变换)
  - 格子大小: 42.0 (ui_slot_size=40.0, ui_spacing=2.0)
  - 网格坐标: (4, 1)
  - 网格边界检查: true (范围: X[0-11], Y[0-2])
  - 拖拽偏移: (0.0, 0.0)
  - 目标中心: (859.6674, 92.37592)
  - 当前卡牌位置: (779.4459, -19.9344)
[2026-04-20 09:35:06] [DEBUG] 卡牌左上角计算: 大小=(125.0, 175.0002), 缩放=(1.283545, 1.283545), 左上角=(779.4459, -19.9344)
[2026-04-20 09:35:06] [DEBUG] 放置验证通过: shape_coords=[(0, 0)], origin=(4, 1), 所有坐标在网格范围内且无碰撞
[2026-04-20 09:35:06] [DEBUG] 更新网格预览: 形状=[(0, 0)], 原点=(4, 1), 有效=true, 全部在边界内=true, 敌人重叠=false
[2026-04-20 09:35:06] [DEBUG] 时间轴悬停调试: 
  - 鼠标位置: (859.6674, 92.37592)
  - 网格背景本地鼠标位置: (184.1116, 61.58395) (已自动剔除缩放变换)
  - 格子大小: 42.0 (ui_slot_size=40.0, ui_spacing=2.0)
  - 网格坐标: (4, 1)
  - 网格边界检查: true (范围: X[0-11], Y[0-2])
  - 拖拽偏移: (0.0, 0.0)
  - 目标中心: (859.6674, 92.37592)
  - 当前卡牌位置: (779.4459, -19.9344)
[2026-04-20 09:35:06] [DEBUG] 卡牌左上角计算: 大小=(125.0, 175.0002), 缩放=(1.283545, 1.283545), 左上角=(779.4459, -19.9344)
[2026-04-20 09:35:06] [DEBUG] 放置验证通过: shape_coords=[(0, 0)], origin=(4, 1), 所有坐标在网格范围内且无碰撞
[2026-04-20 09:35:06] [DEBUG] 更新网格预览: 形状=[(0, 0)], 原点=(4, 1), 有效=true, 全部在边界内=true, 敌人重叠=false
[2026-04-20 09:35:06] [DEBUG] 时间轴悬停调试: 
  - 鼠标位置: (859.6674, 92.37592)
  - 网格背景本地鼠标位置: (184.1116, 61.58395) (已自动剔除缩放变换)
  - 格子大小: 42.0 (ui_slot_size=40.0, ui_spacing=2.0)
  - 网格坐标: (4, 1)
  - 网格边界检查: true (范围: X[0-11], Y[0-2])
  - 拖拽偏移: (0.0, 0.0)
  - 目标中心: (859.6674, 92.37592)
  - 当前卡牌位置: (779.4459, -19.9344)
[2026-04-20 09:35:06] [DEBUG] 卡牌左上角计算: 大小=(125.0, 175.0002), 缩放=(1.283545, 1.283545), 左上角=(779.4459, -19.9344)
[2026-04-20 09:35:06] [DEBUG] 放置验证通过: shape_coords=[(0, 0)], origin=(4, 1), 所有坐标在网格范围内且无碰撞
[2026-04-20 09:35:06] [DEBUG] 更新网格预览: 形状=[(0, 0)], 原点=(4, 1), 有效=true, 全部在边界内=true, 敌人重叠=false
[2026-04-20 09:35:06] [DEBUG] 时间轴悬停调试: 
  - 鼠标位置: (859.6674, 92.37592)
  - 网格背景本地鼠标位置: (184.1116, 61.58395) (已自动剔除缩放变换)
  - 格子大小: 42.0 (ui_slot_size=40.0, ui_spacing=2.0)
  - 网格坐标: (4, 1)
  - 网格边界检查: true (范围: X[0-11], Y[0-2])
  - 拖拽偏移: (0.0, 0.0)
  - 目标中心: (859.6674, 92.37592)
  - 当前卡牌位置: (779.4459, -19.9344)
[2026-04-20 09:35:06] [DEBUG] 卡牌左上角计算: 大小=(125.0, 175.0002), 缩放=(1.283545, 1.283545), 左上角=(779.4459, -19.9344)
[2026-04-20 09:35:06] [DEBUG] 放置验证通过: shape_coords=[(0, 0)], origin=(4, 1), 所有坐标在网格范围内且无碰撞
[2026-04-20 09:35:06] [DEBUG] 更新网格预览: 形状=[(0, 0)], 原点=(4, 1), 有效=true, 全部在边界内=true, 敌人重叠=false
[2026-04-20 09:35:06] [DEBUG] 时间轴悬停调试: 
  - 鼠标位置: (859.6674, 92.37592)
  - 网格背景本地鼠标位置: (184.1116, 61.58395) (已自动剔除缩放变换)
  - 格子大小: 42.0 (ui_slot_size=40.0, ui_spacing=2.0)
  - 网格坐标: (4, 1)
  - 网格边界检查: true (范围: X[0-11], Y[0-2])
  - 拖拽偏移: (0.0, 0.0)
  - 目标中心: (859.6674, 92.37592)
  - 当前卡牌位置: (779.4459, -19.9344)
[2026-04-20 09:35:06] [DEBUG] 卡牌左上角计算: 大小=(125.0, 175.0002), 缩放=(1.283545, 1.283545), 左上角=(779.4459, -19.9344)
[2026-04-20 09:35:06] [DEBUG] 放置验证通过: shape_coords=[(0, 0)], origin=(4, 1), 所有坐标在网格范围内且无碰撞
[2026-04-20 09:35:06] [DEBUG] 更新网格预览: 形状=[(0, 0)], 原点=(4, 1), 有效=true, 全部在边界内=true, 敌人重叠=false
[2026-04-20 09:35:06] [DEBUG] 时间轴悬停调试: 
  - 鼠标位置: (859.6674, 92.37592)
  - 网格背景本地鼠标位置: (184.1116, 61.58395) (已自动剔除缩放变换)
  - 格子大小: 42.0 (ui_slot_size=40.0, ui_spacing=2.0)
  - 网格坐标: (4, 1)
  - 网格边界检查: true (范围: X[0-11], Y[0-2])
  - 拖拽偏移: (0.0, 0.0)
  - 目标中心: (859.6674, 92.37592)
  - 当前卡牌位置: (779.4459, -19.9344)
[2026-04-20 09:35:06] [DEBUG] 卡牌左上角计算: 大小=(125.0, 175.0002), 缩放=(1.283545, 1.283545), 左上角=(779.4459, -19.9344)
[2026-04-20 09:35:06] [DEBUG] 放置验证通过: shape_coords=[(0, 0)], origin=(4, 1), 所有坐标在网格范围内且无碰撞
[2026-04-20 09:35:06] [DEBUG] 更新网格预览: 形状=[(0, 0)], 原点=(4, 1), 有效=true, 全部在边界内=true, 敌人重叠=false
[2026-04-20 09:35:06] [DEBUG] 时间轴悬停调试: 
  - 鼠标位置: (859.6674, 92.37592)
  - 网格背景本地鼠标位置: (184.1116, 61.58395) (已自动剔除缩放变换)
  - 格子大小: 42.0 (ui_slot_size=40.0, ui_spacing=2.0)
  - 网格坐标: (4, 1)
  - 网格边界检查: true (范围: X[0-11], Y[0-2])
  - 拖拽偏移: (0.0, 0.0)
  - 目标中心: (859.6674, 92.37592)
  - 当前卡牌位置: (779.4459, -19.9344)
[2026-04-20 09:35:06] [DEBUG] 卡牌左上角计算: 大小=(125.0, 175.0002), 缩放=(1.283545, 1.283545), 左上角=(779.4459, -19.9344)
[2026-04-20 09:35:06] [DEBUG] 放置验证通过: shape_coords=[(0, 0)], origin=(4, 1), 所有坐标在网格范围内且无碰撞
[2026-04-20 09:35:06] [DEBUG] 更新网格预览: 形状=[(0, 0)], 原点=(4, 1), 有效=true, 全部在边界内=true, 敌人重叠=false
[2026-04-20 09:35:06] [DEBUG] 时间轴悬停调试: 
  - 鼠标位置: (859.6674, 92.37592)
  - 网格背景本地鼠标位置: (184.1116, 61.58395) (已自动剔除缩放变换)
  - 格子大小: 42.0 (ui_slot_size=40.0, ui_spacing=2.0)
  - 网格坐标: (4, 1)
  - 网格边界检查: true (范围: X[0-11], Y[0-2])
  - 拖拽偏移: (0.0, 0.0)
  - 目标中心: (859.6674, 92.37592)
  - 当前卡牌位置: (779.4459, -19.9344)
[2026-04-20 09:35:06] [DEBUG] 卡牌左上角计算: 大小=(125.0, 175.0002), 缩放=(1.283545, 1.283545), 左上角=(779.4459, -19.9344)
[2026-04-20 09:35:06] [DEBUG] 放置验证通过: shape_coords=[(0, 0)], origin=(4, 1), 所有坐标在网格范围内且无碰撞
[2026-04-20 09:35:06] [DEBUG] 更新网格预览: 形状=[(0, 0)], 原点=(4, 1), 有效=true, 全部在边界内=true, 敌人重叠=false
[2026-04-20 09:35:06] [DEBUG] _input: 收到左键点击事件，尝试放置
[2026-04-20 09:35:06] [DEBUG] try_place_shape: 收到放置请求，is_dragging=true, is_placing=false
[2026-04-20 09:35:06] [DEBUG] try_place_shape: 鼠标位置=(859.6674, 92.37592), 是否在时间轴上=true
[2026-04-20 09:35:06] [DEBUG] 网格计算参数: slot_size=40.0, spacing=2.0, cell_size=42.0, local_mouse=(184.1116, 61.58395)
[2026-04-20 09:35:06] [DEBUG] 尝试放置，origin_pos: (4, 1), shape_coords: [(0, 0)], 网格范围检查通过
[2026-04-20 09:35:06] [DEBUG] 预计算所有目标位置:
[2026-04-20 09:35:06] [DEBUG]   offset=(0, 0) -> target_pos=(4, 1)
[2026-04-20 09:35:06] [DEBUG] 放置验证通过: shape_coords=[(0, 0)], origin=(4, 1), 所有坐标在网格范围内且无碰撞
[2026-04-20 09:35:06] [INFO] 放置成功！开始播放放置动画
[2026-04-20 09:35:06] [INFO] 开始播放放置动画
[2026-04-20 09:35:06] [DEBUG] 已禁用时间轴UI鼠标交互
[2026-04-20 09:35:06] [DEBUG] 使用 grid_cells 精确计算中心点: 目标格子=@Panel@279:<Panel#95294589272>, 全局位置=(835.5, 63.0), 实际大小=(60.0, 60.0), 时间轴缩放=(1.5, 1.5)
[2026-04-20 09:35:06] [DEBUG] 放置动画卡牌位置计算: 网格单元中心=(850.5, 78.0), 卡牌大小=(125.0, 175.0002), 目标缩放=(0.9, 0.9), 左上角=(794.25, -0.750084)
[2026-04-20 09:35:06] [DEBUG] 放置动画目标位置: (794.25, -0.750084), grid_pos=(4, 1), 时间轴缩放=(1.5, 1.5), 是否使用精确计算=true
[2026-04-20 09:35:06] [DEBUG] 时间轴悬停调试: 
  - 鼠标位置: (859.6674, 92.37592)
  - 网格背景本地鼠标位置: (184.1116, 61.58395) (已自动剔除缩放变换)
  - 格子大小: 42.0 (ui_slot_size=40.0, ui_spacing=2.0)
  - 网格坐标: (4, 1)
  - 网格边界检查: true (范围: X[0-11], Y[0-2])
  - 拖拽偏移: (0.0, 0.0)
  - 目标中心: (859.6674, 92.37592)
  - 当前卡牌位置: (779.4459, -19.9344)
[2026-04-20 09:35:06] [DEBUG] 卡牌左上角计算: 大小=(125.0, 175.0002), 缩放=(1.283545, 1.283545), 左上角=(779.4459, -19.9344)
[2026-04-20 09:35:06] [DEBUG] 放置验证通过: shape_coords=[(0, 0)], origin=(4, 1), 所有坐标在网格范围内且无碰撞
[2026-04-20 09:35:06] [DEBUG] 更新网格预览: 形状=[(0, 0)], 原点=(4, 1), 有效=true, 全部在边界内=true, 敌人重叠=false
[2026-04-20 09:35:06] [DEBUG] 时间轴悬停调试: 
  - 鼠标位置: (859.6674, 92.37592)
  - 网格背景本地鼠标位置: (184.1116, 61.58395) (已自动剔除缩放变换)
  - 格子大小: 42.0 (ui_slot_size=40.0, ui_spacing=2.0)
  - 网格坐标: (4, 1)
  - 网格边界检查: true (范围: X[0-11], Y[0-2])
  - 拖拽偏移: (0.0, 0.0)
  - 目标中心: (859.6674, 92.37592)
  - 当前卡牌位置: (782.3586, -15.53424)
[2026-04-20 09:35:06] [DEBUG] 卡牌左上角计算: 大小=(125.0, 175.0002), 缩放=(1.248109, 1.248109), 左上角=(781.6606, -16.83376)
[2026-04-20 09:35:06] [DEBUG] 放置验证通过: shape_coords=[(0, 0)], origin=(4, 1), 所有坐标在网格范围内且无碰撞
[2026-04-20 09:35:06] [DEBUG] 更新网格预览: 形状=[(0, 0)], 原点=(4, 1), 有效=true, 全部在边界内=true, 敌人重叠=false
[2026-04-20 09:35:06] [DEBUG] 时间轴悬停调试: 
  - 鼠标位置: (859.6674, 92.37592)
  - 网格背景本地鼠标位置: (184.1116, 61.58395) (已自动剔除缩放变换)
  - 格子大小: 42.0 (ui_slot_size=40.0, ui_spacing=2.0)
  - 网格坐标: (4, 1)
  - 网格边界检查: true (范围: X[0-11], Y[0-2])
  - 拖拽偏移: (0.0, 0.0)
  - 目标中心: (859.6674, 92.37592)
  - 当前卡牌位置: (783.5659, -14.00436)
[2026-04-20 09:35:06] [DEBUG] 卡牌左上角计算: 大小=(125.0, 175.0002), 缩放=(1.214627, 1.214627), 左上角=(783.7532, -13.90404)
[2026-04-20 09:35:06] [DEBUG] 放置验证通过: shape_coords=[(0, 0)], origin=(4, 1), 所有坐标在网格范围内且无碰撞
[2026-04-20 09:35:06] [DEBUG] 更新网格预览: 形状=[(0, 0)], 原点=(4, 1), 有效=true, 全部在边界内=true, 敌人重叠=false
[2026-04-20 09:35:06] [DEBUG] 时间轴悬停调试: 
  - 鼠标位置: (859.6674, 92.37592)
  - 网格背景本地鼠标位置: (184.1116, 61.58395) (已自动剔除缩放变换)
  - 格子大小: 42.0 (ui_slot_size=40.0, ui_spacing=2.0)
  - 网格坐标: (4, 1)
  - 网格边界检查: true (范围: X[0-11], Y[0-2])
  - 拖拽偏移: (0.0, 0.0)
  - 目标中心: (859.6674, 92.37592)
  - 当前卡牌位置: (784.4915, -12.8837)
[2026-04-20 09:35:06] [DEBUG] 卡牌左上角计算: 大小=(125.0, 175.0002), 缩放=(1.185607, 1.185607), 左上角=(785.567, -11.36477)
[2026-04-20 09:35:06] [DEBUG] 放置验证通过: shape_coords=[(0, 0)], origin=(4, 1), 所有坐标在网格范围内且无碰撞
[2026-04-20 09:35:06] [DEBUG] 更新网格预览: 形状=[(0, 0)], 原点=(4, 1), 有效=true, 全部在边界内=true, 敌人重叠=false
[2026-04-20 09:35:06] [DEBUG] 时间轴悬停调试: 
  - 鼠标位置: (859.6674, 92.37592)
  - 网格背景本地鼠标位置: (184.1116, 61.58395) (已自动剔除缩放变换)
  - 格子大小: 42.0 (ui_slot_size=40.0, ui_spacing=2.0)
  - 网格坐标: (4, 1)
  - 网格边界检查: true (范围: X[0-11], Y[0-2])
  - 拖拽偏移: (0.0, 0.0)
  - 目标中心: (859.6674, 92.37592)
  - 当前卡牌位置: (785.4835, -11.62573)
[2026-04-20 09:35:06] [DEBUG] 卡牌左上角计算: 大小=(125.0, 175.0002), 缩放=(1.158145, 1.158145), 左上角=(787.2833, -8.961891)
[2026-04-20 09:35:06] [DEBUG] 放置验证通过: shape_coords=[(0, 0)], origin=(4, 1), 所有坐标在网格范围内且无碰撞
[2026-04-20 09:35:06] [DEBUG] 更新网格预览: 形状=[(0, 0)], 原点=(4, 1), 有效=true, 全部在边界内=true, 敌人重叠=false
[2026-04-20 09:35:06] [DEBUG] 时间轴悬停调试: 
  - 鼠标位置: (859.6674, 92.37592)
  - 网格背景本地鼠标位置: (184.1116, 61.58395) (已自动剔除缩放变换)
  - 格子大小: 42.0 (ui_slot_size=40.0, ui_spacing=2.0)
  - 网格坐标: (4, 1)
  - 网格边界检查: true (范围: X[0-11], Y[0-2])
  - 拖拽偏移: (0.0, 0.0)
  - 目标中心: (859.6674, 92.37592)
  - 当前卡牌位置: (786.4185, -10.44081)
[2026-04-20 09:35:06] [DEBUG] 卡牌左上角计算: 大小=(125.0, 175.0002), 缩放=(1.132203, 1.132203), 左上角=(788.9047, -6.691971)
[2026-04-20 09:35:06] [DEBUG] 放置验证通过: shape_coords=[(0, 0)], origin=(4, 1), 所有坐标在网格范围内且无碰撞
[2026-04-20 09:35:06] [DEBUG] 更新网格预览: 形状=[(0, 0)], 原点=(4, 1), 有效=true, 全部在边界内=true, 敌人重叠=false
[2026-04-20 09:35:06] [DEBUG] 时间轴悬停调试: 
  - 鼠标位置: (859.6674, 92.37592)
  - 网格背景本地鼠标位置: (184.1116, 61.58395) (已自动剔除缩放变换)
  - 格子大小: 42.0 (ui_slot_size=40.0, ui_spacing=2.0)
  - 网格坐标: (4, 1)
  - 网格边界检查: true (范围: X[0-11], Y[0-2])
  - 拖拽偏移: (0.0, 0.0)
  - 目标中心: (859.6674, 92.37592)
  - 当前卡牌位置: (787.651, -8.794068)
[2026-04-20 09:35:06] [DEBUG] 卡牌左上角计算: 大小=(125.0, 175.0002), 缩放=(1.103449, 1.103449), 左上角=(790.7018, -4.175995)
[2026-04-20 09:35:06] [DEBUG] 放置验证通过: shape_coords=[(0, 0)], origin=(4, 1), 所有坐标在网格范围内且无碰撞
[2026-04-20 09:35:06] [DEBUG] 更新网格预览: 形状=[(0, 0)], 原点=(4, 1), 有效=true, 全部在边界内=true, 敌人重叠=false
[2026-04-20 09:35:06] [DEBUG] 时间轴悬停调试: 
  - 鼠标位置: (859.6674, 92.37592)
  - 网格背景本地鼠标位置: (184.1116, 61.58395) (已自动剔除缩放变换)
  - 格子大小: 42.0 (ui_slot_size=40.0, ui_spacing=2.0)
  - 网格坐标: (4, 1)
  - 网格边界检查: true (范围: X[0-11], Y[0-2])
  - 拖拽偏移: (0.0, 0.0)
  - 目标中心: (859.6674, 92.37592)
  - 当前卡牌位置: (788.4329, -7.851285)
[2026-04-20 09:35:06] [DEBUG] 卡牌左上角计算: 大小=(125.0, 175.0002), 缩放=(1.078685, 1.078685), 左上角=(792.2496, -2.009148)
[2026-04-20 09:35:06] [DEBUG] 放置验证通过: shape_coords=[(0, 0)], origin=(4, 1), 所有坐标在网格范围内且无碰撞
[2026-04-20 09:35:06] [DEBUG] 更新网格预览: 形状=[(0, 0)], 原点=(4, 1), 有效=true, 全部在边界内=true, 敌人重叠=false
[2026-04-20 09:35:06] [DEBUG] 时间轴悬停调试: 
  - 鼠标位置: (859.6674, 92.37592)
  - 网格背景本地鼠标位置: (184.1116, 61.58395) (已自动剔除缩放变换)
  - 格子大小: 42.0 (ui_slot_size=40.0, ui_spacing=2.0)
  - 网格坐标: (4, 1)
  - 网格边界检查: true (范围: X[0-11], Y[0-2])
  - 拖拽偏移: (0.0, 0.0)
  - 目标中心: (859.6674, 92.37592)
  - 当前卡牌位置: (789.0994, -7.049516)
[2026-04-20 09:35:06] [DEBUG] 卡牌左上角计算: 大小=(125.0, 175.0002), 缩放=(1.05744, 1.05744), 左上角=(793.5775, -0.150146)
[2026-04-20 09:35:06] [DEBUG] 放置验证通过: shape_coords=[(0, 0)], origin=(4, 1), 所有坐标在网格范围内且无碰撞
[2026-04-20 09:35:06] [DEBUG] 更新网格预览: 形状=[(0, 0)], 原点=(4, 1), 有效=true, 全部在边界内=true, 敌人重叠=false
[2026-04-20 09:35:06] [DEBUG] 时间轴悬停调试: 
  - 鼠标位置: (859.6674, 92.37592)
  - 网格背景本地鼠标位置: (184.1116, 61.58395) (已自动剔除缩放变换)
  - 格子大小: 42.0 (ui_slot_size=40.0, ui_spacing=2.0)
  - 网格坐标: (4, 1)
  - 网格边界检查: true (范围: X[0-11], Y[0-2])
  - 拖拽偏移: (0.0, 0.0)
  - 目标中心: (859.6674, 92.37592)
  - 当前卡牌位置: (789.8085, -6.154531)
[2026-04-20 09:35:06] [DEBUG] 卡牌左上角计算: 大小=(125.0, 175.0002), 缩放=(1.037544, 1.037544), 左上角=(794.8209, 1.590675)
[2026-04-20 09:35:06] [DEBUG] 放置验证通过: shape_coords=[(0, 0)], origin=(4, 1), 所有坐标在网格范围内且无碰撞
[2026-04-20 09:35:06] [DEBUG] 更新网格预览: 形状=[(0, 0)], 原点=(4, 1), 有效=true, 全部在边界内=true, 敌人重叠=false
[2026-04-20 09:35:06] [DEBUG] 时间轴悬停调试: 
  - 鼠标位置: (859.6674, 92.37592)
  - 网格背景本地鼠标位置: (184.1116, 61.58395) (已自动剔除缩放变换)
  - 格子大小: 42.0 (ui_slot_size=40.0, ui_spacing=2.0)
  - 网格坐标: (4, 1)
  - 网格边界检查: true (范围: X[0-11], Y[0-2])
  - 拖拽偏移: (0.0, 0.0)
  - 目标中心: (859.6674, 92.37592)
  - 当前卡牌位置: (790.4686, -5.322226)
[2026-04-20 09:35:06] [DEBUG] 卡牌左上角计算: 大小=(125.0, 175.0002), 缩放=(1.01896, 1.01896), 左上角=(795.9824, 3.216782)
[2026-04-20 09:35:06] [DEBUG] 放置验证通过: shape_coords=[(0, 0)], origin=(4, 1), 所有坐标在网格范围内且无碰撞
[2026-04-20 09:35:06] [DEBUG] 更新网格预览: 形状=[(0, 0)], 原点=(4, 1), 有效=true, 全部在边界内=true, 敌人重叠=false
[2026-04-20 09:35:06] [DEBUG] 时间轴悬停调试: 
  - 鼠标位置: (859.6674, 92.37592)
  - 网格背景本地鼠标位置: (184.1116, 61.58395) (已自动剔除缩放变换)
  - 格子大小: 42.0 (ui_slot_size=40.0, ui_spacing=2.0)
  - 网格坐标: (4, 1)
  - 网格边界检查: true (范围: X[0-11], Y[0-2])
  - 拖拽偏移: (0.0, 0.0)
  - 目标中心: (859.6674, 92.37592)
  - 当前卡牌位置: (791.0814, -4.550583)
[2026-04-20 09:35:06] [DEBUG] 卡牌左上角计算: 大小=(125.0, 175.0002), 缩放=(1.001648, 1.001648), 左上角=(797.0644, 4.731606)
[2026-04-20 09:35:06] [DEBUG] 放置验证通过: shape_coords=[(0, 0)], origin=(4, 1), 所有坐标在网格范围内且无碰撞
[2026-04-20 09:35:06] [DEBUG] 更新网格预览: 形状=[(0, 0)], 原点=(4, 1), 有效=true, 全部在边界内=true, 敌人重叠=false
[2026-04-20 09:35:06] [DEBUG] 时间轴悬停调试: 
  - 鼠标位置: (859.6674, 92.37592)
  - 网格背景本地鼠标位置: (184.1116, 61.58395) (已自动剔除缩放变换)
  - 格子大小: 42.0 (ui_slot_size=40.0, ui_spacing=2.0)
  - 网格坐标: (4, 1)
  - 网格边界检查: true (范围: X[0-11], Y[0-2])
  - 拖拽偏移: (0.0, 0.0)
  - 目标中心: (859.6674, 92.37592)
  - 当前卡牌位置: (791.6483, -3.837666)
[2026-04-20 09:35:06] [DEBUG] 卡牌左上角计算: 大小=(125.0, 175.0002), 缩放=(0.985568, 0.985568), 左上角=(798.0694, 6.138618)
[2026-04-20 09:35:06] [DEBUG] 放置验证通过: shape_coords=[(0, 0)], origin=(4, 1), 所有坐标在网格范围内且无碰撞
[2026-04-20 09:35:06] [DEBUG] 更新网格预览: 形状=[(0, 0)], 原点=(4, 1), 有效=true, 全部在边界内=true, 敌人重叠=false
[2026-04-20 09:35:06] [DEBUG] 时间轴悬停调试: 
  - 鼠标位置: (859.6674, 92.37592)
  - 网格背景本地鼠标位置: (184.1116, 61.58395) (已自动剔除缩放变换)
  - 格子大小: 42.0 (ui_slot_size=40.0, ui_spacing=2.0)
  - 网格坐标: (4, 1)
  - 网格边界检查: true (范围: X[0-11], Y[0-2])
  - 拖拽偏移: (0.0, 0.0)
  - 目标中心: (859.6674, 92.37592)
  - 当前卡牌位置: (792.171, -3.181451)
[2026-04-20 09:35:06] [DEBUG] 卡牌左上角计算: 大小=(125.0, 175.0002), 缩放=(0.970681, 0.970681), 左上角=(798.9999, 7.441277)
[2026-04-20 09:35:06] [DEBUG] 放置验证通过: shape_coords=[(0, 0)], origin=(4, 1), 所有坐标在网格范围内且无碰撞
[2026-04-20 09:35:06] [DEBUG] 更新网格预览: 形状=[(0, 0)], 原点=(4, 1), 有效=true, 全部在边界内=true, 敌人重叠=false
[2026-04-20 09:35:06] [DEBUG] 时间轴悬停调试: 
  - 鼠标位置: (859.6674, 92.37592)
  - 网格背景本地鼠标位置: (184.1116, 61.58395) (已自动剔除缩放变换)
  - 格子大小: 42.0 (ui_slot_size=40.0, ui_spacing=2.0)
  - 网格坐标: (4, 1)
  - 网格边界检查: true (范围: X[0-11], Y[0-2])
  - 拖拽偏移: (0.0, 0.0)
  - 目标中心: (859.6674, 92.37592)
  - 当前卡牌位置: (792.6509, -2.580015)
[2026-04-20 09:35:06] [DEBUG] 卡牌左上角计算: 大小=(125.0, 175.0002), 缩放=(0.956946, 0.956946), 左上角=(799.8583, 8.643013)
[2026-04-20 09:35:06] [DEBUG] 放置验证通过: shape_coords=[(0, 0)], origin=(4, 1), 所有坐标在网格范围内且无碰撞
[2026-04-20 09:35:06] [DEBUG] 更新网格预览: 形状=[(0, 0)], 原点=(4, 1), 有效=true, 全部在边界内=true, 敌人重叠=false
[2026-04-20 09:35:06] [DEBUG] 时间轴悬停调试: 
  - 鼠标位置: (859.6674, 92.37592)
  - 网格背景本地鼠标位置: (184.1116, 61.58395) (已自动剔除缩放变换)
  - 格子大小: 42.0 (ui_slot_size=40.0, ui_spacing=2.0)
  - 网格坐标: (4, 1)
  - 网格边界检查: true (范围: X[0-11], Y[0-2])
  - 拖拽偏移: (0.0, 0.0)
  - 目标中心: (859.6674, 92.37592)
  - 当前卡牌位置: (793.0894, -2.031328)
[2026-04-20 09:35:06] [DEBUG] 卡牌左上角计算: 大小=(125.0, 175.0002), 缩放=(0.944326, 0.944326), 左上角=(800.647, 9.747314)
[2026-04-20 09:35:06] [DEBUG] 放置验证通过: shape_coords=[(0, 0)], origin=(4, 1), 所有坐标在网格范围内且无碰撞
[2026-04-20 09:35:06] [DEBUG] 更新网格预览: 形状=[(0, 0)], 原点=(4, 1), 有效=true, 全部在边界内=true, 敌人重叠=false
[2026-04-20 09:35:06] [DEBUG] 时间轴悬停调试: 
  - 鼠标位置: (859.6674, 92.37592)
  - 网格背景本地鼠标位置: (184.1116, 61.58395) (已自动剔除缩放变换)
  - 格子大小: 42.0 (ui_slot_size=40.0, ui_spacing=2.0)
  - 网格坐标: (4, 1)
  - 网格边界检查: true (范围: X[0-11], Y[0-2])
  - 拖拽偏移: (0.0, 0.0)
  - 目标中心: (859.6674, 92.37592)
  - 当前卡牌位置: (793.4882, -1.533463)
[2026-04-20 09:35:06] [DEBUG] 卡牌左上角计算: 大小=(125.0, 175.0002), 缩放=(0.93278, 0.93278), 左上角=(801.3687, 10.75761)
[2026-04-20 09:35:06] [DEBUG] 放置验证通过: shape_coords=[(0, 0)], origin=(4, 1), 所有坐标在网格范围内且无碰撞
[2026-04-20 09:35:06] [DEBUG] 更新网格预览: 形状=[(0, 0)], 原点=(4, 1), 有效=true, 全部在边界内=true, 敌人重叠=false
[2026-04-20 09:35:06] [DEBUG] 时间轴悬停调试: 
  - 鼠标位置: (859.6674, 92.37592)
  - 网格背景本地鼠标位置: (184.1116, 61.58395) (已自动剔除缩放变换)
  - 格子大小: 42.0 (ui_slot_size=40.0, ui_spacing=2.0)
  - 网格坐标: (4, 1)
  - 网格边界检查: true (范围: X[0-11], Y[0-2])
  - 拖拽偏移: (0.0, 0.0)
  - 目标中心: (859.6674, 92.37592)
  - 当前卡牌位置: (793.8488, -1.084438)
[2026-04-20 09:35:06] [DEBUG] 卡牌左上角计算: 大小=(125.0, 175.0002), 缩放=(0.922268, 0.922268), 左上角=(802.0256, 11.67737)
[2026-04-20 09:35:06] [DEBUG] 放置验证通过: shape_coords=[(0, 0)], origin=(4, 1), 所有坐标在网格范围内且无碰撞
[2026-04-20 09:35:06] [DEBUG] 更新网格预览: 形状=[(0, 0)], 原点=(4, 1), 有效=true, 全部在边界内=true, 敌人重叠=false
[2026-04-20 09:35:06] [DEBUG] 时间轴悬停调试: 
  - 鼠标位置: (859.6674, 92.37592)
  - 网格背景本地鼠标位置: (184.1116, 61.58395) (已自动剔除缩放变换)
  - 格子大小: 42.0 (ui_slot_size=40.0, ui_spacing=2.0)
  - 网格坐标: (4, 1)
  - 网格边界检查: true (范围: X[0-11], Y[0-2])
  - 拖拽偏移: (0.0, 0.0)
  - 目标中心: (859.6674, 92.37592)
  - 当前卡牌位置: (794.1727, -0.682243)
[2026-04-20 09:35:06] [DEBUG] 卡牌左上角计算: 大小=(125.0, 175.0002), 缩放=(0.912752, 0.912752), 左上角=(802.6204, 12.51004)
[2026-04-20 09:35:06] [DEBUG] 放置验证通过: shape_coords=[(0, 0)], origin=(4, 1), 所有坐标在网格范围内且无碰撞
[2026-04-20 09:35:06] [DEBUG] 更新网格预览: 形状=[(0, 0)], 原点=(4, 1), 有效=true, 全部在边界内=true, 敌人重叠=false
[2026-04-20 09:35:06] [DEBUG] 时间轴悬停调试: 
  - 鼠标位置: (859.6674, 92.37592)
  - 网格背景本地鼠标位置: (184.1116, 61.58395) (已自动剔除缩放变换)
  - 格子大小: 42.0 (ui_slot_size=40.0, ui_spacing=2.0)
  - 网格坐标: (4, 1)
  - 网格边界检查: true (范围: X[0-11], Y[0-2])
  - 拖拽偏移: (0.0, 0.0)
  - 目标中心: (859.6674, 92.37592)
  - 当前卡牌位置: (794.4614, -0.324951)
[2026-04-20 09:35:06] [DEBUG] 卡牌左上角计算: 大小=(125.0, 175.0002), 缩放=(0.904192, 0.904192), 左上角=(803.1555, 13.25907)
[2026-04-20 09:35:06] [DEBUG] 放置验证通过: shape_coords=[(0, 0)], origin=(4, 1), 所有坐标在网格范围内且无碰撞
[2026-04-20 09:35:06] [DEBUG] 更新网格预览: 形状=[(0, 0)], 原点=(4, 1), 有效=true, 全部在边界内=true, 敌人重叠=false
[2026-04-20 09:35:06] [DEBUG] 时间轴悬停调试: 
  - 鼠标位置: (859.6674, 92.37592)
  - 网格背景本地鼠标位置: (184.1116, 61.58395) (已自动剔除缩放变换)
  - 格子大小: 42.0 (ui_slot_size=40.0, ui_spacing=2.0)
  - 网格坐标: (4, 1)
  - 网格边界检查: true (范围: X[0-11], Y[0-2])
  - 拖拽偏移: (0.0, 0.0)
  - 目标中心: (859.6674, 92.37592)
  - 当前卡牌位置: (794.7166, -0.010563)
[2026-04-20 09:35:06] [DEBUG] 卡牌左上角计算: 大小=(125.0, 175.0002), 缩放=(0.896547, 0.896547), 左上角=(803.6332, 13.92793)
[2026-04-20 09:35:06] [DEBUG] 放置验证通过: shape_coords=[(0, 0)], origin=(4, 1), 所有坐标在网格范围内且无碰撞
[2026-04-20 09:35:06] [DEBUG] 更新网格预览: 形状=[(0, 0)], 原点=(4, 1), 有效=true, 全部在边界内=true, 敌人重叠=false
[2026-04-20 09:35:06] [DEBUG] 时间轴悬停调试: 
  - 鼠标位置: (859.6674, 92.37592)
  - 网格背景本地鼠标位置: (184.1116, 61.58395) (已自动剔除缩放变换)
  - 格子大小: 42.0 (ui_slot_size=40.0, ui_spacing=2.0)
  - 网格坐标: (4, 1)
  - 网格边界检查: true (范围: X[0-11], Y[0-2])
  - 拖拽偏移: (0.0, 0.0)
  - 目标中心: (859.6674, 92.37592)
  - 当前卡牌位置: (794.9395, 0.262907)
[2026-04-20 09:35:06] [DEBUG] 卡牌左上角计算: 大小=(125.0, 175.0002), 缩放=(0.88978, 0.88978), 左上角=(804.0562, 14.52006)
[2026-04-20 09:35:06] [DEBUG] 放置验证通过: shape_coords=[(0, 0)], origin=(4, 1), 所有坐标在网格范围内且无碰撞
[2026-04-20 09:35:06] [DEBUG] 更新网格预览: 形状=[(0, 0)], 原点=(4, 1), 有效=true, 全部在边界内=true, 敌人重叠=false
[2026-04-20 09:35:06] [DEBUG] 时间轴悬停调试: 
  - 鼠标位置: (859.6674, 92.37592)
  - 网格背景本地鼠标位置: (184.1116, 61.58395) (已自动剔除缩放变换)
  - 格子大小: 42.0 (ui_slot_size=40.0, ui_spacing=2.0)
  - 网格坐标: (4, 1)
  - 网格边界检查: true (范围: X[0-11], Y[0-2])
  - 拖拽偏移: (0.0, 0.0)
  - 目标中心: (859.6674, 92.37592)
  - 当前卡牌位置: (795.1319, 0.497421)
[2026-04-20 09:35:06] [DEBUG] 卡牌左上角计算: 大小=(125.0, 175.0002), 缩放=(0.88385, 0.88385), 左上角=(804.4268, 15.03893)
[2026-04-20 09:35:06] [DEBUG] 放置验证通过: shape_coords=[(0, 0)], origin=(4, 1), 所有坐标在网格范围内且无碰撞
[2026-04-20 09:35:06] [DEBUG] 更新网格预览: 形状=[(0, 0)], 原点=(4, 1), 有效=true, 全部在边界内=true, 敌人重叠=false
[2026-04-20 09:35:06] [DEBUG] 时间轴悬停调试: 
  - 鼠标位置: (859.6674, 92.37592)
  - 网格背景本地鼠标位置: (184.1116, 61.58395) (已自动剔除缩放变换)
  - 格子大小: 42.0 (ui_slot_size=40.0, ui_spacing=2.0)
  - 网格坐标: (4, 1)
  - 网格边界检查: true (范围: X[0-11], Y[0-2])
  - 拖拽偏移: (0.0, 0.0)
  - 目标中心: (859.6674, 92.37592)
  - 当前卡牌位置: (795.2952, 0.694952)
[2026-04-20 09:35:06] [DEBUG] 卡牌左上角计算: 大小=(125.0, 175.0002), 缩放=(0.878718, 0.878718), 左上角=(804.7475, 15.48798)
[2026-04-20 09:35:06] [DEBUG] 放置验证通过: shape_coords=[(0, 0)], origin=(4, 1), 所有坐标在网格范围内且无碰撞
[2026-04-20 09:35:06] [DEBUG] 更新网格预览: 形状=[(0, 0)], 原点=(4, 1), 有效=true, 全部在边界内=true, 敌人重叠=false
[2026-04-20 09:35:06] [DEBUG] 时间轴悬停调试: 
  - 鼠标位置: (859.6674, 92.37592)
  - 网格背景本地鼠标位置: (184.1116, 61.58395) (已自动剔除缩放变换)
  - 格子大小: 42.0 (ui_slot_size=40.0, ui_spacing=2.0)
  - 网格坐标: (4, 1)
  - 网格边界检查: true (范围: X[0-11], Y[0-2])
  - 拖拽偏移: (0.0, 0.0)
  - 目标中心: (859.6674, 92.37592)
  - 当前卡牌位置: (795.4309, 0.857468)
[2026-04-20 09:35:06] [DEBUG] 卡牌左上角计算: 大小=(125.0, 175.0002), 缩放=(0.874345, 0.874345), 左上角=(805.0209, 15.87067)
[2026-04-20 09:35:06] [DEBUG] 放置验证通过: shape_coords=[(0, 0)], origin=(4, 1), 所有坐标在网格范围内且无碰撞
[2026-04-20 09:35:06] [DEBUG] 更新网格预览: 形状=[(0, 0)], 原点=(4, 1), 有效=true, 全部在边界内=true, 敌人重叠=false
[2026-04-20 09:35:06] [DEBUG] 时间轴悬停调试: 
  - 鼠标位置: (859.6674, 92.37592)
  - 网格背景本地鼠标位置: (184.1116, 61.58395) (已自动剔除缩放变换)
  - 格子大小: 42.0 (ui_slot_size=40.0, ui_spacing=2.0)
  - 网格坐标: (4, 1)
  - 网格边界检查: true (范围: X[0-11], Y[0-2])
  - 拖拽偏移: (0.0, 0.0)
  - 目标中心: (859.6674, 92.37592)
  - 当前卡牌位置: (795.5406, 0.986975)
[2026-04-20 09:35:06] [DEBUG] 卡牌左上角计算: 大小=(125.0, 175.0002), 缩放=(0.87069, 0.87069), 左上角=(805.2493, 16.19046)
[2026-04-20 09:35:06] [DEBUG] 放置验证通过: shape_coords=[(0, 0)], origin=(4, 1), 所有坐标在网格范围内且无碰撞
[2026-04-20 09:35:06] [DEBUG] 更新网格预览: 形状=[(0, 0)], 原点=(4, 1), 有效=true, 全部在边界内=true, 敌人重叠=false
[2026-04-20 09:35:06] [DEBUG] 时间轴悬停调试: 
  - 鼠标位置: (859.6674, 92.37592)
  - 网格背景本地鼠标位置: (184.1116, 61.58395) (已自动剔除缩放变换)
  - 格子大小: 42.0 (ui_slot_size=40.0, ui_spacing=2.0)
  - 网格坐标: (4, 1)
  - 网格边界检查: true (范围: X[0-11], Y[0-2])
  - 拖拽偏移: (0.0, 0.0)
  - 目标中心: (859.6674, 92.37592)
  - 当前卡牌位置: (795.6259, 1.085402)
[2026-04-20 09:35:06] [DEBUG] 卡牌左上角计算: 大小=(125.0, 175.0002), 缩放=(0.867715, 0.867715), 左上角=(805.4352, 16.4508)
[2026-04-20 09:35:06] [DEBUG] 放置验证通过: shape_coords=[(0, 0)], origin=(4, 1), 所有坐标在网格范围内且无碰撞
[2026-04-20 09:35:06] [DEBUG] 更新网格预览: 形状=[(0, 0)], 原点=(4, 1), 有效=true, 全部在边界内=true, 敌人重叠=false
[2026-04-20 09:35:06] [DEBUG] 时间轴悬停调试: 
  - 鼠标位置: (859.6674, 92.37592)
  - 网格背景本地鼠标位置: (184.1116, 61.58395) (已自动剔除缩放变换)
  - 格子大小: 42.0 (ui_slot_size=40.0, ui_spacing=2.0)
  - 网格坐标: (4, 1)
  - 网格边界检查: true (范围: X[0-11], Y[0-2])
  - 拖拽偏移: (0.0, 0.0)
  - 目标中心: (859.6674, 92.37592)
  - 当前卡牌位置: (795.6882, 1.154766)
[2026-04-20 09:35:06] [DEBUG] 卡牌左上角计算: 大小=(125.0, 175.0002), 缩放=(0.865379, 0.865379), 左上角=(805.5812, 16.65514)
[2026-04-20 09:35:06] [DEBUG] 放置验证通过: shape_coords=[(0, 0)], origin=(4, 1), 所有坐标在网格范围内且无碰撞
[2026-04-20 09:35:06] [DEBUG] 更新网格预览: 形状=[(0, 0)], 原点=(4, 1), 有效=true, 全部在边界内=true, 敌人重叠=false
[2026-04-20 09:35:06] [DEBUG] 时间轴悬停调试: 
  - 鼠标位置: (859.6674, 92.37592)
  - 网格背景本地鼠标位置: (184.1116, 61.58395) (已自动剔除缩放变换)
  - 格子大小: 42.0 (ui_slot_size=40.0, ui_spacing=2.0)
  - 网格坐标: (4, 1)
  - 网格边界检查: true (范围: X[0-11], Y[0-2])
  - 拖拽偏移: (0.0, 0.0)
  - 目标中心: (859.6674, 92.37592)
  - 当前卡牌位置: (795.7289, 1.19702)
[2026-04-20 09:35:06] [DEBUG] 卡牌左上角计算: 大小=(125.0, 175.0002), 缩放=(0.863644, 0.863644), 左上角=(805.6896, 16.80695)
[2026-04-20 09:35:06] [DEBUG] 放置验证通过: shape_coords=[(0, 0)], origin=(4, 1), 所有坐标在网格范围内且无碰撞
[2026-04-20 09:35:06] [DEBUG] 更新网格预览: 形状=[(0, 0)], 原点=(4, 1), 有效=true, 全部在边界内=true, 敌人重叠=false
[2026-04-20 09:35:06] [DEBUG] 时间轴悬停调试: 
  - 鼠标位置: (859.6674, 92.37592)
  - 网格背景本地鼠标位置: (184.1116, 61.58395) (已自动剔除缩放变换)
  - 格子大小: 42.0 (ui_slot_size=40.0, ui_spacing=2.0)
  - 网格坐标: (4, 1)
  - 网格边界检查: true (范围: X[0-11], Y[0-2])
  - 拖拽偏移: (0.0, 0.0)
  - 目标中心: (859.6674, 92.37592)
  - 当前卡牌位置: (795.7498, 1.214134)
[2026-04-20 09:35:06] [DEBUG] 卡牌左上角计算: 大小=(125.0, 175.0002), 缩放=(0.86247, 0.86247), 左上角=(805.763, 16.90968)
[2026-04-20 09:35:06] [DEBUG] 放置验证通过: shape_coords=[(0, 0)], origin=(4, 1), 所有坐标在网格范围内且无碰撞
[2026-04-20 09:35:06] [DEBUG] 更新网格预览: 形状=[(0, 0)], 原点=(4, 1), 有效=true, 全部在边界内=true, 敌人重叠=false
[2026-04-20 09:35:06] [DEBUG] 时间轴悬停调试: 
  - 鼠标位置: (859.6674, 92.37592)
  - 网格背景本地鼠标位置: (184.1116, 61.58395) (已自动剔除缩放变换)
  - 格子大小: 42.0 (ui_slot_size=40.0, ui_spacing=2.0)
  - 网格坐标: (4, 1)
  - 网格边界检查: true (范围: X[0-11], Y[0-2])
  - 拖拽偏移: (0.0, 0.0)
  - 目标中心: (859.6674, 92.37592)
  - 当前卡牌位置: (795.7522, 1.208094)
[2026-04-20 09:35:06] [DEBUG] 卡牌左上角计算: 大小=(125.0, 175.0002), 缩放=(0.861818, 0.861818), 左上角=(805.8038, 16.96676)
[2026-04-20 09:35:06] [DEBUG] 放置验证通过: shape_coords=[(0, 0)], origin=(4, 1), 所有坐标在网格范围内且无碰撞
[2026-04-20 09:35:06] [DEBUG] 更新网格预览: 形状=[(0, 0)], 原点=(4, 1), 有效=true, 全部在边界内=true, 敌人重叠=false
[2026-04-20 09:35:06] [DEBUG] 时间轴悬停调试: 
  - 鼠标位置: (859.6674, 92.37592)
  - 网格背景本地鼠标位置: (184.1116, 61.58395) (已自动剔除缩放变换)
  - 格子大小: 42.0 (ui_slot_size=40.0, ui_spacing=2.0)
  - 网格坐标: (4, 1)
  - 网格边界检查: true (范围: X[0-11], Y[0-2])
  - 拖拽偏移: (0.0, 0.0)
  - 目标中心: (859.6674, 92.37592)
  - 当前卡牌位置: (795.7378, 1.180876)
[2026-04-20 09:35:06] [DEBUG] 卡牌左上角计算: 大小=(125.0, 175.0002), 缩放=(0.861648, 0.861648), 左上角=(805.8145, 16.98167)
[2026-04-20 09:35:06] [DEBUG] 放置验证通过: shape_coords=[(0, 0)], origin=(4, 1), 所有坐标在网格范围内且无碰撞
[2026-04-20 09:35:06] [DEBUG] 更新网格预览: 形状=[(0, 0)], 原点=(4, 1), 有效=true, 全部在边界内=true, 敌人重叠=false
[2026-04-20 09:35:06] [DEBUG] 时间轴悬停调试: 
  - 鼠标位置: (859.6674, 92.37592)
  - 网格背景本地鼠标位置: (184.1116, 61.58395) (已自动剔除缩放变换)
  - 格子大小: 42.0 (ui_slot_size=40.0, ui_spacing=2.0)
  - 网格坐标: (4, 1)
  - 网格边界检查: true (范围: X[0-11], Y[0-2])
  - 拖拽偏移: (0.0, 0.0)
  - 目标中心: (859.6674, 92.37592)
  - 当前卡牌位置: (795.708, 1.134455)
[2026-04-20 09:35:06] [DEBUG] 卡牌左上角计算: 大小=(125.0, 175.0002), 缩放=(0.86192, 0.86192), 左上角=(805.7974, 16.95786)
[2026-04-20 09:35:06] [DEBUG] 放置验证通过: shape_coords=[(0, 0)], origin=(4, 1), 所有坐标在网格范围内且无碰撞
[2026-04-20 09:35:06] [DEBUG] 更新网格预览: 形状=[(0, 0)], 原点=(4, 1), 有效=true, 全部在边界内=true, 敌人重叠=false
[2026-04-20 09:35:06] [DEBUG] 时间轴悬停调试: 
  - 鼠标位置: (859.6674, 92.37592)
  - 网格背景本地鼠标位置: (184.1116, 61.58395) (已自动剔除缩放变换)
  - 格子大小: 42.0 (ui_slot_size=40.0, ui_spacing=2.0)
  - 网格坐标: (4, 1)
  - 网格边界检查: true (范围: X[0-11], Y[0-2])
  - 拖拽偏移: (0.0, 0.0)
  - 目标中心: (859.6674, 92.37592)
  - 当前卡牌位置: (795.6644, 1.070799)
[2026-04-20 09:35:06] [DEBUG] 卡牌左上角计算: 大小=(125.0, 175.0002), 缩放=(0.862595, 0.862595), 左上角=(805.7552, 16.89879)
[2026-04-20 09:35:06] [DEBUG] 放置验证通过: shape_coords=[(0, 0)], origin=(4, 1), 所有坐标在网格范围内且无碰撞
[2026-04-20 09:35:06] [DEBUG] 更新网格预览: 形状=[(0, 0)], 原点=(4, 1), 有效=true, 全部在边界内=true, 敌人重叠=false
[2026-04-20 09:35:06] [DEBUG] 时间轴悬停调试: 
  - 鼠标位置: (859.6674, 92.37592)
  - 网格背景本地鼠标位置: (184.1116, 61.58395) (已自动剔除缩放变换)
  - 格子大小: 42.0 (ui_slot_size=40.0, ui_spacing=2.0)
  - 网格坐标: (4, 1)
  - 网格边界检查: true (范围: X[0-11], Y[0-2])
  - 拖拽偏移: (0.0, 0.0)
  - 目标中心: (859.6674, 92.37592)
  - 当前卡牌位置: (795.6084, 0.991871)
[2026-04-20 09:35:06] [DEBUG] 卡牌左上角计算: 大小=(125.0, 175.0002), 缩放=(0.863634, 0.863634), 左上角=(805.6903, 16.8079)
[2026-04-20 09:35:06] [DEBUG] 放置验证通过: shape_coords=[(0, 0)], origin=(4, 1), 所有坐标在网格范围内且无碰撞
[2026-04-20 09:35:06] [DEBUG] 更新网格预览: 形状=[(0, 0)], 原点=(4, 1), 有效=true, 全部在边界内=true, 敌人重叠=false
[2026-04-20 09:35:06] [DEBUG] 时间轴悬停调试: 
  - 鼠标位置: (859.6674, 92.37592)
  - 网格背景本地鼠标位置: (184.1116, 61.58395) (已自动剔除缩放变换)
  - 格子大小: 42.0 (ui_slot_size=40.0, ui_spacing=2.0)
  - 网格坐标: (4, 1)
  - 网格边界检查: true (范围: X[0-11], Y[0-2])
  - 拖拽偏移: (0.0, 0.0)
  - 目标中心: (859.6674, 92.37592)
  - 当前卡牌位置: (795.5416, 0.899689)
[2026-04-20 09:35:06] [DEBUG] 卡牌左上角计算: 大小=(125.0, 175.0002), 缩放=(0.864996, 0.864996), 左上角=(805.6052, 16.68865)
[2026-04-20 09:35:06] [DEBUG] 放置验证通过: shape_coords=[(0, 0)], origin=(4, 1), 所有坐标在网格范围内且无碰撞
[2026-04-20 09:35:06] [DEBUG] 更新网格预览: 形状=[(0, 0)], 原点=(4, 1), 有效=true, 全部在边界内=true, 敌人重叠=false
[2026-04-20 09:35:06] [DEBUG] 时间轴悬停调试: 
  - 鼠标位置: (859.6674, 92.37592)
  - 网格背景本地鼠标位置: (184.1116, 61.58395) (已自动剔除缩放变换)
  - 格子大小: 42.0 (ui_slot_size=40.0, ui_spacing=2.0)
  - 网格坐标: (4, 1)
  - 网格边界检查: true (范围: X[0-11], Y[0-2])
  - 拖拽偏移: (0.0, 0.0)
  - 目标中心: (859.6674, 92.37592)
  - 当前卡牌位置: (795.4656, 0.796179)
[2026-04-20 09:35:06] [DEBUG] 卡牌左上角计算: 大小=(125.0, 175.0002), 缩放=(0.866644, 0.866644), 左上角=(805.5022, 16.5445)
[2026-04-20 09:35:06] [DEBUG] 放置验证通过: shape_coords=[(0, 0)], origin=(4, 1), 所有坐标在网格范围内且无碰撞
[2026-04-20 09:35:06] [DEBUG] 更新网格预览: 形状=[(0, 0)], 原点=(4, 1), 有效=true, 全部在边界内=true, 敌人重叠=false
[2026-04-20 09:35:06] [DEBUG] 时间轴悬停调试: 
  - 鼠标位置: (859.6674, 92.37592)
  - 网格背景本地鼠标位置: (184.1116, 61.58395) (已自动剔除缩放变换)
  - 格子大小: 42.0 (ui_slot_size=40.0, ui_spacing=2.0)
  - 网格坐标: (4, 1)
  - 网格边界检查: true (范围: X[0-11], Y[0-2])
  - 拖拽偏移: (0.0, 0.0)
  - 目标中心: (859.6674, 92.37592)
  - 当前卡牌位置: (795.3819, 0.683338)
[2026-04-20 09:35:06] [DEBUG] 卡牌左上角计算: 大小=(125.0, 175.0002), 缩放=(0.868536, 0.868536), 左上角=(805.3839, 16.37891)
[2026-04-20 09:35:06] [DEBUG] 放置验证通过: shape_coords=[(0, 0)], origin=(4, 1), 所有坐标在网格范围内且无碰撞
[2026-04-20 09:35:06] [DEBUG] 更新网格预览: 形状=[(0, 0)], 原点=(4, 1), 有效=true, 全部在边界内=true, 敌人重叠=false
[2026-04-20 09:35:06] [DEBUG] 时间轴悬停调试: 
  - 鼠标位置: (859.6674, 92.37592)
  - 网格背景本地鼠标位置: (184.1116, 61.58395) (已自动剔除缩放变换)
  - 格子大小: 42.0 (ui_slot_size=40.0, ui_spacing=2.0)
  - 网格坐标: (4, 1)
  - 网格边界检查: true (范围: X[0-11], Y[0-2])
  - 拖拽偏移: (0.0, 0.0)
  - 目标中心: (859.6674, 92.37592)
  - 当前卡牌位置: (795.292, 0.563158)
[2026-04-20 09:35:06] [DEBUG] 卡牌左上角计算: 大小=(125.0, 175.0002), 缩放=(0.870634, 0.870634), 左上角=(805.2527, 16.19533)
[2026-04-20 09:35:06] [DEBUG] 放置验证通过: shape_coords=[(0, 0)], origin=(4, 1), 所有坐标在网格范围内且无碰撞
[2026-04-20 09:35:06] [DEBUG] 更新网格预览: 形状=[(0, 0)], 原点=(4, 1), 有效=true, 全部在边界内=true, 敌人重叠=false
[2026-04-20 09:35:06] [DEBUG] 时间轴悬停调试: 
  - 鼠标位置: (859.6674, 92.37592)
  - 网格背景本地鼠标位置: (184.1116, 61.58395) (已自动剔除缩放变换)
  - 格子大小: 42.0 (ui_slot_size=40.0, ui_spacing=2.0)
  - 网格坐标: (4, 1)
  - 网格边界检查: true (范围: X[0-11], Y[0-2])
  - 拖拽偏移: (0.0, 0.0)
  - 目标中心: (859.6674, 92.37592)
  - 当前卡牌位置: (795.1973, 0.437572)
[2026-04-20 09:35:06] [DEBUG] 卡牌左上角计算: 大小=(125.0, 175.0002), 缩放=(0.872899, 0.872899), 左上角=(805.1113, 15.9972)
[2026-04-20 09:35:06] [DEBUG] 放置验证通过: shape_coords=[(0, 0)], origin=(4, 1), 所有坐标在网格范围内且无碰撞
[2026-04-20 09:35:06] [DEBUG] 更新网格预览: 形状=[(0, 0)], 原点=(4, 1), 有效=true, 全部在边界内=true, 敌人重叠=false
[2026-04-20 09:35:06] [DEBUG] 时间轴悬停调试: 
  - 鼠标位置: (859.6674, 92.37592)
  - 网格背景本地鼠标位置: (184.1116, 61.58395) (已自动剔除缩放变换)
  - 格子大小: 42.0 (ui_slot_size=40.0, ui_spacing=2.0)
  - 网格坐标: (4, 1)
  - 网格边界检查: true (范围: X[0-11], Y[0-2])
  - 拖拽偏移: (0.0, 0.0)
  - 目标中心: (859.6674, 92.37592)
  - 当前卡牌位置: (795.0995, 0.308586)
[2026-04-20 09:35:06] [DEBUG] 卡牌左上角计算: 大小=(125.0, 175.0002), 缩放=(0.87529, 0.87529), 左上角=(804.9618, 15.78799)
[2026-04-20 09:35:06] [DEBUG] 放置验证通过: shape_coords=[(0, 0)], origin=(4, 1), 所有坐标在网格范围内且无碰撞
[2026-04-20 09:35:06] [DEBUG] 更新网格预览: 形状=[(0, 0)], 原点=(4, 1), 有效=true, 全部在边界内=true, 敌人重叠=false
[2026-04-20 09:35:06] [DEBUG] 时间轴悬停调试: 
  - 鼠标位置: (859.6674, 92.37592)
  - 网格背景本地鼠标位置: (184.1116, 61.58395) (已自动剔除缩放变换)
  - 格子大小: 42.0 (ui_slot_size=40.0, ui_spacing=2.0)
  - 网格坐标: (4, 1)
  - 网格边界检查: true (范围: X[0-11], Y[0-2])
  - 拖拽偏移: (0.0, 0.0)
  - 目标中心: (859.6674, 92.37592)
  - 当前卡牌位置: (795.0001, 0.178171)
[2026-04-20 09:35:06] [DEBUG] 卡牌左上角计算: 大小=(125.0, 175.0002), 缩放=(0.877768, 0.877768), 左上角=(804.8069, 15.57115)
[2026-04-20 09:35:06] [DEBUG] 放置验证通过: shape_coords=[(0, 0)], origin=(4, 1), 所有坐标在网格范围内且无碰撞
[2026-04-20 09:35:06] [DEBUG] 更新网格预览: 形状=[(0, 0)], 原点=(4, 1), 有效=true, 全部在边界内=true, 敌人重叠=false
[2026-04-20 09:35:06] [DEBUG] 时间轴悬停调试: 
  - 鼠标位置: (859.6674, 92.37592)
  - 网格背景本地鼠标位置: (184.1116, 61.58395) (已自动剔除缩放变换)
  - 格子大小: 42.0 (ui_slot_size=40.0, ui_spacing=2.0)
  - 网格坐标: (4, 1)
  - 网格边界检查: true (范围: X[0-11], Y[0-2])
  - 拖拽偏移: (0.0, 0.0)
  - 目标中心: (859.6674, 92.37592)
  - 当前卡牌位置: (794.9005, 0.048294)
[2026-04-20 09:35:06] [DEBUG] 卡牌左上角计算: 大小=(125.0, 175.0002), 缩放=(0.880294, 0.880294), 左上角=(804.649, 15.35014)
[2026-04-20 09:35:06] [DEBUG] 放置验证通过: shape_coords=[(0, 0)], origin=(4, 1), 所有坐标在网格范围内且无碰撞
[2026-04-20 09:35:06] [DEBUG] 更新网格预览: 形状=[(0, 0)], 原点=(4, 1), 有效=true, 全部在边界内=true, 敌人重叠=false
[2026-04-20 09:35:06] [DEBUG] 时间轴悬停调试: 
  - 鼠标位置: (859.6674, 92.37592)
  - 网格背景本地鼠标位置: (184.1116, 61.58395) (已自动剔除缩放变换)
  - 格子大小: 42.0 (ui_slot_size=40.0, ui_spacing=2.0)
  - 网格坐标: (4, 1)
  - 网格边界检查: true (范围: X[0-11], Y[0-2])
  - 拖拽偏移: (0.0, 0.0)
  - 目标中心: (859.6674, 92.37592)
  - 当前卡牌位置: (794.8024, -0.079077)
[2026-04-20 09:35:06] [DEBUG] 卡牌左上角计算: 大小=(125.0, 175.0002), 缩放=(0.882828, 0.882828), 左上角=(804.4907, 15.1284)
[2026-04-20 09:35:06] [DEBUG] 放置验证通过: shape_coords=[(0, 0)], origin=(4, 1), 所有坐标在网格范围内且无碰撞
[2026-04-20 09:35:06] [DEBUG] 更新网格预览: 形状=[(0, 0)], 原点=(4, 1), 有效=true, 全部在边界内=true, 敌人重叠=false
[2026-04-20 09:35:06] [DEBUG] 时间轴悬停调试: 
  - 鼠标位置: (859.6674, 92.37592)
  - 网格背景本地鼠标位置: (184.1116, 61.58395) (已自动剔除缩放变换)
  - 格子大小: 42.0 (ui_slot_size=40.0, ui_spacing=2.0)
  - 网格坐标: (4, 1)
  - 网格边界检查: true (范围: X[0-11], Y[0-2])
  - 拖拽偏移: (0.0, 0.0)
  - 目标中心: (859.6674, 92.37592)
  - 当前卡牌位置: (794.7071, -0.201935)
[2026-04-20 09:35:06] [DEBUG] 卡牌左上角计算: 大小=(125.0, 175.0002), 缩放=(0.885331, 0.885331), 左上角=(804.3342, 14.90941)
[2026-04-20 09:35:06] [DEBUG] 放置验证通过: shape_coords=[(0, 0)], origin=(4, 1), 所有坐标在网格范围内且无碰撞
[2026-04-20 09:35:06] [DEBUG] 更新网格预览: 形状=[(0, 0)], 原点=(4, 1), 有效=true, 全部在边界内=true, 敌人重叠=false
[2026-04-20 09:35:06] [DEBUG] 时间轴悬停调试: 
  - 鼠标位置: (859.6674, 92.37592)
  - 网格背景本地鼠标位置: (184.1116, 61.58395) (已自动剔除缩放变换)
  - 格子大小: 42.0 (ui_slot_size=40.0, ui_spacing=2.0)
  - 网格坐标: (4, 1)
  - 网格边界检查: true (范围: X[0-11], Y[0-2])
  - 拖拽偏移: (0.0, 0.0)
  - 目标中心: (859.6674, 92.37592)
  - 当前卡牌位置: (794.6163, -0.318325)
[2026-04-20 09:35:06] [DEBUG] 卡牌左上角计算: 大小=(125.0, 175.0002), 缩放=(0.887763, 0.887763), 左上角=(804.1823, 14.69661)
[2026-04-20 09:35:06] [DEBUG] 放置验证通过: shape_coords=[(0, 0)], origin=(4, 1), 所有坐标在网格范围内且无碰撞
[2026-04-20 09:35:06] [DEBUG] 更新网格预览: 形状=[(0, 0)], 原点=(4, 1), 有效=true, 全部在边界内=true, 敌人重叠=false
[2026-04-20 09:35:06] [DEBUG] 时间轴悬停调试: 
  - 鼠标位置: (859.6674, 92.37592)
  - 网格背景本地鼠标位置: (184.1116, 61.58395) (已自动剔除缩放变换)
  - 格子大小: 42.0 (ui_slot_size=40.0, ui_spacing=2.0)
  - 网格坐标: (4, 1)
  - 网格边界检查: true (范围: X[0-11], Y[0-2])
  - 拖拽偏移: (0.0, 0.0)
  - 目标中心: (859.6674, 92.37592)
  - 当前卡牌位置: (794.5315, -0.426306)
[2026-04-20 09:35:06] [DEBUG] 卡牌左上角计算: 大小=(125.0, 175.0002), 缩放=(0.890084, 0.890084), 左上角=(804.0371, 14.49345)
[2026-04-20 09:35:06] [DEBUG] 放置验证通过: shape_coords=[(0, 0)], origin=(4, 1), 所有坐标在网格范围内且无碰撞
[2026-04-20 09:35:06] [DEBUG] 更新网格预览: 形状=[(0, 0)], 原点=(4, 1), 有效=true, 全部在边界内=true, 敌人重叠=false
[2026-04-20 09:35:06] [DEBUG] 时间轴悬停调试: 
  - 鼠标位置: (859.6674, 92.37592)
  - 网格背景本地鼠标位置: (184.1116, 61.58395) (已自动剔除缩放变换)
  - 格子大小: 42.0 (ui_slot_size=40.0, ui_spacing=2.0)
  - 网格坐标: (4, 1)
  - 网格边界检查: true (范围: X[0-11], Y[0-2])
  - 拖拽偏移: (0.0, 0.0)
  - 目标中心: (859.6674, 92.37592)
  - 当前卡牌位置: (794.4542, -0.523842)
[2026-04-20 09:35:06] [DEBUG] 卡牌左上角计算: 大小=(125.0, 175.0002), 缩放=(0.892257, 0.892257), 左上角=(803.9014, 14.30338)
[2026-04-20 09:35:06] [DEBUG] 放置验证通过: shape_coords=[(0, 0)], origin=(4, 1), 所有坐标在网格范围内且无碰撞
[2026-04-20 09:35:06] [DEBUG] 更新网格预览: 形状=[(0, 0)], 原点=(4, 1), 有效=true, 全部在边界内=true, 敌人重叠=false
[2026-04-20 09:35:06] [DEBUG] 时间轴悬停调试: 
  - 鼠标位置: (859.6674, 92.37592)
  - 网格背景本地鼠标位置: (184.1116, 61.58395) (已自动剔除缩放变换)
  - 格子大小: 42.0 (ui_slot_size=40.0, ui_spacing=2.0)
  - 网格坐标: (4, 1)
  - 网格边界检查: true (范围: X[0-11], Y[0-2])
  - 拖拽偏移: (0.0, 0.0)
  - 目标中心: (859.6674, 92.37592)
  - 当前卡牌位置: (794.3859, -0.608995)
[2026-04-20 09:35:06] [DEBUG] 卡牌左上角计算: 大小=(125.0, 175.0002), 缩放=(0.894239, 0.894239), 左上角=(803.7775, 14.12988)
[2026-04-20 09:35:06] [DEBUG] 放置验证通过: shape_coords=[(0, 0)], origin=(4, 1), 所有坐标在网格范围内且无碰撞
[2026-04-20 09:35:06] [DEBUG] 更新网格预览: 形状=[(0, 0)], 原点=(4, 1), 有效=true, 全部在边界内=true, 敌人重叠=false
[2026-04-20 09:35:06] [DEBUG] 时间轴悬停调试: 
  - 鼠标位置: (859.6674, 92.37592)
  - 网格背景本地鼠标位置: (184.1116, 61.58395) (已自动剔除缩放变换)
  - 格子大小: 42.0 (ui_slot_size=40.0, ui_spacing=2.0)
  - 网格坐标: (4, 1)
  - 网格边界检查: true (范围: X[0-11], Y[0-2])
  - 拖拽偏移: (0.0, 0.0)
  - 目标中心: (859.6674, 92.37592)
  - 当前卡牌位置: (794.3281, -0.679789)
[2026-04-20 09:35:06] [DEBUG] 卡牌左上角计算: 大小=(125.0, 175.0002), 缩放=(0.895994, 0.895994), 左上角=(803.6678, 13.97638)
[2026-04-20 09:35:06] [DEBUG] 放置验证通过: shape_coords=[(0, 0)], origin=(4, 1), 所有坐标在网格范围内且无碰撞
[2026-04-20 09:35:06] [DEBUG] 更新网格预览: 形状=[(0, 0)], 原点=(4, 1), 有效=true, 全部在边界内=true, 敌人重叠=false
[2026-04-20 09:35:06] [DEBUG] 时间轴悬停调试: 
  - 鼠标位置: (859.6674, 92.37592)
  - 网格背景本地鼠标位置: (184.1116, 61.58395) (已自动剔除缩放变换)
  - 格子大小: 42.0 (ui_slot_size=40.0, ui_spacing=2.0)
  - 网格坐标: (4, 1)
  - 网格边界检查: true (范围: X[0-11], Y[0-2])
  - 拖拽偏移: (0.0, 0.0)
  - 目标中心: (859.6674, 92.37592)
  - 当前卡牌位置: (794.2825, -0.73423)
[2026-04-20 09:35:06] [DEBUG] 卡牌左上角计算: 大小=(125.0, 175.0002), 缩放=(0.89748, 0.89748), 左上角=(803.575, 13.84634)
[2026-04-20 09:35:06] [DEBUG] 放置验证通过: shape_coords=[(0, 0)], origin=(4, 1), 所有坐标在网格范围内且无碰撞
[2026-04-20 09:35:06] [DEBUG] 更新网格预览: 形状=[(0, 0)], 原点=(4, 1), 有效=true, 全部在边界内=true, 敌人重叠=false
[2026-04-20 09:35:06] [DEBUG] 时间轴悬停调试: 
  - 鼠标位置: (859.6674, 92.37592)
  - 网格背景本地鼠标位置: (184.1116, 61.58395) (已自动剔除缩放变换)
  - 格子大小: 42.0 (ui_slot_size=40.0, ui_spacing=2.0)
  - 网格坐标: (4, 1)
  - 网格边界检查: true (范围: X[0-11], Y[0-2])
  - 拖拽偏移: (0.0, 0.0)
  - 目标中心: (859.6674, 92.37592)
  - 当前卡牌位置: (794.2504, -0.770372)
[2026-04-20 09:35:06] [DEBUG] 卡牌左上角计算: 大小=(125.0, 175.0002), 缩放=(0.898658, 0.898658), 左上角=(803.5013, 13.74323)
[2026-04-20 09:35:06] [DEBUG] 放置验证通过: shape_coords=[(0, 0)], origin=(4, 1), 所有坐标在网格范围内且无碰撞
[2026-04-20 09:35:06] [DEBUG] 更新网格预览: 形状=[(0, 0)], 原点=(4, 1), 有效=true, 全部在边界内=true, 敌人重叠=false
[2026-04-20 09:35:06] [DEBUG] 时间轴悬停调试: 
  - 鼠标位置: (859.6674, 92.37592)
  - 网格背景本地鼠标位置: (184.1116, 61.58395) (已自动剔除缩放变换)
  - 格子大小: 42.0 (ui_slot_size=40.0, ui_spacing=2.0)
  - 网格坐标: (4, 1)
  - 网格边界检查: true (范围: X[0-11], Y[0-2])
  - 拖拽偏移: (0.0, 0.0)
  - 目标中心: (859.6674, 92.37592)
  - 当前卡牌位置: (794.2335, -0.786215)
[2026-04-20 09:35:06] [DEBUG] 卡牌左上角计算: 大小=(125.0, 175.0002), 缩放=(0.89949, 0.89949), 左上角=(803.4493, 13.67048)
[2026-04-20 09:35:06] [DEBUG] 放置验证通过: shape_coords=[(0, 0)], origin=(4, 1), 所有坐标在网格范围内且无碰撞
[2026-04-20 09:35:06] [DEBUG] 更新网格预览: 形状=[(0, 0)], 原点=(4, 1), 有效=true, 全部在边界内=true, 敌人重叠=false
[2026-04-20 09:35:06] [DEBUG] 时间轴悬停调试: 
  - 鼠标位置: (859.6674, 92.37592)
  - 网格背景本地鼠标位置: (184.1116, 61.58395) (已自动剔除缩放变换)
  - 格子大小: 42.0 (ui_slot_size=40.0, ui_spacing=2.0)
  - 网格坐标: (4, 1)
  - 网格边界检查: true (范围: X[0-11], Y[0-2])
  - 拖拽偏移: (0.0, 0.0)
  - 目标中心: (859.6674, 92.37592)
  - 当前卡牌位置: (794.2331, -0.779781)
[2026-04-20 09:35:06] [DEBUG] 卡牌左上角计算: 大小=(125.0, 175.0002), 缩放=(0.899934, 0.899934), 左上角=(803.4215, 13.63157)
[2026-04-20 09:35:06] [DEBUG] 放置验证通过: shape_coords=[(0, 0)], origin=(4, 1), 所有坐标在网格范围内且无碰撞
[2026-04-20 09:35:06] [DEBUG] 更新网格预览: 形状=[(0, 0)], 原点=(4, 1), 有效=true, 全部在边界内=true, 敌人重叠=false
[2026-04-20 09:35:06] [INFO] 放置动画完成，执行实际放置逻辑
[2026-04-20 09:35:06] [DEBUG] 地块交互状态已设置为: true
[2026-04-20 09:35:06] [DEBUG] 已恢复地块交互
[2026-04-20 09:35:06] [DEBUG] 地块视觉状态锁已设置为: false
[2026-04-20 09:35:06] [DEBUG] 已恢复时间轴UI鼠标交互
[2026-04-20 09:35:06] [DEBUG] 已恢复网格单元格鼠标交互: @Panel@263
[2026-04-20 09:35:06] [DEBUG] 已恢复网格单元格鼠标交互: @Panel@264
[2026-04-20 09:35:06] [DEBUG] 已恢复网格单元格鼠标交互: @Panel@265
[2026-04-20 09:35:06] [DEBUG] 已恢复网格单元格鼠标交互: @Panel@266
[2026-04-20 09:35:06] [DEBUG] 已恢复网格单元格鼠标交互: @Panel@267
[2026-04-20 09:35:06] [DEBUG] 已恢复网格单元格鼠标交互: @Panel@268
[2026-04-20 09:35:06] [DEBUG] 已恢复网格单元格鼠标交互: @Panel@269
[2026-04-20 09:35:06] [DEBUG] 已恢复网格单元格鼠标交互: @Panel@270
[2026-04-20 09:35:06] [DEBUG] 已恢复网格单元格鼠标交互: @Panel@271
[2026-04-20 09:35:06] [DEBUG] 已恢复网格单元格鼠标交互: @Panel@272
[2026-04-20 09:35:06] [DEBUG] 已恢复网格单元格鼠标交互: @Panel@273
[2026-04-20 09:35:06] [DEBUG] 已恢复网格单元格鼠标交互: @Panel@274
[2026-04-20 09:35:06] [DEBUG] 已恢复网格单元格鼠标交互: @Panel@275
[2026-04-20 09:35:06] [DEBUG] 已恢复网格单元格鼠标交互: @Panel@276
[2026-04-20 09:35:06] [DEBUG] 已恢复网格单元格鼠标交互: @Panel@277
[2026-04-20 09:35:06] [DEBUG] 已恢复网格单元格鼠标交互: @Panel@278
[2026-04-20 09:35:06] [DEBUG] 已恢复网格单元格鼠标交互: @Panel@279
[2026-04-20 09:35:06] [DEBUG] 已恢复网格单元格鼠标交互: @Panel@280
[2026-04-20 09:35:06] [DEBUG] 已恢复网格单元格鼠标交互: @Panel@281
[2026-04-20 09:35:06] [DEBUG] 已恢复网格单元格鼠标交互: @Panel@282
[2026-04-20 09:35:06] [DEBUG] 已恢复网格单元格鼠标交互: @Panel@283
[2026-04-20 09:35:06] [DEBUG] 已恢复网格单元格鼠标交互: @Panel@284
[2026-04-20 09:35:06] [DEBUG] 已恢复网格单元格鼠标交互: @Panel@285
[2026-04-20 09:35:06] [DEBUG] 已恢复网格单元格鼠标交互: @Panel@286
[2026-04-20 09:35:06] [DEBUG] 已恢复网格单元格鼠标交互: @Panel@287
[2026-04-20 09:35:06] [DEBUG] 已恢复网格单元格鼠标交互: @Panel@288
[2026-04-20 09:35:06] [DEBUG] 已恢复网格单元格鼠标交互: @Panel@289
[2026-04-20 09:35:06] [DEBUG] 已恢复网格单元格鼠标交互: @Panel@290
[2026-04-20 09:35:06] [DEBUG] 已恢复网格单元格鼠标交互: @Panel@291
[2026-04-20 09:35:06] [DEBUG] 已恢复网格单元格鼠标交互: @Panel@292
[2026-04-20 09:35:06] [DEBUG] 已恢复网格单元格鼠标交互: @Panel@293
[2026-04-20 09:35:06] [DEBUG] 已恢复网格单元格鼠标交互: @Panel@294
[2026-04-20 09:35:06] [DEBUG] 已恢复网格单元格鼠标交互: @Panel@295
[2026-04-20 09:35:06] [DEBUG] 已恢复网格单元格鼠标交互: @Panel@296
[2026-04-20 09:35:06] [DEBUG] 已恢复网格单元格鼠标交互: @Panel@297
[2026-04-20 09:35:06] [DEBUG] 已恢复网格单元格鼠标交互: @Panel@298
[2026-04-20 09:35:06] [DEBUG] 放置验证通过: shape_coords=[(0, 0)], origin=(4, 1), 所有坐标在网格范围内且无碰撞
[2026-04-20 09:35:06] [INFO] place_action: 行动放置成功！origin=(4, 1), 行动ID=-9223371741978424227
[2026-04-20 09:35:06] [DEBUG] 时间轴放置结果: success=true, grid_pos=(4, 1)
[2026-04-20 09:35:06] [INFO] 触发卡牌效果，目标地块: @Area2D@182
[2026-04-20 09:35:06] [DEBUG] 拖拽结束，隐藏形状预览
[2026-04-20 09:35:06] [DEBUG] 隐藏形状预览
[2026-04-20 09:35:06] [DEBUG] 设置卡牌透明度: 1.0
[2026-04-20 09:35:06] [DEBUG] 设置卡牌透明度: 1.0
[2026-04-20 09:35:06] [DEBUG] 设置卡牌透明度: 1.0
[2026-04-20 09:35:06] [DEBUG] 设置卡牌透明度: 1.0
[2026-04-20 09:35:06] [DEBUG] 设置卡牌透明度: 1.0
[2026-04-20 09:35:06] [INFO] 卡牌已移入弃牌区: Card
[2026-04-20 09:35:06] [DEBUG] draw 2
[2026-04-20 09:35:06] [DEBUG] 设置卡牌透明度: 1.0
[2026-04-20 09:35:06] [DEBUG] 设置卡牌透明度: 1.0
[2026-04-20 09:35:06] [DEBUG] 鼠标进入时间轴网格单元: (4, 1)
[2026-04-20 09:35:06] [DEBUG] 鼠标离开时间轴网格单元: (4, 1)
[2026-04-20 09:35:06] [DEBUG] 鼠标进入时间轴网格单元: (4, 2)
[2026-04-20 09:35:07] [DEBUG] 鼠标离开时间轴网格单元: (4, 2)
[2026-04-20 09:35:07] [DEBUG] 鼠标进入时间轴网格单元: (5, 2)
[2026-04-20 09:35:07] [DEBUG] 鼠标离开时间轴网格单元: (5, 2)
[2026-04-20 09:35:07] [DEBUG] 鼠标进入时间轴网格单元: (6, 2)
[2026-04-20 09:35:07] [DEBUG] 鼠标离开时间轴网格单元: (6, 2)
[2026-04-20 09:35:07] [DEBUG] 应用响应式动态锚点布局
[2026-04-20 09:35:07] [DEBUG] 布局应用完成: 真实尺寸(502.0x124.0), 缩放中心=(251.0, 0.0)
[2026-04-20 09:35:07] [DEBUG] 设置卡牌透明度: 1.0
[2026-04-20 09:35:07] [INFO] ⏳ 玩家点击回合结束，开始时间轴结算...
[2026-04-20 09:35:07] [INFO] 正在弃掉所有手牌...
[2026-04-20 09:35:07] [DEBUG] 隐藏时间占位图片
[2026-04-20 09:35:07] [DEBUG] 设置卡牌透明度: 1.0
[2026-04-20 09:35:07] [INFO] 找到手牌容器: PlayerHand (类型: Control)
[2026-04-20 09:35:07] [INFO] 卡牌当前父节点: Cards
[2026-04-20 09:35:07] [INFO] 尝试调用hand.add_card()...
[2026-04-20 09:35:07] [DEBUG] 设置卡牌透明度: 1.0
[2026-04-20 09:35:07] [DEBUG] 设置卡牌透明度: 1.0
[2026-04-20 09:35:07] [INFO] 卡牌已通过add_card()返回手牌容器
[2026-04-20 09:35:07] [DEBUG] 设置卡牌透明度: 1.0
[2026-04-20 09:35:07] [DEBUG] 隐藏时间占位图片
[2026-04-20 09:35:07] [DEBUG] 设置卡牌透明度: 1.0
[2026-04-20 09:35:07] [INFO] 找到手牌容器: PlayerHand (类型: Control)
[2026-04-20 09:35:07] [INFO] 卡牌当前父节点: Cards
[2026-04-20 09:35:07] [INFO] 尝试调用hand.add_card()...
[2026-04-20 09:35:07] [DEBUG] 设置卡牌透明度: 1.0
[2026-04-20 09:35:07] [INFO] 卡牌已通过add_card()返回手牌容器
[2026-04-20 09:35:07] [DEBUG] 设置卡牌透明度: 1.0
[2026-04-20 09:35:07] [DEBUG] 设置卡牌透明度: 1.0
[2026-04-20 09:35:07] [INFO] 💰 回合结算前：检测到 25 个空位，已发放时间币
[2026-04-20 09:35:07] [DEBUG] 正在执行时间轴 [2, 2] 的行动...
[2026-04-20 09:35:07] [INFO] UI 更新完毕 | 抽牌堆: 11 | 弃牌堆: 3
[2026-04-20 09:35:07] [DEBUG] 正在执行时间轴 [3, 0] 的行动...
[2026-04-20 09:35:08] [DEBUG] 正在执行时间轴 [4, 1] 的行动...
[2026-04-20 09:35:08] [DEBUG] 目标地块没有可被攻击的实体
[2026-04-20 09:35:08] [DEBUG] 设置卡牌透明度: 1.0
[2026-04-20 09:35:08] [DEBUG] 正在执行时间轴 [8, 0] 的行动...
[2026-04-20 09:35:08] [DEBUG] 正在执行时间轴 [8, 1] 的行动...
[2026-04-20 09:35:08] [DEBUG] 设置卡牌透明度: 1.0
[2026-04-20 09:35:08] [DEBUG] 正在执行时间轴 [10, 2] 的行动...
[2026-04-20 09:35:08] [INFO] 回合结算完毕，时代值即将 +1！
[2026-04-20 09:35:08] [INFO] 触发建筑行为: step=1, behavior=0
[2026-04-20 09:35:08] [DEBUG] 执行建筑行为: @Node2D@22 at (-6, 6)
[2026-04-20 09:35:08] [DEBUG] 执行建筑行为: @Node2D@33 at (-5, 6)
[2026-04-20 09:35:08] [DEBUG] 执行建筑行为: @Node2D@56 at (-3, 4)
[2026-04-20 09:35:08] [DEBUG] 执行建筑行为: @Node2D@62 at (-3, 5)
[2026-04-20 09:35:08] [DEBUG] 执行建筑行为: @Node2D@76 at (-2, 3)
[2026-04-20 09:35:08] [DEBUG] 执行建筑行为: @Node2D@106 at (-1, 2)
[2026-04-20 09:35:08] [DEBUG] 执行建筑行为: @Node2D@124 at (-1, 6)
[2026-04-20 09:35:08] [DEBUG] 执行建筑行为: @Node2D@131 at (0, 1)
[2026-04-20 09:35:08] [DEBUG] 执行建筑行为: @Node2D@138 at (0, 2)
[2026-04-20 09:35:08] [DEBUG] 执行建筑行为: @Node2D@142 at (0, 3)
[2026-04-20 09:35:08] [DEBUG] 执行建筑行为: @Node2D@146 at (0, 4)
[2026-04-20 09:35:08] [DEBUG] 执行建筑行为: @Node2D@169 at (1, 1)
[2026-04-20 09:35:08] [DEBUG] 执行建筑行为: @Node2D@176 at (1, 2)
[2026-04-20 09:35:08] [DEBUG] 执行建筑行为: @Node2D@193 at (1, 5)
[2026-04-20 09:35:08] [DEBUG] 执行建筑行为: @Node2D@216 at (2, 4)
[2026-04-20 09:35:08] [DEBUG] 执行建筑行为: @Node2D@240 at (4, 0)
[2026-04-20 09:35:08] [DEBUG] 执行建筑行为: @Node2D@249 at (4, 2)
[2026-04-20 09:35:08] [DEBUG] 时间轴UI已清空
[2026-04-20 09:35:08] [INFO] ☀️ 新回合开始！
[2026-04-20 09:35:08] [INFO] 开始摸牌，数量：5
[2026-04-20 09:35:08] [DEBUG] 设置卡牌透明度: 1.0
[2026-04-20 09:35:08] [INFO] 生成敌人意图: 敌人=@Node2D@76, 类型=Node2D
[2026-04-20 09:35:08] [INFO] 敌人形状: [(1, 0), (2, 0)]
[2026-04-20 09:35:08] [DEBUG] 放置验证通过: shape_coords=[(1, 0), (2, 0)], origin=(0, 0), 所有坐标在网格范围内且无碰撞
[2026-04-20 09:35:08] [DEBUG] 放置验证通过: shape_coords=[(1, 0), (2, 0)], origin=(0, 1), 所有坐标在网格范围内且无碰撞
[2026-04-20 09:35:08] [DEBUG] 放置验证通过: shape_coords=[(1, 0), (2, 0)], origin=(0, 2), 所有坐标在网格范围内且无碰撞
[2026-04-20 09:35:08] [DEBUG] 放置验证通过: shape_coords=[(1, 0), (2, 0)], origin=(1, 0), 所有坐标在网格范围内且无碰撞
[2026-04-20 09:35:08] [DEBUG] 放置验证通过: shape_coords=[(1, 0), (2, 0)], origin=(1, 1), 所有坐标在网格范围内且无碰撞
[2026-04-20 09:35:08] [DEBUG] 放置验证通过: shape_coords=[(1, 0), (2, 0)], origin=(1, 2), 所有坐标在网格范围内且无碰撞
[2026-04-20 09:35:08] [DEBUG] 放置验证通过: shape_coords=[(1, 0), (2, 0)], origin=(2, 0), 所有坐标在网格范围内且无碰撞
[2026-04-20 09:35:08] [DEBUG] 放置验证通过: shape_coords=[(1, 0), (2, 0)], origin=(2, 1), 所有坐标在网格范围内且无碰撞
[2026-04-20 09:35:08] [DEBUG] 放置验证通过: shape_coords=[(1, 0), (2, 0)], origin=(2, 2), 所有坐标在网格范围内且无碰撞
[2026-04-20 09:35:08] [DEBUG] 放置验证通过: shape_coords=[(1, 0), (2, 0)], origin=(3, 0), 所有坐标在网格范围内且无碰撞
[2026-04-20 09:35:08] [DEBUG] 放置验证通过: shape_coords=[(1, 0), (2, 0)], origin=(3, 1), 所有坐标在网格范围内且无碰撞
[2026-04-20 09:35:08] [DEBUG] 放置验证通过: shape_coords=[(1, 0), (2, 0)], origin=(3, 2), 所有坐标在网格范围内且无碰撞
[2026-04-20 09:35:08] [DEBUG] 放置验证通过: shape_coords=[(1, 0), (2, 0)], origin=(4, 0), 所有坐标在网格范围内且无碰撞
[2026-04-20 09:35:08] [DEBUG] 放置验证通过: shape_coords=[(1, 0), (2, 0)], origin=(4, 1), 所有坐标在网格范围内且无碰撞
[2026-04-20 09:35:08] [DEBUG] 放置验证通过: shape_coords=[(1, 0), (2, 0)], origin=(4, 2), 所有坐标在网格范围内且无碰撞
[2026-04-20 09:35:08] [DEBUG] 放置验证通过: shape_coords=[(1, 0), (2, 0)], origin=(5, 0), 所有坐标在网格范围内且无碰撞
[2026-04-20 09:35:08] [DEBUG] 放置验证通过: shape_coords=[(1, 0), (2, 0)], origin=(5, 1), 所有坐标在网格范围内且无碰撞
[2026-04-20 09:35:08] [DEBUG] 放置验证通过: shape_coords=[(1, 0), (2, 0)], origin=(5, 2), 所有坐标在网格范围内且无碰撞
[2026-04-20 09:35:08] [DEBUG] 放置验证通过: shape_coords=[(1, 0), (2, 0)], origin=(6, 0), 所有坐标在网格范围内且无碰撞
[2026-04-20 09:35:08] [DEBUG] 放置验证通过: shape_coords=[(1, 0), (2, 0)], origin=(6, 1), 所有坐标在网格范围内且无碰撞
[2026-04-20 09:35:08] [DEBUG] 放置验证通过: shape_coords=[(1, 0), (2, 0)], origin=(6, 2), 所有坐标在网格范围内且无碰撞
[2026-04-20 09:35:08] [DEBUG] 放置验证通过: shape_coords=[(1, 0), (2, 0)], origin=(7, 0), 所有坐标在网格范围内且无碰撞
[2026-04-20 09:35:08] [DEBUG] 放置验证通过: shape_coords=[(1, 0), (2, 0)], origin=(7, 1), 所有坐标在网格范围内且无碰撞
[2026-04-20 09:35:08] [DEBUG] 放置验证通过: shape_coords=[(1, 0), (2, 0)], origin=(7, 2), 所有坐标在网格范围内且无碰撞
[2026-04-20 09:35:08] [DEBUG] 放置验证通过: shape_coords=[(1, 0), (2, 0)], origin=(8, 0), 所有坐标在网格范围内且无碰撞
[2026-04-20 09:35:08] [DEBUG] 放置验证通过: shape_coords=[(1, 0), (2, 0)], origin=(8, 1), 所有坐标在网格范围内且无碰撞
[2026-04-20 09:35:08] [DEBUG] 放置验证通过: shape_coords=[(1, 0), (2, 0)], origin=(8, 2), 所有坐标在网格范围内且无碰撞
[2026-04-20 09:35:08] [DEBUG] 放置验证通过: shape_coords=[(1, 0), (2, 0)], origin=(9, 0), 所有坐标在网格范围内且无碰撞
[2026-04-20 09:35:08] [DEBUG] 放置验证通过: shape_coords=[(1, 0), (2, 0)], origin=(9, 1), 所有坐标在网格范围内且无碰撞
[2026-04-20 09:35:08] [DEBUG] 放置验证通过: shape_coords=[(1, 0), (2, 0)], origin=(9, 2), 所有坐标在网格范围内且无碰撞
[2026-04-20 09:35:08] [DEBUG] 创建村庄意图行动: village, 效果: 扩张1
[2026-04-20 09:35:08] [DEBUG] 放置验证通过: shape_coords=[(1, 0), (2, 0)], origin=(3, 2), 所有坐标在网格范围内且无碰撞
[2026-04-20 09:35:08] [INFO] place_action: 行动放置成功！origin=(3, 2), 行动ID=-9223371729395512295
[2026-04-20 09:35:08] [INFO] 生成敌人意图: 敌人=@Node2D@138, 类型=Node2D
[2026-04-20 09:35:08] [INFO] 敌人形状: [(1, 0), (2, 0)]
[2026-04-20 09:35:08] [DEBUG] 放置验证通过: shape_coords=[(1, 0), (2, 0)], origin=(0, 0), 所有坐标在网格范围内且无碰撞
[2026-04-20 09:35:08] [DEBUG] 放置验证通过: shape_coords=[(1, 0), (2, 0)], origin=(0, 1), 所有坐标在网格范围内且无碰撞
[2026-04-20 09:35:08] [DEBUG] 放置验证通过: shape_coords=[(1, 0), (2, 0)], origin=(0, 2), 所有坐标在网格范围内且无碰撞
[2026-04-20 09:35:08] [DEBUG] 放置验证通过: shape_coords=[(1, 0), (2, 0)], origin=(1, 0), 所有坐标在网格范围内且无碰撞
[2026-04-20 09:35:08] [DEBUG] 放置验证通过: shape_coords=[(1, 0), (2, 0)], origin=(1, 1), 所有坐标在网格范围内且无碰撞
[2026-04-20 09:35:08] [DEBUG] 放置验证通过: shape_coords=[(1, 0), (2, 0)], origin=(1, 2), 所有坐标在网格范围内且无碰撞
[2026-04-20 09:35:08] [DEBUG] 放置验证通过: shape_coords=[(1, 0), (2, 0)], origin=(2, 0), 所有坐标在网格范围内且无碰撞
[2026-04-20 09:35:08] [DEBUG] 放置验证通过: shape_coords=[(1, 0), (2, 0)], origin=(2, 1), 所有坐标在网格范围内且无碰撞
[2026-04-20 09:35:08] [DEBUG] 放置验证通过: shape_coords=[(1, 0), (2, 0)], origin=(3, 0), 所有坐标在网格范围内且无碰撞
[2026-04-20 09:35:08] [DEBUG] 放置验证通过: shape_coords=[(1, 0), (2, 0)], origin=(3, 1), 所有坐标在网格范围内且无碰撞
[2026-04-20 09:35:08] [DEBUG] 放置验证通过: shape_coords=[(1, 0), (2, 0)], origin=(4, 0), 所有坐标在网格范围内且无碰撞
[2026-04-20 09:35:08] [DEBUG] 放置验证通过: shape_coords=[(1, 0), (2, 0)], origin=(4, 1), 所有坐标在网格范围内且无碰撞
[2026-04-20 09:35:08] [DEBUG] 放置验证通过: shape_coords=[(1, 0), (2, 0)], origin=(5, 0), 所有坐标在网格范围内且无碰撞
[2026-04-20 09:35:08] [DEBUG] 放置验证通过: shape_coords=[(1, 0), (2, 0)], origin=(5, 1), 所有坐标在网格范围内且无碰撞
[2026-04-20 09:35:08] [DEBUG] 放置验证通过: shape_coords=[(1, 0), (2, 0)], origin=(5, 2), 所有坐标在网格范围内且无碰撞
[2026-04-20 09:35:08] [DEBUG] 放置验证通过: shape_coords=[(1, 0), (2, 0)], origin=(6, 0), 所有坐标在网格范围内且无碰撞
[2026-04-20 09:35:08] [DEBUG] 放置验证通过: shape_coords=[(1, 0), (2, 0)], origin=(6, 1), 所有坐标在网格范围内且无碰撞
[2026-04-20 09:35:08] [DEBUG] 放置验证通过: shape_coords=[(1, 0), (2, 0)], origin=(6, 2), 所有坐标在网格范围内且无碰撞
[2026-04-20 09:35:08] [DEBUG] 放置验证通过: shape_coords=[(1, 0), (2, 0)], origin=(7, 0), 所有坐标在网格范围内且无碰撞
[2026-04-20 09:35:08] [DEBUG] 放置验证通过: shape_coords=[(1, 0), (2, 0)], origin=(7, 1), 所有坐标在网格范围内且无碰撞
[2026-04-20 09:35:08] [DEBUG] 放置验证通过: shape_coords=[(1, 0), (2, 0)], origin=(7, 2), 所有坐标在网格范围内且无碰撞
[2026-04-20 09:35:08] [DEBUG] 放置验证通过: shape_coords=[(1, 0), (2, 0)], origin=(8, 0), 所有坐标在网格范围内且无碰撞
[2026-04-20 09:35:08] [DEBUG] 放置验证通过: shape_coords=[(1, 0), (2, 0)], origin=(8, 1), 所有坐标在网格范围内且无碰撞
[2026-04-20 09:35:08] [DEBUG] 放置验证通过: shape_coords=[(1, 0), (2, 0)], origin=(8, 2), 所有坐标在网格范围内且无碰撞
[2026-04-20 09:35:08] [DEBUG] 放置验证通过: shape_coords=[(1, 0), (2, 0)], origin=(9, 0), 所有坐标在网格范围内且无碰撞
[2026-04-20 09:35:08] [DEBUG] 放置验证通过: shape_coords=[(1, 0), (2, 0)], origin=(9, 1), 所有坐标在网格范围内且无碰撞
[2026-04-20 09:35:08] [DEBUG] 放置验证通过: shape_coords=[(1, 0), (2, 0)], origin=(9, 2), 所有坐标在网格范围内且无碰撞
[2026-04-20 09:35:08] [DEBUG] 创建村庄意图行动: village, 效果: 扩张1
[2026-04-20 09:35:08] [DEBUG] 放置验证通过: shape_coords=[(1, 0), (2, 0)], origin=(9, 1), 所有坐标在网格范围内且无碰撞
[2026-04-20 09:35:08] [INFO] place_action: 行动放置成功！origin=(9, 1), 行动ID=-9223371727516464288
[2026-04-20 09:35:08] [INFO] 生成敌人意图: 敌人=@Node2D@106, 类型=Node2D
[2026-04-20 09:35:08] [INFO] 敌人形状: [(1, 0), (2, 0)]
[2026-04-20 09:35:08] [DEBUG] 放置验证通过: shape_coords=[(1, 0), (2, 0)], origin=(0, 0), 所有坐标在网格范围内且无碰撞
[2026-04-20 09:35:08] [DEBUG] 放置验证通过: shape_coords=[(1, 0), (2, 0)], origin=(0, 1), 所有坐标在网格范围内且无碰撞
[2026-04-20 09:35:08] [DEBUG] 放置验证通过: shape_coords=[(1, 0), (2, 0)], origin=(0, 2), 所有坐标在网格范围内且无碰撞
[2026-04-20 09:35:08] [DEBUG] 放置验证通过: shape_coords=[(1, 0), (2, 0)], origin=(1, 0), 所有坐标在网格范围内且无碰撞
[2026-04-20 09:35:08] [DEBUG] 放置验证通过: shape_coords=[(1, 0), (2, 0)], origin=(1, 1), 所有坐标在网格范围内且无碰撞
[2026-04-20 09:35:08] [DEBUG] 放置验证通过: shape_coords=[(1, 0), (2, 0)], origin=(1, 2), 所有坐标在网格范围内且无碰撞
[2026-04-20 09:35:08] [DEBUG] 放置验证通过: shape_coords=[(1, 0), (2, 0)], origin=(2, 0), 所有坐标在网格范围内且无碰撞
[2026-04-20 09:35:08] [DEBUG] 放置验证通过: shape_coords=[(1, 0), (2, 0)], origin=(2, 1), 所有坐标在网格范围内且无碰撞
[2026-04-20 09:35:08] [DEBUG] 放置验证通过: shape_coords=[(1, 0), (2, 0)], origin=(3, 0), 所有坐标在网格范围内且无碰撞
[2026-04-20 09:35:08] [DEBUG] 放置验证通过: shape_coords=[(1, 0), (2, 0)], origin=(3, 1), 所有坐标在网格范围内且无碰撞
[2026-04-20 09:35:08] [DEBUG] 放置验证通过: shape_coords=[(1, 0), (2, 0)], origin=(4, 0), 所有坐标在网格范围内且无碰撞
[2026-04-20 09:35:08] [DEBUG] 放置验证通过: shape_coords=[(1, 0), (2, 0)], origin=(4, 1), 所有坐标在网格范围内且无碰撞
[2026-04-20 09:35:08] [DEBUG] 放置验证通过: shape_coords=[(1, 0), (2, 0)], origin=(5, 0), 所有坐标在网格范围内且无碰撞
[2026-04-20 09:35:08] [DEBUG] 放置验证通过: shape_coords=[(1, 0), (2, 0)], origin=(5, 1), 所有坐标在网格范围内且无碰撞
[2026-04-20 09:35:08] [DEBUG] 放置验证通过: shape_coords=[(1, 0), (2, 0)], origin=(5, 2), 所有坐标在网格范围内且无碰撞
[2026-04-20 09:35:08] [DEBUG] 放置验证通过: shape_coords=[(1, 0), (2, 0)], origin=(6, 0), 所有坐标在网格范围内且无碰撞
[2026-04-20 09:35:08] [DEBUG] 放置验证通过: shape_coords=[(1, 0), (2, 0)], origin=(6, 1), 所有坐标在网格范围内且无碰撞
[2026-04-20 09:35:08] [DEBUG] 放置验证通过: shape_coords=[(1, 0), (2, 0)], origin=(6, 2), 所有坐标在网格范围内且无碰撞
[2026-04-20 09:35:08] [DEBUG] 放置验证通过: shape_coords=[(1, 0), (2, 0)], origin=(7, 0), 所有坐标在网格范围内且无碰撞
[2026-04-20 09:35:08] [DEBUG] 放置验证通过: shape_coords=[(1, 0), (2, 0)], origin=(7, 1), 所有坐标在网格范围内且无碰撞
[2026-04-20 09:35:08] [DEBUG] 放置验证通过: shape_coords=[(1, 0), (2, 0)], origin=(7, 2), 所有坐标在网格范围内且无碰撞
[2026-04-20 09:35:08] [DEBUG] 放置验证通过: shape_coords=[(1, 0), (2, 0)], origin=(8, 0), 所有坐标在网格范围内且无碰撞
[2026-04-20 09:35:08] [DEBUG] 放置验证通过: shape_coords=[(1, 0), (2, 0)], origin=(8, 2), 所有坐标在网格范围内且无碰撞
[2026-04-20 09:35:08] [DEBUG] 放置验证通过: shape_coords=[(1, 0), (2, 0)], origin=(9, 0), 所有坐标在网格范围内且无碰撞
[2026-04-20 09:35:08] [DEBUG] 放置验证通过: shape_coords=[(1, 0), (2, 0)], origin=(9, 2), 所有坐标在网格范围内且无碰撞
[2026-04-20 09:35:08] [DEBUG] 创建村庄意图行动: village, 效果: 扩张1
[2026-04-20 09:35:08] [DEBUG] 放置验证通过: shape_coords=[(1, 0), (2, 0)], origin=(9, 0), 所有坐标在网格范围内且无碰撞
[2026-04-20 09:35:08] [INFO] place_action: 行动放置成功！origin=(9, 0), 行动ID=-9223371725738079618
[2026-04-20 09:35:08] [INFO] 生成敌人意图: 敌人=@Node2D@193, 类型=Node2D
[2026-04-20 09:35:08] [INFO] 敌人形状: [(1, 0), (2, 0)]
[2026-04-20 09:35:08] [DEBUG] 放置验证通过: shape_coords=[(1, 0), (2, 0)], origin=(0, 0), 所有坐标在网格范围内且无碰撞
[2026-04-20 09:35:08] [DEBUG] 放置验证通过: shape_coords=[(1, 0), (2, 0)], origin=(0, 1), 所有坐标在网格范围内且无碰撞
[2026-04-20 09:35:08] [DEBUG] 放置验证通过: shape_coords=[(1, 0), (2, 0)], origin=(0, 2), 所有坐标在网格范围内且无碰撞
[2026-04-20 09:35:08] [DEBUG] 放置验证通过: shape_coords=[(1, 0), (2, 0)], origin=(1, 0), 所有坐标在网格范围内且无碰撞
[2026-04-20 09:35:08] [DEBUG] 放置验证通过: shape_coords=[(1, 0), (2, 0)], origin=(1, 1), 所有坐标在网格范围内且无碰撞
[2026-04-20 09:35:08] [DEBUG] 放置验证通过: shape_coords=[(1, 0), (2, 0)], origin=(1, 2), 所有坐标在网格范围内且无碰撞
[2026-04-20 09:35:08] [DEBUG] 放置验证通过: shape_coords=[(1, 0), (2, 0)], origin=(2, 0), 所有坐标在网格范围内且无碰撞
[2026-04-20 09:35:08] [DEBUG] 放置验证通过: shape_coords=[(1, 0), (2, 0)], origin=(2, 1), 所有坐标在网格范围内且无碰撞
[2026-04-20 09:35:08] [DEBUG] 放置验证通过: shape_coords=[(1, 0), (2, 0)], origin=(3, 0), 所有坐标在网格范围内且无碰撞
[2026-04-20 09:35:08] [DEBUG] 放置验证通过: shape_coords=[(1, 0), (2, 0)], origin=(3, 1), 所有坐标在网格范围内且无碰撞
[2026-04-20 09:35:08] [DEBUG] 放置验证通过: shape_coords=[(1, 0), (2, 0)], origin=(4, 0), 所有坐标在网格范围内且无碰撞
[2026-04-20 09:35:08] [DEBUG] 放置验证通过: shape_coords=[(1, 0), (2, 0)], origin=(4, 1), 所有坐标在网格范围内且无碰撞
[2026-04-20 09:35:08] [DEBUG] 放置验证通过: shape_coords=[(1, 0), (2, 0)], origin=(5, 0), 所有坐标在网格范围内且无碰撞
[2026-04-20 09:35:08] [DEBUG] 放置验证通过: shape_coords=[(1, 0), (2, 0)], origin=(5, 1), 所有坐标在网格范围内且无碰撞
[2026-04-20 09:35:08] [DEBUG] 放置验证通过: shape_coords=[(1, 0), (2, 0)], origin=(5, 2), 所有坐标在网格范围内且无碰撞
[2026-04-20 09:35:08] [DEBUG] 放置验证通过: shape_coords=[(1, 0), (2, 0)], origin=(6, 0), 所有坐标在网格范围内且无碰撞
[2026-04-20 09:35:08] [DEBUG] 放置验证通过: shape_coords=[(1, 0), (2, 0)], origin=(6, 1), 所有坐标在网格范围内且无碰撞
[2026-04-20 09:35:08] [DEBUG] 放置验证通过: shape_coords=[(1, 0), (2, 0)], origin=(6, 2), 所有坐标在网格范围内且无碰撞
[2026-04-20 09:35:08] [DEBUG] 放置验证通过: shape_coords=[(1, 0), (2, 0)], origin=(7, 0), 所有坐标在网格范围内且无碰撞
[2026-04-20 09:35:08] [DEBUG] 放置验证通过: shape_coords=[(1, 0), (2, 0)], origin=(7, 1), 所有坐标在网格范围内且无碰撞
[2026-04-20 09:35:08] [DEBUG] 放置验证通过: shape_coords=[(1, 0), (2, 0)], origin=(7, 2), 所有坐标在网格范围内且无碰撞
[2026-04-20 09:35:08] [DEBUG] 放置验证通过: shape_coords=[(1, 0), (2, 0)], origin=(8, 2), 所有坐标在网格范围内且无碰撞
[2026-04-20 09:35:08] [DEBUG] 放置验证通过: shape_coords=[(1, 0), (2, 0)], origin=(9, 2), 所有坐标在网格范围内且无碰撞
[2026-04-20 09:35:08] [DEBUG] 创建村庄意图行动: village, 效果: 扩张1
[2026-04-20 09:35:08] [DEBUG] 放置验证通过: shape_coords=[(1, 0), (2, 0)], origin=(5, 0), 所有坐标在网格范围内且无碰撞
[2026-04-20 09:35:08] [INFO] place_action: 行动放置成功！origin=(5, 0), 行动ID=-9223371724060358331
[2026-04-20 09:35:08] [INFO] 生成敌人意图: 敌人=@Node2D@124, 类型=Node2D
[2026-04-20 09:35:08] [INFO] 敌人形状: [(1, 0), (2, 0)]
[2026-04-20 09:35:08] [DEBUG] 放置验证通过: shape_coords=[(1, 0), (2, 0)], origin=(0, 0), 所有坐标在网格范围内且无碰撞
[2026-04-20 09:35:08] [DEBUG] 放置验证通过: shape_coords=[(1, 0), (2, 0)], origin=(0, 1), 所有坐标在网格范围内且无碰撞
[2026-04-20 09:35:08] [DEBUG] 放置验证通过: shape_coords=[(1, 0), (2, 0)], origin=(0, 2), 所有坐标在网格范围内且无碰撞
[2026-04-20 09:35:08] [DEBUG] 放置验证通过: shape_coords=[(1, 0), (2, 0)], origin=(1, 0), 所有坐标在网格范围内且无碰撞
[2026-04-20 09:35:08] [DEBUG] 放置验证通过: shape_coords=[(1, 0), (2, 0)], origin=(1, 1), 所有坐标在网格范围内且无碰撞
[2026-04-20 09:35:08] [DEBUG] 放置验证通过: shape_coords=[(1, 0), (2, 0)], origin=(1, 2), 所有坐标在网格范围内且无碰撞
[2026-04-20 09:35:08] [DEBUG] 放置验证通过: shape_coords=[(1, 0), (2, 0)], origin=(2, 0), 所有坐标在网格范围内且无碰撞
[2026-04-20 09:35:08] [DEBUG] 放置验证通过: shape_coords=[(1, 0), (2, 0)], origin=(2, 1), 所有坐标在网格范围内且无碰撞
[2026-04-20 09:35:08] [DEBUG] 放置验证通过: shape_coords=[(1, 0), (2, 0)], origin=(3, 0), 所有坐标在网格范围内且无碰撞
[2026-04-20 09:35:08] [DEBUG] 放置验证通过: shape_coords=[(1, 0), (2, 0)], origin=(3, 1), 所有坐标在网格范围内且无碰撞
[2026-04-20 09:35:08] [DEBUG] 放置验证通过: shape_coords=[(1, 0), (2, 0)], origin=(4, 1), 所有坐标在网格范围内且无碰撞
[2026-04-20 09:35:08] [DEBUG] 放置验证通过: shape_coords=[(1, 0), (2, 0)], origin=(5, 1), 所有坐标在网格范围内且无碰撞
[2026-04-20 09:35:08] [DEBUG] 放置验证通过: shape_coords=[(1, 0), (2, 0)], origin=(5, 2), 所有坐标在网格范围内且无碰撞
[2026-04-20 09:35:08] [DEBUG] 放置验证通过: shape_coords=[(1, 0), (2, 0)], origin=(6, 1), 所有坐标在网格范围内且无碰撞
[2026-04-20 09:35:08] [DEBUG] 放置验证通过: shape_coords=[(1, 0), (2, 0)], origin=(6, 2), 所有坐标在网格范围内且无碰撞
[2026-04-20 09:35:08] [DEBUG] 放置验证通过: shape_coords=[(1, 0), (2, 0)], origin=(7, 0), 所有坐标在网格范围内且无碰撞
[2026-04-20 09:35:08] [DEBUG] 放置验证通过: shape_coords=[(1, 0), (2, 0)], origin=(7, 1), 所有坐标在网格范围内且无碰撞
[2026-04-20 09:35:08] [DEBUG] 放置验证通过: shape_coords=[(1, 0), (2, 0)], origin=(7, 2), 所有坐标在网格范围内且无碰撞
[2026-04-20 09:35:08] [DEBUG] 放置验证通过: shape_coords=[(1, 0), (2, 0)], origin=(8, 2), 所有坐标在网格范围内且无碰撞
[2026-04-20 09:35:08] [DEBUG] 放置验证通过: shape_coords=[(1, 0), (2, 0)], origin=(9, 2), 所有坐标在网格范围内且无碰撞
[2026-04-20 09:35:08] [DEBUG] 创建村庄意图行动: village, 效果: 扩张1
[2026-04-20 09:35:08] [DEBUG] 放置验证通过: shape_coords=[(1, 0), (2, 0)], origin=(2, 1), 所有坐标在网格范围内且无碰撞
[2026-04-20 09:35:08] [INFO] place_action: 行动放置成功！origin=(2, 1), 行动ID=-9223371722533630899
[2026-04-20 09:35:08] [INFO] UI 更新完毕 | 抽牌堆: 10 | 弃牌堆: 3
[2026-04-20 09:35:08] [DEBUG] 设置卡牌透明度: 1.0
[2026-04-20 09:35:08] [INFO] UI 更新完毕 | 抽牌堆: 9 | 弃牌堆: 3
[2026-04-20 09:35:08] [DEBUG] 设置卡牌透明度: 1.0
[2026-04-20 09:35:08] [INFO] UI 更新完毕 | 抽牌堆: 8 | 弃牌堆: 3
[2026-04-20 09:35:08] [DEBUG] 设置卡牌透明度: 1.0
[2026-04-20 09:35:08] [INFO] UI 更新完毕 | 抽牌堆: 7 | 弃牌堆: 3
[2026-04-20 09:35:09] [DEBUG] 设置卡牌透明度: 1.0
[2026-04-20 09:35:09] [INFO] UI 更新完毕 | 抽牌堆: 6 | 弃牌堆: 3
[2026-04-20 09:35:09] [DEBUG] 设置卡牌透明度: 1.0
[2026-04-20 09:35:09] [DEBUG] 设置卡牌透明度: 1.0
[2026-04-20 09:35:09] [DEBUG] 设置卡牌透明度: 1.0
[2026-04-20 09:35:09] [DEBUG] 设置卡牌透明度: 1.0
[2026-04-20 09:35:09] [DEBUG] 设置卡牌透明度: 1.0
================================================================================
会话开始: [2026-04-20 09:46:11]
================================================================================
[2026-04-20 09:46:11] [DEBUG] 地图数据填充完成，形状: fan，坐标数量: 48
[2026-04-20 09:46:11] [INFO] 扇形地图生成完成，坐标数量: 48
[2026-04-20 09:46:11] [DEBUG] 设置地形时间占位形状: 011 -> [(1, 0), (2, 0)]
[2026-04-20 09:46:11] [DEBUG] 地形受伤: amount=27, current_hp=73, damage_rate=0.27
[2026-04-20 09:46:11] [DEBUG] 设置地形时间占位形状: 011 -> [(1, 0), (2, 0)]
[2026-04-20 09:46:11] [DEBUG] 地形受伤: amount=0, current_hp=100, damage_rate=0.00
[2026-04-20 09:46:11] [DEBUG] 设置地形时间占位形状: 011 -> [(1, 0), (2, 0)]
[2026-04-20 09:46:11] [DEBUG] 地形受伤: amount=13, current_hp=87, damage_rate=0.13
[2026-04-20 09:46:11] [DEBUG] 设置地形时间占位形状: 011 -> [(1, 0), (2, 0)]
[2026-04-20 09:46:11] [DEBUG] 地形受伤: amount=13, current_hp=87, damage_rate=0.13
[2026-04-20 09:46:11] [DEBUG] 设置地形时间占位形状: 011 -> [(1, 0), (2, 0)]
[2026-04-20 09:46:11] [DEBUG] 地形受伤: amount=17, current_hp=83, damage_rate=0.17
[2026-04-20 09:46:11] [DEBUG] 设置地形时间占位形状: 011 -> [(1, 0), (2, 0)]
[2026-04-20 09:46:11] [DEBUG] 地形受伤: amount=6, current_hp=94, damage_rate=0.06
[2026-04-20 09:46:11] [DEBUG] 设置地形时间占位形状: 011 -> [(1, 0), (2, 0)]
[2026-04-20 09:46:11] [DEBUG] 地形受伤: amount=22, current_hp=78, damage_rate=0.22
[2026-04-20 09:46:11] [DEBUG] 设置地形时间占位形状: 011 -> [(1, 0), (2, 0)]
[2026-04-20 09:46:11] [DEBUG] 地形受伤: amount=6, current_hp=94, damage_rate=0.06
[2026-04-20 09:46:11] [DEBUG] 设置地形时间占位形状: 011 -> [(1, 0), (2, 0)]
[2026-04-20 09:46:11] [DEBUG] 地形受伤: amount=6, current_hp=94, damage_rate=0.06
[2026-04-20 09:46:11] [DEBUG] 设置地形时间占位形状: 011 -> [(1, 0), (2, 0)]
[2026-04-20 09:46:11] [DEBUG] 地形受伤: amount=15, current_hp=85, damage_rate=0.15
[2026-04-20 09:46:11] [DEBUG] 设置地形时间占位形状: 011 -> [(1, 0), (2, 0)]
[2026-04-20 09:46:11] [DEBUG] 地形受伤: amount=12, current_hp=88, damage_rate=0.12
[2026-04-20 09:46:11] [DEBUG] 设置地形时间占位形状: 011 -> [(1, 0), (2, 0)]
[2026-04-20 09:46:11] [DEBUG] 设置地形时间占位形状: 011 -> [(1, 0), (2, 0)]
[2026-04-20 09:46:11] [DEBUG] 地形受伤: amount=14, current_hp=86, damage_rate=0.14
[2026-04-20 09:46:11] [DEBUG] 设置地形时间占位形状: 011 -> [(1, 0), (2, 0)]
[2026-04-20 09:46:11] [DEBUG] 地形受伤: amount=14, current_hp=86, damage_rate=0.14
[2026-04-20 09:46:11] [DEBUG] 设置地形时间占位形状: 011 -> [(1, 0), (2, 0)]
[2026-04-20 09:46:11] [DEBUG] 地形受伤: amount=2, current_hp=98, damage_rate=0.02
[2026-04-20 09:46:11] [DEBUG] 设置地形时间占位形状: 011 -> [(1, 0), (2, 0)]
[2026-04-20 09:46:11] [DEBUG] 地形受伤: amount=25, current_hp=75, damage_rate=0.25
[2026-04-20 09:46:11] [DEBUG] 设置地形时间占位形状: 011 -> [(1, 0), (2, 0)]
[2026-04-20 09:46:11] [DEBUG] 地形受伤: amount=17, current_hp=83, damage_rate=0.17
[2026-04-20 09:46:11] [DEBUG] 设置地形时间占位形状: 011 -> [(1, 0), (2, 0)]
[2026-04-20 09:46:11] [DEBUG] 地形受伤: amount=23, current_hp=77, damage_rate=0.23
[2026-04-20 09:46:11] [DEBUG] 地貌放置完成，总数: 17，最大限制: 17
[2026-04-20 09:46:11] [DEBUG] 地形受伤: amount=6, current_hp=94, damage_rate=0.06
[2026-04-20 09:46:11] [DEBUG] 生成地貌: @Node2D@24 at (-5, 5)
[2026-04-20 09:46:11] [DEBUG] 地形受伤: amount=11, current_hp=83, damage_rate=0.17
[2026-04-20 09:46:11] [DEBUG] 生成地貌: @Node2D@33 at (-4, 4)
[2026-04-20 09:46:11] [DEBUG] 地形受伤: amount=7, current_hp=79, damage_rate=0.21
[2026-04-20 09:46:11] [DEBUG] 生成地貌: @Node2D@50 at (-3, 3)
[2026-04-20 09:46:11] [DEBUG] 地形受伤: amount=6, current_hp=79, damage_rate=0.21
[2026-04-20 09:46:11] [DEBUG] 生成地貌: @Node2D@56 at (-3, 4)
[2026-04-20 09:46:11] [DEBUG] 地形受伤: amount=9, current_hp=74, damage_rate=0.26
[2026-04-20 09:46:11] [DEBUG] 生成地貌: @Node2D@62 at (-3, 5)
[2026-04-20 09:46:11] [DEBUG] 地形受伤: amount=12, current_hp=82, damage_rate=0.18
[2026-04-20 09:46:11] [DEBUG] 生成地貌: @Node2D@68 at (-3, 6)
[2026-04-20 09:46:11] [DEBUG] 地形受伤: amount=3, current_hp=80, damage_rate=0.20
[2026-04-20 09:46:11] [DEBUG] 生成地貌: @Node2D@86 at (-2, 5)
[2026-04-20 09:46:11] [DEBUG] 地形受伤: amount=12, current_hp=82, damage_rate=0.18
[2026-04-20 09:46:11] [DEBUG] 生成地貌: @Node2D@105 at (-1, 2)
[2026-04-20 09:46:11] [DEBUG] 地形受伤: amount=4, current_hp=74, damage_rate=0.26
[2026-04-20 09:46:11] [DEBUG] 生成地貌: @Node2D@123 at (-1, 6)
[2026-04-20 09:46:11] [DEBUG] 地形受伤: amount=20, current_hp=66, damage_rate=0.34
[2026-04-20 09:46:11] [DEBUG] 生成地貌: @Node2D@131 at (0, 1)
[2026-04-20 09:46:11] [DEBUG] 地形受伤: amount=1, current_hp=87, damage_rate=0.13
[2026-04-20 09:46:11] [DEBUG] 生成地貌: @Node2D@145 at (0, 3)
[2026-04-20 09:46:11] [DEBUG] 地形受伤: amount=19, current_hp=68, damage_rate=0.32
[2026-04-20 09:46:11] [DEBUG] 生成地貌: @Node2D@150 at (0, 4)
[2026-04-20 09:46:11] [DEBUG] 地形受伤: amount=4, current_hp=73, damage_rate=0.27
[2026-04-20 09:46:11] [DEBUG] 生成地貌: @Node2D@161 at (0, 6)
[2026-04-20 09:46:11] [DEBUG] 地形受伤: amount=1, current_hp=72, damage_rate=0.28
[2026-04-20 09:46:11] [DEBUG] 生成地貌: @Node2D@168 at (1, 0)
[2026-04-20 09:46:11] [DEBUG] 地形受伤: amount=17, current_hp=70, damage_rate=0.30
[2026-04-20 09:46:11] [DEBUG] 生成地貌: @Node2D@178 at (1, 2)
[2026-04-20 09:46:11] [DEBUG] 地形受伤: amount=20, current_hp=55, damage_rate=0.45
[2026-04-20 09:46:11] [DEBUG] 生成地貌: @Node2D@186 at (1, 4)
[2026-04-20 09:46:11] [DEBUG] 地形受伤: amount=21, current_hp=77, damage_rate=0.23
[2026-04-20 09:46:11] [DEBUG] 生成地貌: @Node2D@204 at (2, 1)
[2026-04-20 09:46:11] [DEBUG] 成功绑定高度视图切换按钮
[2026-04-20 09:46:11] [DEBUG] 应用响应式动态锚点布局
[2026-04-20 09:46:11] [DEBUG] 布局应用完成: 真实尺寸(502.0x124.0), 缩放中心=(251.0, 0.0)
[2026-04-20 09:46:11] [DEBUG] 开始创建遮罩节点
[2026-04-20 09:46:11] [DEBUG] 时间轴遮罩已创建（使用全屏锚点），颜色: (0.2666, 0.2666, 0.2666, 0.6)，层级: 1，可见: false
[2026-04-20 09:46:11] [DEBUG] 遮罩创建完成，background_mask: BackgroundMask:<ColorRect#94187292956>
[2026-04-20 09:46:11] [DEBUG] 找到TimelineManager: TimelineManager
[2026-04-20 09:46:11] [DEBUG] 设置时间轴点击缩放权限: allow=false filter=2
[2026-04-20 09:46:11] [DEBUG] DragShapeController已添加到组，准备接收拖拽事件
[2026-04-20 09:46:11] [DEBUG] 敌人意图管理器已就绪
[2026-04-20 09:46:11] [INFO] 成功连接到 TimelineManager
[2026-04-20 09:46:11] [DEBUG] 时间轴可视化器已就绪
[2026-04-20 09:46:11] [INFO] 已连接到 DragShapeController
[2026-04-20 09:46:11] [INFO] TimelineUI已找到: TimelineUI
[2026-04-20 09:46:11] [INFO] 胜利调试按钮已连接
[2026-04-20 09:46:11] [INFO] 已连接胜利触发信号
[2026-04-20 09:46:11] [DEBUG] 🩸 成功将血条组件收编进地块渲染序列: EnemyHealth
[2026-04-20 09:46:11] [DEBUG] 🩸 成功将血条组件收编进地块渲染序列: EnemyHealth
[2026-04-20 09:46:11] [DEBUG] 🩸 成功将血条组件收编进地块渲染序列: EnemyHealth
[2026-04-20 09:46:11] [DEBUG] 🩸 成功将血条组件收编进地块渲染序列: EnemyHealth
[2026-04-20 09:46:11] [DEBUG] 🩸 成功将血条组件收编进地块渲染序列: EnemyHealth
[2026-04-20 09:46:11] [DEBUG] 🩸 成功将血条组件收编进地块渲染序列: EnemyHealth
[2026-04-20 09:46:11] [DEBUG] 🩸 成功将血条组件收编进地块渲染序列: EnemyHealth
[2026-04-20 09:46:11] [DEBUG] 🩸 成功将血条组件收编进地块渲染序列: EnemyHealth
[2026-04-20 09:46:11] [DEBUG] 🩸 成功将血条组件收编进地块渲染序列: EnemyHealth
[2026-04-20 09:46:11] [DEBUG] 🩸 成功将血条组件收编进地块渲染序列: EnemyHealth
[2026-04-20 09:46:11] [DEBUG] 🩸 成功将血条组件收编进地块渲染序列: EnemyHealth
[2026-04-20 09:46:11] [DEBUG] 🩸 成功将血条组件收编进地块渲染序列: EnemyHealth
[2026-04-20 09:46:11] [DEBUG] 🩸 成功将血条组件收编进地块渲染序列: EnemyHealth
[2026-04-20 09:46:11] [DEBUG] 🩸 成功将血条组件收编进地块渲染序列: EnemyHealth
[2026-04-20 09:46:11] [DEBUG] 🩸 成功将血条组件收编进地块渲染序列: EnemyHealth
[2026-04-20 09:46:11] [DEBUG] 🩸 成功将血条组件收编进地块渲染序列: EnemyHealth
[2026-04-20 09:46:11] [DEBUG] 🩸 成功将血条组件收编进地块渲染序列: EnemyHealth
[2026-04-20 09:46:11] [DEBUG] 游戏初始化：找到 17 个敌人，生成初始意图
[2026-04-20 09:46:11] [INFO] 生成敌人意图: 敌人=@Node2D@150, 类型=Node2D
[2026-04-20 09:46:11] [INFO] 敌人形状: [(1, 0), (2, 0)]
[2026-04-20 09:46:11] [DEBUG] 放置验证通过: shape_coords=[(1, 0), (2, 0)], origin=(0, 0), 所有坐标在网格范围内且无碰撞
[2026-04-20 09:46:11] [DEBUG] 放置验证通过: shape_coords=[(1, 0), (2, 0)], origin=(0, 1), 所有坐标在网格范围内且无碰撞
[2026-04-20 09:46:11] [DEBUG] 放置验证通过: shape_coords=[(1, 0), (2, 0)], origin=(0, 2), 所有坐标在网格范围内且无碰撞
[2026-04-20 09:46:11] [DEBUG] 放置验证通过: shape_coords=[(1, 0), (2, 0)], origin=(1, 0), 所有坐标在网格范围内且无碰撞
[2026-04-20 09:46:11] [DEBUG] 放置验证通过: shape_coords=[(1, 0), (2, 0)], origin=(1, 1), 所有坐标在网格范围内且无碰撞
[2026-04-20 09:46:11] [DEBUG] 放置验证通过: shape_coords=[(1, 0), (2, 0)], origin=(1, 2), 所有坐标在网格范围内且无碰撞
[2026-04-20 09:46:11] [DEBUG] 放置验证通过: shape_coords=[(1, 0), (2, 0)], origin=(2, 0), 所有坐标在网格范围内且无碰撞
[2026-04-20 09:46:11] [DEBUG] 放置验证通过: shape_coords=[(1, 0), (2, 0)], origin=(2, 1), 所有坐标在网格范围内且无碰撞
[2026-04-20 09:46:11] [DEBUG] 放置验证通过: shape_coords=[(1, 0), (2, 0)], origin=(2, 2), 所有坐标在网格范围内且无碰撞
[2026-04-20 09:46:11] [DEBUG] 放置验证通过: shape_coords=[(1, 0), (2, 0)], origin=(3, 0), 所有坐标在网格范围内且无碰撞
[2026-04-20 09:46:11] [DEBUG] 放置验证通过: shape_coords=[(1, 0), (2, 0)], origin=(3, 1), 所有坐标在网格范围内且无碰撞
[2026-04-20 09:46:11] [DEBUG] 放置验证通过: shape_coords=[(1, 0), (2, 0)], origin=(3, 2), 所有坐标在网格范围内且无碰撞
[2026-04-20 09:46:11] [DEBUG] 放置验证通过: shape_coords=[(1, 0), (2, 0)], origin=(4, 0), 所有坐标在网格范围内且无碰撞
[2026-04-20 09:46:11] [DEBUG] 放置验证通过: shape_coords=[(1, 0), (2, 0)], origin=(4, 1), 所有坐标在网格范围内且无碰撞
[2026-04-20 09:46:11] [DEBUG] 放置验证通过: shape_coords=[(1, 0), (2, 0)], origin=(4, 2), 所有坐标在网格范围内且无碰撞
[2026-04-20 09:46:11] [DEBUG] 放置验证通过: shape_coords=[(1, 0), (2, 0)], origin=(5, 0), 所有坐标在网格范围内且无碰撞
[2026-04-20 09:46:11] [DEBUG] 放置验证通过: shape_coords=[(1, 0), (2, 0)], origin=(5, 1), 所有坐标在网格范围内且无碰撞
[2026-04-20 09:46:11] [DEBUG] 放置验证通过: shape_coords=[(1, 0), (2, 0)], origin=(5, 2), 所有坐标在网格范围内且无碰撞
[2026-04-20 09:46:11] [DEBUG] 放置验证通过: shape_coords=[(1, 0), (2, 0)], origin=(6, 0), 所有坐标在网格范围内且无碰撞
[2026-04-20 09:46:11] [DEBUG] 放置验证通过: shape_coords=[(1, 0), (2, 0)], origin=(6, 1), 所有坐标在网格范围内且无碰撞
[2026-04-20 09:46:11] [DEBUG] 放置验证通过: shape_coords=[(1, 0), (2, 0)], origin=(6, 2), 所有坐标在网格范围内且无碰撞
[2026-04-20 09:46:11] [DEBUG] 放置验证通过: shape_coords=[(1, 0), (2, 0)], origin=(7, 0), 所有坐标在网格范围内且无碰撞
[2026-04-20 09:46:11] [DEBUG] 放置验证通过: shape_coords=[(1, 0), (2, 0)], origin=(7, 1), 所有坐标在网格范围内且无碰撞
[2026-04-20 09:46:11] [DEBUG] 放置验证通过: shape_coords=[(1, 0), (2, 0)], origin=(7, 2), 所有坐标在网格范围内且无碰撞
[2026-04-20 09:46:11] [DEBUG] 放置验证通过: shape_coords=[(1, 0), (2, 0)], origin=(8, 0), 所有坐标在网格范围内且无碰撞
[2026-04-20 09:46:11] [DEBUG] 放置验证通过: shape_coords=[(1, 0), (2, 0)], origin=(8, 1), 所有坐标在网格范围内且无碰撞
[2026-04-20 09:46:11] [DEBUG] 放置验证通过: shape_coords=[(1, 0), (2, 0)], origin=(8, 2), 所有坐标在网格范围内且无碰撞
[2026-04-20 09:46:11] [DEBUG] 放置验证通过: shape_coords=[(1, 0), (2, 0)], origin=(9, 0), 所有坐标在网格范围内且无碰撞
[2026-04-20 09:46:11] [DEBUG] 放置验证通过: shape_coords=[(1, 0), (2, 0)], origin=(9, 1), 所有坐标在网格范围内且无碰撞
[2026-04-20 09:46:11] [DEBUG] 放置验证通过: shape_coords=[(1, 0), (2, 0)], origin=(9, 2), 所有坐标在网格范围内且无碰撞
[2026-04-20 09:46:11] [DEBUG] 创建村庄意图行动: village, 效果: 扩张1
[2026-04-20 09:46:11] [DEBUG] 放置验证通过: shape_coords=[(1, 0), (2, 0)], origin=(2, 1), 所有坐标在网格范围内且无碰撞
[2026-04-20 09:46:11] [INFO] place_action: 行动放置成功！origin=(2, 1), 行动ID=-9223371934362760752
[2026-04-20 09:46:11] [INFO] 生成敌人意图: 敌人=@Node2D@186, 类型=Node2D
[2026-04-20 09:46:11] [INFO] 敌人形状: [(1, 0), (2, 0)]
[2026-04-20 09:46:11] [DEBUG] 放置验证通过: shape_coords=[(1, 0), (2, 0)], origin=(0, 0), 所有坐标在网格范围内且无碰撞
[2026-04-20 09:46:11] [DEBUG] 放置验证通过: shape_coords=[(1, 0), (2, 0)], origin=(0, 1), 所有坐标在网格范围内且无碰撞
[2026-04-20 09:46:11] [DEBUG] 放置验证通过: shape_coords=[(1, 0), (2, 0)], origin=(0, 2), 所有坐标在网格范围内且无碰撞
[2026-04-20 09:46:11] [DEBUG] 放置验证通过: shape_coords=[(1, 0), (2, 0)], origin=(1, 0), 所有坐标在网格范围内且无碰撞
[2026-04-20 09:46:11] [DEBUG] 放置验证通过: shape_coords=[(1, 0), (2, 0)], origin=(1, 2), 所有坐标在网格范围内且无碰撞
[2026-04-20 09:46:11] [DEBUG] 放置验证通过: shape_coords=[(1, 0), (2, 0)], origin=(2, 0), 所有坐标在网格范围内且无碰撞
[2026-04-20 09:46:11] [DEBUG] 放置验证通过: shape_coords=[(1, 0), (2, 0)], origin=(2, 2), 所有坐标在网格范围内且无碰撞
[2026-04-20 09:46:11] [DEBUG] 放置验证通过: shape_coords=[(1, 0), (2, 0)], origin=(3, 0), 所有坐标在网格范围内且无碰撞
[2026-04-20 09:46:11] [DEBUG] 放置验证通过: shape_coords=[(1, 0), (2, 0)], origin=(3, 2), 所有坐标在网格范围内且无碰撞
[2026-04-20 09:46:11] [DEBUG] 放置验证通过: shape_coords=[(1, 0), (2, 0)], origin=(4, 0), 所有坐标在网格范围内且无碰撞
[2026-04-20 09:46:11] [DEBUG] 放置验证通过: shape_coords=[(1, 0), (2, 0)], origin=(4, 1), 所有坐标在网格范围内且无碰撞
[2026-04-20 09:46:11] [DEBUG] 放置验证通过: shape_coords=[(1, 0), (2, 0)], origin=(4, 2), 所有坐标在网格范围内且无碰撞
[2026-04-20 09:46:11] [DEBUG] 放置验证通过: shape_coords=[(1, 0), (2, 0)], origin=(5, 0), 所有坐标在网格范围内且无碰撞
[2026-04-20 09:46:11] [DEBUG] 放置验证通过: shape_coords=[(1, 0), (2, 0)], origin=(5, 1), 所有坐标在网格范围内且无碰撞
[2026-04-20 09:46:11] [DEBUG] 放置验证通过: shape_coords=[(1, 0), (2, 0)], origin=(5, 2), 所有坐标在网格范围内且无碰撞
[2026-04-20 09:46:11] [DEBUG] 放置验证通过: shape_coords=[(1, 0), (2, 0)], origin=(6, 0), 所有坐标在网格范围内且无碰撞
[2026-04-20 09:46:11] [DEBUG] 放置验证通过: shape_coords=[(1, 0), (2, 0)], origin=(6, 1), 所有坐标在网格范围内且无碰撞
[2026-04-20 09:46:11] [DEBUG] 放置验证通过: shape_coords=[(1, 0), (2, 0)], origin=(6, 2), 所有坐标在网格范围内且无碰撞
[2026-04-20 09:46:11] [DEBUG] 放置验证通过: shape_coords=[(1, 0), (2, 0)], origin=(7, 0), 所有坐标在网格范围内且无碰撞
[2026-04-20 09:46:11] [DEBUG] 放置验证通过: shape_coords=[(1, 0), (2, 0)], origin=(7, 1), 所有坐标在网格范围内且无碰撞
[2026-04-20 09:46:11] [DEBUG] 放置验证通过: shape_coords=[(1, 0), (2, 0)], origin=(7, 2), 所有坐标在网格范围内且无碰撞
[2026-04-20 09:46:11] [DEBUG] 放置验证通过: shape_coords=[(1, 0), (2, 0)], origin=(8, 0), 所有坐标在网格范围内且无碰撞
[2026-04-20 09:46:11] [DEBUG] 放置验证通过: shape_coords=[(1, 0), (2, 0)], origin=(8, 1), 所有坐标在网格范围内且无碰撞
[2026-04-20 09:46:11] [DEBUG] 放置验证通过: shape_coords=[(1, 0), (2, 0)], origin=(8, 2), 所有坐标在网格范围内且无碰撞
[2026-04-20 09:46:11] [DEBUG] 放置验证通过: shape_coords=[(1, 0), (2, 0)], origin=(9, 0), 所有坐标在网格范围内且无碰撞
[2026-04-20 09:46:11] [DEBUG] 放置验证通过: shape_coords=[(1, 0), (2, 0)], origin=(9, 1), 所有坐标在网格范围内且无碰撞
[2026-04-20 09:46:11] [DEBUG] 放置验证通过: shape_coords=[(1, 0), (2, 0)], origin=(9, 2), 所有坐标在网格范围内且无碰撞
[2026-04-20 09:46:11] [DEBUG] 创建村庄意图行动: village, 效果: 扩张1
[2026-04-20 09:46:11] [DEBUG] 放置验证通过: shape_coords=[(1, 0), (2, 0)], origin=(9, 0), 所有坐标在网格范围内且无碰撞
[2026-04-20 09:46:11] [INFO] place_action: 行动放置成功！origin=(9, 0), 行动ID=-9223371932483712557
[2026-04-20 09:46:11] [INFO] 生成敌人意图: 敌人=@Node2D@86, 类型=Node2D
[2026-04-20 09:46:11] [INFO] 敌人形状: [(1, 0), (2, 0)]
[2026-04-20 09:46:11] [DEBUG] 放置验证通过: shape_coords=[(1, 0), (2, 0)], origin=(0, 0), 所有坐标在网格范围内且无碰撞
[2026-04-20 09:46:11] [DEBUG] 放置验证通过: shape_coords=[(1, 0), (2, 0)], origin=(0, 1), 所有坐标在网格范围内且无碰撞
[2026-04-20 09:46:11] [DEBUG] 放置验证通过: shape_coords=[(1, 0), (2, 0)], origin=(0, 2), 所有坐标在网格范围内且无碰撞
[2026-04-20 09:46:11] [DEBUG] 放置验证通过: shape_coords=[(1, 0), (2, 0)], origin=(1, 0), 所有坐标在网格范围内且无碰撞
[2026-04-20 09:46:11] [DEBUG] 放置验证通过: shape_coords=[(1, 0), (2, 0)], origin=(1, 2), 所有坐标在网格范围内且无碰撞
[2026-04-20 09:46:11] [DEBUG] 放置验证通过: shape_coords=[(1, 0), (2, 0)], origin=(2, 0), 所有坐标在网格范围内且无碰撞
[2026-04-20 09:46:11] [DEBUG] 放置验证通过: shape_coords=[(1, 0), (2, 0)], origin=(2, 2), 所有坐标在网格范围内且无碰撞
[2026-04-20 09:46:11] [DEBUG] 放置验证通过: shape_coords=[(1, 0), (2, 0)], origin=(3, 0), 所有坐标在网格范围内且无碰撞
[2026-04-20 09:46:11] [DEBUG] 放置验证通过: shape_coords=[(1, 0), (2, 0)], origin=(3, 2), 所有坐标在网格范围内且无碰撞
[2026-04-20 09:46:11] [DEBUG] 放置验证通过: shape_coords=[(1, 0), (2, 0)], origin=(4, 0), 所有坐标在网格范围内且无碰撞
[2026-04-20 09:46:11] [DEBUG] 放置验证通过: shape_coords=[(1, 0), (2, 0)], origin=(4, 1), 所有坐标在网格范围内且无碰撞
[2026-04-20 09:46:11] [DEBUG] 放置验证通过: shape_coords=[(1, 0), (2, 0)], origin=(4, 2), 所有坐标在网格范围内且无碰撞
[2026-04-20 09:46:11] [DEBUG] 放置验证通过: shape_coords=[(1, 0), (2, 0)], origin=(5, 0), 所有坐标在网格范围内且无碰撞
[2026-04-20 09:46:11] [DEBUG] 放置验证通过: shape_coords=[(1, 0), (2, 0)], origin=(5, 1), 所有坐标在网格范围内且无碰撞
[2026-04-20 09:46:11] [DEBUG] 放置验证通过: shape_coords=[(1, 0), (2, 0)], origin=(5, 2), 所有坐标在网格范围内且无碰撞
[2026-04-20 09:46:11] [DEBUG] 放置验证通过: shape_coords=[(1, 0), (2, 0)], origin=(6, 0), 所有坐标在网格范围内且无碰撞
[2026-04-20 09:46:11] [DEBUG] 放置验证通过: shape_coords=[(1, 0), (2, 0)], origin=(6, 1), 所有坐标在网格范围内且无碰撞
[2026-04-20 09:46:11] [DEBUG] 放置验证通过: shape_coords=[(1, 0), (2, 0)], origin=(6, 2), 所有坐标在网格范围内且无碰撞
[2026-04-20 09:46:11] [DEBUG] 放置验证通过: shape_coords=[(1, 0), (2, 0)], origin=(7, 0), 所有坐标在网格范围内且无碰撞
[2026-04-20 09:46:11] [DEBUG] 放置验证通过: shape_coords=[(1, 0), (2, 0)], origin=(7, 1), 所有坐标在网格范围内且无碰撞
[2026-04-20 09:46:11] [DEBUG] 放置验证通过: shape_coords=[(1, 0), (2, 0)], origin=(7, 2), 所有坐标在网格范围内且无碰撞
[2026-04-20 09:46:11] [DEBUG] 放置验证通过: shape_coords=[(1, 0), (2, 0)], origin=(8, 1), 所有坐标在网格范围内且无碰撞
[2026-04-20 09:46:11] [DEBUG] 放置验证通过: shape_coords=[(1, 0), (2, 0)], origin=(8, 2), 所有坐标在网格范围内且无碰撞
[2026-04-20 09:46:11] [DEBUG] 放置验证通过: shape_coords=[(1, 0), (2, 0)], origin=(9, 1), 所有坐标在网格范围内且无碰撞
[2026-04-20 09:46:11] [DEBUG] 放置验证通过: shape_coords=[(1, 0), (2, 0)], origin=(9, 2), 所有坐标在网格范围内且无碰撞
[2026-04-20 09:46:11] [DEBUG] 创建村庄意图行动: village, 效果: 扩张1
[2026-04-20 09:46:11] [DEBUG] 放置验证通过: shape_coords=[(1, 0), (2, 0)], origin=(9, 1), 所有坐标在网格范围内且无碰撞
[2026-04-20 09:46:11] [INFO] place_action: 行动放置成功！origin=(9, 1), 行动ID=-9223371930705327646
[2026-04-20 09:46:11] [INFO] 生成敌人意图: 敌人=@Node2D@56, 类型=Node2D
[2026-04-20 09:46:11] [INFO] 敌人形状: [(1, 0), (2, 0)]
[2026-04-20 09:46:11] [DEBUG] 放置验证通过: shape_coords=[(1, 0), (2, 0)], origin=(0, 0), 所有坐标在网格范围内且无碰撞
[2026-04-20 09:46:11] [DEBUG] 放置验证通过: shape_coords=[(1, 0), (2, 0)], origin=(0, 1), 所有坐标在网格范围内且无碰撞
[2026-04-20 09:46:11] [DEBUG] 放置验证通过: shape_coords=[(1, 0), (2, 0)], origin=(0, 2), 所有坐标在网格范围内且无碰撞
[2026-04-20 09:46:11] [DEBUG] 放置验证通过: shape_coords=[(1, 0), (2, 0)], origin=(1, 0), 所有坐标在网格范围内且无碰撞
[2026-04-20 09:46:11] [DEBUG] 放置验证通过: shape_coords=[(1, 0), (2, 0)], origin=(1, 2), 所有坐标在网格范围内且无碰撞
[2026-04-20 09:46:11] [DEBUG] 放置验证通过: shape_coords=[(1, 0), (2, 0)], origin=(2, 0), 所有坐标在网格范围内且无碰撞
[2026-04-20 09:46:11] [DEBUG] 放置验证通过: shape_coords=[(1, 0), (2, 0)], origin=(2, 2), 所有坐标在网格范围内且无碰撞
[2026-04-20 09:46:11] [DEBUG] 放置验证通过: shape_coords=[(1, 0), (2, 0)], origin=(3, 0), 所有坐标在网格范围内且无碰撞
[2026-04-20 09:46:11] [DEBUG] 放置验证通过: shape_coords=[(1, 0), (2, 0)], origin=(3, 2), 所有坐标在网格范围内且无碰撞
[2026-04-20 09:46:11] [DEBUG] 放置验证通过: shape_coords=[(1, 0), (2, 0)], origin=(4, 0), 所有坐标在网格范围内且无碰撞
[2026-04-20 09:46:11] [DEBUG] 放置验证通过: shape_coords=[(1, 0), (2, 0)], origin=(4, 1), 所有坐标在网格范围内且无碰撞
[2026-04-20 09:46:11] [DEBUG] 放置验证通过: shape_coords=[(1, 0), (2, 0)], origin=(4, 2), 所有坐标在网格范围内且无碰撞
[2026-04-20 09:46:11] [DEBUG] 放置验证通过: shape_coords=[(1, 0), (2, 0)], origin=(5, 0), 所有坐标在网格范围内且无碰撞
[2026-04-20 09:46:11] [DEBUG] 放置验证通过: shape_coords=[(1, 0), (2, 0)], origin=(5, 1), 所有坐标在网格范围内且无碰撞
[2026-04-20 09:46:11] [DEBUG] 放置验证通过: shape_coords=[(1, 0), (2, 0)], origin=(5, 2), 所有坐标在网格范围内且无碰撞
[2026-04-20 09:46:11] [DEBUG] 放置验证通过: shape_coords=[(1, 0), (2, 0)], origin=(6, 0), 所有坐标在网格范围内且无碰撞
[2026-04-20 09:46:11] [DEBUG] 放置验证通过: shape_coords=[(1, 0), (2, 0)], origin=(6, 1), 所有坐标在网格范围内且无碰撞
[2026-04-20 09:46:11] [DEBUG] 放置验证通过: shape_coords=[(1, 0), (2, 0)], origin=(6, 2), 所有坐标在网格范围内且无碰撞
[2026-04-20 09:46:11] [DEBUG] 放置验证通过: shape_coords=[(1, 0), (2, 0)], origin=(7, 0), 所有坐标在网格范围内且无碰撞
[2026-04-20 09:46:11] [DEBUG] 放置验证通过: shape_coords=[(1, 0), (2, 0)], origin=(7, 1), 所有坐标在网格范围内且无碰撞
[2026-04-20 09:46:11] [DEBUG] 放置验证通过: shape_coords=[(1, 0), (2, 0)], origin=(7, 2), 所有坐标在网格范围内且无碰撞
[2026-04-20 09:46:11] [DEBUG] 放置验证通过: shape_coords=[(1, 0), (2, 0)], origin=(8, 2), 所有坐标在网格范围内且无碰撞
[2026-04-20 09:46:11] [DEBUG] 放置验证通过: shape_coords=[(1, 0), (2, 0)], origin=(9, 2), 所有坐标在网格范围内且无碰撞
[2026-04-20 09:46:11] [DEBUG] 创建村庄意图行动: village, 效果: 扩张1
[2026-04-20 09:46:11] [DEBUG] 放置验证通过: shape_coords=[(1, 0), (2, 0)], origin=(6, 2), 所有坐标在网格范围内且无碰撞
[2026-04-20 09:46:11] [INFO] place_action: 行动放置成功！origin=(6, 2), 行动ID=-9223371929027606031
[2026-04-20 09:46:11] [INFO] 生成敌人意图: 敌人=@Node2D@33, 类型=Node2D
[2026-04-20 09:46:11] [INFO] 敌人形状: [(1, 0), (2, 0)]
[2026-04-20 09:46:11] [DEBUG] 放置验证通过: shape_coords=[(1, 0), (2, 0)], origin=(0, 0), 所有坐标在网格范围内且无碰撞
[2026-04-20 09:46:11] [DEBUG] 放置验证通过: shape_coords=[(1, 0), (2, 0)], origin=(0, 1), 所有坐标在网格范围内且无碰撞
[2026-04-20 09:46:11] [DEBUG] 放置验证通过: shape_coords=[(1, 0), (2, 0)], origin=(0, 2), 所有坐标在网格范围内且无碰撞
[2026-04-20 09:46:11] [DEBUG] 放置验证通过: shape_coords=[(1, 0), (2, 0)], origin=(1, 0), 所有坐标在网格范围内且无碰撞
[2026-04-20 09:46:11] [DEBUG] 放置验证通过: shape_coords=[(1, 0), (2, 0)], origin=(1, 2), 所有坐标在网格范围内且无碰撞
[2026-04-20 09:46:11] [DEBUG] 放置验证通过: shape_coords=[(1, 0), (2, 0)], origin=(2, 0), 所有坐标在网格范围内且无碰撞
[2026-04-20 09:46:11] [DEBUG] 放置验证通过: shape_coords=[(1, 0), (2, 0)], origin=(2, 2), 所有坐标在网格范围内且无碰撞
[2026-04-20 09:46:11] [DEBUG] 放置验证通过: shape_coords=[(1, 0), (2, 0)], origin=(3, 0), 所有坐标在网格范围内且无碰撞
[2026-04-20 09:46:11] [DEBUG] 放置验证通过: shape_coords=[(1, 0), (2, 0)], origin=(3, 2), 所有坐标在网格范围内且无碰撞
[2026-04-20 09:46:11] [DEBUG] 放置验证通过: shape_coords=[(1, 0), (2, 0)], origin=(4, 0), 所有坐标在网格范围内且无碰撞
[2026-04-20 09:46:11] [DEBUG] 放置验证通过: shape_coords=[(1, 0), (2, 0)], origin=(4, 1), 所有坐标在网格范围内且无碰撞
[2026-04-20 09:46:11] [DEBUG] 放置验证通过: shape_coords=[(1, 0), (2, 0)], origin=(4, 2), 所有坐标在网格范围内且无碰撞
[2026-04-20 09:46:11] [DEBUG] 放置验证通过: shape_coords=[(1, 0), (2, 0)], origin=(5, 0), 所有坐标在网格范围内且无碰撞
[2026-04-20 09:46:11] [DEBUG] 放置验证通过: shape_coords=[(1, 0), (2, 0)], origin=(5, 1), 所有坐标在网格范围内且无碰撞
[2026-04-20 09:46:11] [DEBUG] 放置验证通过: shape_coords=[(1, 0), (2, 0)], origin=(6, 0), 所有坐标在网格范围内且无碰撞
[2026-04-20 09:46:11] [DEBUG] 放置验证通过: shape_coords=[(1, 0), (2, 0)], origin=(6, 1), 所有坐标在网格范围内且无碰撞
[2026-04-20 09:46:11] [DEBUG] 放置验证通过: shape_coords=[(1, 0), (2, 0)], origin=(7, 0), 所有坐标在网格范围内且无碰撞
[2026-04-20 09:46:11] [DEBUG] 放置验证通过: shape_coords=[(1, 0), (2, 0)], origin=(7, 1), 所有坐标在网格范围内且无碰撞
[2026-04-20 09:46:11] [DEBUG] 放置验证通过: shape_coords=[(1, 0), (2, 0)], origin=(8, 2), 所有坐标在网格范围内且无碰撞
[2026-04-20 09:46:11] [DEBUG] 放置验证通过: shape_coords=[(1, 0), (2, 0)], origin=(9, 2), 所有坐标在网格范围内且无碰撞
[2026-04-20 09:46:11] [DEBUG] 创建村庄意图行动: village, 效果: 扩张1
[2026-04-20 09:46:11] [DEBUG] 放置验证通过: shape_coords=[(1, 0), (2, 0)], origin=(4, 2), 所有坐标在网格范围内且无碰撞
[2026-04-20 09:46:11] [INFO] place_action: 行动放置成功！origin=(4, 2), 行动ID=-9223371927500879360
[2026-04-20 09:46:11] [INFO] ✅ 游戏开始时已生成敌人意图
[2026-04-20 09:46:11] [INFO] === 时间轴网格状态 ===
[2026-04-20 09:46:11] [INFO] 网格占用总数: 10
[2026-04-20 09:46:11] [INFO] (3, 1): TimelineAction(type=ENEMY, origin=(2, 1))
[2026-04-20 09:46:11] [INFO] (4, 1): TimelineAction(type=ENEMY, origin=(2, 1))
[2026-04-20 09:46:11] [INFO] (10, 0): TimelineAction(type=ENEMY, origin=(9, 0))
[2026-04-20 09:46:11] [INFO] (11, 0): TimelineAction(type=ENEMY, origin=(9, 0))
[2026-04-20 09:46:11] [INFO] (10, 1): TimelineAction(type=ENEMY, origin=(9, 1))
[2026-04-20 09:46:11] [INFO] (11, 1): TimelineAction(type=ENEMY, origin=(9, 1))
[2026-04-20 09:46:11] [INFO] (7, 2): TimelineAction(type=ENEMY, origin=(6, 2))
[2026-04-20 09:46:11] [INFO] (8, 2): TimelineAction(type=ENEMY, origin=(6, 2))
[2026-04-20 09:46:11] [INFO] (5, 2): TimelineAction(type=ENEMY, origin=(4, 2))
[2026-04-20 09:46:11] [INFO] (6, 2): TimelineAction(type=ENEMY, origin=(4, 2))
[2026-04-20 09:46:11] [INFO] === 网格状态结束 ===
[2026-04-20 09:46:11] [DEBUG] cursor_tooltip 已增强为PanelContainer样式
[2026-04-20 09:46:11] [DEBUG] 卡牌原始状态已保存: parent=Cards, pos=(0.0, 400.0), scale=(1.0, 1.0)
[2026-04-20 09:46:11] [DEBUG] 卡牌原始状态已保存: parent=Cards, pos=(0.0, 400.0), scale=(1.0, 1.0)
[2026-04-20 09:46:11] [DEBUG] 设置卡牌透明度: 1.0
[2026-04-20 09:46:11] [DEBUG] 卡牌原始状态已保存: parent=Cards, pos=(0.0, 400.0), scale=(1.0, 1.0)
[2026-04-20 09:46:11] [DEBUG] 设置卡牌透明度: 1.0
[2026-04-20 09:46:11] [DEBUG] 卡牌原始状态已保存: parent=Cards, pos=(0.0, 400.0), scale=(1.0, 1.0)
[2026-04-20 09:46:11] [DEBUG] 设置卡牌透明度: 1.0
[2026-04-20 09:46:11] [DEBUG] 卡牌原始状态已保存: parent=Cards, pos=(0.0, 400.0), scale=(1.0, 1.0)
[2026-04-20 09:46:11] [DEBUG] 设置卡牌透明度: 1.0
[2026-04-20 09:46:11] [DEBUG] 卡牌原始状态已保存: parent=Cards, pos=(0.0, 400.0), scale=(1.0, 1.0)
[2026-04-20 09:46:11] [DEBUG] 设置卡牌透明度: 1.0
[2026-04-20 09:46:11] [DEBUG] 卡牌原始状态已保存: parent=Cards, pos=(0.0, 400.0), scale=(1.0, 1.0)
[2026-04-20 09:46:11] [DEBUG] 设置卡牌透明度: 1.0
[2026-04-20 09:46:11] [DEBUG] 卡牌原始状态已保存: parent=Cards, pos=(0.0, 400.0), scale=(1.0, 1.0)
[2026-04-20 09:46:11] [DEBUG] 设置卡牌透明度: 1.0
[2026-04-20 09:46:11] [DEBUG] 卡牌原始状态已保存: parent=Cards, pos=(0.0, 400.0), scale=(1.0, 1.0)
[2026-04-20 09:46:11] [DEBUG] 设置卡牌透明度: 1.0
[2026-04-20 09:46:11] [DEBUG] 卡牌原始状态已保存: parent=Cards, pos=(0.0, 400.0), scale=(1.0, 1.0)
[2026-04-20 09:46:11] [DEBUG] 设置卡牌透明度: 1.0
[2026-04-20 09:46:11] [DEBUG] 卡牌原始状态已保存: parent=Cards, pos=(0.0, 400.0), scale=(1.0, 1.0)
[2026-04-20 09:46:11] [DEBUG] 设置卡牌透明度: 1.0
[2026-04-20 09:46:11] [DEBUG] 卡牌原始状态已保存: parent=Cards, pos=(0.0, 400.0), scale=(1.0, 1.0)
[2026-04-20 09:46:11] [DEBUG] 设置卡牌透明度: 1.0
[2026-04-20 09:46:11] [DEBUG] 卡牌原始状态已保存: parent=Cards, pos=(0.0, 400.0), scale=(1.0, 1.0)
[2026-04-20 09:46:11] [DEBUG] 设置卡牌透明度: 1.0
[2026-04-20 09:46:11] [DEBUG] 卡牌原始状态已保存: parent=Cards, pos=(0.0, 400.0), scale=(1.0, 1.0)
[2026-04-20 09:46:11] [DEBUG] 设置卡牌透明度: 1.0
[2026-04-20 09:46:11] [INFO] UI 更新完毕 | 抽牌堆: 14 | 弃牌堆: 0
[2026-04-20 09:46:11] [DEBUG] 解析并归一化形状成功！唯一特征码: [1], 尺寸: (1, 1)
[2026-04-20 09:46:11] [DEBUG] TimeBlock节点类型: Control, 路径: /root/in_scene/ui/Main/DeckPile/Cards/Card/TimeBlock
[2026-04-20 09:46:11] [DEBUG] TimeBlock是Control类型，尝试动态处理
[2026-04-20 09:46:11] [DEBUG] 已创建TextureRect子节点显示时间占位图片: 1
[2026-04-20 09:46:11] [DEBUG] 处理通用Control节点: Control
[2026-04-20 09:46:11] [DEBUG] 显示时间占位图片，位置: (27.5, -40.83334), 大小: (0.0, 0.0)
[2026-04-20 09:46:11] [DEBUG] 解析并归一化形状成功！唯一特征码: [1], 尺寸: (1, 1)
[2026-04-20 09:46:11] [DEBUG] TimeBlock节点类型: Control, 路径: /root/in_scene/ui/Main/DeckPile/Cards/@Control@320/TimeBlock
[2026-04-20 09:46:11] [DEBUG] TimeBlock是Control类型，尝试动态处理
[2026-04-20 09:46:11] [DEBUG] 已创建TextureRect子节点显示时间占位图片: 1
[2026-04-20 09:46:11] [DEBUG] 处理通用Control节点: Control
[2026-04-20 09:46:11] [DEBUG] 显示时间占位图片，位置: (27.5, -40.83334), 大小: (0.0, 0.0)
[2026-04-20 09:46:11] [DEBUG] 解析并归一化形状成功！唯一特征码: [1], 尺寸: (1, 1)
[2026-04-20 09:46:11] [DEBUG] TimeBlock节点类型: Control, 路径: /root/in_scene/ui/Main/DeckPile/Cards/@Control@321/TimeBlock
[2026-04-20 09:46:11] [DEBUG] TimeBlock是Control类型，尝试动态处理
[2026-04-20 09:46:11] [DEBUG] 已创建TextureRect子节点显示时间占位图片: 1
[2026-04-20 09:46:11] [DEBUG] 处理通用Control节点: Control
[2026-04-20 09:46:11] [DEBUG] 显示时间占位图片，位置: (27.5, -40.83334), 大小: (0.0, 0.0)
[2026-04-20 09:46:11] [DEBUG] 解析并归一化形状成功！唯一特征码: [1], 尺寸: (1, 1)
[2026-04-20 09:46:11] [DEBUG] TimeBlock节点类型: Control, 路径: /root/in_scene/ui/Main/DeckPile/Cards/@Control@322/TimeBlock
[2026-04-20 09:46:11] [DEBUG] TimeBlock是Control类型，尝试动态处理
[2026-04-20 09:46:11] [DEBUG] 已创建TextureRect子节点显示时间占位图片: 1
[2026-04-20 09:46:11] [DEBUG] 处理通用Control节点: Control
[2026-04-20 09:46:11] [DEBUG] 显示时间占位图片，位置: (27.5, -40.83334), 大小: (0.0, 0.0)
[2026-04-20 09:46:11] [DEBUG] 解析并归一化形状成功！唯一特征码: [1], 尺寸: (1, 1)
[2026-04-20 09:46:11] [DEBUG] TimeBlock节点类型: Control, 路径: /root/in_scene/ui/Main/DeckPile/Cards/@Control@323/TimeBlock
[2026-04-20 09:46:11] [DEBUG] TimeBlock是Control类型，尝试动态处理
[2026-04-20 09:46:11] [DEBUG] 已创建TextureRect子节点显示时间占位图片: 1
[2026-04-20 09:46:11] [DEBUG] 处理通用Control节点: Control
[2026-04-20 09:46:11] [DEBUG] 显示时间占位图片，位置: (27.5, -40.83334), 大小: (0.0, 0.0)
[2026-04-20 09:46:11] [DEBUG] 解析并归一化形状成功！唯一特征码: [1], 尺寸: (1, 1)
[2026-04-20 09:46:11] [DEBUG] TimeBlock节点类型: Control, 路径: /root/in_scene/ui/Main/DeckPile/Cards/@Control@324/TimeBlock
[2026-04-20 09:46:11] [DEBUG] TimeBlock是Control类型，尝试动态处理
[2026-04-20 09:46:11] [DEBUG] 已创建TextureRect子节点显示时间占位图片: 1
[2026-04-20 09:46:11] [DEBUG] 处理通用Control节点: Control
[2026-04-20 09:46:11] [DEBUG] 显示时间占位图片，位置: (27.5, -40.83334), 大小: (0.0, 0.0)
[2026-04-20 09:46:11] [DEBUG] 解析并归一化形状成功！唯一特征码: [1], 尺寸: (1, 1)
[2026-04-20 09:46:11] [DEBUG] TimeBlock节点类型: Control, 路径: /root/in_scene/ui/Main/DeckPile/Cards/@Control@325/TimeBlock
[2026-04-20 09:46:11] [DEBUG] TimeBlock是Control类型，尝试动态处理
[2026-04-20 09:46:11] [DEBUG] 已创建TextureRect子节点显示时间占位图片: 1
[2026-04-20 09:46:11] [DEBUG] 处理通用Control节点: Control
[2026-04-20 09:46:11] [DEBUG] 显示时间占位图片，位置: (27.5, -40.83334), 大小: (0.0, 0.0)
[2026-04-20 09:46:11] [DEBUG] 解析并归一化形状成功！唯一特征码: [11], 尺寸: (2, 1)
[2026-04-20 09:46:11] [DEBUG] TimeBlock节点类型: Control, 路径: /root/in_scene/ui/Main/DeckPile/Cards/@Control@326/TimeBlock
[2026-04-20 09:46:11] [DEBUG] TimeBlock是Control类型，尝试动态处理
[2026-04-20 09:46:11] [DEBUG] 已创建TextureRect子节点显示时间占位图片: 11
[2026-04-20 09:46:11] [DEBUG] 处理通用Control节点: Control
[2026-04-20 09:46:11] [DEBUG] 显示时间占位图片，位置: (27.5, -40.83334), 大小: (0.0, 0.0)
[2026-04-20 09:46:11] [DEBUG] 解析并归一化形状成功！唯一特征码: [1], 尺寸: (1, 1)
[2026-04-20 09:46:11] [DEBUG] TimeBlock节点类型: Control, 路径: /root/in_scene/ui/Main/DeckPile/Cards/@Control@327/TimeBlock
[2026-04-20 09:46:11] [DEBUG] TimeBlock是Control类型，尝试动态处理
[2026-04-20 09:46:11] [DEBUG] 已创建TextureRect子节点显示时间占位图片: 1
[2026-04-20 09:46:11] [DEBUG] 处理通用Control节点: Control
[2026-04-20 09:46:11] [DEBUG] 显示时间占位图片，位置: (27.5, -40.83334), 大小: (0.0, 0.0)
[2026-04-20 09:46:11] [DEBUG] 解析并归一化形状成功！唯一特征码: [1], 尺寸: (1, 1)
[2026-04-20 09:46:11] [DEBUG] TimeBlock节点类型: Control, 路径: /root/in_scene/ui/Main/DeckPile/Cards/@Control@328/TimeBlock
[2026-04-20 09:46:11] [DEBUG] TimeBlock是Control类型，尝试动态处理
[2026-04-20 09:46:11] [DEBUG] 已创建TextureRect子节点显示时间占位图片: 1
[2026-04-20 09:46:11] [DEBUG] 处理通用Control节点: Control
[2026-04-20 09:46:11] [DEBUG] 显示时间占位图片，位置: (27.5, -40.83334), 大小: (0.0, 0.0)
[2026-04-20 09:46:11] [DEBUG] 解析并归一化形状成功！唯一特征码: [11,11], 尺寸: (2, 2)
[2026-04-20 09:46:11] [DEBUG] TimeBlock节点类型: Control, 路径: /root/in_scene/ui/Main/DeckPile/Cards/@Control@329/TimeBlock
[2026-04-20 09:46:11] [DEBUG] TimeBlock是Control类型，尝试动态处理
[2026-04-20 09:46:11] [DEBUG] 已创建TextureRect子节点显示时间占位图片: 11,11
[2026-04-20 09:46:11] [DEBUG] 处理通用Control节点: Control
[2026-04-20 09:46:11] [DEBUG] 显示时间占位图片，位置: (27.5, -40.83334), 大小: (0.0, 0.0)
[2026-04-20 09:46:11] [DEBUG] 解析并归一化形状成功！唯一特征码: [1000,0001,1001], 尺寸: (4, 3)
[2026-04-20 09:46:11] [WARNING] 未找到时间占位图片: 1000,0001,1001
[2026-04-20 09:46:11] [DEBUG] 处理通用Control节点: Control
[2026-04-20 09:46:11] [DEBUG] 显示时间占位图片，位置: (27.5, -40.83334), 大小: (0.0, 0.0)
[2026-04-20 09:46:11] [DEBUG] 解析并归一化形状成功！唯一特征码: [1], 尺寸: (1, 1)
[2026-04-20 09:46:11] [DEBUG] TimeBlock节点类型: Control, 路径: /root/in_scene/ui/Main/DeckPile/Cards/@Control@331/TimeBlock
[2026-04-20 09:46:11] [DEBUG] TimeBlock是Control类型，尝试动态处理
[2026-04-20 09:46:11] [DEBUG] 已创建TextureRect子节点显示时间占位图片: 1
[2026-04-20 09:46:11] [DEBUG] 处理通用Control节点: Control
[2026-04-20 09:46:11] [DEBUG] 显示时间占位图片，位置: (27.5, -40.83334), 大小: (0.0, 0.0)
[2026-04-20 09:46:11] [DEBUG] 解析并归一化形状成功！唯一特征码: [1], 尺寸: (1, 1)
[2026-04-20 09:46:11] [DEBUG] TimeBlock节点类型: Control, 路径: /root/in_scene/ui/Main/DeckPile/Cards/@Control@332/TimeBlock
[2026-04-20 09:46:11] [DEBUG] TimeBlock是Control类型，尝试动态处理
[2026-04-20 09:46:11] [DEBUG] 已创建TextureRect子节点显示时间占位图片: 1
[2026-04-20 09:46:11] [DEBUG] 处理通用Control节点: Control
[2026-04-20 09:46:11] [DEBUG] 显示时间占位图片，位置: (27.5, -40.83334), 大小: (0.0, 0.0)
[2026-04-20 09:46:11] [DEBUG] 设置卡牌透明度: 1.0
[2026-04-20 09:46:11] [DEBUG] 设置卡牌透明度: 1.0
[2026-04-20 09:46:11] [DEBUG] 设置卡牌透明度: 1.0
[2026-04-20 09:46:11] [DEBUG] 设置卡牌透明度: 1.0
[2026-04-20 09:46:11] [DEBUG] 设置卡牌透明度: 1.0
[2026-04-20 09:46:11] [DEBUG] 设置卡牌透明度: 1.0
[2026-04-20 09:46:11] [DEBUG] 设置卡牌透明度: 1.0
[2026-04-20 09:46:11] [DEBUG] 设置卡牌透明度: 1.0
[2026-04-20 09:46:11] [DEBUG] 设置卡牌透明度: 1.0
[2026-04-20 09:46:11] [DEBUG] 设置卡牌透明度: 1.0
[2026-04-20 09:46:11] [DEBUG] 设置卡牌透明度: 1.0
[2026-04-20 09:46:11] [DEBUG] 设置卡牌透明度: 1.0
[2026-04-20 09:46:11] [DEBUG] 设置卡牌透明度: 1.0
[2026-04-20 09:46:12] [DEBUG] 左键点击抽牌堆：尝试抽牌...
[2026-04-20 09:46:12] [INFO] 开始摸牌，数量：3
[2026-04-20 09:46:12] [DEBUG] 设置卡牌透明度: 1.0
[2026-04-20 09:46:12] [DEBUG] 设置卡牌透明度: 1.0
[2026-04-20 09:46:12] [DEBUG] 设置卡牌透明度: 1.0
[2026-04-20 09:46:12] [DEBUG] 设置卡牌透明度: 1.0
[2026-04-20 09:46:12] [DEBUG] 设置卡牌透明度: 1.0
[2026-04-20 09:46:12] [DEBUG] 设置卡牌透明度: 1.0
[2026-04-20 09:46:12] [DEBUG] 设置卡牌透明度: 1.0
[2026-04-20 09:46:12] [DEBUG] 设置卡牌透明度: 1.0
[2026-04-20 09:46:12] [INFO] UI 更新完毕 | 抽牌堆: 13 | 弃牌堆: 0
[2026-04-20 09:46:12] [DEBUG] 设置卡牌透明度: 1.0
[2026-04-20 09:46:12] [DEBUG] 设置卡牌透明度: 1.0
[2026-04-20 09:46:12] [DEBUG] 设置卡牌透明度: 1.0
[2026-04-20 09:46:12] [DEBUG] 设置卡牌透明度: 1.0
[2026-04-20 09:46:12] [DEBUG] 设置卡牌透明度: 1.0
[2026-04-20 09:46:12] [DEBUG] 设置卡牌透明度: 1.0
[2026-04-20 09:46:12] [DEBUG] 设置卡牌透明度: 1.0
[2026-04-20 09:46:12] [DEBUG] 设置卡牌透明度: 1.0
[2026-04-20 09:46:12] [INFO] UI 更新完毕 | 抽牌堆: 12 | 弃牌堆: 0
[2026-04-20 09:46:12] [DEBUG] 设置卡牌透明度: 1.0
[2026-04-20 09:46:12] [INFO] UI 更新完毕 | 抽牌堆: 11 | 弃牌堆: 0
[2026-04-20 09:46:12] [DEBUG] 设置卡牌透明度: 1.0
[2026-04-20 09:46:12] [DEBUG] 设置卡牌透明度: 1.0
[2026-04-20 09:46:12] [DEBUG] 设置卡牌透明度: 1.0
[2026-04-20 09:46:13] [DEBUG] TimeBlock节点类型: Control, 路径: /root/in_scene/ui/Main/PlayerHand/Cards/@Control@321/TimeBlock
[2026-04-20 09:46:13] [DEBUG] TimeBlock是Control类型，尝试动态处理
[2026-04-20 09:46:13] [DEBUG] 已创建TextureRect子节点显示时间占位图片: 1
[2026-04-20 09:46:13] [DEBUG] 处理通用Control节点: Control
[2026-04-20 09:46:13] [DEBUG] 显示时间占位图片，位置: (27.5, -40.83334), 大小: (0.0, 0.0)
[2026-04-20 09:46:13] [DEBUG] 设置卡牌透明度: 0.5
[2026-04-20 09:46:14] [INFO] 🃏 卡牌打出！移交 DragShapeController 变形处理...
[2026-04-20 09:46:14] [DEBUG] 从实体卡牌继承解析坐标: [(0, 0)]
[2026-04-20 09:46:14] [DEBUG] 拖拽开始，显示形状预览
[2026-04-20 09:46:14] [DEBUG] 显示形状预览，坐标数量: 1
[2026-04-20 09:46:14] [DEBUG] 创建 1 个预览方块
[2026-04-20 09:46:14] [DEBUG] 设置预览容器位置: (709.0, 0.0)
[2026-04-20 09:46:14] [DEBUG] 设置预览方块位置: 方块索引=0, 网格坐标=(0, 0), 像素位置=(0.0, 0.0)
[2026-04-20 09:46:14] [DEBUG] 设置时间轴点击缩放权限: allow=true filter=1
[2026-04-20 09:46:14] [DEBUG] 已启用时间轴点击缩放权限（卡牌选中中）
[2026-04-20 09:46:14] [DEBUG] 已禁用时间轴UI鼠标交互
[2026-04-20 09:46:14] [DEBUG] 地块交互状态已设置为: false
[2026-04-20 09:46:14] [DEBUG] 已禁用地块交互
[2026-04-20 09:46:14] [DEBUG] 地块视觉状态锁已设置为: true
[2026-04-20 09:46:14] [DEBUG] 已禁用网格单元格鼠标交互: @Panel@258
[2026-04-20 09:46:14] [DEBUG] 已禁用网格单元格鼠标交互: @Panel@259
[2026-04-20 09:46:14] [DEBUG] 已禁用网格单元格鼠标交互: @Panel@260
[2026-04-20 09:46:14] [DEBUG] 已禁用网格单元格鼠标交互: @Panel@261
[2026-04-20 09:46:14] [DEBUG] 已禁用网格单元格鼠标交互: @Panel@262
[2026-04-20 09:46:14] [DEBUG] 已禁用网格单元格鼠标交互: @Panel@263
[2026-04-20 09:46:14] [DEBUG] 已禁用网格单元格鼠标交互: @Panel@264
[2026-04-20 09:46:14] [DEBUG] 已禁用网格单元格鼠标交互: @Panel@265
[2026-04-20 09:46:14] [DEBUG] 已禁用网格单元格鼠标交互: @Panel@266
[2026-04-20 09:46:14] [DEBUG] 已禁用网格单元格鼠标交互: @Panel@267
[2026-04-20 09:46:14] [DEBUG] 已禁用网格单元格鼠标交互: @Panel@268
[2026-04-20 09:46:14] [DEBUG] 已禁用网格单元格鼠标交互: @Panel@269
[2026-04-20 09:46:14] [DEBUG] 已禁用网格单元格鼠标交互: @Panel@270
[2026-04-20 09:46:14] [DEBUG] 已禁用网格单元格鼠标交互: @Panel@271
[2026-04-20 09:46:14] [DEBUG] 已禁用网格单元格鼠标交互: @Panel@272
[2026-04-20 09:46:14] [DEBUG] 已禁用网格单元格鼠标交互: @Panel@273
[2026-04-20 09:46:14] [DEBUG] 已禁用网格单元格鼠标交互: @Panel@274
[2026-04-20 09:46:14] [DEBUG] 已禁用网格单元格鼠标交互: @Panel@275
[2026-04-20 09:46:14] [DEBUG] 已禁用网格单元格鼠标交互: @Panel@276
[2026-04-20 09:46:14] [DEBUG] 已禁用网格单元格鼠标交互: @Panel@277
[2026-04-20 09:46:14] [DEBUG] 已禁用网格单元格鼠标交互: @Panel@278
[2026-04-20 09:46:14] [DEBUG] 已禁用网格单元格鼠标交互: @Panel@279
[2026-04-20 09:46:14] [DEBUG] 已禁用网格单元格鼠标交互: @Panel@280
[2026-04-20 09:46:14] [DEBUG] 已禁用网格单元格鼠标交互: @Panel@281
[2026-04-20 09:46:14] [DEBUG] 已禁用网格单元格鼠标交互: @Panel@282
[2026-04-20 09:46:14] [DEBUG] 已禁用网格单元格鼠标交互: @Panel@283
[2026-04-20 09:46:14] [DEBUG] 已禁用网格单元格鼠标交互: @Panel@284
[2026-04-20 09:46:14] [DEBUG] 已禁用网格单元格鼠标交互: @Panel@285
[2026-04-20 09:46:14] [DEBUG] 已禁用网格单元格鼠标交互: @Panel@286
[2026-04-20 09:46:14] [DEBUG] 已禁用网格单元格鼠标交互: @Panel@287
[2026-04-20 09:46:14] [DEBUG] 已禁用网格单元格鼠标交互: @Panel@288
[2026-04-20 09:46:14] [DEBUG] 已禁用网格单元格鼠标交互: @Panel@289
[2026-04-20 09:46:14] [DEBUG] 已禁用网格单元格鼠标交互: @Panel@290
[2026-04-20 09:46:14] [DEBUG] 已禁用网格单元格鼠标交互: @Panel@291
[2026-04-20 09:46:14] [DEBUG] 已禁用网格单元格鼠标交互: @Panel@292
[2026-04-20 09:46:14] [DEBUG] 已禁用网格单元格鼠标交互: @Panel@293
[2026-04-20 09:46:14] [INFO] 卡牌进入拖拽状态
[2026-04-20 09:46:14] [DEBUG] 卡牌原始状态已保存: parent=Cards, pos=(735.3996, 848.3884), scale=(1.0, 1.0)
[2026-04-20 09:46:14] [DEBUG] 卡牌父节点: Control @ (897.5, 856.0)
[2026-04-20 09:46:14] [DEBUG] 卡牌重新父级化前: 位置=(-162.1004, -7.611603), 大小=(125.0, 175.0)
[2026-04-20 09:46:14] [DEBUG] 卡牌缩放: 目标=2.0, 当前=(1.0, 1.0)
[2026-04-20 09:46:14] [DEBUG] 卡牌中心计算完成: (-37.1004, 167.3884)
[2026-04-20 09:46:14] [DEBUG] 拖拽偏移锁定为: (0.0, 0.0)
[2026-04-20 09:46:14] [INFO] 开始拖拽实体卡牌，已重新父级化到场景根节点
[2026-04-20 09:46:14] [DEBUG] 自由拖拽: 目标=(938.3372, 735.586)
[2026-04-20 09:46:14] [DEBUG] 自由拖拽: 目标=(938.3372, 735.586)
[2026-04-20 09:46:14] [DEBUG] 自由拖拽: 目标=(938.3372, 735.586)
[2026-04-20 09:46:14] [DEBUG] 自由拖拽: 目标=(938.3372, 735.586)
[2026-04-20 09:46:14] [DEBUG] 自由拖拽: 目标=(938.3372, 735.586)
[2026-04-20 09:46:14] [DEBUG] 自由拖拽: 目标=(938.3372, 735.586)
[2026-04-20 09:46:14] [DEBUG] 自由拖拽: 目标=(938.3372, 735.586)
[2026-04-20 09:46:14] [DEBUG] 自由拖拽: 目标=(938.3372, 735.586)
[2026-04-20 09:46:14] [DEBUG] 自由拖拽: 目标=(938.3372, 735.586)
[2026-04-20 09:46:14] [DEBUG] 自由拖拽: 目标=(938.3372, 735.586)
[2026-04-20 09:46:14] [DEBUG] 自由拖拽: 目标=(938.3372, 735.586)
[2026-04-20 09:46:14] [DEBUG] 自由拖拽: 目标=(938.3372, 735.586)
[2026-04-20 09:46:14] [DEBUG] 自由拖拽: 目标=(938.3372, 735.586)
[2026-04-20 09:46:14] [DEBUG] 自由拖拽: 目标=(938.3372, 735.586)
[2026-04-20 09:46:14] [DEBUG] 自由拖拽: 目标=(938.3372, 735.586)
[2026-04-20 09:46:14] [DEBUG] 自由拖拽: 目标=(938.3372, 735.586)
[2026-04-20 09:46:14] [DEBUG] 自由拖拽: 目标=(938.3372, 735.586)
[2026-04-20 09:46:14] [DEBUG] 自由拖拽: 目标=(938.3372, 735.586)
[2026-04-20 09:46:14] [DEBUG] 自由拖拽: 目标=(938.3372, 735.586)
[2026-04-20 09:46:14] [DEBUG] 自由拖拽: 目标=(938.3372, 735.586)
[2026-04-20 09:46:14] [DEBUG] 自由拖拽: 目标=(938.3372, 735.586)
[2026-04-20 09:46:14] [DEBUG] 自由拖拽: 目标=(938.3372, 735.586)
[2026-04-20 09:46:14] [DEBUG] 自由拖拽: 目标=(938.3372, 735.586)
[2026-04-20 09:46:14] [DEBUG] 自由拖拽: 目标=(938.3372, 735.586)
[2026-04-20 09:46:14] [DEBUG] 自由拖拽: 目标=(938.3372, 735.586)
[2026-04-20 09:46:14] [DEBUG] 自由拖拽: 目标=(938.3372, 735.586)
[2026-04-20 09:46:14] [DEBUG] 自由拖拽: 目标=(938.3372, 735.586)
[2026-04-20 09:46:14] [DEBUG] 自由拖拽: 目标=(938.3372, 735.586)
[2026-04-20 09:46:14] [DEBUG] 自由拖拽: 目标=(938.3372, 735.586)
[2026-04-20 09:46:14] [DEBUG] 自由拖拽: 目标=(938.3372, 735.586)
[2026-04-20 09:46:14] [DEBUG] 自由拖拽: 目标=(938.3372, 735.586)
[2026-04-20 09:46:14] [DEBUG] 自由拖拽: 目标=(938.3372, 735.586)
[2026-04-20 09:46:14] [DEBUG] 自由拖拽: 目标=(938.3372, 735.586)
[2026-04-20 09:46:14] [DEBUG] 自由拖拽: 目标=(938.3372, 735.586)
[2026-04-20 09:46:14] [DEBUG] 自由拖拽: 目标=(938.3372, 735.586)
[2026-04-20 09:46:14] [DEBUG] 自由拖拽: 目标=(938.3372, 735.586)
[2026-04-20 09:46:14] [DEBUG] 自由拖拽: 目标=(938.3372, 735.586)
[2026-04-20 09:46:14] [DEBUG] 自由拖拽: 目标=(938.3372, 735.586)
[2026-04-20 09:46:14] [DEBUG] 自由拖拽: 目标=(938.3372, 735.586)
[2026-04-20 09:46:14] [DEBUG] 自由拖拽: 目标=(938.3372, 735.586)
[2026-04-20 09:46:14] [DEBUG] 自由拖拽: 目标=(938.3372, 735.586)
[2026-04-20 09:46:14] [DEBUG] 自由拖拽: 目标=(938.3372, 735.586)
[2026-04-20 09:46:14] [DEBUG] 自由拖拽: 目标=(938.3372, 735.586)
[2026-04-20 09:46:14] [DEBUG] 自由拖拽: 目标=(938.3372, 735.586)
[2026-04-20 09:46:14] [DEBUG] 自由拖拽: 目标=(938.3372, 735.586)
[2026-04-20 09:46:14] [DEBUG] 自由拖拽: 目标=(938.3372, 735.586)
[2026-04-20 09:46:14] [DEBUG] 自由拖拽: 目标=(938.3372, 735.586)
[2026-04-20 09:46:14] [DEBUG] 自由拖拽: 目标=(938.3372, 735.586)
[2026-04-20 09:46:14] [DEBUG] 自由拖拽: 目标=(938.3372, 735.586)
[2026-04-20 09:46:14] [DEBUG] 自由拖拽: 目标=(938.3372, 735.586)
[2026-04-20 09:46:14] [DEBUG] 自由拖拽: 目标=(938.3372, 734.4456)
[2026-04-20 09:46:14] [DEBUG] 自由拖拽: 目标=(938.3372, 728.7433)
[2026-04-20 09:46:14] [DEBUG] 自由拖拽: 目标=(938.3372, 712.7772)
[2026-04-20 09:46:14] [DEBUG] 自由拖拽: 目标=(938.3372, 712.7772)
[2026-04-20 09:46:14] [DEBUG] 自由拖拽: 目标=(938.3372, 702.5132)
[2026-04-20 09:46:14] [DEBUG] 自由拖拽: 目标=(938.3372, 692.2491)
[2026-04-20 09:46:14] [DEBUG] 自由拖拽: 目标=(938.3372, 692.2491)
[2026-04-20 09:46:14] [DEBUG] 自由拖拽: 目标=(938.3372, 678.5638)
[2026-04-20 09:46:14] [DEBUG] 自由拖拽: 目标=(938.3372, 664.8785)
[2026-04-20 09:46:14] [DEBUG] 自由拖拽: 目标=(938.3372, 664.8785)
[2026-04-20 09:46:14] [DEBUG] 自由拖拽: 目标=(938.3372, 647.7719)
[2026-04-20 09:46:14] [DEBUG] 自由拖拽: 目标=(938.3372, 629.5248)
[2026-04-20 09:46:14] [DEBUG] 自由拖拽: 目标=(938.3372, 607.8564)
[2026-04-20 09:46:14] [DEBUG] 自由拖拽: 目标=(938.3372, 607.8564)
[2026-04-20 09:46:14] [DEBUG] 自由拖拽: 目标=(938.3372, 581.6262)
[2026-04-20 09:46:14] [DEBUG] 自由拖拽: 目标=(940.6175, 532.5871)
[2026-04-20 09:46:14] [DEBUG] 自由拖拽: 目标=(940.6175, 532.5871)
[2026-04-20 09:46:14] [DEBUG] 自由拖拽: 目标=(942.8978, 506.3569)
[2026-04-20 09:46:14] [DEBUG] 自由拖拽: 目标=(944.038, 480.1267)
[2026-04-20 09:46:14] [DEBUG] 自由拖拽: 目标=(944.038, 480.1267)
[2026-04-20 09:46:14] [DEBUG] 自由拖拽: 目标=(944.038, 458.4583)
[2026-04-20 09:46:14] [DEBUG] 自由拖拽: 目标=(944.038, 433.3685)
[2026-04-20 09:46:14] [DEBUG] 自由拖拽: 目标=(944.038, 411.7001)
[2026-04-20 09:46:14] [DEBUG] 自由拖拽: 目标=(944.038, 393.453)
[2026-04-20 09:46:14] [DEBUG] 自由拖拽: 目标=(944.038, 393.453)
[2026-04-20 09:46:14] [DEBUG] 自由拖拽: 目标=(944.038, 376.3463)
[2026-04-20 09:46:14] [DEBUG] 自由拖拽: 目标=(944.038, 376.3463)
[2026-04-20 09:46:14] [DEBUG] 自由拖拽: 目标=(944.038, 360.3801)
[2026-04-20 09:46:14] [DEBUG] 自由拖拽: 目标=(944.038, 344.4139)
[2026-04-20 09:46:14] [DEBUG] 自由拖拽: 目标=(944.038, 344.4139)
[2026-04-20 09:46:14] [DEBUG] 自由拖拽: 目标=(944.038, 331.869)
[2026-04-20 09:46:14] [DEBUG] 自由拖拽: 目标=(944.038, 314.7624)
[2026-04-20 09:46:14] [DEBUG] 自由拖拽: 目标=(944.038, 314.7624)
[2026-04-20 09:46:14] [DEBUG] 自由拖拽: 目标=(944.038, 306.7793)
[2026-04-20 09:46:14] [DEBUG] 自由拖拽: 目标=(944.038, 299.9366)
[2026-04-20 09:46:14] [DEBUG] 自由拖拽: 目标=(944.038, 299.9366)
[2026-04-20 09:46:14] [DEBUG] 自由拖拽: 目标=(944.038, 294.2344)
[2026-04-20 09:46:14] [DEBUG] 自由拖拽: 目标=(944.038, 289.6726)
[2026-04-20 09:46:14] [DEBUG] 自由拖拽: 目标=(942.8978, 286.2513)
[2026-04-20 09:46:14] [DEBUG] 自由拖拽: 目标=(942.8978, 283.9704)
[2026-04-20 09:46:14] [DEBUG] 自由拖拽: 目标=(942.8978, 283.9704)
[2026-04-20 09:46:14] [DEBUG] 自由拖拽: 目标=(941.7576, 281.6895)
[2026-04-20 09:46:14] [DEBUG] 自由拖拽: 目标=(941.7576, 281.6895)
[2026-04-20 09:46:14] [DEBUG] 自由拖拽: 目标=(941.7576, 280.5491)
[2026-04-20 09:46:14] [DEBUG] 自由拖拽: 目标=(941.7576, 280.5491)
[2026-04-20 09:46:14] [DEBUG] 自由拖拽: 目标=(941.7576, 280.5491)
[2026-04-20 09:46:14] [DEBUG] 自由拖拽: 目标=(941.7576, 280.5491)
[2026-04-20 09:46:14] [DEBUG] 自由拖拽: 目标=(941.7576, 279.4087)
[2026-04-20 09:46:14] [DEBUG] 自由拖拽: 目标=(941.7576, 279.4087)
[2026-04-20 09:46:14] [DEBUG] 自由拖拽: 目标=(941.7576, 279.4087)
[2026-04-20 09:46:14] [DEBUG] 自由拖拽: 目标=(941.7576, 279.4087)
[2026-04-20 09:46:14] [DEBUG] 自由拖拽: 目标=(941.7576, 279.4087)
[2026-04-20 09:46:14] [DEBUG] 自由拖拽: 目标=(941.7576, 279.4087)
[2026-04-20 09:46:14] [DEBUG] 自由拖拽: 目标=(941.7576, 279.4087)
[2026-04-20 09:46:14] [DEBUG] 自由拖拽: 目标=(941.7576, 278.2682)
[2026-04-20 09:46:14] [DEBUG] 自由拖拽: 目标=(941.7576, 278.2682)
[2026-04-20 09:46:14] [DEBUG] 自由拖拽: 目标=(946.3182, 268.0042)
[2026-04-20 09:46:14] [DEBUG] 自由拖拽: 目标=(946.3182, 268.0042)
[2026-04-20 09:46:14] [DEBUG] 自由拖拽: 目标=(946.3182, 268.0042)
[2026-04-20 09:46:14] [DEBUG] 自由拖拽: 目标=(949.7386, 263.4424)
[2026-04-20 09:46:14] [DEBUG] 自由拖拽: 目标=(955.4394, 250.8976)
[2026-04-20 09:46:14] [DEBUG] 自由拖拽: 目标=(962.2802, 239.4931)
[2026-04-20 09:46:14] [DEBUG] 自由拖拽: 目标=(962.2802, 239.4931)
[2026-04-20 09:46:14] [DEBUG] 自由拖拽: 目标=(963.4203, 236.0718)
[2026-04-20 09:46:14] [DEBUG] 自由拖拽: 目标=(965.7006, 224.6674)
[2026-04-20 09:46:14] [DEBUG] 自由拖拽: 目标=(965.7006, 224.6674)
[2026-04-20 09:46:14] [DEBUG] 自由拖拽: 目标=(966.8408, 222.3865)
[2026-04-20 09:46:14] [DEBUG] 自由拖拽: 目标=(969.1211, 215.5438)
[2026-04-20 09:46:14] [DEBUG] 自由拖拽: 目标=(969.1211, 215.5438)
[2026-04-20 09:46:14] [DEBUG] 自由拖拽: 目标=(969.1211, 213.2629)
[2026-04-20 09:46:14] [DEBUG] 自由拖拽: 目标=(971.4014, 206.4203)
[2026-04-20 09:46:14] [DEBUG] 自由拖拽: 目标=(971.4014, 206.4203)
[2026-04-20 09:46:14] [DEBUG] 自由拖拽: 目标=(972.5415, 201.8585)
[2026-04-20 09:46:14] [DEBUG] 自由拖拽: 目标=(974.8218, 191.5945)
[2026-04-20 09:46:14] [DEBUG] 时间轴悬停调试: 
  - 鼠标位置: (975.9619, 185.8923)
  - 网格背景本地鼠标位置: (261.6413, 123.9282) (已自动剔除缩放变换)
  - 格子大小: 42.0 (ui_slot_size=40.0, ui_spacing=2.0)
  - 网格坐标: (6, 2)
  - 网格边界检查: true (范围: X[0-11], Y[0-2])
  - 拖拽偏移: (0.0, 0.0)
  - 目标中心: (975.9619, 185.8923)
  - 当前卡牌位置: (849.8218, 16.59447)
[2026-04-20 09:46:14] [DEBUG] 卡牌左上角计算: 大小=(125.0, 175.0), 缩放=(2.0, 2.0), 左上角=(850.9619, 10.89227)
[2026-04-20 09:46:14] [DEBUG] 更新预览位置: (6, 2), 有效: false
[2026-04-20 09:46:14] [DEBUG] 设置预览容器位置: (583.5, 0.0)
[2026-04-20 09:46:14] [DEBUG] 设置预览方块位置: 方块索引=0, 网格坐标=(6, 2), 像素位置=(252.0, 84.0)
[2026-04-20 09:46:14] [DEBUG] 更新网格预览: 形状=[(0, 0)], 原点=(6, 2), 有效=false, 全部在边界内=true, 敌人重叠=true
[2026-04-20 09:46:14] [DEBUG] 时间轴悬停调试: 
  - 鼠标位置: (977.1021, 177.9092)
  - 网格背景本地鼠标位置: (262.4014, 118.6061) (已自动剔除缩放变换)
  - 格子大小: 42.0 (ui_slot_size=40.0, ui_spacing=2.0)
  - 网格坐标: (6, 2)
  - 网格边界检查: true (范围: X[0-11], Y[0-2])
  - 拖拽偏移: (0.0, 0.0)
  - 目标中心: (977.1021, 177.9092)
  - 当前卡牌位置: (852.0804, 44.80387)
[2026-04-20 09:46:14] [DEBUG] 卡牌左上角计算: 大小=(125.0, 175.0), 缩放=(1.956869, 1.956869), 左上角=(854.7977, 6.68309)
[2026-04-20 09:46:14] [DEBUG] 更新网格预览: 形状=[(0, 0)], 原点=(6, 2), 有效=false, 全部在边界内=true, 敌人重叠=true
[2026-04-20 09:46:14] [DEBUG] 时间轴悬停调试: 
  - 鼠标位置: (977.1021, 175.6283)
  - 网格背景本地鼠标位置: (262.4014, 117.0855) (已自动剔除缩放变换)
  - 格子大小: 42.0 (ui_slot_size=40.0, ui_spacing=2.0)
  - 网格坐标: (6, 2)
  - 网格边界检查: true (范围: X[0-11], Y[0-2])
  - 拖拽偏移: (0.0, 0.0)
  - 目标中心: (977.1021, 175.6283)
  - 当前卡牌位置: (853.1492, 78.76961)
[2026-04-20 09:46:14] [DEBUG] 卡牌左上角计算: 大小=(125.0, 175.0), 缩放=(1.913739, 1.913739), 左上角=(857.4934, 8.176117)
[2026-04-20 09:46:14] [DEBUG] 更新网格预览: 形状=[(0, 0)], 原点=(6, 2), 有效=false, 全部在边界内=true, 敌人重叠=true
[2026-04-20 09:46:14] [DEBUG] 时间轴悬停调试: 
  - 鼠标位置: (977.1021, 175.6283)
  - 网格背景本地鼠标位置: (262.4014, 117.0855) (已自动剔除缩放变换)
  - 格子大小: 42.0 (ui_slot_size=40.0, ui_spacing=2.0)
  - 网格坐标: (6, 2)
  - 网格边界检查: true (范围: X[0-11], Y[0-2])
  - 拖拽偏移: (0.0, 0.0)
  - 目标中心: (977.1021, 175.6283)
  - 当前卡牌位置: (854.1673, 112.7887)
[2026-04-20 09:46:14] [DEBUG] 卡牌左上角计算: 大小=(125.0, 175.0001), 缩放=(1.870608, 1.870608), 左上角=(860.1891, 11.95006)
[2026-04-20 09:46:14] [DEBUG] 更新网格预览: 形状=[(0, 0)], 原点=(6, 2), 有效=false, 全部在边界内=true, 敌人重叠=true
[2026-04-20 09:46:14] [DEBUG] 时间轴悬停调试: 
  - 鼠标位置: (977.1021, 172.207)
  - 网格背景本地鼠标位置: (262.4014, 114.8046) (已自动剔除缩放变换)
  - 格子大小: 42.0 (ui_slot_size=40.0, ui_spacing=2.0)
  - 网格坐标: (6, 2)
  - 网格边界检查: true (范围: X[0-11], Y[0-2])
  - 拖拽偏移: (0.0, 0.0)
  - 目标中心: (977.1021, 172.207)
  - 当前卡牌位置: (855.1343, 146.8605)
[2026-04-20 09:46:14] [DEBUG] 卡牌左上角计算: 大小=(125.0001, 175.0001), 缩放=(1.827477, 1.827477), 左上角=(862.8846, 12.30267)
[2026-04-20 09:46:14] [DEBUG] 更新网格预览: 形状=[(0, 0)], 原点=(6, 2), 有效=false, 全部在边界内=true, 敌人重叠=true
[2026-04-20 09:46:14] [DEBUG] 时间轴悬停调试: 
  - 鼠标位置: (977.1021, 172.207)
  - 网格背景本地鼠标位置: (262.4014, 114.8046) (已自动剔除缩放变换)
  - 格子大小: 42.0 (ui_slot_size=40.0, ui_spacing=2.0)
  - 网格坐标: (6, 2)
  - 网格边界检查: true (范围: X[0-11], Y[0-2])
  - 拖拽偏移: (0.0, 0.0)
  - 目标中心: (977.1021, 172.207)
  - 当前卡牌位置: (856.0492, 180.9839)
[2026-04-20 09:46:14] [DEBUG] 卡牌左上角计算: 大小=(125.0001, 175.0001), 缩放=(1.784346, 1.784346), 左上角=(865.5803, 16.0766)
[2026-04-20 09:46:14] [DEBUG] 更新网格预览: 形状=[(0, 0)], 原点=(6, 2), 有效=false, 全部在边界内=true, 敌人重叠=true
[2026-04-20 09:46:14] [DEBUG] 时间轴悬停调试: 
  - 鼠标位置: (978.2422, 171.0665)
  - 网格背景本地鼠标位置: (263.1615, 114.0444) (已自动剔除缩放变换)
  - 格子大小: 42.0 (ui_slot_size=40.0, ui_spacing=2.0)
  - 网格坐标: (6, 2)
  - 网格边界检查: true (范围: X[0-11], Y[0-2])
  - 拖拽偏移: (0.0, 0.0)
  - 目标中心: (978.2422, 171.0665)
  - 当前卡牌位置: (856.9115, 215.1585)
[2026-04-20 09:46:14] [DEBUG] 卡牌左上角计算: 大小=(125.0001, 175.0001), 缩放=(1.741216, 1.741216), 左上角=(869.4161, 18.7101)
[2026-04-20 09:46:14] [DEBUG] 更新网格预览: 形状=[(0, 0)], 原点=(6, 2), 有效=false, 全部在边界内=true, 敌人重叠=true
[2026-04-20 09:46:14] [DEBUG] 时间轴悬停调试: 
  - 鼠标位置: (978.2422, 171.0665)
  - 网格背景本地鼠标位置: (263.1615, 114.0444) (已自动剔除缩放变换)
  - 格子大小: 42.0 (ui_slot_size=40.0, ui_spacing=2.0)
  - 网格坐标: (6, 2)
  - 网格边界检查: true (范围: X[0-11], Y[0-2])
  - 拖拽偏移: (0.0, 0.0)
  - 目标中心: (978.2422, 171.0665)
  - 当前卡牌位置: (857.7205, 249.3831)
[2026-04-20 09:46:14] [DEBUG] 卡牌左上角计算: 大小=(125.0001, 175.0001), 缩放=(1.698085, 1.698085), 左上角=(872.1118, 22.48404)
[2026-04-20 09:46:14] [DEBUG] 更新网格预览: 形状=[(0, 0)], 原点=(6, 2), 有效=false, 全部在边界内=true, 敌人重叠=true
[2026-04-20 09:46:14] [DEBUG] 时间轴悬停调试: 
  - 鼠标位置: (978.2422, 169.9261)
  - 网格背景本地鼠标位置: (263.1615, 113.284) (已自动剔除缩放变换)
  - 格子大小: 42.0 (ui_slot_size=40.0, ui_spacing=2.0)
  - 网格坐标: (6, 2)
  - 网格边界检查: true (范围: X[0-11], Y[0-2])
  - 拖拽偏移: (0.0, 0.0)
  - 目标中心: (978.2422, 169.9261)
  - 当前卡牌位置: (858.4755, 283.6572)
[2026-04-20 09:46:14] [DEBUG] 卡牌左上角计算: 大小=(125.0001, 175.0001), 缩放=(1.654954, 1.654954), 左上角=(874.8075, 25.11752)
[2026-04-20 09:46:14] [DEBUG] 更新网格预览: 形状=[(0, 0)], 原点=(6, 2), 有效=false, 全部在边界内=true, 敌人重叠=true
[2026-04-20 09:46:14] [DEBUG] 时间轴悬停调试: 
  - 鼠标位置: (978.2422, 169.9261)
  - 网格背景本地鼠标位置: (263.1615, 113.284) (已自动剔除缩放变换)
  - 格子大小: 42.0 (ui_slot_size=40.0, ui_spacing=2.0)
  - 网格坐标: (6, 2)
  - 网格边界检查: true (范围: X[0-11], Y[0-2])
  - 拖拽偏移: (0.0, 0.0)
  - 目标中心: (978.2422, 169.9261)
  - 当前卡牌位置: (859.1759, 317.9799)
[2026-04-20 09:46:14] [DEBUG] 卡牌左上角计算: 大小=(125.0001, 175.0001), 缩放=(1.611824, 1.611824), 左上角=(877.5032, 28.89143)
[2026-04-20 09:46:14] [DEBUG] 更新网格预览: 形状=[(0, 0)], 原点=(6, 2), 有效=false, 全部在边界内=true, 敌人重叠=true
[2026-04-20 09:46:15] [DEBUG] 时间轴悬停调试: 
  - 鼠标位置: (978.2422, 169.9261)
  - 网格背景本地鼠标位置: (263.1615, 113.284) (已自动剔除缩放变换)
  - 格子大小: 42.0 (ui_slot_size=40.0, ui_spacing=2.0)
  - 网格坐标: (6, 2)
  - 网格边界检查: true (范围: X[0-11], Y[0-2])
  - 拖拽偏移: (0.0, 0.0)
  - 目标中心: (978.2422, 169.9261)
  - 当前卡牌位置: (859.821, 352.3502)
[2026-04-20 09:46:15] [DEBUG] 卡牌左上角计算: 大小=(125.0001, 175.0001), 缩放=(1.568693, 1.568693), 左上角=(880.1989, 32.66539)
[2026-04-20 09:46:15] [DEBUG] 更新网格预览: 形状=[(0, 0)], 原点=(6, 2), 有效=false, 全部在边界内=true, 敌人重叠=true
[2026-04-20 09:46:15] [DEBUG] 时间轴悬停调试: 
  - 鼠标位置: (978.2422, 169.9261)
  - 网格背景本地鼠标位置: (263.1615, 113.284) (已自动剔除缩放变换)
  - 格子大小: 42.0 (ui_slot_size=40.0, ui_spacing=2.0)
  - 网格坐标: (6, 2)
  - 网格边界检查: true (范围: X[0-11], Y[0-2])
  - 拖拽偏移: (0.0, 0.0)
  - 目标中心: (978.2422, 169.9261)
  - 当前卡牌位置: (860.4102, 386.7675)
[2026-04-20 09:46:15] [DEBUG] 卡牌左上角计算: 大小=(125.0001, 175.0), 缩放=(1.525562, 1.525562), 左上角=(882.8945, 36.43936)
[2026-04-20 09:46:15] [DEBUG] 更新网格预览: 形状=[(0, 0)], 原点=(6, 2), 有效=false, 全部在边界内=true, 敌人重叠=true
[2026-04-20 09:46:15] [DEBUG] 时间轴悬停调试: 
  - 鼠标位置: (978.2422, 169.9261)
  - 网格背景本地鼠标位置: (263.1615, 113.284) (已自动剔除缩放变换)
  - 格子大小: 42.0 (ui_slot_size=40.0, ui_spacing=2.0)
  - 网格坐标: (6, 2)
  - 网格边界检查: true (范围: X[0-11], Y[0-2])
  - 拖拽偏移: (0.0, 0.0)
  - 目标中心: (978.2422, 169.9261)
  - 当前卡牌位置: (860.9427, 421.2308)
[2026-04-20 09:46:15] [DEBUG] 卡牌左上角计算: 大小=(125.0001, 175.0), 缩放=(1.482431, 1.482431), 左上角=(885.5902, 40.2133)
[2026-04-20 09:46:15] [DEBUG] 更新网格预览: 形状=[(0, 0)], 原点=(6, 2), 有效=false, 全部在边界内=true, 敌人重叠=true
[2026-04-20 09:46:15] [DEBUG] 时间轴悬停调试: 
  - 鼠标位置: (978.2422, 169.9261)
  - 网格背景本地鼠标位置: (263.1615, 113.284) (已自动剔除缩放变换)
  - 格子大小: 42.0 (ui_slot_size=40.0, ui_spacing=2.0)
  - 网格坐标: (6, 2)
  - 网格边界检查: true (范围: X[0-11], Y[0-2])
  - 拖拽偏移: (0.0, 0.0)
  - 目标中心: (978.2422, 169.9261)
  - 当前卡牌位置: (861.4182, 455.7392)
[2026-04-20 09:46:15] [DEBUG] 卡牌左上角计算: 大小=(125.0001, 175.0), 缩放=(1.439301, 1.439301), 左上角=(888.2858, 43.98724)
[2026-04-20 09:46:15] [DEBUG] 更新网格预览: 形状=[(0, 0)], 原点=(6, 2), 有效=false, 全部在边界内=true, 敌人重叠=true
[2026-04-20 09:46:15] [DEBUG] 时间轴悬停调试: 
  - 鼠标位置: (978.2422, 169.9261)
  - 网格背景本地鼠标位置: (263.1615, 113.284) (已自动剔除缩放变换)
  - 格子大小: 42.0 (ui_slot_size=40.0, ui_spacing=2.0)
  - 网格坐标: (6, 2)
  - 网格边界检查: true (范围: X[0-11], Y[0-2])
  - 拖拽偏移: (0.0, 0.0)
  - 目标中心: (978.2422, 169.9261)
  - 当前卡牌位置: (861.8359, 490.292)
[2026-04-20 09:46:15] [DEBUG] 卡牌左上角计算: 大小=(125.0001, 175.0), 缩放=(1.39617, 1.39617), 左上角=(890.9815, 47.76121)
[2026-04-20 09:46:15] [DEBUG] 更新网格预览: 形状=[(0, 0)], 原点=(6, 2), 有效=false, 全部在边界内=true, 敌人重叠=true
[2026-04-20 09:46:15] [DEBUG] 时间轴悬停调试: 
  - 鼠标位置: (978.2422, 169.9261)
  - 网格背景本地鼠标位置: (263.1615, 113.284) (已自动剔除缩放变换)
  - 格子大小: 42.0 (ui_slot_size=40.0, ui_spacing=2.0)
  - 网格坐标: (6, 2)
  - 网格边界检查: true (范围: X[0-11], Y[0-2])
  - 拖拽偏移: (0.0, 0.0)
  - 目标中心: (978.2422, 169.9261)
  - 当前卡牌位置: (862.1953, 524.8882)
[2026-04-20 09:46:15] [DEBUG] 卡牌左上角计算: 大小=(125.0001, 175.0), 缩放=(1.353039, 1.353039), 左上角=(893.6772, 51.53513)
[2026-04-20 09:46:15] [DEBUG] 更新网格预览: 形状=[(0, 0)], 原点=(6, 2), 有效=false, 全部在边界内=true, 敌人重叠=true
[2026-04-20 09:46:15] [DEBUG] 时间轴悬停调试: 
  - 鼠标位置: (978.2422, 169.9261)
  - 网格背景本地鼠标位置: (263.1615, 113.284) (已自动剔除缩放变换)
  - 格子大小: 42.0 (ui_slot_size=40.0, ui_spacing=2.0)
  - 网格坐标: (6, 2)
  - 网格边界检查: true (范围: X[0-11], Y[0-2])
  - 拖拽偏移: (0.0, 0.0)
  - 目标中心: (978.2422, 169.9261)
  - 当前卡牌位置: (862.4957, 559.527)
[2026-04-20 09:46:15] [DEBUG] 卡牌左上角计算: 大小=(125.0001, 175.0), 缩放=(1.309909, 1.309909), 左上角=(896.3729, 55.30907)
[2026-04-20 09:46:15] [DEBUG] 更新网格预览: 形状=[(0, 0)], 原点=(6, 2), 有效=false, 全部在边界内=true, 敌人重叠=true
[2026-04-20 09:46:15] [DEBUG] 时间轴悬停调试: 
  - 鼠标位置: (978.2422, 169.9261)
  - 网格背景本地鼠标位置: (263.1615, 113.284) (已自动剔除缩放变换)
  - 格子大小: 42.0 (ui_slot_size=40.0, ui_spacing=2.0)
  - 网格坐标: (6, 2)
  - 网格边界检查: true (范围: X[0-11], Y[0-2])
  - 拖拽偏移: (0.0, 0.0)
  - 目标中心: (978.2422, 169.9261)
  - 当前卡牌位置: (862.7367, 594.2076)
[2026-04-20 09:46:15] [DEBUG] 卡牌左上角计算: 大小=(125.0001, 175.0), 缩放=(1.266778, 1.266778), 左上角=(899.0685, 59.08302)
[2026-04-20 09:46:15] [DEBUG] 更新网格预览: 形状=[(0, 0)], 原点=(6, 2), 有效=false, 全部在边界内=true, 敌人重叠=true
[2026-04-20 09:46:15] [DEBUG] 时间轴悬停调试: 
  - 鼠标位置: (978.2422, 169.9261)
  - 网格背景本地鼠标位置: (263.1615, 113.284) (已自动剔除缩放变换)
  - 格子大小: 42.0 (ui_slot_size=40.0, ui_spacing=2.0)
  - 网格坐标: (6, 2)
  - 网格边界检查: true (范围: X[0-11], Y[0-2])
  - 拖拽偏移: (0.0, 0.0)
  - 目标中心: (978.2422, 169.9261)
  - 当前卡牌位置: (862.9176, 628.9288)
[2026-04-20 09:46:15] [DEBUG] 卡牌左上角计算: 大小=(125.0001, 175.0), 缩放=(1.223647, 1.223647), 左上角=(901.7642, 62.85695)
[2026-04-20 09:46:15] [DEBUG] 更新网格预览: 形状=[(0, 0)], 原点=(6, 2), 有效=false, 全部在边界内=true, 敌人重叠=true
[2026-04-20 09:46:15] [DEBUG] 时间轴悬停调试: 
  - 鼠标位置: (978.2422, 168.7856)
  - 网格背景本地鼠标位置: (263.1615, 112.5238) (已自动剔除缩放变换)
  - 格子大小: 42.0 (ui_slot_size=40.0, ui_spacing=2.0)
  - 网格坐标: (6, 2)
  - 网格边界检查: true (范围: X[0-11], Y[0-2])
  - 拖拽偏移: (0.0, 0.0)
  - 目标中心: (978.2422, 168.7856)
  - 当前卡牌位置: (862.9176, 628.9288)
[2026-04-20 09:46:15] [DEBUG] 卡牌左上角计算: 大小=(125.0001, 175.0), 缩放=(1.223647, 1.223647), 左上角=(901.7642, 61.71651)
[2026-04-20 09:46:15] [DEBUG] 更新网格预览: 形状=[(0, 0)], 原点=(6, 2), 有效=false, 全部在边界内=true, 敌人重叠=true
[2026-04-20 09:46:15] [DEBUG] 时间轴悬停调试: 
  - 鼠标位置: (978.2422, 167.6452)
  - 网格背景本地鼠标位置: (263.1615, 111.7635) (已自动剔除缩放变换)
  - 格子大小: 42.0 (ui_slot_size=40.0, ui_spacing=2.0)
  - 网格坐标: (6, 2)
  - 网格边界检查: true (范围: X[0-11], Y[0-2])
  - 拖拽偏移: (0.0, 0.0)
  - 目标中心: (978.2422, 167.6452)
  - 当前卡牌位置: (901.7642, 61.71651)
[2026-04-20 09:46:15] [DEBUG] 卡牌左上角计算: 大小=(125.0001, 175.0), 缩放=(1.223647, 1.223647), 左上角=(901.7642, 60.57606)
[2026-04-20 09:46:15] [DEBUG] 更新网格预览: 形状=[(0, 0)], 原点=(6, 2), 有效=false, 全部在边界内=true, 敌人重叠=true
[2026-04-20 09:46:15] [DEBUG] 时间轴悬停调试: 
  - 鼠标位置: (978.2422, 167.6452)
  - 网格背景本地鼠标位置: (263.1615, 111.7635) (已自动剔除缩放变换)
  - 格子大小: 42.0 (ui_slot_size=40.0, ui_spacing=2.0)
  - 网格坐标: (6, 2)
  - 网格边界检查: true (范围: X[0-11], Y[0-2])
  - 拖拽偏移: (0.0, 0.0)
  - 目标中心: (978.2422, 167.6452)
  - 当前卡牌位置: (901.7642, 60.57606)
[2026-04-20 09:46:15] [DEBUG] 卡牌左上角计算: 大小=(125.0001, 175.0), 缩放=(1.223647, 1.223647), 左上角=(901.7642, 60.57604)
[2026-04-20 09:46:15] [DEBUG] 更新网格预览: 形状=[(0, 0)], 原点=(6, 2), 有效=false, 全部在边界内=true, 敌人重叠=true
[2026-04-20 09:46:15] [DEBUG] 时间轴悬停调试: 
  - 鼠标位置: (978.2422, 167.6452)
  - 网格背景本地鼠标位置: (263.1615, 111.7635) (已自动剔除缩放变换)
  - 格子大小: 42.0 (ui_slot_size=40.0, ui_spacing=2.0)
  - 网格坐标: (6, 2)
  - 网格边界检查: true (范围: X[0-11], Y[0-2])
  - 拖拽偏移: (0.0, 0.0)
  - 目标中心: (978.2422, 167.6452)
  - 当前卡牌位置: (901.7642, 60.57606)
[2026-04-20 09:46:15] [DEBUG] 卡牌左上角计算: 大小=(125.0001, 175.0), 缩放=(1.223647, 1.223647), 左上角=(901.7642, 60.57604)
[2026-04-20 09:46:15] [DEBUG] 更新网格预览: 形状=[(0, 0)], 原点=(6, 2), 有效=false, 全部在边界内=true, 敌人重叠=true
[2026-04-20 09:46:15] [DEBUG] 时间轴悬停调试: 
  - 鼠标位置: (978.2422, 167.6452)
  - 网格背景本地鼠标位置: (263.1615, 111.7635) (已自动剔除缩放变换)
  - 格子大小: 42.0 (ui_slot_size=40.0, ui_spacing=2.0)
  - 网格坐标: (6, 2)
  - 网格边界检查: true (范围: X[0-11], Y[0-2])
  - 拖拽偏移: (0.0, 0.0)
  - 目标中心: (978.2422, 167.6452)
  - 当前卡牌位置: (901.7642, 60.57606)
[2026-04-20 09:46:15] [DEBUG] 卡牌左上角计算: 大小=(125.0001, 175.0), 缩放=(1.223647, 1.223647), 左上角=(901.7642, 60.57604)
[2026-04-20 09:46:15] [DEBUG] 更新网格预览: 形状=[(0, 0)], 原点=(6, 2), 有效=false, 全部在边界内=true, 敌人重叠=true
[2026-04-20 09:46:15] [DEBUG] 时间轴悬停调试: 
  - 鼠标位置: (978.2422, 167.6452)
  - 网格背景本地鼠标位置: (263.1615, 111.7635) (已自动剔除缩放变换)
  - 格子大小: 42.0 (ui_slot_size=40.0, ui_spacing=2.0)
  - 网格坐标: (6, 2)
  - 网格边界检查: true (范围: X[0-11], Y[0-2])
  - 拖拽偏移: (0.0, 0.0)
  - 目标中心: (978.2422, 167.6452)
  - 当前卡牌位置: (901.7642, 60.57606)
[2026-04-20 09:46:15] [DEBUG] 卡牌左上角计算: 大小=(125.0001, 175.0), 缩放=(1.223647, 1.223647), 左上角=(901.7642, 60.57604)
[2026-04-20 09:46:15] [DEBUG] 更新网格预览: 形状=[(0, 0)], 原点=(6, 2), 有效=false, 全部在边界内=true, 敌人重叠=true
[2026-04-20 09:46:15] [DEBUG] 时间轴悬停调试: 
  - 鼠标位置: (978.2422, 166.5047)
  - 网格背景本地鼠标位置: (263.1615, 111.0032) (已自动剔除缩放变换)
  - 格子大小: 42.0 (ui_slot_size=40.0, ui_spacing=2.0)
  - 网格坐标: (6, 2)
  - 网格边界检查: true (范围: X[0-11], Y[0-2])
  - 拖拽偏移: (0.0, 0.0)
  - 目标中心: (978.2422, 166.5047)
  - 当前卡牌位置: (901.7642, 60.57606)
[2026-04-20 09:46:15] [DEBUG] 卡牌左上角计算: 大小=(125.0001, 175.0), 缩放=(1.223647, 1.223647), 左上角=(901.7642, 59.4356)
[2026-04-20 09:46:15] [DEBUG] 更新网格预览: 形状=[(0, 0)], 原点=(6, 2), 有效=false, 全部在边界内=true, 敌人重叠=true
[2026-04-20 09:46:15] [DEBUG] 时间轴悬停调试: 
  - 鼠标位置: (978.2422, 166.5047)
  - 网格背景本地鼠标位置: (263.1615, 111.0032) (已自动剔除缩放变换)
  - 格子大小: 42.0 (ui_slot_size=40.0, ui_spacing=2.0)
  - 网格坐标: (6, 2)
  - 网格边界检查: true (范围: X[0-11], Y[0-2])
  - 拖拽偏移: (0.0, 0.0)
  - 目标中心: (978.2422, 166.5047)
  - 当前卡牌位置: (901.7642, 59.4356)
[2026-04-20 09:46:15] [DEBUG] 卡牌左上角计算: 大小=(125.0001, 175.0), 缩放=(1.223647, 1.223647), 左上角=(901.7642, 59.4356)
[2026-04-20 09:46:15] [DEBUG] 更新网格预览: 形状=[(0, 0)], 原点=(6, 2), 有效=false, 全部在边界内=true, 敌人重叠=true
[2026-04-20 09:46:15] [DEBUG] 时间轴悬停调试: 
  - 鼠标位置: (978.2422, 166.5047)
  - 网格背景本地鼠标位置: (263.1615, 111.0032) (已自动剔除缩放变换)
  - 格子大小: 42.0 (ui_slot_size=40.0, ui_spacing=2.0)
  - 网格坐标: (6, 2)
  - 网格边界检查: true (范围: X[0-11], Y[0-2])
  - 拖拽偏移: (0.0, 0.0)
  - 目标中心: (978.2422, 166.5047)
  - 当前卡牌位置: (901.7642, 59.4356)
[2026-04-20 09:46:15] [DEBUG] 卡牌左上角计算: 大小=(125.0001, 175.0), 缩放=(1.223647, 1.223647), 左上角=(901.7642, 59.4356)
[2026-04-20 09:46:15] [DEBUG] 更新网格预览: 形状=[(0, 0)], 原点=(6, 2), 有效=false, 全部在边界内=true, 敌人重叠=true
[2026-04-20 09:46:15] [DEBUG] 时间轴悬停调试: 
  - 鼠标位置: (975.9619, 163.0834)
  - 网格背景本地鼠标位置: (261.6413, 108.7223) (已自动剔除缩放变换)
  - 格子大小: 42.0 (ui_slot_size=40.0, ui_spacing=2.0)
  - 网格坐标: (6, 2)
  - 网格边界检查: true (范围: X[0-11], Y[0-2])
  - 拖拽偏移: (0.0, 0.0)
  - 目标中心: (975.9619, 163.0834)
  - 当前卡牌位置: (901.7642, 59.4356)
[2026-04-20 09:46:15] [DEBUG] 卡牌左上角计算: 大小=(125.0001, 175.0), 缩放=(1.223647, 1.223647), 左上角=(899.4839, 56.01427)
[2026-04-20 09:46:15] [DEBUG] 更新网格预览: 形状=[(0, 0)], 原点=(6, 2), 有效=false, 全部在边界内=true, 敌人重叠=true
[2026-04-20 09:46:15] [DEBUG] 时间轴悬停调试: 
  - 鼠标位置: (974.8218, 161.943)
  - 网格背景本地鼠标位置: (260.8812, 107.962) (已自动剔除缩放变换)
  - 格子大小: 42.0 (ui_slot_size=40.0, ui_spacing=2.0)
  - 网格坐标: (6, 2)
  - 网格边界检查: true (范围: X[0-11], Y[0-2])
  - 拖拽偏移: (0.0, 0.0)
  - 目标中心: (974.8218, 161.943)
  - 当前卡牌位置: (899.4839, 56.01427)
[2026-04-20 09:46:15] [DEBUG] 卡牌左上角计算: 大小=(125.0001, 175.0), 缩放=(1.223647, 1.223647), 左上角=(898.3438, 54.87383)
[2026-04-20 09:46:15] [DEBUG] 更新网格预览: 形状=[(0, 0)], 原点=(6, 2), 有效=false, 全部在边界内=true, 敌人重叠=true
[2026-04-20 09:46:15] [DEBUG] 时间轴悬停调试: 
  - 鼠标位置: (974.8218, 161.943)
  - 网格背景本地鼠标位置: (260.8812, 107.962) (已自动剔除缩放变换)
  - 格子大小: 42.0 (ui_slot_size=40.0, ui_spacing=2.0)
  - 网格坐标: (6, 2)
  - 网格边界检查: true (范围: X[0-11], Y[0-2])
  - 拖拽偏移: (0.0, 0.0)
  - 目标中心: (974.8218, 161.943)
  - 当前卡牌位置: (898.3438, 54.87383)
[2026-04-20 09:46:15] [DEBUG] 卡牌左上角计算: 大小=(125.0001, 175.0), 缩放=(1.223647, 1.223647), 左上角=(898.3438, 54.87383)
[2026-04-20 09:46:15] [DEBUG] 更新网格预览: 形状=[(0, 0)], 原点=(6, 2), 有效=false, 全部在边界内=true, 敌人重叠=true
[2026-04-20 09:46:15] [DEBUG] 时间轴悬停调试: 
  - 鼠标位置: (973.6816, 160.8025)
  - 网格背景本地鼠标位置: (260.1211, 107.2017) (已自动剔除缩放变换)
  - 格子大小: 42.0 (ui_slot_size=40.0, ui_spacing=2.0)
  - 网格坐标: (6, 2)
  - 网格边界检查: true (范围: X[0-11], Y[0-2])
  - 拖拽偏移: (0.0, 0.0)
  - 目标中心: (973.6816, 160.8025)
  - 当前卡牌位置: (898.3438, 54.87383)
[2026-04-20 09:46:15] [DEBUG] 卡牌左上角计算: 大小=(125.0001, 175.0), 缩放=(1.223647, 1.223647), 左上角=(897.2037, 53.73339)
[2026-04-20 09:46:15] [DEBUG] 更新网格预览: 形状=[(0, 0)], 原点=(6, 2), 有效=false, 全部在边界内=true, 敌人重叠=true
[2026-04-20 09:46:15] [DEBUG] 时间轴悬停调试: 
  - 鼠标位置: (973.6816, 159.6621)
  - 网格背景本地鼠标位置: (260.1211, 106.4414) (已自动剔除缩放变换)
  - 格子大小: 42.0 (ui_slot_size=40.0, ui_spacing=2.0)
  - 网格坐标: (6, 2)
  - 网格边界检查: true (范围: X[0-11], Y[0-2])
  - 拖拽偏移: (0.0, 0.0)
  - 目标中心: (973.6816, 159.6621)
  - 当前卡牌位置: (897.2036, 53.73339)
[2026-04-20 09:46:15] [DEBUG] 卡牌左上角计算: 大小=(125.0001, 175.0), 缩放=(1.223647, 1.223647), 左上角=(897.2037, 52.59293)
[2026-04-20 09:46:15] [DEBUG] 更新网格预览: 形状=[(0, 0)], 原点=(6, 2), 有效=false, 全部在边界内=true, 敌人重叠=true
[2026-04-20 09:46:15] [DEBUG] 时间轴悬停调试: 
  - 鼠标位置: (973.6816, 159.6621)
  - 网格背景本地鼠标位置: (259.361, 105.6811) (已自动剔除缩放变换)
  - 格子大小: 42.0 (ui_slot_size=40.0, ui_spacing=2.0)
  - 网格坐标: (6, 2)
  - 网格边界检查: true (范围: X[0-11], Y[0-2])
  - 拖拽偏移: (0.0, 0.0)
  - 目标中心: (973.6816, 159.6621)
  - 当前卡牌位置: (897.2036, 52.59293)
[2026-04-20 09:46:15] [DEBUG] 卡牌左上角计算: 大小=(125.0001, 175.0), 缩放=(1.223647, 1.223647), 左上角=(897.2037, 52.59293)
[2026-04-20 09:46:15] [DEBUG] 更新网格预览: 形状=[(0, 0)], 原点=(6, 2), 有效=false, 全部在边界内=true, 敌人重叠=true
[2026-04-20 09:46:15] [DEBUG] 时间轴悬停调试: 
  - 鼠标位置: (972.5415, 158.5216)
  - 网格背景本地鼠标位置: (259.361, 105.6811) (已自动剔除缩放变换)
  - 格子大小: 42.0 (ui_slot_size=40.0, ui_spacing=2.0)
  - 网格坐标: (6, 2)
  - 网格边界检查: true (范围: X[0-11], Y[0-2])
  - 拖拽偏移: (0.0, 0.0)
  - 目标中心: (972.5415, 158.5216)
  - 当前卡牌位置: (897.2036, 52.59293)
[2026-04-20 09:46:15] [DEBUG] 卡牌左上角计算: 大小=(125.0001, 175.0), 缩放=(1.223647, 1.223647), 左上角=(896.0635, 51.45249)
[2026-04-20 09:46:15] [DEBUG] 更新网格预览: 形状=[(0, 0)], 原点=(6, 2), 有效=false, 全部在边界内=true, 敌人重叠=true
[2026-04-20 09:46:15] [DEBUG] 时间轴悬停调试: 
  - 鼠标位置: (971.4014, 157.3812)
  - 网格背景本地鼠标位置: (258.601, 104.9208) (已自动剔除缩放变换)
  - 格子大小: 42.0 (ui_slot_size=40.0, ui_spacing=2.0)
  - 网格坐标: (6, 2)
  - 网格边界检查: true (范围: X[0-11], Y[0-2])
  - 拖拽偏移: (0.0, 0.0)
  - 目标中心: (971.4014, 157.3812)
  - 当前卡牌位置: (896.0635, 51.45249)
[2026-04-20 09:46:15] [DEBUG] 卡牌左上角计算: 大小=(125.0001, 175.0), 缩放=(1.223647, 1.223647), 左上角=(894.9234, 50.31205)
[2026-04-20 09:46:15] [DEBUG] 更新网格预览: 形状=[(0, 0)], 原点=(6, 2), 有效=false, 全部在边界内=true, 敌人重叠=true
[2026-04-20 09:46:15] [DEBUG] 时间轴悬停调试: 
  - 鼠标位置: (971.4014, 157.3812)
  - 网格背景本地鼠标位置: (258.601, 104.9208) (已自动剔除缩放变换)
  - 格子大小: 42.0 (ui_slot_size=40.0, ui_spacing=2.0)
  - 网格坐标: (6, 2)
  - 网格边界检查: true (范围: X[0-11], Y[0-2])
  - 拖拽偏移: (0.0, 0.0)
  - 目标中心: (971.4014, 157.3812)
  - 当前卡牌位置: (894.9233, 50.31205)
[2026-04-20 09:46:15] [DEBUG] 卡牌左上角计算: 大小=(125.0001, 175.0), 缩放=(1.223647, 1.223647), 左上角=(894.9234, 50.31205)
[2026-04-20 09:46:15] [DEBUG] 更新网格预览: 形状=[(0, 0)], 原点=(6, 2), 有效=false, 全部在边界内=true, 敌人重叠=true
[2026-04-20 09:46:15] [DEBUG] 时间轴悬停调试: 
  - 鼠标位置: (971.4014, 157.3812)
  - 网格背景本地鼠标位置: (258.601, 104.9208) (已自动剔除缩放变换)
  - 格子大小: 42.0 (ui_slot_size=40.0, ui_spacing=2.0)
  - 网格坐标: (6, 2)
  - 网格边界检查: true (范围: X[0-11], Y[0-2])
  - 拖拽偏移: (0.0, 0.0)
  - 目标中心: (971.4014, 157.3812)
  - 当前卡牌位置: (894.9233, 50.31205)
[2026-04-20 09:46:15] [DEBUG] 卡牌左上角计算: 大小=(125.0001, 175.0), 缩放=(1.223647, 1.223647), 左上角=(894.9234, 50.31205)
[2026-04-20 09:46:15] [DEBUG] 更新网格预览: 形状=[(0, 0)], 原点=(6, 2), 有效=false, 全部在边界内=true, 敌人重叠=true
[2026-04-20 09:46:15] [DEBUG] 时间轴悬停调试: 
  - 鼠标位置: (971.4014, 156.2408)
  - 网格背景本地鼠标位置: (258.601, 104.1605) (已自动剔除缩放变换)
  - 格子大小: 42.0 (ui_slot_size=40.0, ui_spacing=2.0)
  - 网格坐标: (6, 2)
  - 网格边界检查: true (范围: X[0-11], Y[0-2])
  - 拖拽偏移: (0.0, 0.0)
  - 目标中心: (971.4014, 156.2408)
  - 当前卡牌位置: (894.9233, 50.31205)
[2026-04-20 09:46:15] [DEBUG] 卡牌左上角计算: 大小=(125.0001, 175.0), 缩放=(1.223647, 1.223647), 左上角=(894.9234, 49.17161)
[2026-04-20 09:46:15] [DEBUG] 更新网格预览: 形状=[(0, 0)], 原点=(6, 2), 有效=false, 全部在边界内=true, 敌人重叠=true
[2026-04-20 09:46:15] [DEBUG] 时间轴悬停调试: 
  - 鼠标位置: (971.4014, 156.2408)
  - 网格背景本地鼠标位置: (258.601, 104.1605) (已自动剔除缩放变换)
  - 格子大小: 42.0 (ui_slot_size=40.0, ui_spacing=2.0)
  - 网格坐标: (6, 2)
  - 网格边界检查: true (范围: X[0-11], Y[0-2])
  - 拖拽偏移: (0.0, 0.0)
  - 目标中心: (971.4014, 156.2408)
  - 当前卡牌位置: (894.9233, 49.17161)
[2026-04-20 09:46:15] [DEBUG] 卡牌左上角计算: 大小=(125.0001, 175.0), 缩放=(1.223647, 1.223647), 左上角=(894.9234, 49.17161)
[2026-04-20 09:46:15] [DEBUG] 更新网格预览: 形状=[(0, 0)], 原点=(6, 2), 有效=false, 全部在边界内=true, 敌人重叠=true
[2026-04-20 09:46:15] [DEBUG] 时间轴悬停调试: 
  - 鼠标位置: (971.4014, 156.2408)
  - 网格背景本地鼠标位置: (258.601, 104.1605) (已自动剔除缩放变换)
  - 格子大小: 42.0 (ui_slot_size=40.0, ui_spacing=2.0)
  - 网格坐标: (6, 2)
  - 网格边界检查: true (范围: X[0-11], Y[0-2])
  - 拖拽偏移: (0.0, 0.0)
  - 目标中心: (971.4014, 156.2408)
  - 当前卡牌位置: (894.9233, 49.17161)
[2026-04-20 09:46:15] [DEBUG] 卡牌左上角计算: 大小=(125.0001, 175.0), 缩放=(1.223647, 1.223647), 左上角=(894.9234, 49.17161)
[2026-04-20 09:46:15] [DEBUG] 更新网格预览: 形状=[(0, 0)], 原点=(6, 2), 有效=false, 全部在边界内=true, 敌人重叠=true
[2026-04-20 09:46:15] [DEBUG] 时间轴悬停调试: 
  - 鼠标位置: (971.4014, 156.2408)
  - 网格背景本地鼠标位置: (258.601, 104.1605) (已自动剔除缩放变换)
  - 格子大小: 42.0 (ui_slot_size=40.0, ui_spacing=2.0)
  - 网格坐标: (6, 2)
  - 网格边界检查: true (范围: X[0-11], Y[0-2])
  - 拖拽偏移: (0.0, 0.0)
  - 目标中心: (971.4014, 156.2408)
  - 当前卡牌位置: (894.9233, 49.17161)
[2026-04-20 09:46:15] [DEBUG] 卡牌左上角计算: 大小=(125.0001, 175.0), 缩放=(1.223647, 1.223647), 左上角=(894.9234, 49.17161)
[2026-04-20 09:46:15] [DEBUG] 更新网格预览: 形状=[(0, 0)], 原点=(6, 2), 有效=false, 全部在边界内=true, 敌人重叠=true
[2026-04-20 09:46:15] [DEBUG] 时间轴悬停调试: 
  - 鼠标位置: (971.4014, 156.2408)
  - 网格背景本地鼠标位置: (258.601, 104.1605) (已自动剔除缩放变换)
  - 格子大小: 42.0 (ui_slot_size=40.0, ui_spacing=2.0)
  - 网格坐标: (6, 2)
  - 网格边界检查: true (范围: X[0-11], Y[0-2])
  - 拖拽偏移: (0.0, 0.0)
  - 目标中心: (971.4014, 156.2408)
  - 当前卡牌位置: (894.9233, 49.17161)
[2026-04-20 09:46:15] [DEBUG] 卡牌左上角计算: 大小=(125.0001, 175.0), 缩放=(1.223647, 1.223647), 左上角=(894.9234, 49.17161)
[2026-04-20 09:46:15] [DEBUG] 更新网格预览: 形状=[(0, 0)], 原点=(6, 2), 有效=false, 全部在边界内=true, 敌人重叠=true
[2026-04-20 09:46:15] [DEBUG] 时间轴悬停调试: 
  - 鼠标位置: (971.4014, 156.2408)
  - 网格背景本地鼠标位置: (258.601, 104.1605) (已自动剔除缩放变换)
  - 格子大小: 42.0 (ui_slot_size=40.0, ui_spacing=2.0)
  - 网格坐标: (6, 2)
  - 网格边界检查: true (范围: X[0-11], Y[0-2])
  - 拖拽偏移: (0.0, 0.0)
  - 目标中心: (971.4014, 156.2408)
  - 当前卡牌位置: (894.9233, 49.17161)
[2026-04-20 09:46:15] [DEBUG] 卡牌左上角计算: 大小=(125.0001, 175.0), 缩放=(1.223647, 1.223647), 左上角=(894.9234, 49.17161)
[2026-04-20 09:46:15] [DEBUG] 更新网格预览: 形状=[(0, 0)], 原点=(6, 2), 有效=false, 全部在边界内=true, 敌人重叠=true
[2026-04-20 09:46:15] [DEBUG] 时间轴悬停调试: 
  - 鼠标位置: (971.4014, 156.2408)
  - 网格背景本地鼠标位置: (258.601, 104.1605) (已自动剔除缩放变换)
  - 格子大小: 42.0 (ui_slot_size=40.0, ui_spacing=2.0)
  - 网格坐标: (6, 2)
  - 网格边界检查: true (范围: X[0-11], Y[0-2])
  - 拖拽偏移: (0.0, 0.0)
  - 目标中心: (971.4014, 156.2408)
  - 当前卡牌位置: (894.9233, 49.17161)
[2026-04-20 09:46:15] [DEBUG] 卡牌左上角计算: 大小=(125.0001, 175.0), 缩放=(1.223647, 1.223647), 左上角=(894.9234, 49.17161)
[2026-04-20 09:46:15] [DEBUG] 更新网格预览: 形状=[(0, 0)], 原点=(6, 2), 有效=false, 全部在边界内=true, 敌人重叠=true
[2026-04-20 09:46:15] [DEBUG] 时间轴悬停调试: 
  - 鼠标位置: (971.4014, 156.2408)
  - 网格背景本地鼠标位置: (258.601, 104.1605) (已自动剔除缩放变换)
  - 格子大小: 42.0 (ui_slot_size=40.0, ui_spacing=2.0)
  - 网格坐标: (6, 2)
  - 网格边界检查: true (范围: X[0-11], Y[0-2])
  - 拖拽偏移: (0.0, 0.0)
  - 目标中心: (971.4014, 156.2408)
  - 当前卡牌位置: (894.9233, 49.17161)
[2026-04-20 09:46:15] [DEBUG] 卡牌左上角计算: 大小=(125.0001, 175.0), 缩放=(1.223647, 1.223647), 左上角=(894.9234, 49.17161)
[2026-04-20 09:46:15] [DEBUG] 更新网格预览: 形状=[(0, 0)], 原点=(6, 2), 有效=false, 全部在边界内=true, 敌人重叠=true
[2026-04-20 09:46:15] [DEBUG] 时间轴悬停调试: 
  - 鼠标位置: (971.4014, 156.2408)
  - 网格背景本地鼠标位置: (258.601, 104.1605) (已自动剔除缩放变换)
  - 格子大小: 42.0 (ui_slot_size=40.0, ui_spacing=2.0)
  - 网格坐标: (6, 2)
  - 网格边界检查: true (范围: X[0-11], Y[0-2])
  - 拖拽偏移: (0.0, 0.0)
  - 目标中心: (971.4014, 156.2408)
  - 当前卡牌位置: (894.9233, 49.17161)
[2026-04-20 09:46:15] [DEBUG] 卡牌左上角计算: 大小=(125.0001, 175.0), 缩放=(1.223647, 1.223647), 左上角=(894.9234, 49.17161)
[2026-04-20 09:46:15] [DEBUG] 更新网格预览: 形状=[(0, 0)], 原点=(6, 2), 有效=false, 全部在边界内=true, 敌人重叠=true
[2026-04-20 09:46:15] [DEBUG] 时间轴悬停调试: 
  - 鼠标位置: (971.4014, 156.2408)
  - 网格背景本地鼠标位置: (258.601, 104.1605) (已自动剔除缩放变换)
  - 格子大小: 42.0 (ui_slot_size=40.0, ui_spacing=2.0)
  - 网格坐标: (6, 2)
  - 网格边界检查: true (范围: X[0-11], Y[0-2])
  - 拖拽偏移: (0.0, 0.0)
  - 目标中心: (971.4014, 156.2408)
  - 当前卡牌位置: (894.9233, 49.17161)
[2026-04-20 09:46:15] [DEBUG] 卡牌左上角计算: 大小=(125.0001, 175.0), 缩放=(1.223647, 1.223647), 左上角=(894.9234, 49.17161)
[2026-04-20 09:46:15] [DEBUG] 更新网格预览: 形状=[(0, 0)], 原点=(6, 2), 有效=false, 全部在边界内=true, 敌人重叠=true
[2026-04-20 09:46:15] [DEBUG] 时间轴悬停调试: 
  - 鼠标位置: (971.4014, 156.2408)
  - 网格背景本地鼠标位置: (258.601, 104.1605) (已自动剔除缩放变换)
  - 格子大小: 42.0 (ui_slot_size=40.0, ui_spacing=2.0)
  - 网格坐标: (6, 2)
  - 网格边界检查: true (范围: X[0-11], Y[0-2])
  - 拖拽偏移: (0.0, 0.0)
  - 目标中心: (971.4014, 156.2408)
  - 当前卡牌位置: (894.9233, 49.17161)
[2026-04-20 09:46:15] [DEBUG] 卡牌左上角计算: 大小=(125.0001, 175.0), 缩放=(1.223647, 1.223647), 左上角=(894.9234, 49.17161)
[2026-04-20 09:46:15] [DEBUG] 更新网格预览: 形状=[(0, 0)], 原点=(6, 2), 有效=false, 全部在边界内=true, 敌人重叠=true
[2026-04-20 09:46:15] [DEBUG] 时间轴悬停调试: 
  - 鼠标位置: (971.4014, 156.2408)
  - 网格背景本地鼠标位置: (258.601, 104.1605) (已自动剔除缩放变换)
  - 格子大小: 42.0 (ui_slot_size=40.0, ui_spacing=2.0)
  - 网格坐标: (6, 2)
  - 网格边界检查: true (范围: X[0-11], Y[0-2])
  - 拖拽偏移: (0.0, 0.0)
  - 目标中心: (971.4014, 156.2408)
  - 当前卡牌位置: (894.9233, 49.17161)
[2026-04-20 09:46:15] [DEBUG] 卡牌左上角计算: 大小=(125.0001, 175.0), 缩放=(1.223647, 1.223647), 左上角=(894.9234, 49.17161)
[2026-04-20 09:46:15] [DEBUG] 更新网格预览: 形状=[(0, 0)], 原点=(6, 2), 有效=false, 全部在边界内=true, 敌人重叠=true
[2026-04-20 09:46:15] [DEBUG] 时间轴悬停调试: 
  - 鼠标位置: (970.2612, 156.2408)
  - 网格背景本地鼠标位置: (257.8408, 104.1605) (已自动剔除缩放变换)
  - 格子大小: 42.0 (ui_slot_size=40.0, ui_spacing=2.0)
  - 网格坐标: (6, 2)
  - 网格边界检查: true (范围: X[0-11], Y[0-2])
  - 拖拽偏移: (0.0, 0.0)
  - 目标中心: (970.2612, 156.2408)
  - 当前卡牌位置: (894.9233, 49.17161)
[2026-04-20 09:46:15] [DEBUG] 卡牌左上角计算: 大小=(125.0001, 175.0), 缩放=(1.223647, 1.223647), 左上角=(893.7833, 49.17161)
[2026-04-20 09:46:15] [DEBUG] 更新网格预览: 形状=[(0, 0)], 原点=(6, 2), 有效=false, 全部在边界内=true, 敌人重叠=true
[2026-04-20 09:46:15] [DEBUG] 时间轴悬停调试: 
  - 鼠标位置: (970.2612, 155.1003)
  - 网格背景本地鼠标位置: (257.8408, 103.4002) (已自动剔除缩放变换)
  - 格子大小: 42.0 (ui_slot_size=40.0, ui_spacing=2.0)
  - 网格坐标: (6, 2)
  - 网格边界检查: true (范围: X[0-11], Y[0-2])
  - 拖拽偏移: (0.0, 0.0)
  - 目标中心: (970.2612, 155.1003)
  - 当前卡牌位置: (893.7832, 49.17161)
[2026-04-20 09:46:15] [DEBUG] 卡牌左上角计算: 大小=(125.0001, 175.0), 缩放=(1.223647, 1.223647), 左上角=(893.7833, 48.03117)
[2026-04-20 09:46:15] [DEBUG] 更新网格预览: 形状=[(0, 0)], 原点=(6, 2), 有效=false, 全部在边界内=true, 敌人重叠=true
[2026-04-20 09:46:15] [DEBUG] 时间轴悬停调试: 
  - 鼠标位置: (970.2612, 153.9599)
  - 网格背景本地鼠标位置: (257.8408, 102.6399) (已自动剔除缩放变换)
  - 格子大小: 42.0 (ui_slot_size=40.0, ui_spacing=2.0)
  - 网格坐标: (6, 2)
  - 网格边界检查: true (范围: X[0-11], Y[0-2])
  - 拖拽偏移: (0.0, 0.0)
  - 目标中心: (970.2612, 153.9599)
  - 当前卡牌位置: (893.7832, 48.03117)
[2026-04-20 09:46:15] [DEBUG] 卡牌左上角计算: 大小=(125.0001, 175.0), 缩放=(1.223647, 1.223647), 左上角=(893.7833, 46.89072)
[2026-04-20 09:46:15] [DEBUG] 更新网格预览: 形状=[(0, 0)], 原点=(6, 2), 有效=false, 全部在边界内=true, 敌人重叠=true
[2026-04-20 09:46:15] [DEBUG] 时间轴悬停调试: 
  - 鼠标位置: (970.2612, 153.9599)
  - 网格背景本地鼠标位置: (257.8408, 102.6399) (已自动剔除缩放变换)
  - 格子大小: 42.0 (ui_slot_size=40.0, ui_spacing=2.0)
  - 网格坐标: (6, 2)
  - 网格边界检查: true (范围: X[0-11], Y[0-2])
  - 拖拽偏移: (0.0, 0.0)
  - 目标中心: (970.2612, 153.9599)
  - 当前卡牌位置: (893.7832, 46.89072)
[2026-04-20 09:46:15] [DEBUG] 卡牌左上角计算: 大小=(125.0001, 175.0), 缩放=(1.223647, 1.223647), 左上角=(893.7833, 46.89072)
[2026-04-20 09:46:15] [DEBUG] 更新网格预览: 形状=[(0, 0)], 原点=(6, 2), 有效=false, 全部在边界内=true, 敌人重叠=true
[2026-04-20 09:46:15] [DEBUG] 时间轴悬停调试: 
  - 鼠标位置: (970.2612, 152.8194)
  - 网格背景本地鼠标位置: (257.8408, 101.8796) (已自动剔除缩放变换)
  - 格子大小: 42.0 (ui_slot_size=40.0, ui_spacing=2.0)
  - 网格坐标: (6, 2)
  - 网格边界检查: true (范围: X[0-11], Y[0-2])
  - 拖拽偏移: (0.0, 0.0)
  - 目标中心: (970.2612, 152.8194)
  - 当前卡牌位置: (893.7832, 46.89072)
[2026-04-20 09:46:15] [DEBUG] 卡牌左上角计算: 大小=(125.0001, 175.0), 缩放=(1.223647, 1.223647), 左上角=(893.7833, 45.75028)
[2026-04-20 09:46:15] [DEBUG] 更新网格预览: 形状=[(0, 0)], 原点=(6, 2), 有效=false, 全部在边界内=true, 敌人重叠=true
[2026-04-20 09:46:15] [DEBUG] 时间轴悬停调试: 
  - 鼠标位置: (970.2612, 152.8194)
  - 网格背景本地鼠标位置: (257.8408, 101.8796) (已自动剔除缩放变换)
  - 格子大小: 42.0 (ui_slot_size=40.0, ui_spacing=2.0)
  - 网格坐标: (6, 2)
  - 网格边界检查: true (范围: X[0-11], Y[0-2])
  - 拖拽偏移: (0.0, 0.0)
  - 目标中心: (970.2612, 152.8194)
  - 当前卡牌位置: (893.7832, 45.75028)
[2026-04-20 09:46:15] [DEBUG] 卡牌左上角计算: 大小=(125.0001, 175.0), 缩放=(1.223647, 1.223647), 左上角=(893.7833, 45.75028)
[2026-04-20 09:46:15] [DEBUG] 更新网格预览: 形状=[(0, 0)], 原点=(6, 2), 有效=false, 全部在边界内=true, 敌人重叠=true
[2026-04-20 09:46:15] [DEBUG] 时间轴悬停调试: 
  - 鼠标位置: (970.2612, 152.8194)
  - 网格背景本地鼠标位置: (257.8408, 101.8796) (已自动剔除缩放变换)
  - 格子大小: 42.0 (ui_slot_size=40.0, ui_spacing=2.0)
  - 网格坐标: (6, 2)
  - 网格边界检查: true (范围: X[0-11], Y[0-2])
  - 拖拽偏移: (0.0, 0.0)
  - 目标中心: (970.2612, 152.8194)
  - 当前卡牌位置: (893.7832, 45.75028)
[2026-04-20 09:46:15] [DEBUG] 卡牌左上角计算: 大小=(125.0001, 175.0), 缩放=(1.223647, 1.223647), 左上角=(893.7833, 45.75028)
[2026-04-20 09:46:15] [DEBUG] 更新网格预览: 形状=[(0, 0)], 原点=(6, 2), 有效=false, 全部在边界内=true, 敌人重叠=true
[2026-04-20 09:46:15] [DEBUG] 时间轴悬停调试: 
  - 鼠标位置: (970.2612, 151.679)
  - 网格背景本地鼠标位置: (257.8408, 101.1193) (已自动剔除缩放变换)
  - 格子大小: 42.0 (ui_slot_size=40.0, ui_spacing=2.0)
  - 网格坐标: (6, 2)
  - 网格边界检查: true (范围: X[0-11], Y[0-2])
  - 拖拽偏移: (0.0, 0.0)
  - 目标中心: (970.2612, 151.679)
  - 当前卡牌位置: (893.7832, 45.75028)
[2026-04-20 09:46:15] [DEBUG] 卡牌左上角计算: 大小=(125.0001, 175.0), 缩放=(1.223647, 1.223647), 左上角=(893.7833, 44.60984)
[2026-04-20 09:46:15] [DEBUG] 更新网格预览: 形状=[(0, 0)], 原点=(6, 2), 有效=false, 全部在边界内=true, 敌人重叠=true
[2026-04-20 09:46:15] [DEBUG] 时间轴悬停调试: 
  - 鼠标位置: (969.1211, 148.2576)
  - 网格背景本地鼠标位置: (257.0807, 98.83843) (已自动剔除缩放变换)
  - 格子大小: 42.0 (ui_slot_size=40.0, ui_spacing=2.0)
  - 网格坐标: (6, 2)
  - 网格边界检查: true (范围: X[0-11], Y[0-2])
  - 拖拽偏移: (0.0, 0.0)
  - 目标中心: (969.1211, 148.2576)
  - 当前卡牌位置: (893.7832, 44.60984)
[2026-04-20 09:46:15] [DEBUG] 卡牌左上角计算: 大小=(125.0001, 175.0), 缩放=(1.223647, 1.223647), 左上角=(892.6431, 41.1885)
[2026-04-20 09:46:15] [DEBUG] 更新网格预览: 形状=[(0, 0)], 原点=(6, 2), 有效=false, 全部在边界内=true, 敌人重叠=true
[2026-04-20 09:46:15] [DEBUG] 时间轴悬停调试: 
  - 鼠标位置: (966.8408, 141.415)
  - 网格背景本地鼠标位置: (255.5605, 94.27666) (已自动剔除缩放变换)
  - 格子大小: 42.0 (ui_slot_size=40.0, ui_spacing=2.0)
  - 网格坐标: (6, 2)
  - 网格边界检查: true (范围: X[0-11], Y[0-2])
  - 拖拽偏移: (0.0, 0.0)
  - 目标中心: (966.8408, 141.415)
  - 当前卡牌位置: (892.6431, 41.1885)
[2026-04-20 09:46:15] [DEBUG] 卡牌左上角计算: 大小=(125.0001, 175.0), 缩放=(1.223647, 1.223647), 左上角=(890.3629, 34.34585)
[2026-04-20 09:46:15] [DEBUG] 更新网格预览: 形状=[(0, 0)], 原点=(6, 2), 有效=false, 全部在边界内=true, 敌人重叠=true
[2026-04-20 09:46:15] [DEBUG] 时间轴悬停调试: 
  - 鼠标位置: (966.8408, 141.415)
  - 网格背景本地鼠标位置: (255.5605, 94.27666) (已自动剔除缩放变换)
  - 格子大小: 42.0 (ui_slot_size=40.0, ui_spacing=2.0)
  - 网格坐标: (6, 2)
  - 网格边界检查: true (范围: X[0-11], Y[0-2])
  - 拖拽偏移: (0.0, 0.0)
  - 目标中心: (966.8408, 141.415)
  - 当前卡牌位置: (890.3628, 34.34585)
[2026-04-20 09:46:15] [DEBUG] 卡牌左上角计算: 大小=(125.0001, 175.0), 缩放=(1.223647, 1.223647), 左上角=(890.3629, 34.34585)
[2026-04-20 09:46:15] [DEBUG] 更新网格预览: 形状=[(0, 0)], 原点=(6, 2), 有效=false, 全部在边界内=true, 敌人重叠=true
[2026-04-20 09:46:15] [DEBUG] 时间轴悬停调试: 
  - 鼠标位置: (965.7006, 135.7128)
  - 网格背景本地鼠标位置: (254.8004, 90.47518) (已自动剔除缩放变换)
  - 格子大小: 42.0 (ui_slot_size=40.0, ui_spacing=2.0)
  - 网格坐标: (6, 2)
  - 网格边界检查: true (范围: X[0-11], Y[0-2])
  - 拖拽偏移: (0.0, 0.0)
  - 目标中心: (965.7006, 135.7128)
  - 当前卡牌位置: (890.3628, 34.34585)
[2026-04-20 09:46:15] [DEBUG] 卡牌左上角计算: 大小=(125.0001, 175.0), 缩放=(1.223647, 1.223647), 左上角=(889.2227, 28.64362)
[2026-04-20 09:46:15] [DEBUG] 更新网格预览: 形状=[(0, 0)], 原点=(6, 2), 有效=false, 全部在边界内=true, 敌人重叠=true
[2026-04-20 09:46:15] [DEBUG] 时间轴悬停调试: 
  - 鼠标位置: (964.5605, 132.2914)
  - 网格背景本地鼠标位置: (254.0403, 88.1943) (已自动剔除缩放变换)
  - 格子大小: 42.0 (ui_slot_size=40.0, ui_spacing=2.0)
  - 网格坐标: (6, 2)
  - 网格边界检查: true (范围: X[0-11], Y[0-2])
  - 拖拽偏移: (0.0, 0.0)
  - 目标中心: (964.5605, 132.2914)
  - 当前卡牌位置: (889.2227, 28.64362)
[2026-04-20 09:46:15] [DEBUG] 卡牌左上角计算: 大小=(125.0001, 175.0), 缩放=(1.223647, 1.223647), 左上角=(888.0825, 25.2223)
[2026-04-20 09:46:15] [DEBUG] 更新网格预览: 形状=[(0, 0)], 原点=(6, 2), 有效=false, 全部在边界内=true, 敌人重叠=true
[2026-04-20 09:46:15] [DEBUG] 时间轴悬停调试: 
  - 鼠标位置: (964.5605, 132.2914)
  - 网格背景本地鼠标位置: (254.0403, 88.1943) (已自动剔除缩放变换)
  - 格子大小: 42.0 (ui_slot_size=40.0, ui_spacing=2.0)
  - 网格坐标: (6, 2)
  - 网格边界检查: true (范围: X[0-11], Y[0-2])
  - 拖拽偏移: (0.0, 0.0)
  - 目标中心: (964.5605, 132.2914)
  - 当前卡牌位置: (888.0825, 25.2223)
[2026-04-20 09:46:15] [DEBUG] 卡牌左上角计算: 大小=(125.0001, 175.0), 缩放=(1.223647, 1.223647), 左上角=(888.0825, 25.2223)
[2026-04-20 09:46:15] [DEBUG] 更新网格预览: 形状=[(0, 0)], 原点=(6, 2), 有效=false, 全部在边界内=true, 敌人重叠=true
[2026-04-20 09:46:15] [DEBUG] 时间轴悬停调试: 
  - 鼠标位置: (964.5605, 130.0106)
  - 网格背景本地鼠标位置: (254.0403, 86.67371) (已自动剔除缩放变换)
  - 格子大小: 42.0 (ui_slot_size=40.0, ui_spacing=2.0)
  - 网格坐标: (6, 2)
  - 网格边界检查: true (范围: X[0-11], Y[0-2])
  - 拖拽偏移: (0.0, 0.0)
  - 目标中心: (964.5605, 130.0106)
  - 当前卡牌位置: (888.0825, 25.2223)
[2026-04-20 09:46:15] [DEBUG] 卡牌左上角计算: 大小=(125.0001, 175.0), 缩放=(1.223647, 1.223647), 左上角=(888.0825, 22.94141)
[2026-04-20 09:46:15] [DEBUG] 更新网格预览: 形状=[(0, 0)], 原点=(6, 2), 有效=false, 全部在边界内=true, 敌人重叠=true
[2026-04-20 09:46:15] [DEBUG] 时间轴悬停调试: 
  - 鼠标位置: (964.5605, 130.0106)
  - 网格背景本地鼠标位置: (254.0403, 86.67371) (已自动剔除缩放变换)
  - 格子大小: 42.0 (ui_slot_size=40.0, ui_spacing=2.0)
  - 网格坐标: (6, 2)
  - 网格边界检查: true (范围: X[0-11], Y[0-2])
  - 拖拽偏移: (0.0, 0.0)
  - 目标中心: (964.5605, 130.0106)
  - 当前卡牌位置: (888.0825, 22.94141)
[2026-04-20 09:46:15] [DEBUG] 卡牌左上角计算: 大小=(125.0001, 175.0), 缩放=(1.223647, 1.223647), 左上角=(888.0825, 22.94141)
[2026-04-20 09:46:15] [DEBUG] 更新网格预览: 形状=[(0, 0)], 原点=(6, 2), 有效=false, 全部在边界内=true, 敌人重叠=true
[2026-04-20 09:46:15] [DEBUG] 时间轴悬停调试: 
  - 鼠标位置: (964.5605, 130.0106)
  - 网格背景本地鼠标位置: (254.0403, 86.67371) (已自动剔除缩放变换)
  - 格子大小: 42.0 (ui_slot_size=40.0, ui_spacing=2.0)
  - 网格坐标: (6, 2)
  - 网格边界检查: true (范围: X[0-11], Y[0-2])
  - 拖拽偏移: (0.0, 0.0)
  - 目标中心: (964.5605, 130.0106)
  - 当前卡牌位置: (888.0825, 22.94141)
[2026-04-20 09:46:15] [DEBUG] 卡牌左上角计算: 大小=(125.0001, 175.0), 缩放=(1.223647, 1.223647), 左上角=(888.0825, 22.94141)
[2026-04-20 09:46:15] [DEBUG] 更新网格预览: 形状=[(0, 0)], 原点=(6, 2), 有效=false, 全部在边界内=true, 敌人重叠=true
[2026-04-20 09:46:15] [DEBUG] 时间轴悬停调试: 
  - 鼠标位置: (964.5605, 128.8701)
  - 网格背景本地鼠标位置: (254.0403, 85.91341) (已自动剔除缩放变换)
  - 格子大小: 42.0 (ui_slot_size=40.0, ui_spacing=2.0)
  - 网格坐标: (6, 2)
  - 网格边界检查: true (范围: X[0-11], Y[0-2])
  - 拖拽偏移: (0.0, 0.0)
  - 目标中心: (964.5605, 128.8701)
  - 当前卡牌位置: (888.0825, 22.94141)
[2026-04-20 09:46:15] [DEBUG] 卡牌左上角计算: 大小=(125.0001, 175.0), 缩放=(1.223647, 1.223647), 左上角=(888.0825, 21.80097)
[2026-04-20 09:46:15] [DEBUG] 更新网格预览: 形状=[(0, 0)], 原点=(6, 2), 有效=false, 全部在边界内=true, 敌人重叠=true
[2026-04-20 09:46:15] [DEBUG] 时间轴悬停调试: 
  - 鼠标位置: (963.4203, 128.8701)
  - 网格背景本地鼠标位置: (253.2803, 85.91341) (已自动剔除缩放变换)
  - 格子大小: 42.0 (ui_slot_size=40.0, ui_spacing=2.0)
  - 网格坐标: (6, 2)
  - 网格边界检查: true (范围: X[0-11], Y[0-2])
  - 拖拽偏移: (0.0, 0.0)
  - 目标中心: (963.4203, 128.8701)
  - 当前卡牌位置: (888.0825, 21.80097)
[2026-04-20 09:46:15] [DEBUG] 卡牌左上角计算: 大小=(125.0001, 175.0), 缩放=(1.223647, 1.223647), 左上角=(886.9424, 21.80097)
[2026-04-20 09:46:15] [DEBUG] 更新网格预览: 形状=[(0, 0)], 原点=(6, 2), 有效=false, 全部在边界内=true, 敌人重叠=true
[2026-04-20 09:46:15] [DEBUG] 时间轴悬停调试: 
  - 鼠标位置: (963.4203, 127.7297)
  - 网格背景本地鼠标位置: (253.2803, 85.15312) (已自动剔除缩放变换)
  - 格子大小: 42.0 (ui_slot_size=40.0, ui_spacing=2.0)
  - 网格坐标: (6, 2)
  - 网格边界检查: true (范围: X[0-11], Y[0-2])
  - 拖拽偏移: (0.0, 0.0)
  - 目标中心: (963.4203, 127.7297)
  - 当前卡牌位置: (886.9424, 21.80097)
[2026-04-20 09:46:15] [DEBUG] 卡牌左上角计算: 大小=(125.0001, 175.0), 缩放=(1.223647, 1.223647), 左上角=(886.9424, 20.66053)
[2026-04-20 09:46:15] [DEBUG] 更新网格预览: 形状=[(0, 0)], 原点=(6, 2), 有效=false, 全部在边界内=true, 敌人重叠=true
[2026-04-20 09:46:15] [DEBUG] 时间轴悬停调试: 
  - 鼠标位置: (963.4203, 127.7297)
  - 网格背景本地鼠标位置: (253.2803, 85.15312) (已自动剔除缩放变换)
  - 格子大小: 42.0 (ui_slot_size=40.0, ui_spacing=2.0)
  - 网格坐标: (6, 2)
  - 网格边界检查: true (范围: X[0-11], Y[0-2])
  - 拖拽偏移: (0.0, 0.0)
  - 目标中心: (963.4203, 127.7297)
  - 当前卡牌位置: (886.9424, 20.66053)
[2026-04-20 09:46:15] [DEBUG] 卡牌左上角计算: 大小=(125.0001, 175.0), 缩放=(1.223647, 1.223647), 左上角=(886.9424, 20.66053)
[2026-04-20 09:46:15] [DEBUG] 更新网格预览: 形状=[(0, 0)], 原点=(6, 2), 有效=false, 全部在边界内=true, 敌人重叠=true
[2026-04-20 09:46:15] [DEBUG] 时间轴悬停调试: 
  - 鼠标位置: (963.4203, 127.7297)
  - 网格背景本地鼠标位置: (253.2803, 85.15312) (已自动剔除缩放变换)
  - 格子大小: 42.0 (ui_slot_size=40.0, ui_spacing=2.0)
  - 网格坐标: (6, 2)
  - 网格边界检查: true (范围: X[0-11], Y[0-2])
  - 拖拽偏移: (0.0, 0.0)
  - 目标中心: (963.4203, 127.7297)
  - 当前卡牌位置: (886.9424, 20.66053)
[2026-04-20 09:46:15] [DEBUG] 卡牌左上角计算: 大小=(125.0001, 175.0), 缩放=(1.223647, 1.223647), 左上角=(886.9424, 20.66053)
[2026-04-20 09:46:15] [DEBUG] 更新网格预览: 形状=[(0, 0)], 原点=(6, 2), 有效=false, 全部在边界内=true, 敌人重叠=true
[2026-04-20 09:46:15] [DEBUG] 时间轴悬停调试: 
  - 鼠标位置: (963.4203, 127.7297)
  - 网格背景本地鼠标位置: (253.2803, 85.15312) (已自动剔除缩放变换)
  - 格子大小: 42.0 (ui_slot_size=40.0, ui_spacing=2.0)
  - 网格坐标: (6, 2)
  - 网格边界检查: true (范围: X[0-11], Y[0-2])
  - 拖拽偏移: (0.0, 0.0)
  - 目标中心: (963.4203, 127.7297)
  - 当前卡牌位置: (886.9424, 20.66053)
[2026-04-20 09:46:15] [DEBUG] 卡牌左上角计算: 大小=(125.0001, 175.0), 缩放=(1.223647, 1.223647), 左上角=(886.9424, 20.66053)
[2026-04-20 09:46:15] [DEBUG] 更新网格预览: 形状=[(0, 0)], 原点=(6, 2), 有效=false, 全部在边界内=true, 敌人重叠=true
[2026-04-20 09:46:15] [DEBUG] 时间轴悬停调试: 
  - 鼠标位置: (963.4203, 127.7297)
  - 网格背景本地鼠标位置: (253.2803, 85.15312) (已自动剔除缩放变换)
  - 格子大小: 42.0 (ui_slot_size=40.0, ui_spacing=2.0)
  - 网格坐标: (6, 2)
  - 网格边界检查: true (范围: X[0-11], Y[0-2])
  - 拖拽偏移: (0.0, 0.0)
  - 目标中心: (963.4203, 127.7297)
  - 当前卡牌位置: (886.9424, 20.66053)
[2026-04-20 09:46:15] [DEBUG] 卡牌左上角计算: 大小=(125.0001, 175.0), 缩放=(1.223647, 1.223647), 左上角=(886.9424, 20.66053)
[2026-04-20 09:46:15] [DEBUG] 更新网格预览: 形状=[(0, 0)], 原点=(6, 2), 有效=false, 全部在边界内=true, 敌人重叠=true
[2026-04-20 09:46:15] [DEBUG] 时间轴悬停调试: 
  - 鼠标位置: (963.4203, 126.5892)
  - 网格背景本地鼠标位置: (253.2803, 84.39282) (已自动剔除缩放变换)
  - 格子大小: 42.0 (ui_slot_size=40.0, ui_spacing=2.0)
  - 网格坐标: (6, 2)
  - 网格边界检查: true (范围: X[0-11], Y[0-2])
  - 拖拽偏移: (0.0, 0.0)
  - 目标中心: (963.4203, 126.5892)
  - 当前卡牌位置: (886.9424, 20.66053)
[2026-04-20 09:46:15] [DEBUG] 卡牌左上角计算: 大小=(125.0001, 175.0), 缩放=(1.223647, 1.223647), 左上角=(886.9424, 19.52009)
[2026-04-20 09:46:15] [DEBUG] 更新网格预览: 形状=[(0, 0)], 原点=(6, 2), 有效=false, 全部在边界内=true, 敌人重叠=true
[2026-04-20 09:46:15] [DEBUG] 时间轴悬停调试: 
  - 鼠标位置: (963.4203, 126.5892)
  - 网格背景本地鼠标位置: (253.2803, 84.39282) (已自动剔除缩放变换)
  - 格子大小: 42.0 (ui_slot_size=40.0, ui_spacing=2.0)
  - 网格坐标: (6, 2)
  - 网格边界检查: true (范围: X[0-11], Y[0-2])
  - 拖拽偏移: (0.0, 0.0)
  - 目标中心: (963.4203, 126.5892)
  - 当前卡牌位置: (886.9424, 19.52009)
[2026-04-20 09:46:15] [DEBUG] 卡牌左上角计算: 大小=(125.0001, 175.0), 缩放=(1.223647, 1.223647), 左上角=(886.9424, 19.52009)
[2026-04-20 09:46:15] [DEBUG] 更新网格预览: 形状=[(0, 0)], 原点=(6, 2), 有效=false, 全部在边界内=true, 敌人重叠=true
[2026-04-20 09:46:15] [DEBUG] 时间轴悬停调试: 
  - 鼠标位置: (963.4203, 125.4488)
  - 网格背景本地鼠标位置: (253.2803, 83.63252) (已自动剔除缩放变换)
  - 格子大小: 42.0 (ui_slot_size=40.0, ui_spacing=2.0)
  - 网格坐标: (6, 1)
  - 网格边界检查: true (范围: X[0-11], Y[0-2])
  - 拖拽偏移: (0.0, 0.0)
  - 目标中心: (963.4203, 125.4488)
  - 当前卡牌位置: (886.9424, 19.52009)
[2026-04-20 09:46:15] [DEBUG] 卡牌左上角计算: 大小=(125.0001, 175.0), 缩放=(1.223647, 1.223647), 左上角=(886.9424, 18.37963)
[2026-04-20 09:46:15] [DEBUG] 放置验证通过: shape_coords=[(0, 0)], origin=(6, 1), 所有坐标在网格范围内且无碰撞
[2026-04-20 09:46:15] [DEBUG] 更新预览位置: (6, 1), 有效: true
[2026-04-20 09:46:15] [DEBUG] 设置预览容器位置: (583.5, 0.0)
[2026-04-20 09:46:15] [DEBUG] 设置预览方块位置: 方块索引=0, 网格坐标=(6, 1), 像素位置=(252.0, 42.0)
[2026-04-20 09:46:15] [DEBUG] 更新网格预览: 形状=[(0, 0)], 原点=(6, 1), 有效=true, 全部在边界内=true, 敌人重叠=false
[2026-04-20 09:46:15] [DEBUG] 时间轴悬停调试: 
  - 鼠标位置: (963.4203, 122.0275)
  - 网格背景本地鼠标位置: (253.2803, 81.35164) (已自动剔除缩放变换)
  - 格子大小: 42.0 (ui_slot_size=40.0, ui_spacing=2.0)
  - 网格坐标: (6, 1)
  - 网格边界检查: true (范围: X[0-11], Y[0-2])
  - 拖拽偏移: (0.0, 0.0)
  - 目标中心: (963.4203, 122.0275)
  - 当前卡牌位置: (886.9424, 18.37963)
[2026-04-20 09:46:15] [DEBUG] 卡牌左上角计算: 大小=(125.0001, 175.0), 缩放=(1.223647, 1.223647), 左上角=(886.9424, 14.95831)
[2026-04-20 09:46:15] [DEBUG] 放置验证通过: shape_coords=[(0, 0)], origin=(6, 1), 所有坐标在网格范围内且无碰撞
[2026-04-20 09:46:15] [DEBUG] 更新网格预览: 形状=[(0, 0)], 原点=(6, 1), 有效=true, 全部在边界内=true, 敌人重叠=false
[2026-04-20 09:46:15] [DEBUG] 时间轴悬停调试: 
  - 鼠标位置: (962.2802, 120.887)
  - 网格背景本地鼠标位置: (252.5201, 80.59134) (已自动剔除缩放变换)
  - 格子大小: 42.0 (ui_slot_size=40.0, ui_spacing=2.0)
  - 网格坐标: (6, 1)
  - 网格边界检查: true (范围: X[0-11], Y[0-2])
  - 拖拽偏移: (0.0, 0.0)
  - 目标中心: (962.2802, 120.887)
  - 当前卡牌位置: (886.9424, 14.95831)
[2026-04-20 09:46:15] [DEBUG] 卡牌左上角计算: 大小=(125.0001, 175.0), 缩放=(1.223647, 1.223647), 左上角=(885.8022, 13.81786)
[2026-04-20 09:46:15] [DEBUG] 放置验证通过: shape_coords=[(0, 0)], origin=(6, 1), 所有坐标在网格范围内且无碰撞
[2026-04-20 09:46:15] [DEBUG] 更新网格预览: 形状=[(0, 0)], 原点=(6, 1), 有效=true, 全部在边界内=true, 敌人重叠=false
[2026-04-20 09:46:15] [DEBUG] 时间轴悬停调试: 
  - 鼠标位置: (962.2802, 119.7466)
  - 网格背景本地鼠标位置: (252.5201, 79.83105) (已自动剔除缩放变换)
  - 格子大小: 42.0 (ui_slot_size=40.0, ui_spacing=2.0)
  - 网格坐标: (6, 1)
  - 网格边界检查: true (范围: X[0-11], Y[0-2])
  - 拖拽偏移: (0.0, 0.0)
  - 目标中心: (962.2802, 119.7466)
  - 当前卡牌位置: (885.8022, 13.81786)
[2026-04-20 09:46:15] [DEBUG] 卡牌左上角计算: 大小=(125.0001, 175.0), 缩放=(1.223647, 1.223647), 左上角=(885.8022, 12.67742)
[2026-04-20 09:46:15] [DEBUG] 放置验证通过: shape_coords=[(0, 0)], origin=(6, 1), 所有坐标在网格范围内且无碰撞
[2026-04-20 09:46:15] [DEBUG] 更新网格预览: 形状=[(0, 0)], 原点=(6, 1), 有效=true, 全部在边界内=true, 敌人重叠=false
[2026-04-20 09:46:15] [DEBUG] 时间轴悬停调试: 
  - 鼠标位置: (962.2802, 119.7466)
  - 网格背景本地鼠标位置: (252.5201, 79.83105) (已自动剔除缩放变换)
  - 格子大小: 42.0 (ui_slot_size=40.0, ui_spacing=2.0)
  - 网格坐标: (6, 1)
  - 网格边界检查: true (范围: X[0-11], Y[0-2])
  - 拖拽偏移: (0.0, 0.0)
  - 目标中心: (962.2802, 119.7466)
  - 当前卡牌位置: (885.8022, 12.67742)
[2026-04-20 09:46:15] [DEBUG] 卡牌左上角计算: 大小=(125.0001, 175.0), 缩放=(1.223647, 1.223647), 左上角=(885.8022, 12.67742)
[2026-04-20 09:46:15] [DEBUG] 放置验证通过: shape_coords=[(0, 0)], origin=(6, 1), 所有坐标在网格范围内且无碰撞
[2026-04-20 09:46:15] [DEBUG] 更新网格预览: 形状=[(0, 0)], 原点=(6, 1), 有效=true, 全部在边界内=true, 敌人重叠=false
[2026-04-20 09:46:15] [DEBUG] 时间轴悬停调试: 
  - 鼠标位置: (962.2802, 119.7466)
  - 网格背景本地鼠标位置: (252.5201, 79.83105) (已自动剔除缩放变换)
  - 格子大小: 42.0 (ui_slot_size=40.0, ui_spacing=2.0)
  - 网格坐标: (6, 1)
  - 网格边界检查: true (范围: X[0-11], Y[0-2])
  - 拖拽偏移: (0.0, 0.0)
  - 目标中心: (962.2802, 119.7466)
  - 当前卡牌位置: (885.8022, 12.67742)
[2026-04-20 09:46:15] [DEBUG] 卡牌左上角计算: 大小=(125.0001, 175.0), 缩放=(1.223647, 1.223647), 左上角=(885.8022, 12.67742)
[2026-04-20 09:46:15] [DEBUG] 放置验证通过: shape_coords=[(0, 0)], origin=(6, 1), 所有坐标在网格范围内且无碰撞
[2026-04-20 09:46:15] [DEBUG] 更新网格预览: 形状=[(0, 0)], 原点=(6, 1), 有效=true, 全部在边界内=true, 敌人重叠=false
[2026-04-20 09:46:15] [DEBUG] 时间轴悬停调试: 
  - 鼠标位置: (961.1401, 118.6061)
  - 网格背景本地鼠标位置: (251.7601, 79.07076) (已自动剔除缩放变换)
  - 格子大小: 42.0 (ui_slot_size=40.0, ui_spacing=2.0)
  - 网格坐标: (5, 1)
  - 网格边界检查: true (范围: X[0-11], Y[0-2])
  - 拖拽偏移: (0.0, 0.0)
  - 目标中心: (961.1401, 118.6061)
  - 当前卡牌位置: (885.8022, 12.67742)
[2026-04-20 09:46:15] [DEBUG] 卡牌左上角计算: 大小=(125.0001, 175.0), 缩放=(1.223647, 1.223647), 左上角=(884.6621, 11.53698)
[2026-04-20 09:46:15] [DEBUG] 放置验证通过: shape_coords=[(0, 0)], origin=(5, 1), 所有坐标在网格范围内且无碰撞
[2026-04-20 09:46:15] [DEBUG] 更新预览位置: (5, 1), 有效: true
[2026-04-20 09:46:15] [DEBUG] 设置预览容器位置: (583.5, 0.0)
[2026-04-20 09:46:15] [DEBUG] 设置预览方块位置: 方块索引=0, 网格坐标=(5, 1), 像素位置=(210.0, 42.0)
[2026-04-20 09:46:15] [DEBUG] 更新网格预览: 形状=[(0, 0)], 原点=(5, 1), 有效=true, 全部在边界内=true, 敌人重叠=false
[2026-04-20 09:46:15] [DEBUG] 时间轴悬停调试: 
  - 鼠标位置: (961.1401, 118.6061)
  - 网格背景本地鼠标位置: (251.7601, 79.07076) (已自动剔除缩放变换)
  - 格子大小: 42.0 (ui_slot_size=40.0, ui_spacing=2.0)
  - 网格坐标: (5, 1)
  - 网格边界检查: true (范围: X[0-11], Y[0-2])
  - 拖拽偏移: (0.0, 0.0)
  - 目标中心: (961.1401, 118.6061)
  - 当前卡牌位置: (884.6621, 11.53698)
[2026-04-20 09:46:15] [DEBUG] 卡牌左上角计算: 大小=(125.0001, 175.0), 缩放=(1.223647, 1.223647), 左上角=(884.6621, 11.53698)
[2026-04-20 09:46:15] [DEBUG] 放置验证通过: shape_coords=[(0, 0)], origin=(5, 1), 所有坐标在网格范围内且无碰撞
[2026-04-20 09:46:15] [DEBUG] 更新网格预览: 形状=[(0, 0)], 原点=(5, 1), 有效=true, 全部在边界内=true, 敌人重叠=false
[2026-04-20 09:46:15] [DEBUG] 时间轴悬停调试: 
  - 鼠标位置: (961.1401, 118.6061)
  - 网格背景本地鼠标位置: (251.7601, 79.07076) (已自动剔除缩放变换)
  - 格子大小: 42.0 (ui_slot_size=40.0, ui_spacing=2.0)
  - 网格坐标: (5, 1)
  - 网格边界检查: true (范围: X[0-11], Y[0-2])
  - 拖拽偏移: (0.0, 0.0)
  - 目标中心: (961.1401, 118.6061)
  - 当前卡牌位置: (884.6621, 11.53698)
[2026-04-20 09:46:15] [DEBUG] 卡牌左上角计算: 大小=(125.0001, 175.0), 缩放=(1.223647, 1.223647), 左上角=(884.6621, 11.53698)
[2026-04-20 09:46:15] [DEBUG] 放置验证通过: shape_coords=[(0, 0)], origin=(5, 1), 所有坐标在网格范围内且无碰撞
[2026-04-20 09:46:15] [DEBUG] 更新网格预览: 形状=[(0, 0)], 原点=(5, 1), 有效=true, 全部在边界内=true, 敌人重叠=false
[2026-04-20 09:46:15] [DEBUG] 时间轴悬停调试: 
  - 鼠标位置: (958.8598, 116.3252)
  - 网格背景本地鼠标位置: (250.2399, 77.55016) (已自动剔除缩放变换)
  - 格子大小: 42.0 (ui_slot_size=40.0, ui_spacing=2.0)
  - 网格坐标: (5, 1)
  - 网格边界检查: true (范围: X[0-11], Y[0-2])
  - 拖拽偏移: (0.0, 0.0)
  - 目标中心: (958.8598, 116.3252)
  - 当前卡牌位置: (884.6621, 11.53698)
[2026-04-20 09:46:15] [DEBUG] 卡牌左上角计算: 大小=(125.0001, 175.0), 缩放=(1.223647, 1.223647), 左上角=(882.3818, 9.256096)
[2026-04-20 09:46:15] [DEBUG] 放置验证通过: shape_coords=[(0, 0)], origin=(5, 1), 所有坐标在网格范围内且无碰撞
[2026-04-20 09:46:15] [DEBUG] 更新网格预览: 形状=[(0, 0)], 原点=(5, 1), 有效=true, 全部在边界内=true, 敌人重叠=false
[2026-04-20 09:46:15] [DEBUG] 时间轴悬停调试: 
  - 鼠标位置: (958.8598, 114.0443)
  - 网格背景本地鼠标位置: (250.2399, 76.02956) (已自动剔除缩放变换)
  - 格子大小: 42.0 (ui_slot_size=40.0, ui_spacing=2.0)
  - 网格坐标: (5, 1)
  - 网格边界检查: true (范围: X[0-11], Y[0-2])
  - 拖拽偏移: (0.0, 0.0)
  - 目标中心: (958.8598, 114.0443)
  - 当前卡牌位置: (882.3818, 9.256096)
[2026-04-20 09:46:15] [DEBUG] 卡牌左上角计算: 大小=(125.0001, 175.0), 缩放=(1.223647, 1.223647), 左上角=(882.3818, 6.975197)
[2026-04-20 09:46:15] [DEBUG] 放置验证通过: shape_coords=[(0, 0)], origin=(5, 1), 所有坐标在网格范围内且无碰撞
[2026-04-20 09:46:15] [DEBUG] 更新网格预览: 形状=[(0, 0)], 原点=(5, 1), 有效=true, 全部在边界内=true, 敌人重叠=false
[2026-04-20 09:46:15] [DEBUG] 时间轴悬停调试: 
  - 鼠标位置: (958.8598, 114.0443)
  - 网格背景本地鼠标位置: (250.2399, 76.02956) (已自动剔除缩放变换)
  - 格子大小: 42.0 (ui_slot_size=40.0, ui_spacing=2.0)
  - 网格坐标: (5, 1)
  - 网格边界检查: true (范围: X[0-11], Y[0-2])
  - 拖拽偏移: (0.0, 0.0)
  - 目标中心: (958.8598, 114.0443)
  - 当前卡牌位置: (882.3818, 6.975197)
[2026-04-20 09:46:15] [DEBUG] 卡牌左上角计算: 大小=(125.0001, 175.0), 缩放=(1.223647, 1.223647), 左上角=(882.3818, 6.975197)
[2026-04-20 09:46:15] [DEBUG] 放置验证通过: shape_coords=[(0, 0)], origin=(5, 1), 所有坐标在网格范围内且无碰撞
[2026-04-20 09:46:15] [DEBUG] 更新网格预览: 形状=[(0, 0)], 原点=(5, 1), 有效=true, 全部在边界内=true, 敌人重叠=false
[2026-04-20 09:46:15] [DEBUG] 时间轴悬停调试: 
  - 鼠标位置: (955.4394, 110.623)
  - 网格背景本地鼠标位置: (247.9596, 73.74868) (已自动剔除缩放变换)
  - 格子大小: 42.0 (ui_slot_size=40.0, ui_spacing=2.0)
  - 网格坐标: (5, 1)
  - 网格边界检查: true (范围: X[0-11], Y[0-2])
  - 拖拽偏移: (0.0, 0.0)
  - 目标中心: (955.4394, 110.623)
  - 当前卡牌位置: (882.3818, 6.975197)
[2026-04-20 09:46:15] [DEBUG] 卡牌左上角计算: 大小=(125.0001, 175.0), 缩放=(1.223647, 1.223647), 左上角=(878.9614, 3.553871)
[2026-04-20 09:46:15] [DEBUG] 放置验证通过: shape_coords=[(0, 0)], origin=(5, 1), 所有坐标在网格范围内且无碰撞
[2026-04-20 09:46:15] [DEBUG] 更新网格预览: 形状=[(0, 0)], 原点=(5, 1), 有效=true, 全部在边界内=true, 敌人重叠=false
[2026-04-20 09:46:15] [DEBUG] 时间轴悬停调试: 
  - 鼠标位置: (955.4394, 109.4826)
  - 网格背景本地鼠标位置: (247.9596, 72.98839) (已自动剔除缩放变换)
  - 格子大小: 42.0 (ui_slot_size=40.0, ui_spacing=2.0)
  - 网格坐标: (5, 1)
  - 网格边界检查: true (范围: X[0-11], Y[0-2])
  - 拖拽偏移: (0.0, 0.0)
  - 目标中心: (955.4394, 109.4826)
  - 当前卡牌位置: (878.9614, 3.553871)
[2026-04-20 09:46:15] [DEBUG] 卡牌左上角计算: 大小=(125.0001, 175.0), 缩放=(1.223647, 1.223647), 左上角=(878.9614, 2.413429)
[2026-04-20 09:46:15] [DEBUG] 放置验证通过: shape_coords=[(0, 0)], origin=(5, 1), 所有坐标在网格范围内且无碰撞
[2026-04-20 09:46:15] [DEBUG] 更新网格预览: 形状=[(0, 0)], 原点=(5, 1), 有效=true, 全部在边界内=true, 敌人重叠=false
[2026-04-20 09:46:15] [DEBUG] 时间轴悬停调试: 
  - 鼠标位置: (955.4394, 109.4826)
  - 网格背景本地鼠标位置: (247.9596, 72.98839) (已自动剔除缩放变换)
  - 格子大小: 42.0 (ui_slot_size=40.0, ui_spacing=2.0)
  - 网格坐标: (5, 1)
  - 网格边界检查: true (范围: X[0-11], Y[0-2])
  - 拖拽偏移: (0.0, 0.0)
  - 目标中心: (955.4394, 109.4826)
  - 当前卡牌位置: (878.9614, 2.413429)
[2026-04-20 09:46:15] [DEBUG] 卡牌左上角计算: 大小=(125.0001, 175.0), 缩放=(1.223647, 1.223647), 左上角=(878.9614, 2.413429)
[2026-04-20 09:46:15] [DEBUG] 放置验证通过: shape_coords=[(0, 0)], origin=(5, 1), 所有坐标在网格范围内且无碰撞
[2026-04-20 09:46:15] [DEBUG] 更新网格预览: 形状=[(0, 0)], 原点=(5, 1), 有效=true, 全部在边界内=true, 敌人重叠=false
[2026-04-20 09:46:15] [DEBUG] 时间轴悬停调试: 
  - 鼠标位置: (954.2992, 108.3421)
  - 网格背景本地鼠标位置: (247.1995, 72.22809) (已自动剔除缩放变换)
  - 格子大小: 42.0 (ui_slot_size=40.0, ui_spacing=2.0)
  - 网格坐标: (5, 1)
  - 网格边界检查: true (范围: X[0-11], Y[0-2])
  - 拖拽偏移: (0.0, 0.0)
  - 目标中心: (954.2992, 108.3421)
  - 当前卡牌位置: (878.9614, 2.413429)
[2026-04-20 09:46:15] [DEBUG] 卡牌左上角计算: 大小=(125.0001, 175.0), 缩放=(1.223647, 1.223647), 左上角=(877.8212, 1.272987)
[2026-04-20 09:46:15] [DEBUG] 放置验证通过: shape_coords=[(0, 0)], origin=(5, 1), 所有坐标在网格范围内且无碰撞
[2026-04-20 09:46:15] [DEBUG] 更新网格预览: 形状=[(0, 0)], 原点=(5, 1), 有效=true, 全部在边界内=true, 敌人重叠=false
[2026-04-20 09:46:15] [DEBUG] 时间轴悬停调试: 
  - 鼠标位置: (953.1591, 107.2017)
  - 网格背景本地鼠标位置: (246.4394, 71.4678) (已自动剔除缩放变换)
  - 格子大小: 42.0 (ui_slot_size=40.0, ui_spacing=2.0)
  - 网格坐标: (5, 1)
  - 网格边界检查: true (范围: X[0-11], Y[0-2])
  - 拖拽偏移: (0.0, 0.0)
  - 目标中心: (953.1591, 107.2017)
  - 当前卡牌位置: (877.8212, 1.272987)
[2026-04-20 09:46:15] [DEBUG] 卡牌左上角计算: 大小=(125.0001, 175.0), 缩放=(1.223647, 1.223647), 左上角=(876.6811, 0.132545)
[2026-04-20 09:46:15] [DEBUG] 放置验证通过: shape_coords=[(0, 0)], origin=(5, 1), 所有坐标在网格范围内且无碰撞
[2026-04-20 09:46:15] [DEBUG] 更新网格预览: 形状=[(0, 0)], 原点=(5, 1), 有效=true, 全部在边界内=true, 敌人重叠=false
[2026-04-20 09:46:15] [DEBUG] 时间轴悬停调试: 
  - 鼠标位置: (953.1591, 106.0612)
  - 网格背景本地鼠标位置: (246.4394, 70.7075) (已自动剔除缩放变换)
  - 格子大小: 42.0 (ui_slot_size=40.0, ui_spacing=2.0)
  - 网格坐标: (5, 1)
  - 网格边界检查: true (范围: X[0-11], Y[0-2])
  - 拖拽偏移: (0.0, 0.0)
  - 目标中心: (953.1591, 106.0612)
  - 当前卡牌位置: (876.681, 0.132545)
[2026-04-20 09:46:15] [DEBUG] 卡牌左上角计算: 大小=(125.0001, 175.0), 缩放=(1.223647, 1.223647), 左上角=(876.6811, -1.007896)
[2026-04-20 09:46:15] [DEBUG] 放置验证通过: shape_coords=[(0, 0)], origin=(5, 1), 所有坐标在网格范围内且无碰撞
[2026-04-20 09:46:15] [DEBUG] 更新网格预览: 形状=[(0, 0)], 原点=(5, 1), 有效=true, 全部在边界内=true, 敌人重叠=false
[2026-04-20 09:46:15] [DEBUG] 时间轴悬停调试: 
  - 鼠标位置: (953.1591, 106.0612)
  - 网格背景本地鼠标位置: (246.4394, 70.7075) (已自动剔除缩放变换)
  - 格子大小: 42.0 (ui_slot_size=40.0, ui_spacing=2.0)
  - 网格坐标: (5, 1)
  - 网格边界检查: true (范围: X[0-11], Y[0-2])
  - 拖拽偏移: (0.0, 0.0)
  - 目标中心: (953.1591, 106.0612)
  - 当前卡牌位置: (876.681, -1.007896)
[2026-04-20 09:46:15] [DEBUG] 卡牌左上角计算: 大小=(125.0001, 175.0), 缩放=(1.223647, 1.223647), 左上角=(876.6811, -1.007896)
[2026-04-20 09:46:15] [DEBUG] 放置验证通过: shape_coords=[(0, 0)], origin=(5, 1), 所有坐标在网格范围内且无碰撞
[2026-04-20 09:46:15] [DEBUG] 更新网格预览: 形状=[(0, 0)], 原点=(5, 1), 有效=true, 全部在边界内=true, 敌人重叠=false
[2026-04-20 09:46:15] [DEBUG] 时间轴悬停调试: 
  - 鼠标位置: (952.0189, 104.9208)
  - 网格背景本地鼠标位置: (245.6793, 69.9472) (已自动剔除缩放变换)
  - 格子大小: 42.0 (ui_slot_size=40.0, ui_spacing=2.0)
  - 网格坐标: (5, 1)
  - 网格边界检查: true (范围: X[0-11], Y[0-2])
  - 拖拽偏移: (0.0, 0.0)
  - 目标中心: (952.0189, 104.9208)
  - 当前卡牌位置: (876.681, -1.007896)
[2026-04-20 09:46:15] [DEBUG] 卡牌左上角计算: 大小=(125.0001, 175.0), 缩放=(1.223647, 1.223647), 左上角=(875.541, -2.148338)
[2026-04-20 09:46:15] [DEBUG] 放置验证通过: shape_coords=[(0, 0)], origin=(5, 1), 所有坐标在网格范围内且无碰撞
[2026-04-20 09:46:15] [DEBUG] 更新网格预览: 形状=[(0, 0)], 原点=(5, 1), 有效=true, 全部在边界内=true, 敌人重叠=false
[2026-04-20 09:46:15] [DEBUG] 时间轴悬停调试: 
  - 鼠标位置: (950.8788, 103.7804)
  - 网格背景本地鼠标位置: (244.9192, 69.18691) (已自动剔除缩放变换)
  - 格子大小: 42.0 (ui_slot_size=40.0, ui_spacing=2.0)
  - 网格坐标: (5, 1)
  - 网格边界检查: true (范围: X[0-11], Y[0-2])
  - 拖拽偏移: (0.0, 0.0)
  - 目标中心: (950.8788, 103.7804)
  - 当前卡牌位置: (875.5409, -2.148338)
[2026-04-20 09:46:15] [DEBUG] 卡牌左上角计算: 大小=(125.0001, 175.0), 缩放=(1.223647, 1.223647), 左上角=(874.4008, -3.28878)
[2026-04-20 09:46:15] [DEBUG] 放置验证通过: shape_coords=[(0, 0)], origin=(5, 1), 所有坐标在网格范围内且无碰撞
[2026-04-20 09:46:15] [DEBUG] 更新网格预览: 形状=[(0, 0)], 原点=(5, 1), 有效=true, 全部在边界内=true, 敌人重叠=false
[2026-04-20 09:46:15] [DEBUG] 时间轴悬停调试: 
  - 鼠标位置: (950.8788, 103.7804)
  - 网格背景本地鼠标位置: (244.9192, 69.18691) (已自动剔除缩放变换)
  - 格子大小: 42.0 (ui_slot_size=40.0, ui_spacing=2.0)
  - 网格坐标: (5, 1)
  - 网格边界检查: true (范围: X[0-11], Y[0-2])
  - 拖拽偏移: (0.0, 0.0)
  - 目标中心: (950.8788, 103.7804)
  - 当前卡牌位置: (874.4008, -3.28878)
[2026-04-20 09:46:15] [DEBUG] 卡牌左上角计算: 大小=(125.0001, 175.0), 缩放=(1.223647, 1.223647), 左上角=(874.4008, -3.28878)
[2026-04-20 09:46:15] [DEBUG] 放置验证通过: shape_coords=[(0, 0)], origin=(5, 1), 所有坐标在网格范围内且无碰撞
[2026-04-20 09:46:15] [DEBUG] 更新网格预览: 形状=[(0, 0)], 原点=(5, 1), 有效=true, 全部在边界内=true, 敌人重叠=false
[2026-04-20 09:46:15] [DEBUG] 时间轴悬停调试: 
  - 鼠标位置: (950.8788, 102.6399)
  - 网格背景本地鼠标位置: (244.9192, 68.42661) (已自动剔除缩放变换)
  - 格子大小: 42.0 (ui_slot_size=40.0, ui_spacing=2.0)
  - 网格坐标: (5, 1)
  - 网格边界检查: true (范围: X[0-11], Y[0-2])
  - 拖拽偏移: (0.0, 0.0)
  - 目标中心: (950.8788, 102.6399)
  - 当前卡牌位置: (874.4008, -3.28878)
[2026-04-20 09:46:15] [DEBUG] 卡牌左上角计算: 大小=(125.0001, 175.0), 缩放=(1.223647, 1.223647), 左上角=(874.4008, -4.429237)
[2026-04-20 09:46:15] [DEBUG] 放置验证通过: shape_coords=[(0, 0)], origin=(5, 1), 所有坐标在网格范围内且无碰撞
[2026-04-20 09:46:15] [DEBUG] 更新网格预览: 形状=[(0, 0)], 原点=(5, 1), 有效=true, 全部在边界内=true, 敌人重叠=false
[2026-04-20 09:46:15] [DEBUG] 时间轴悬停调试: 
  - 鼠标位置: (949.7386, 100.359)
  - 网格背景本地鼠标位置: (244.1591, 66.90602) (已自动剔除缩放变换)
  - 格子大小: 42.0 (ui_slot_size=40.0, ui_spacing=2.0)
  - 网格坐标: (5, 1)
  - 网格边界检查: true (范围: X[0-11], Y[0-2])
  - 拖拽偏移: (0.0, 0.0)
  - 目标中心: (949.7386, 100.359)
  - 当前卡牌位置: (874.4008, -4.429237)
[2026-04-20 09:46:15] [DEBUG] 卡牌左上角计算: 大小=(125.0001, 175.0), 缩放=(1.223647, 1.223647), 左上角=(873.2607, -6.710121)
[2026-04-20 09:46:15] [DEBUG] 放置验证通过: shape_coords=[(0, 0)], origin=(5, 1), 所有坐标在网格范围内且无碰撞
[2026-04-20 09:46:15] [DEBUG] 更新网格预览: 形状=[(0, 0)], 原点=(5, 1), 有效=true, 全部在边界内=true, 敌人重叠=false
[2026-04-20 09:46:15] [DEBUG] 时间轴悬停调试: 
  - 鼠标位置: (949.7386, 100.359)
  - 网格背景本地鼠标位置: (244.1591, 66.90602) (已自动剔除缩放变换)
  - 格子大小: 42.0 (ui_slot_size=40.0, ui_spacing=2.0)
  - 网格坐标: (5, 1)
  - 网格边界检查: true (范围: X[0-11], Y[0-2])
  - 拖拽偏移: (0.0, 0.0)
  - 目标中心: (949.7386, 100.359)
  - 当前卡牌位置: (873.2606, -6.710121)
[2026-04-20 09:46:15] [DEBUG] 卡牌左上角计算: 大小=(125.0001, 175.0), 缩放=(1.223647, 1.223647), 左上角=(873.2607, -6.710121)
[2026-04-20 09:46:15] [DEBUG] 放置验证通过: shape_coords=[(0, 0)], origin=(5, 1), 所有坐标在网格范围内且无碰撞
[2026-04-20 09:46:15] [DEBUG] 更新网格预览: 形状=[(0, 0)], 原点=(5, 1), 有效=true, 全部在边界内=true, 敌人重叠=false
[2026-04-20 09:46:15] [DEBUG] 时间轴悬停调试: 
  - 鼠标位置: (948.5985, 98.07814)
  - 网格背景本地鼠标位置: (243.399, 65.38543) (已自动剔除缩放变换)
  - 格子大小: 42.0 (ui_slot_size=40.0, ui_spacing=2.0)
  - 网格坐标: (5, 1)
  - 网格边界检查: true (范围: X[0-11], Y[0-2])
  - 拖拽偏移: (0.0, 0.0)
  - 目标中心: (948.5985, 98.07814)
  - 当前卡牌位置: (873.2606, -6.710121)
[2026-04-20 09:46:15] [DEBUG] 卡牌左上角计算: 大小=(125.0001, 175.0), 缩放=(1.223647, 1.223647), 左上角=(872.1205, -8.991005)
[2026-04-20 09:46:15] [DEBUG] 放置验证通过: shape_coords=[(0, 0)], origin=(5, 1), 所有坐标在网格范围内且无碰撞
[2026-04-20 09:46:15] [DEBUG] 更新网格预览: 形状=[(0, 0)], 原点=(5, 1), 有效=true, 全部在边界内=true, 敌人重叠=false
[2026-04-20 09:46:15] [DEBUG] 时间轴悬停调试: 
  - 鼠标位置: (947.4584, 94.65681)
  - 网格背景本地鼠标位置: (242.6389, 63.10455) (已自动剔除缩放变换)
  - 格子大小: 42.0 (ui_slot_size=40.0, ui_spacing=2.0)
  - 网格坐标: (5, 1)
  - 网格边界检查: true (范围: X[0-11], Y[0-2])
  - 拖拽偏移: (0.0, 0.0)
  - 目标中心: (947.4584, 94.65681)
  - 当前卡牌位置: (872.1205, -8.991005)
[2026-04-20 09:46:15] [DEBUG] 卡牌左上角计算: 大小=(125.0001, 175.0), 缩放=(1.223647, 1.223647), 左上角=(870.9804, -12.41233)
[2026-04-20 09:46:15] [DEBUG] 放置验证通过: shape_coords=[(0, 0)], origin=(5, 1), 所有坐标在网格范围内且无碰撞
[2026-04-20 09:46:15] [DEBUG] 更新网格预览: 形状=[(0, 0)], 原点=(5, 1), 有效=true, 全部在边界内=true, 敌人重叠=false
[2026-04-20 09:46:15] [DEBUG] 时间轴悬停调试: 
  - 鼠标位置: (946.3182, 93.51637)
  - 网格背景本地鼠标位置: (241.8788, 62.34425) (已自动剔除缩放变换)
  - 格子大小: 42.0 (ui_slot_size=40.0, ui_spacing=2.0)
  - 网格坐标: (5, 1)
  - 网格边界检查: true (范围: X[0-11], Y[0-2])
  - 拖拽偏移: (0.0, 0.0)
  - 目标中心: (946.3182, 93.51637)
  - 当前卡牌位置: (870.9803, -12.41233)
[2026-04-20 09:46:15] [DEBUG] 卡牌左上角计算: 大小=(125.0001, 175.0), 缩放=(1.223647, 1.223647), 左上角=(869.8403, -13.55277)
[2026-04-20 09:46:15] [DEBUG] 放置验证通过: shape_coords=[(0, 0)], origin=(5, 1), 所有坐标在网格范围内且无碰撞
[2026-04-20 09:46:15] [DEBUG] 更新网格预览: 形状=[(0, 0)], 原点=(5, 1), 有效=true, 全部在边界内=true, 敌人重叠=false
[2026-04-20 09:46:15] [DEBUG] 时间轴悬停调试: 
  - 鼠标位置: (945.1781, 92.37592)
  - 网格背景本地鼠标位置: (241.1188, 61.58395) (已自动剔除缩放变换)
  - 格子大小: 42.0 (ui_slot_size=40.0, ui_spacing=2.0)
  - 网格坐标: (5, 1)
  - 网格边界检查: true (范围: X[0-11], Y[0-2])
  - 拖拽偏移: (0.0, 0.0)
  - 目标中心: (945.1781, 92.37592)
  - 当前卡牌位置: (869.8402, -13.55277)
[2026-04-20 09:46:15] [DEBUG] 卡牌左上角计算: 大小=(125.0001, 175.0), 缩放=(1.223647, 1.223647), 左上角=(868.7001, -14.69323)
[2026-04-20 09:46:15] [DEBUG] 放置验证通过: shape_coords=[(0, 0)], origin=(5, 1), 所有坐标在网格范围内且无碰撞
[2026-04-20 09:46:15] [DEBUG] 更新网格预览: 形状=[(0, 0)], 原点=(5, 1), 有效=true, 全部在边界内=true, 敌人重叠=false
[2026-04-20 09:46:15] [DEBUG] 时间轴悬停调试: 
  - 鼠标位置: (945.1781, 91.23547)
  - 网格背景本地鼠标位置: (241.1188, 60.82365) (已自动剔除缩放变换)
  - 格子大小: 42.0 (ui_slot_size=40.0, ui_spacing=2.0)
  - 网格坐标: (5, 1)
  - 网格边界检查: true (范围: X[0-11], Y[0-2])
  - 拖拽偏移: (0.0, 0.0)
  - 目标中心: (945.1781, 91.23547)
  - 当前卡牌位置: (868.7001, -14.69323)
[2026-04-20 09:46:15] [DEBUG] 卡牌左上角计算: 大小=(125.0001, 175.0), 缩放=(1.223647, 1.223647), 左上角=(868.7001, -15.83367)
[2026-04-20 09:46:15] [DEBUG] 放置验证通过: shape_coords=[(0, 0)], origin=(5, 1), 所有坐标在网格范围内且无碰撞
[2026-04-20 09:46:15] [DEBUG] 更新网格预览: 形状=[(0, 0)], 原点=(5, 1), 有效=true, 全部在边界内=true, 敌人重叠=false
[2026-04-20 09:46:15] [DEBUG] 时间轴悬停调试: 
  - 鼠标位置: (945.1781, 91.23547)
  - 网格背景本地鼠标位置: (241.1188, 60.82365) (已自动剔除缩放变换)
  - 格子大小: 42.0 (ui_slot_size=40.0, ui_spacing=2.0)
  - 网格坐标: (5, 1)
  - 网格边界检查: true (范围: X[0-11], Y[0-2])
  - 拖拽偏移: (0.0, 0.0)
  - 目标中心: (945.1781, 91.23547)
  - 当前卡牌位置: (868.7001, -15.83367)
[2026-04-20 09:46:15] [DEBUG] 卡牌左上角计算: 大小=(125.0001, 175.0), 缩放=(1.223647, 1.223647), 左上角=(868.7001, -15.83367)
[2026-04-20 09:46:15] [DEBUG] 放置验证通过: shape_coords=[(0, 0)], origin=(5, 1), 所有坐标在网格范围内且无碰撞
[2026-04-20 09:46:15] [DEBUG] 更新网格预览: 形状=[(0, 0)], 原点=(5, 1), 有效=true, 全部在边界内=true, 敌人重叠=false
[2026-04-20 09:46:15] [DEBUG] 时间轴悬停调试: 
  - 鼠标位置: (944.038, 90.09503)
  - 网格背景本地鼠标位置: (240.3586, 60.06335) (已自动剔除缩放变换)
  - 格子大小: 42.0 (ui_slot_size=40.0, ui_spacing=2.0)
  - 网格坐标: (5, 1)
  - 网格边界检查: true (范围: X[0-11], Y[0-2])
  - 拖拽偏移: (0.0, 0.0)
  - 目标中心: (944.038, 90.09503)
  - 当前卡牌位置: (868.7001, -15.83367)
[2026-04-20 09:46:15] [DEBUG] 卡牌左上角计算: 大小=(125.0001, 175.0), 缩放=(1.223647, 1.223647), 左上角=(867.56, -16.97411)
[2026-04-20 09:46:15] [DEBUG] 放置验证通过: shape_coords=[(0, 0)], origin=(5, 1), 所有坐标在网格范围内且无碰撞
[2026-04-20 09:46:15] [DEBUG] 更新网格预览: 形状=[(0, 0)], 原点=(5, 1), 有效=true, 全部在边界内=true, 敌人重叠=false
[2026-04-20 09:46:15] [DEBUG] 时间轴悬停调试: 
  - 鼠标位置: (944.038, 90.09503)
  - 网格背景本地鼠标位置: (240.3586, 60.06335) (已自动剔除缩放变换)
  - 格子大小: 42.0 (ui_slot_size=40.0, ui_spacing=2.0)
  - 网格坐标: (5, 1)
  - 网格边界检查: true (范围: X[0-11], Y[0-2])
  - 拖拽偏移: (0.0, 0.0)
  - 目标中心: (944.038, 90.09503)
  - 当前卡牌位置: (867.5599, -16.97411)
[2026-04-20 09:46:15] [DEBUG] 卡牌左上角计算: 大小=(125.0001, 175.0), 缩放=(1.223647, 1.223647), 左上角=(867.56, -16.97411)
[2026-04-20 09:46:15] [DEBUG] 放置验证通过: shape_coords=[(0, 0)], origin=(5, 1), 所有坐标在网格范围内且无碰撞
[2026-04-20 09:46:15] [DEBUG] 更新网格预览: 形状=[(0, 0)], 原点=(5, 1), 有效=true, 全部在边界内=true, 敌人重叠=false
[2026-04-20 09:46:15] [DEBUG] 时间轴悬停调试: 
  - 鼠标位置: (944.038, 90.09503)
  - 网格背景本地鼠标位置: (240.3586, 60.06335) (已自动剔除缩放变换)
  - 格子大小: 42.0 (ui_slot_size=40.0, ui_spacing=2.0)
  - 网格坐标: (5, 1)
  - 网格边界检查: true (范围: X[0-11], Y[0-2])
  - 拖拽偏移: (0.0, 0.0)
  - 目标中心: (944.038, 90.09503)
  - 当前卡牌位置: (867.5599, -16.97411)
[2026-04-20 09:46:15] [DEBUG] 卡牌左上角计算: 大小=(125.0001, 175.0), 缩放=(1.223647, 1.223647), 左上角=(867.56, -16.97411)
[2026-04-20 09:46:15] [DEBUG] 放置验证通过: shape_coords=[(0, 0)], origin=(5, 1), 所有坐标在网格范围内且无碰撞
[2026-04-20 09:46:15] [DEBUG] 更新网格预览: 形状=[(0, 0)], 原点=(5, 1), 有效=true, 全部在边界内=true, 敌人重叠=false
[2026-04-20 09:46:15] [DEBUG] 时间轴悬停调试: 
  - 鼠标位置: (944.038, 90.09503)
  - 网格背景本地鼠标位置: (240.3586, 60.06335) (已自动剔除缩放变换)
  - 格子大小: 42.0 (ui_slot_size=40.0, ui_spacing=2.0)
  - 网格坐标: (5, 1)
  - 网格边界检查: true (范围: X[0-11], Y[0-2])
  - 拖拽偏移: (0.0, 0.0)
  - 目标中心: (944.038, 90.09503)
  - 当前卡牌位置: (867.5599, -16.97411)
[2026-04-20 09:46:15] [DEBUG] 卡牌左上角计算: 大小=(125.0001, 175.0), 缩放=(1.223647, 1.223647), 左上角=(867.56, -16.97411)
[2026-04-20 09:46:15] [DEBUG] 放置验证通过: shape_coords=[(0, 0)], origin=(5, 1), 所有坐标在网格范围内且无碰撞
[2026-04-20 09:46:15] [DEBUG] 更新网格预览: 形状=[(0, 0)], 原点=(5, 1), 有效=true, 全部在边界内=true, 敌人重叠=false
[2026-04-20 09:46:15] [DEBUG] 时间轴悬停调试: 
  - 鼠标位置: (944.038, 90.09503)
  - 网格背景本地鼠标位置: (240.3586, 60.06335) (已自动剔除缩放变换)
  - 格子大小: 42.0 (ui_slot_size=40.0, ui_spacing=2.0)
  - 网格坐标: (5, 1)
  - 网格边界检查: true (范围: X[0-11], Y[0-2])
  - 拖拽偏移: (0.0, 0.0)
  - 目标中心: (944.038, 90.09503)
  - 当前卡牌位置: (867.5599, -16.97411)
[2026-04-20 09:46:15] [DEBUG] 卡牌左上角计算: 大小=(125.0001, 175.0), 缩放=(1.223647, 1.223647), 左上角=(867.56, -16.97411)
[2026-04-20 09:46:15] [DEBUG] 放置验证通过: shape_coords=[(0, 0)], origin=(5, 1), 所有坐标在网格范围内且无碰撞
[2026-04-20 09:46:15] [DEBUG] 更新网格预览: 形状=[(0, 0)], 原点=(5, 1), 有效=true, 全部在边界内=true, 敌人重叠=false
[2026-04-20 09:46:15] [DEBUG] 时间轴悬停调试: 
  - 鼠标位置: (944.038, 90.09503)
  - 网格背景本地鼠标位置: (240.3586, 60.06335) (已自动剔除缩放变换)
  - 格子大小: 42.0 (ui_slot_size=40.0, ui_spacing=2.0)
  - 网格坐标: (5, 1)
  - 网格边界检查: true (范围: X[0-11], Y[0-2])
  - 拖拽偏移: (0.0, 0.0)
  - 目标中心: (944.038, 90.09503)
  - 当前卡牌位置: (867.5599, -16.97411)
[2026-04-20 09:46:15] [DEBUG] 卡牌左上角计算: 大小=(125.0001, 175.0), 缩放=(1.223647, 1.223647), 左上角=(867.56, -16.97411)
[2026-04-20 09:46:15] [DEBUG] 放置验证通过: shape_coords=[(0, 0)], origin=(5, 1), 所有坐标在网格范围内且无碰撞
[2026-04-20 09:46:15] [DEBUG] 更新网格预览: 形状=[(0, 0)], 原点=(5, 1), 有效=true, 全部在边界内=true, 敌人重叠=false
[2026-04-20 09:46:15] [DEBUG] 时间轴悬停调试: 
  - 鼠标位置: (944.038, 88.95459)
  - 网格背景本地鼠标位置: (240.3586, 59.30306) (已自动剔除缩放变换)
  - 格子大小: 42.0 (ui_slot_size=40.0, ui_spacing=2.0)
  - 网格坐标: (5, 1)
  - 网格边界检查: true (范围: X[0-11], Y[0-2])
  - 拖拽偏移: (0.0, 0.0)
  - 目标中心: (944.038, 88.95459)
  - 当前卡牌位置: (867.5599, -16.97411)
[2026-04-20 09:46:15] [DEBUG] 卡牌左上角计算: 大小=(125.0001, 175.0), 缩放=(1.223647, 1.223647), 左上角=(867.56, -18.11456)
[2026-04-20 09:46:15] [DEBUG] 放置验证通过: shape_coords=[(0, 0)], origin=(5, 1), 所有坐标在网格范围内且无碰撞
[2026-04-20 09:46:15] [DEBUG] 更新网格预览: 形状=[(0, 0)], 原点=(5, 1), 有效=true, 全部在边界内=true, 敌人重叠=false
[2026-04-20 09:46:15] [DEBUG] 时间轴悬停调试: 
  - 鼠标位置: (944.038, 88.95459)
  - 网格背景本地鼠标位置: (240.3586, 59.30306) (已自动剔除缩放变换)
  - 格子大小: 42.0 (ui_slot_size=40.0, ui_spacing=2.0)
  - 网格坐标: (5, 1)
  - 网格边界检查: true (范围: X[0-11], Y[0-2])
  - 拖拽偏移: (0.0, 0.0)
  - 目标中心: (944.038, 88.95459)
  - 当前卡牌位置: (867.5599, -18.11456)
[2026-04-20 09:46:15] [DEBUG] 卡牌左上角计算: 大小=(125.0001, 175.0), 缩放=(1.223647, 1.223647), 左上角=(867.56, -18.11456)
[2026-04-20 09:46:15] [DEBUG] 放置验证通过: shape_coords=[(0, 0)], origin=(5, 1), 所有坐标在网格范围内且无碰撞
[2026-04-20 09:46:15] [DEBUG] 更新网格预览: 形状=[(0, 0)], 原点=(5, 1), 有效=true, 全部在边界内=true, 敌人重叠=false
[2026-04-20 09:46:15] [DEBUG] 时间轴悬停调试: 
  - 鼠标位置: (944.038, 88.95459)
  - 网格背景本地鼠标位置: (240.3586, 59.30306) (已自动剔除缩放变换)
  - 格子大小: 42.0 (ui_slot_size=40.0, ui_spacing=2.0)
  - 网格坐标: (5, 1)
  - 网格边界检查: true (范围: X[0-11], Y[0-2])
  - 拖拽偏移: (0.0, 0.0)
  - 目标中心: (944.038, 88.95459)
  - 当前卡牌位置: (867.5599, -18.11456)
[2026-04-20 09:46:15] [DEBUG] 卡牌左上角计算: 大小=(125.0001, 175.0), 缩放=(1.223647, 1.223647), 左上角=(867.56, -18.11456)
[2026-04-20 09:46:15] [DEBUG] 放置验证通过: shape_coords=[(0, 0)], origin=(5, 1), 所有坐标在网格范围内且无碰撞
[2026-04-20 09:46:15] [DEBUG] 更新网格预览: 形状=[(0, 0)], 原点=(5, 1), 有效=true, 全部在边界内=true, 敌人重叠=false
[2026-04-20 09:46:15] [DEBUG] 时间轴悬停调试: 
  - 鼠标位置: (944.038, 88.95459)
  - 网格背景本地鼠标位置: (240.3586, 59.30306) (已自动剔除缩放变换)
  - 格子大小: 42.0 (ui_slot_size=40.0, ui_spacing=2.0)
  - 网格坐标: (5, 1)
  - 网格边界检查: true (范围: X[0-11], Y[0-2])
  - 拖拽偏移: (0.0, 0.0)
  - 目标中心: (944.038, 88.95459)
  - 当前卡牌位置: (867.5599, -18.11456)
[2026-04-20 09:46:15] [DEBUG] 卡牌左上角计算: 大小=(125.0001, 175.0), 缩放=(1.223647, 1.223647), 左上角=(867.56, -18.11456)
[2026-04-20 09:46:15] [DEBUG] 放置验证通过: shape_coords=[(0, 0)], origin=(5, 1), 所有坐标在网格范围内且无碰撞
[2026-04-20 09:46:15] [DEBUG] 更新网格预览: 形状=[(0, 0)], 原点=(5, 1), 有效=true, 全部在边界内=true, 敌人重叠=false
[2026-04-20 09:46:15] [DEBUG] 时间轴悬停调试: 
  - 鼠标位置: (942.8978, 88.95459)
  - 网格背景本地鼠标位置: (239.5986, 59.30306) (已自动剔除缩放变换)
  - 格子大小: 42.0 (ui_slot_size=40.0, ui_spacing=2.0)
  - 网格坐标: (5, 1)
  - 网格边界检查: true (范围: X[0-11], Y[0-2])
  - 拖拽偏移: (0.0, 0.0)
  - 目标中心: (942.8978, 88.95459)
  - 当前卡牌位置: (867.5599, -18.11456)
[2026-04-20 09:46:15] [DEBUG] 卡牌左上角计算: 大小=(125.0001, 175.0), 缩放=(1.223647, 1.223647), 左上角=(866.4199, -18.11456)
[2026-04-20 09:46:15] [DEBUG] 放置验证通过: shape_coords=[(0, 0)], origin=(5, 1), 所有坐标在网格范围内且无碰撞
[2026-04-20 09:46:15] [DEBUG] 更新网格预览: 形状=[(0, 0)], 原点=(5, 1), 有效=true, 全部在边界内=true, 敌人重叠=false
[2026-04-20 09:46:15] [DEBUG] 时间轴悬停调试: 
  - 鼠标位置: (941.7576, 88.95459)
  - 网格背景本地鼠标位置: (238.8384, 59.30306) (已自动剔除缩放变换)
  - 格子大小: 42.0 (ui_slot_size=40.0, ui_spacing=2.0)
  - 网格坐标: (5, 1)
  - 网格边界检查: true (范围: X[0-11], Y[0-2])
  - 拖拽偏移: (0.0, 0.0)
  - 目标中心: (941.7576, 88.95459)
  - 当前卡牌位置: (866.4198, -18.11456)
[2026-04-20 09:46:15] [DEBUG] 卡牌左上角计算: 大小=(125.0001, 175.0), 缩放=(1.223647, 1.223647), 左上角=(865.2797, -18.11456)
[2026-04-20 09:46:15] [DEBUG] 放置验证通过: shape_coords=[(0, 0)], origin=(5, 1), 所有坐标在网格范围内且无碰撞
[2026-04-20 09:46:15] [DEBUG] 更新网格预览: 形状=[(0, 0)], 原点=(5, 1), 有效=true, 全部在边界内=true, 敌人重叠=false
[2026-04-20 09:46:15] [DEBUG] 时间轴悬停调试: 
  - 鼠标位置: (941.7576, 88.95459)
  - 网格背景本地鼠标位置: (238.8384, 59.30306) (已自动剔除缩放变换)
  - 格子大小: 42.0 (ui_slot_size=40.0, ui_spacing=2.0)
  - 网格坐标: (5, 1)
  - 网格边界检查: true (范围: X[0-11], Y[0-2])
  - 拖拽偏移: (0.0, 0.0)
  - 目标中心: (941.7576, 88.95459)
  - 当前卡牌位置: (865.2797, -18.11456)
[2026-04-20 09:46:15] [DEBUG] 卡牌左上角计算: 大小=(125.0001, 175.0), 缩放=(1.223647, 1.223647), 左上角=(865.2797, -18.11456)
[2026-04-20 09:46:15] [DEBUG] 放置验证通过: shape_coords=[(0, 0)], origin=(5, 1), 所有坐标在网格范围内且无碰撞
[2026-04-20 09:46:15] [DEBUG] 更新网格预览: 形状=[(0, 0)], 原点=(5, 1), 有效=true, 全部在边界内=true, 敌人重叠=false
[2026-04-20 09:46:15] [DEBUG] 时间轴悬停调试: 
  - 鼠标位置: (941.7576, 87.81415)
  - 网格背景本地鼠标位置: (238.8384, 58.54277) (已自动剔除缩放变换)
  - 格子大小: 42.0 (ui_slot_size=40.0, ui_spacing=2.0)
  - 网格坐标: (5, 1)
  - 网格边界检查: true (范围: X[0-11], Y[0-2])
  - 拖拽偏移: (0.0, 0.0)
  - 目标中心: (941.7576, 87.81415)
  - 当前卡牌位置: (865.2797, -18.11456)
[2026-04-20 09:46:15] [DEBUG] 卡牌左上角计算: 大小=(125.0001, 175.0), 缩放=(1.223647, 1.223647), 左上角=(865.2797, -19.255)
[2026-04-20 09:46:15] [DEBUG] 放置验证通过: shape_coords=[(0, 0)], origin=(5, 1), 所有坐标在网格范围内且无碰撞
[2026-04-20 09:46:15] [DEBUG] 更新网格预览: 形状=[(0, 0)], 原点=(5, 1), 有效=true, 全部在边界内=true, 敌人重叠=false
[2026-04-20 09:46:15] [DEBUG] 时间轴悬停调试: 
  - 鼠标位置: (941.7576, 87.81415)
  - 网格背景本地鼠标位置: (238.8384, 58.54277) (已自动剔除缩放变换)
  - 格子大小: 42.0 (ui_slot_size=40.0, ui_spacing=2.0)
  - 网格坐标: (5, 1)
  - 网格边界检查: true (范围: X[0-11], Y[0-2])
  - 拖拽偏移: (0.0, 0.0)
  - 目标中心: (941.7576, 87.81415)
  - 当前卡牌位置: (865.2797, -19.255)
[2026-04-20 09:46:15] [DEBUG] 卡牌左上角计算: 大小=(125.0001, 175.0), 缩放=(1.223647, 1.223647), 左上角=(865.2797, -19.255)
[2026-04-20 09:46:15] [DEBUG] 放置验证通过: shape_coords=[(0, 0)], origin=(5, 1), 所有坐标在网格范围内且无碰撞
[2026-04-20 09:46:15] [DEBUG] 更新网格预览: 形状=[(0, 0)], 原点=(5, 1), 有效=true, 全部在边界内=true, 敌人重叠=false
[2026-04-20 09:46:15] [DEBUG] 时间轴悬停调试: 
  - 鼠标位置: (941.7576, 87.81415)
  - 网格背景本地鼠标位置: (238.8384, 58.54277) (已自动剔除缩放变换)
  - 格子大小: 42.0 (ui_slot_size=40.0, ui_spacing=2.0)
  - 网格坐标: (5, 1)
  - 网格边界检查: true (范围: X[0-11], Y[0-2])
  - 拖拽偏移: (0.0, 0.0)
  - 目标中心: (941.7576, 87.81415)
  - 当前卡牌位置: (865.2797, -19.255)
[2026-04-20 09:46:15] [DEBUG] 卡牌左上角计算: 大小=(125.0001, 175.0), 缩放=(1.223647, 1.223647), 左上角=(865.2797, -19.255)
[2026-04-20 09:46:15] [DEBUG] 放置验证通过: shape_coords=[(0, 0)], origin=(5, 1), 所有坐标在网格范围内且无碰撞
[2026-04-20 09:46:15] [DEBUG] 更新网格预览: 形状=[(0, 0)], 原点=(5, 1), 有效=true, 全部在边界内=true, 敌人重叠=false
[2026-04-20 09:46:15] [DEBUG] 时间轴悬停调试: 
  - 鼠标位置: (940.6175, 86.67371)
  - 网格背景本地鼠标位置: (238.0784, 57.78247) (已自动剔除缩放变换)
  - 格子大小: 42.0 (ui_slot_size=40.0, ui_spacing=2.0)
  - 网格坐标: (5, 1)
  - 网格边界检查: true (范围: X[0-11], Y[0-2])
  - 拖拽偏移: (0.0, 0.0)
  - 目标中心: (940.6175, 86.67371)
  - 当前卡牌位置: (865.2797, -19.255)
[2026-04-20 09:46:15] [DEBUG] 卡牌左上角计算: 大小=(125.0001, 175.0), 缩放=(1.223647, 1.223647), 左上角=(864.1395, -20.39544)
[2026-04-20 09:46:15] [DEBUG] 放置验证通过: shape_coords=[(0, 0)], origin=(5, 1), 所有坐标在网格范围内且无碰撞
[2026-04-20 09:46:15] [DEBUG] 更新网格预览: 形状=[(0, 0)], 原点=(5, 1), 有效=true, 全部在边界内=true, 敌人重叠=false
[2026-04-20 09:46:15] [DEBUG] 时间轴悬停调试: 
  - 鼠标位置: (940.6175, 86.67371)
  - 网格背景本地鼠标位置: (238.0784, 57.78247) (已自动剔除缩放变换)
  - 格子大小: 42.0 (ui_slot_size=40.0, ui_spacing=2.0)
  - 网格坐标: (5, 1)
  - 网格边界检查: true (范围: X[0-11], Y[0-2])
  - 拖拽偏移: (0.0, 0.0)
  - 目标中心: (940.6175, 86.67371)
  - 当前卡牌位置: (864.1395, -20.39544)
[2026-04-20 09:46:15] [DEBUG] 卡牌左上角计算: 大小=(125.0001, 175.0), 缩放=(1.223647, 1.223647), 左上角=(864.1395, -20.39544)
[2026-04-20 09:46:15] [DEBUG] 放置验证通过: shape_coords=[(0, 0)], origin=(5, 1), 所有坐标在网格范围内且无碰撞
[2026-04-20 09:46:15] [DEBUG] 更新网格预览: 形状=[(0, 0)], 原点=(5, 1), 有效=true, 全部在边界内=true, 敌人重叠=false
[2026-04-20 09:46:15] [DEBUG] 时间轴悬停调试: 
  - 鼠标位置: (940.6175, 86.67371)
  - 网格背景本地鼠标位置: (238.0784, 57.78247) (已自动剔除缩放变换)
  - 格子大小: 42.0 (ui_slot_size=40.0, ui_spacing=2.0)
  - 网格坐标: (5, 1)
  - 网格边界检查: true (范围: X[0-11], Y[0-2])
  - 拖拽偏移: (0.0, 0.0)
  - 目标中心: (940.6175, 86.67371)
  - 当前卡牌位置: (864.1395, -20.39544)
[2026-04-20 09:46:15] [DEBUG] 卡牌左上角计算: 大小=(125.0001, 175.0), 缩放=(1.223647, 1.223647), 左上角=(864.1395, -20.39544)
[2026-04-20 09:46:15] [DEBUG] 放置验证通过: shape_coords=[(0, 0)], origin=(5, 1), 所有坐标在网格范围内且无碰撞
[2026-04-20 09:46:15] [DEBUG] 更新网格预览: 形状=[(0, 0)], 原点=(5, 1), 有效=true, 全部在边界内=true, 敌人重叠=false
[2026-04-20 09:46:15] [DEBUG] 时间轴悬停调试: 
  - 鼠标位置: (939.4774, 85.53326)
  - 网格背景本地鼠标位置: (237.3182, 57.02218) (已自动剔除缩放变换)
  - 格子大小: 42.0 (ui_slot_size=40.0, ui_spacing=2.0)
  - 网格坐标: (5, 1)
  - 网格边界检查: true (范围: X[0-11], Y[0-2])
  - 拖拽偏移: (0.0, 0.0)
  - 目标中心: (939.4774, 85.53326)
  - 当前卡牌位置: (864.1395, -20.39544)
[2026-04-20 09:46:15] [DEBUG] 卡牌左上角计算: 大小=(125.0001, 175.0), 缩放=(1.223647, 1.223647), 左上角=(862.9994, -21.53588)
[2026-04-20 09:46:15] [DEBUG] 放置验证通过: shape_coords=[(0, 0)], origin=(5, 1), 所有坐标在网格范围内且无碰撞
[2026-04-20 09:46:15] [DEBUG] 更新网格预览: 形状=[(0, 0)], 原点=(5, 1), 有效=true, 全部在边界内=true, 敌人重叠=false
[2026-04-20 09:46:15] [DEBUG] 时间轴悬停调试: 
  - 鼠标位置: (937.1971, 84.39282)
  - 网格背景本地鼠标位置: (235.7981, 56.26188) (已自动剔除缩放变换)
  - 格子大小: 42.0 (ui_slot_size=40.0, ui_spacing=2.0)
  - 网格坐标: (5, 1)
  - 网格边界检查: true (范围: X[0-11], Y[0-2])
  - 拖拽偏移: (0.0, 0.0)
  - 目标中心: (937.1971, 84.39282)
  - 当前卡牌位置: (862.9994, -21.53588)
[2026-04-20 09:46:15] [DEBUG] 卡牌左上角计算: 大小=(125.0001, 175.0), 缩放=(1.223647, 1.223647), 左上角=(860.7191, -22.67632)
[2026-04-20 09:46:15] [DEBUG] 放置验证通过: shape_coords=[(0, 0)], origin=(5, 1), 所有坐标在网格范围内且无碰撞
[2026-04-20 09:46:15] [DEBUG] 更新网格预览: 形状=[(0, 0)], 原点=(5, 1), 有效=true, 全部在边界内=true, 敌人重叠=false
[2026-04-20 09:46:15] [DEBUG] 时间轴悬停调试: 
  - 鼠标位置: (937.1971, 84.39282)
  - 网格背景本地鼠标位置: (235.7981, 56.26188) (已自动剔除缩放变换)
  - 格子大小: 42.0 (ui_slot_size=40.0, ui_spacing=2.0)
  - 网格坐标: (5, 1)
  - 网格边界检查: true (范围: X[0-11], Y[0-2])
  - 拖拽偏移: (0.0, 0.0)
  - 目标中心: (937.1971, 84.39282)
  - 当前卡牌位置: (860.7191, -22.67632)
[2026-04-20 09:46:15] [DEBUG] 卡牌左上角计算: 大小=(125.0001, 175.0), 缩放=(1.223647, 1.223647), 左上角=(860.7191, -22.67632)
[2026-04-20 09:46:15] [DEBUG] 放置验证通过: shape_coords=[(0, 0)], origin=(5, 1), 所有坐标在网格范围内且无碰撞
[2026-04-20 09:46:15] [DEBUG] 更新网格预览: 形状=[(0, 0)], 原点=(5, 1), 有效=true, 全部在边界内=true, 敌人重叠=false
[2026-04-20 09:46:15] [DEBUG] 时间轴悬停调试: 
  - 鼠标位置: (937.1971, 84.39282)
  - 网格背景本地鼠标位置: (235.7981, 56.26188) (已自动剔除缩放变换)
  - 格子大小: 42.0 (ui_slot_size=40.0, ui_spacing=2.0)
  - 网格坐标: (5, 1)
  - 网格边界检查: true (范围: X[0-11], Y[0-2])
  - 拖拽偏移: (0.0, 0.0)
  - 目标中心: (937.1971, 84.39282)
  - 当前卡牌位置: (860.7191, -22.67632)
[2026-04-20 09:46:15] [DEBUG] 卡牌左上角计算: 大小=(125.0001, 175.0), 缩放=(1.223647, 1.223647), 左上角=(860.7191, -22.67632)
[2026-04-20 09:46:15] [DEBUG] 放置验证通过: shape_coords=[(0, 0)], origin=(5, 1), 所有坐标在网格范围内且无碰撞
[2026-04-20 09:46:15] [DEBUG] 更新网格预览: 形状=[(0, 0)], 原点=(5, 1), 有效=true, 全部在边界内=true, 敌人重叠=false
[2026-04-20 09:46:15] [DEBUG] 时间轴悬停调试: 
  - 鼠标位置: (937.1971, 84.39282)
  - 网格背景本地鼠标位置: (235.7981, 56.26188) (已自动剔除缩放变换)
  - 格子大小: 42.0 (ui_slot_size=40.0, ui_spacing=2.0)
  - 网格坐标: (5, 1)
  - 网格边界检查: true (范围: X[0-11], Y[0-2])
  - 拖拽偏移: (0.0, 0.0)
  - 目标中心: (937.1971, 84.39282)
  - 当前卡牌位置: (860.7191, -22.67632)
[2026-04-20 09:46:15] [DEBUG] 卡牌左上角计算: 大小=(125.0001, 175.0), 缩放=(1.223647, 1.223647), 左上角=(860.7191, -22.67632)
[2026-04-20 09:46:15] [DEBUG] 放置验证通过: shape_coords=[(0, 0)], origin=(5, 1), 所有坐标在网格范围内且无碰撞
[2026-04-20 09:46:15] [DEBUG] 更新网格预览: 形状=[(0, 0)], 原点=(5, 1), 有效=true, 全部在边界内=true, 敌人重叠=false
[2026-04-20 09:46:15] [DEBUG] 时间轴悬停调试: 
  - 鼠标位置: (937.1971, 84.39282)
  - 网格背景本地鼠标位置: (235.7981, 56.26188) (已自动剔除缩放变换)
  - 格子大小: 42.0 (ui_slot_size=40.0, ui_spacing=2.0)
  - 网格坐标: (5, 1)
  - 网格边界检查: true (范围: X[0-11], Y[0-2])
  - 拖拽偏移: (0.0, 0.0)
  - 目标中心: (937.1971, 84.39282)
  - 当前卡牌位置: (860.7191, -22.67632)
[2026-04-20 09:46:15] [DEBUG] 卡牌左上角计算: 大小=(125.0001, 175.0), 缩放=(1.223647, 1.223647), 左上角=(860.7191, -22.67632)
[2026-04-20 09:46:15] [DEBUG] 放置验证通过: shape_coords=[(0, 0)], origin=(5, 1), 所有坐标在网格范围内且无碰撞
[2026-04-20 09:46:15] [DEBUG] 更新网格预览: 形状=[(0, 0)], 原点=(5, 1), 有效=true, 全部在边界内=true, 敌人重叠=false
[2026-04-20 09:46:15] [DEBUG] 时间轴悬停调试: 
  - 鼠标位置: (937.1971, 84.39282)
  - 网格背景本地鼠标位置: (235.7981, 56.26188) (已自动剔除缩放变换)
  - 格子大小: 42.0 (ui_slot_size=40.0, ui_spacing=2.0)
  - 网格坐标: (5, 1)
  - 网格边界检查: true (范围: X[0-11], Y[0-2])
  - 拖拽偏移: (0.0, 0.0)
  - 目标中心: (937.1971, 84.39282)
  - 当前卡牌位置: (860.7191, -22.67632)
[2026-04-20 09:46:15] [DEBUG] 卡牌左上角计算: 大小=(125.0001, 175.0), 缩放=(1.223647, 1.223647), 左上角=(860.7191, -22.67632)
[2026-04-20 09:46:15] [DEBUG] 放置验证通过: shape_coords=[(0, 0)], origin=(5, 1), 所有坐标在网格范围内且无碰撞
[2026-04-20 09:46:15] [DEBUG] 更新网格预览: 形状=[(0, 0)], 原点=(5, 1), 有效=true, 全部在边界内=true, 敌人重叠=false
[2026-04-20 09:46:15] [DEBUG] 时间轴悬停调试: 
  - 鼠标位置: (937.1971, 84.39282)
  - 网格背景本地鼠标位置: (235.7981, 56.26188) (已自动剔除缩放变换)
  - 格子大小: 42.0 (ui_slot_size=40.0, ui_spacing=2.0)
  - 网格坐标: (5, 1)
  - 网格边界检查: true (范围: X[0-11], Y[0-2])
  - 拖拽偏移: (0.0, 0.0)
  - 目标中心: (937.1971, 84.39282)
  - 当前卡牌位置: (860.7191, -22.67632)
[2026-04-20 09:46:15] [DEBUG] 卡牌左上角计算: 大小=(125.0001, 175.0), 缩放=(1.223647, 1.223647), 左上角=(860.7191, -22.67632)
[2026-04-20 09:46:15] [DEBUG] 放置验证通过: shape_coords=[(0, 0)], origin=(5, 1), 所有坐标在网格范围内且无碰撞
[2026-04-20 09:46:15] [DEBUG] 更新网格预览: 形状=[(0, 0)], 原点=(5, 1), 有效=true, 全部在边界内=true, 敌人重叠=false
[2026-04-20 09:46:15] [DEBUG] 时间轴悬停调试: 
  - 鼠标位置: (937.1971, 84.39282)
  - 网格背景本地鼠标位置: (235.7981, 56.26188) (已自动剔除缩放变换)
  - 格子大小: 42.0 (ui_slot_size=40.0, ui_spacing=2.0)
  - 网格坐标: (5, 1)
  - 网格边界检查: true (范围: X[0-11], Y[0-2])
  - 拖拽偏移: (0.0, 0.0)
  - 目标中心: (937.1971, 84.39282)
  - 当前卡牌位置: (860.7191, -22.67632)
[2026-04-20 09:46:15] [DEBUG] 卡牌左上角计算: 大小=(125.0001, 175.0), 缩放=(1.223647, 1.223647), 左上角=(860.7191, -22.67632)
[2026-04-20 09:46:15] [DEBUG] 放置验证通过: shape_coords=[(0, 0)], origin=(5, 1), 所有坐标在网格范围内且无碰撞
[2026-04-20 09:46:15] [DEBUG] 更新网格预览: 形状=[(0, 0)], 原点=(5, 1), 有效=true, 全部在边界内=true, 敌人重叠=false
[2026-04-20 09:46:15] [DEBUG] 时间轴悬停调试: 
  - 鼠标位置: (937.1971, 84.39282)
  - 网格背景本地鼠标位置: (235.7981, 56.26188) (已自动剔除缩放变换)
  - 格子大小: 42.0 (ui_slot_size=40.0, ui_spacing=2.0)
  - 网格坐标: (5, 1)
  - 网格边界检查: true (范围: X[0-11], Y[0-2])
  - 拖拽偏移: (0.0, 0.0)
  - 目标中心: (937.1971, 84.39282)
  - 当前卡牌位置: (860.7191, -22.67632)
[2026-04-20 09:46:15] [DEBUG] 卡牌左上角计算: 大小=(125.0001, 175.0), 缩放=(1.223647, 1.223647), 左上角=(860.7191, -22.67632)
[2026-04-20 09:46:15] [DEBUG] 放置验证通过: shape_coords=[(0, 0)], origin=(5, 1), 所有坐标在网格范围内且无碰撞
[2026-04-20 09:46:15] [DEBUG] 更新网格预览: 形状=[(0, 0)], 原点=(5, 1), 有效=true, 全部在边界内=true, 敌人重叠=false
[2026-04-20 09:46:15] [DEBUG] 时间轴悬停调试: 
  - 鼠标位置: (937.1971, 84.39282)
  - 网格背景本地鼠标位置: (235.7981, 56.26188) (已自动剔除缩放变换)
  - 格子大小: 42.0 (ui_slot_size=40.0, ui_spacing=2.0)
  - 网格坐标: (5, 1)
  - 网格边界检查: true (范围: X[0-11], Y[0-2])
  - 拖拽偏移: (0.0, 0.0)
  - 目标中心: (937.1971, 84.39282)
  - 当前卡牌位置: (860.7191, -22.67632)
[2026-04-20 09:46:15] [DEBUG] 卡牌左上角计算: 大小=(125.0001, 175.0), 缩放=(1.223647, 1.223647), 左上角=(860.7191, -22.67632)
[2026-04-20 09:46:15] [DEBUG] 放置验证通过: shape_coords=[(0, 0)], origin=(5, 1), 所有坐标在网格范围内且无碰撞
[2026-04-20 09:46:15] [DEBUG] 更新网格预览: 形状=[(0, 0)], 原点=(5, 1), 有效=true, 全部在边界内=true, 敌人重叠=false
[2026-04-20 09:46:15] [DEBUG] 时间轴悬停调试: 
  - 鼠标位置: (937.1971, 84.39282)
  - 网格背景本地鼠标位置: (235.7981, 56.26188) (已自动剔除缩放变换)
  - 格子大小: 42.0 (ui_slot_size=40.0, ui_spacing=2.0)
  - 网格坐标: (5, 1)
  - 网格边界检查: true (范围: X[0-11], Y[0-2])
  - 拖拽偏移: (0.0, 0.0)
  - 目标中心: (937.1971, 84.39282)
  - 当前卡牌位置: (860.7191, -22.67632)
[2026-04-20 09:46:15] [DEBUG] 卡牌左上角计算: 大小=(125.0001, 175.0), 缩放=(1.223647, 1.223647), 左上角=(860.7191, -22.67632)
[2026-04-20 09:46:15] [DEBUG] 放置验证通过: shape_coords=[(0, 0)], origin=(5, 1), 所有坐标在网格范围内且无碰撞
[2026-04-20 09:46:15] [DEBUG] 更新网格预览: 形状=[(0, 0)], 原点=(5, 1), 有效=true, 全部在边界内=true, 敌人重叠=false
[2026-04-20 09:46:15] [DEBUG] 时间轴悬停调试: 
  - 鼠标位置: (937.1971, 84.39282)
  - 网格背景本地鼠标位置: (235.7981, 56.26188) (已自动剔除缩放变换)
  - 格子大小: 42.0 (ui_slot_size=40.0, ui_spacing=2.0)
  - 网格坐标: (5, 1)
  - 网格边界检查: true (范围: X[0-11], Y[0-2])
  - 拖拽偏移: (0.0, 0.0)
  - 目标中心: (937.1971, 84.39282)
  - 当前卡牌位置: (860.7191, -22.67632)
[2026-04-20 09:46:15] [DEBUG] 卡牌左上角计算: 大小=(125.0001, 175.0), 缩放=(1.223647, 1.223647), 左上角=(860.7191, -22.67632)
[2026-04-20 09:46:15] [DEBUG] 放置验证通过: shape_coords=[(0, 0)], origin=(5, 1), 所有坐标在网格范围内且无碰撞
[2026-04-20 09:46:15] [DEBUG] 更新网格预览: 形状=[(0, 0)], 原点=(5, 1), 有效=true, 全部在边界内=true, 敌人重叠=false
[2026-04-20 09:46:15] [DEBUG] 时间轴悬停调试: 
  - 鼠标位置: (937.1971, 84.39282)
  - 网格背景本地鼠标位置: (235.7981, 56.26188) (已自动剔除缩放变换)
  - 格子大小: 42.0 (ui_slot_size=40.0, ui_spacing=2.0)
  - 网格坐标: (5, 1)
  - 网格边界检查: true (范围: X[0-11], Y[0-2])
  - 拖拽偏移: (0.0, 0.0)
  - 目标中心: (937.1971, 84.39282)
  - 当前卡牌位置: (860.7191, -22.67632)
[2026-04-20 09:46:15] [DEBUG] 卡牌左上角计算: 大小=(125.0001, 175.0), 缩放=(1.223647, 1.223647), 左上角=(860.7191, -22.67632)
[2026-04-20 09:46:15] [DEBUG] 放置验证通过: shape_coords=[(0, 0)], origin=(5, 1), 所有坐标在网格范围内且无碰撞
[2026-04-20 09:46:15] [DEBUG] 更新网格预览: 形状=[(0, 0)], 原点=(5, 1), 有效=true, 全部在边界内=true, 敌人重叠=false
[2026-04-20 09:46:15] [DEBUG] 时间轴悬停调试: 
  - 鼠标位置: (937.1971, 84.39282)
  - 网格背景本地鼠标位置: (235.7981, 56.26188) (已自动剔除缩放变换)
  - 格子大小: 42.0 (ui_slot_size=40.0, ui_spacing=2.0)
  - 网格坐标: (5, 1)
  - 网格边界检查: true (范围: X[0-11], Y[0-2])
  - 拖拽偏移: (0.0, 0.0)
  - 目标中心: (937.1971, 84.39282)
  - 当前卡牌位置: (860.7191, -22.67632)
[2026-04-20 09:46:15] [DEBUG] 卡牌左上角计算: 大小=(125.0001, 175.0), 缩放=(1.223647, 1.223647), 左上角=(860.7191, -22.67632)
[2026-04-20 09:46:15] [DEBUG] 放置验证通过: shape_coords=[(0, 0)], origin=(5, 1), 所有坐标在网格范围内且无碰撞
[2026-04-20 09:46:15] [DEBUG] 更新网格预览: 形状=[(0, 0)], 原点=(5, 1), 有效=true, 全部在边界内=true, 敌人重叠=false
[2026-04-20 09:46:15] [DEBUG] 时间轴悬停调试: 
  - 鼠标位置: (937.1971, 84.39282)
  - 网格背景本地鼠标位置: (235.7981, 56.26188) (已自动剔除缩放变换)
  - 格子大小: 42.0 (ui_slot_size=40.0, ui_spacing=2.0)
  - 网格坐标: (5, 1)
  - 网格边界检查: true (范围: X[0-11], Y[0-2])
  - 拖拽偏移: (0.0, 0.0)
  - 目标中心: (937.1971, 84.39282)
  - 当前卡牌位置: (860.7191, -22.67632)
[2026-04-20 09:46:15] [DEBUG] 卡牌左上角计算: 大小=(125.0001, 175.0), 缩放=(1.223647, 1.223647), 左上角=(860.7191, -22.67632)
[2026-04-20 09:46:15] [DEBUG] 放置验证通过: shape_coords=[(0, 0)], origin=(5, 1), 所有坐标在网格范围内且无碰撞
[2026-04-20 09:46:15] [DEBUG] 更新网格预览: 形状=[(0, 0)], 原点=(5, 1), 有效=true, 全部在边界内=true, 敌人重叠=false
[2026-04-20 09:46:15] [DEBUG] 时间轴悬停调试: 
  - 鼠标位置: (937.1971, 84.39282)
  - 网格背景本地鼠标位置: (235.7981, 56.26188) (已自动剔除缩放变换)
  - 格子大小: 42.0 (ui_slot_size=40.0, ui_spacing=2.0)
  - 网格坐标: (5, 1)
  - 网格边界检查: true (范围: X[0-11], Y[0-2])
  - 拖拽偏移: (0.0, 0.0)
  - 目标中心: (937.1971, 84.39282)
  - 当前卡牌位置: (860.7191, -22.67632)
[2026-04-20 09:46:15] [DEBUG] 卡牌左上角计算: 大小=(125.0001, 175.0), 缩放=(1.223647, 1.223647), 左上角=(860.7191, -22.67632)
[2026-04-20 09:46:15] [DEBUG] 放置验证通过: shape_coords=[(0, 0)], origin=(5, 1), 所有坐标在网格范围内且无碰撞
[2026-04-20 09:46:15] [DEBUG] 更新网格预览: 形状=[(0, 0)], 原点=(5, 1), 有效=true, 全部在边界内=true, 敌人重叠=false
[2026-04-20 09:46:15] [DEBUG] 时间轴悬停调试: 
  - 鼠标位置: (936.0569, 84.39282)
  - 网格背景本地鼠标位置: (235.038, 56.26188) (已自动剔除缩放变换)
  - 格子大小: 42.0 (ui_slot_size=40.0, ui_spacing=2.0)
  - 网格坐标: (5, 1)
  - 网格边界检查: true (范围: X[0-11], Y[0-2])
  - 拖拽偏移: (0.0, 0.0)
  - 目标中心: (936.0569, 84.39282)
  - 当前卡牌位置: (860.7191, -22.67632)
[2026-04-20 09:46:15] [DEBUG] 卡牌左上角计算: 大小=(125.0001, 175.0), 缩放=(1.223647, 1.223647), 左上角=(859.579, -22.67632)
[2026-04-20 09:46:15] [DEBUG] 放置验证通过: shape_coords=[(0, 0)], origin=(5, 1), 所有坐标在网格范围内且无碰撞
[2026-04-20 09:46:15] [DEBUG] 更新网格预览: 形状=[(0, 0)], 原点=(5, 1), 有效=true, 全部在边界内=true, 敌人重叠=false
[2026-04-20 09:46:15] [DEBUG] 时间轴悬停调试: 
  - 鼠标位置: (936.0569, 84.39282)
  - 网格背景本地鼠标位置: (235.038, 56.26188) (已自动剔除缩放变换)
  - 格子大小: 42.0 (ui_slot_size=40.0, ui_spacing=2.0)
  - 网格坐标: (5, 1)
  - 网格边界检查: true (范围: X[0-11], Y[0-2])
  - 拖拽偏移: (0.0, 0.0)
  - 目标中心: (936.0569, 84.39282)
  - 当前卡牌位置: (859.579, -22.67632)
[2026-04-20 09:46:15] [DEBUG] 卡牌左上角计算: 大小=(125.0001, 175.0), 缩放=(1.223647, 1.223647), 左上角=(859.579, -22.67632)
[2026-04-20 09:46:15] [DEBUG] 放置验证通过: shape_coords=[(0, 0)], origin=(5, 1), 所有坐标在网格范围内且无碰撞
[2026-04-20 09:46:15] [DEBUG] 更新网格预览: 形状=[(0, 0)], 原点=(5, 1), 有效=true, 全部在边界内=true, 敌人重叠=false
[2026-04-20 09:46:15] [DEBUG] 时间轴悬停调试: 
  - 鼠标位置: (936.0569, 84.39282)
  - 网格背景本地鼠标位置: (235.038, 56.26188) (已自动剔除缩放变换)
  - 格子大小: 42.0 (ui_slot_size=40.0, ui_spacing=2.0)
  - 网格坐标: (5, 1)
  - 网格边界检查: true (范围: X[0-11], Y[0-2])
  - 拖拽偏移: (0.0, 0.0)
  - 目标中心: (936.0569, 84.39282)
  - 当前卡牌位置: (859.579, -22.67632)
[2026-04-20 09:46:15] [DEBUG] 卡牌左上角计算: 大小=(125.0001, 175.0), 缩放=(1.223647, 1.223647), 左上角=(859.579, -22.67632)
[2026-04-20 09:46:15] [DEBUG] 放置验证通过: shape_coords=[(0, 0)], origin=(5, 1), 所有坐标在网格范围内且无碰撞
[2026-04-20 09:46:15] [DEBUG] 更新网格预览: 形状=[(0, 0)], 原点=(5, 1), 有效=true, 全部在边界内=true, 敌人重叠=false
[2026-04-20 09:46:15] [DEBUG] 时间轴悬停调试: 
  - 鼠标位置: (936.0569, 84.39282)
  - 网格背景本地鼠标位置: (235.038, 56.26188) (已自动剔除缩放变换)
  - 格子大小: 42.0 (ui_slot_size=40.0, ui_spacing=2.0)
  - 网格坐标: (5, 1)
  - 网格边界检查: true (范围: X[0-11], Y[0-2])
  - 拖拽偏移: (0.0, 0.0)
  - 目标中心: (936.0569, 84.39282)
  - 当前卡牌位置: (859.579, -22.67632)
[2026-04-20 09:46:15] [DEBUG] 卡牌左上角计算: 大小=(125.0001, 175.0), 缩放=(1.223647, 1.223647), 左上角=(859.579, -22.67632)
[2026-04-20 09:46:15] [DEBUG] 放置验证通过: shape_coords=[(0, 0)], origin=(5, 1), 所有坐标在网格范围内且无碰撞
[2026-04-20 09:46:15] [DEBUG] 更新网格预览: 形状=[(0, 0)], 原点=(5, 1), 有效=true, 全部在边界内=true, 敌人重叠=false
[2026-04-20 09:46:15] [DEBUG] 时间轴悬停调试: 
  - 鼠标位置: (936.0569, 84.39282)
  - 网格背景本地鼠标位置: (235.038, 56.26188) (已自动剔除缩放变换)
  - 格子大小: 42.0 (ui_slot_size=40.0, ui_spacing=2.0)
  - 网格坐标: (5, 1)
  - 网格边界检查: true (范围: X[0-11], Y[0-2])
  - 拖拽偏移: (0.0, 0.0)
  - 目标中心: (936.0569, 84.39282)
  - 当前卡牌位置: (859.579, -22.67632)
[2026-04-20 09:46:15] [DEBUG] 卡牌左上角计算: 大小=(125.0001, 175.0), 缩放=(1.223647, 1.223647), 左上角=(859.579, -22.67632)
[2026-04-20 09:46:15] [DEBUG] 放置验证通过: shape_coords=[(0, 0)], origin=(5, 1), 所有坐标在网格范围内且无碰撞
[2026-04-20 09:46:15] [DEBUG] 更新网格预览: 形状=[(0, 0)], 原点=(5, 1), 有效=true, 全部在边界内=true, 敌人重叠=false
[2026-04-20 09:46:15] [DEBUG] 时间轴悬停调试: 
  - 鼠标位置: (934.9168, 84.39282)
  - 网格背景本地鼠标位置: (234.2779, 56.26188) (已自动剔除缩放变换)
  - 格子大小: 42.0 (ui_slot_size=40.0, ui_spacing=2.0)
  - 网格坐标: (5, 1)
  - 网格边界检查: true (范围: X[0-11], Y[0-2])
  - 拖拽偏移: (0.0, 0.0)
  - 目标中心: (934.9168, 84.39282)
  - 当前卡牌位置: (859.579, -22.67632)
[2026-04-20 09:46:15] [DEBUG] 卡牌左上角计算: 大小=(125.0001, 175.0), 缩放=(1.223647, 1.223647), 左上角=(858.4388, -22.67632)
[2026-04-20 09:46:15] [DEBUG] 放置验证通过: shape_coords=[(0, 0)], origin=(5, 1), 所有坐标在网格范围内且无碰撞
[2026-04-20 09:46:15] [DEBUG] 更新网格预览: 形状=[(0, 0)], 原点=(5, 1), 有效=true, 全部在边界内=true, 敌人重叠=false
[2026-04-20 09:46:15] [DEBUG] 时间轴悬停调试: 
  - 鼠标位置: (933.7767, 84.39282)
  - 网格背景本地鼠标位置: (233.5178, 56.26188) (已自动剔除缩放变换)
  - 格子大小: 42.0 (ui_slot_size=40.0, ui_spacing=2.0)
  - 网格坐标: (5, 1)
  - 网格边界检查: true (范围: X[0-11], Y[0-2])
  - 拖拽偏移: (0.0, 0.0)
  - 目标中心: (933.7767, 84.39282)
  - 当前卡牌位置: (858.4388, -22.67632)
[2026-04-20 09:46:15] [DEBUG] 卡牌左上角计算: 大小=(125.0001, 175.0), 缩放=(1.223647, 1.223647), 左上角=(857.2987, -22.67632)
[2026-04-20 09:46:15] [DEBUG] 放置验证通过: shape_coords=[(0, 0)], origin=(5, 1), 所有坐标在网格范围内且无碰撞
[2026-04-20 09:46:15] [DEBUG] 更新网格预览: 形状=[(0, 0)], 原点=(5, 1), 有效=true, 全部在边界内=true, 敌人重叠=false
[2026-04-20 09:46:15] [DEBUG] 时间轴悬停调试: 
  - 鼠标位置: (933.7767, 84.39282)
  - 网格背景本地鼠标位置: (233.5178, 56.26188) (已自动剔除缩放变换)
  - 格子大小: 42.0 (ui_slot_size=40.0, ui_spacing=2.0)
  - 网格坐标: (5, 1)
  - 网格边界检查: true (范围: X[0-11], Y[0-2])
  - 拖拽偏移: (0.0, 0.0)
  - 目标中心: (933.7767, 84.39282)
  - 当前卡牌位置: (857.2987, -22.67632)
[2026-04-20 09:46:15] [DEBUG] 卡牌左上角计算: 大小=(125.0001, 175.0), 缩放=(1.223647, 1.223647), 左上角=(857.2987, -22.67632)
[2026-04-20 09:46:15] [DEBUG] 放置验证通过: shape_coords=[(0, 0)], origin=(5, 1), 所有坐标在网格范围内且无碰撞
[2026-04-20 09:46:15] [DEBUG] 更新网格预览: 形状=[(0, 0)], 原点=(5, 1), 有效=true, 全部在边界内=true, 敌人重叠=false
[2026-04-20 09:46:15] [DEBUG] 时间轴悬停调试: 
  - 鼠标位置: (933.7767, 84.39282)
  - 网格背景本地鼠标位置: (233.5178, 56.26188) (已自动剔除缩放变换)
  - 格子大小: 42.0 (ui_slot_size=40.0, ui_spacing=2.0)
  - 网格坐标: (5, 1)
  - 网格边界检查: true (范围: X[0-11], Y[0-2])
  - 拖拽偏移: (0.0, 0.0)
  - 目标中心: (933.7767, 84.39282)
  - 当前卡牌位置: (857.2987, -22.67632)
[2026-04-20 09:46:15] [DEBUG] 卡牌左上角计算: 大小=(125.0001, 175.0), 缩放=(1.223647, 1.223647), 左上角=(857.2987, -22.67632)
[2026-04-20 09:46:15] [DEBUG] 放置验证通过: shape_coords=[(0, 0)], origin=(5, 1), 所有坐标在网格范围内且无碰撞
[2026-04-20 09:46:15] [DEBUG] 更新网格预览: 形状=[(0, 0)], 原点=(5, 1), 有效=true, 全部在边界内=true, 敌人重叠=false
[2026-04-20 09:46:15] [DEBUG] 时间轴悬停调试: 
  - 鼠标位置: (933.7767, 84.39282)
  - 网格背景本地鼠标位置: (233.5178, 56.26188) (已自动剔除缩放变换)
  - 格子大小: 42.0 (ui_slot_size=40.0, ui_spacing=2.0)
  - 网格坐标: (5, 1)
  - 网格边界检查: true (范围: X[0-11], Y[0-2])
  - 拖拽偏移: (0.0, 0.0)
  - 目标中心: (933.7767, 84.39282)
  - 当前卡牌位置: (857.2987, -22.67632)
[2026-04-20 09:46:15] [DEBUG] 卡牌左上角计算: 大小=(125.0001, 175.0), 缩放=(1.223647, 1.223647), 左上角=(857.2987, -22.67632)
[2026-04-20 09:46:15] [DEBUG] 放置验证通过: shape_coords=[(0, 0)], origin=(5, 1), 所有坐标在网格范围内且无碰撞
[2026-04-20 09:46:15] [DEBUG] 更新网格预览: 形状=[(0, 0)], 原点=(5, 1), 有效=true, 全部在边界内=true, 敌人重叠=false
[2026-04-20 09:46:15] [DEBUG] 时间轴悬停调试: 
  - 鼠标位置: (933.7767, 84.39282)
  - 网格背景本地鼠标位置: (233.5178, 56.26188) (已自动剔除缩放变换)
  - 格子大小: 42.0 (ui_slot_size=40.0, ui_spacing=2.0)
  - 网格坐标: (5, 1)
  - 网格边界检查: true (范围: X[0-11], Y[0-2])
  - 拖拽偏移: (0.0, 0.0)
  - 目标中心: (933.7767, 84.39282)
  - 当前卡牌位置: (857.2987, -22.67632)
[2026-04-20 09:46:15] [DEBUG] 卡牌左上角计算: 大小=(125.0001, 175.0), 缩放=(1.223647, 1.223647), 左上角=(857.2987, -22.67632)
[2026-04-20 09:46:15] [DEBUG] 放置验证通过: shape_coords=[(0, 0)], origin=(5, 1), 所有坐标在网格范围内且无碰撞
[2026-04-20 09:46:15] [DEBUG] 更新网格预览: 形状=[(0, 0)], 原点=(5, 1), 有效=true, 全部在边界内=true, 敌人重叠=false
[2026-04-20 09:46:15] [DEBUG] 时间轴悬停调试: 
  - 鼠标位置: (933.7767, 84.39282)
  - 网格背景本地鼠标位置: (233.5178, 56.26188) (已自动剔除缩放变换)
  - 格子大小: 42.0 (ui_slot_size=40.0, ui_spacing=2.0)
  - 网格坐标: (5, 1)
  - 网格边界检查: true (范围: X[0-11], Y[0-2])
  - 拖拽偏移: (0.0, 0.0)
  - 目标中心: (933.7767, 84.39282)
  - 当前卡牌位置: (857.2987, -22.67632)
[2026-04-20 09:46:15] [DEBUG] 卡牌左上角计算: 大小=(125.0001, 175.0), 缩放=(1.223647, 1.223647), 左上角=(857.2987, -22.67632)
[2026-04-20 09:46:15] [DEBUG] 放置验证通过: shape_coords=[(0, 0)], origin=(5, 1), 所有坐标在网格范围内且无碰撞
[2026-04-20 09:46:15] [DEBUG] 更新网格预览: 形状=[(0, 0)], 原点=(5, 1), 有效=true, 全部在边界内=true, 敌人重叠=false
[2026-04-20 09:46:15] [DEBUG] 时间轴悬停调试: 
  - 鼠标位置: (933.7767, 84.39282)
  - 网格背景本地鼠标位置: (233.5178, 56.26188) (已自动剔除缩放变换)
  - 格子大小: 42.0 (ui_slot_size=40.0, ui_spacing=2.0)
  - 网格坐标: (5, 1)
  - 网格边界检查: true (范围: X[0-11], Y[0-2])
  - 拖拽偏移: (0.0, 0.0)
  - 目标中心: (933.7767, 84.39282)
  - 当前卡牌位置: (857.2987, -22.67632)
[2026-04-20 09:46:15] [DEBUG] 卡牌左上角计算: 大小=(125.0001, 175.0), 缩放=(1.223647, 1.223647), 左上角=(857.2987, -22.67632)
[2026-04-20 09:46:15] [DEBUG] 放置验证通过: shape_coords=[(0, 0)], origin=(5, 1), 所有坐标在网格范围内且无碰撞
[2026-04-20 09:46:15] [DEBUG] 更新网格预览: 形状=[(0, 0)], 原点=(5, 1), 有效=true, 全部在边界内=true, 敌人重叠=false
[2026-04-20 09:46:15] [DEBUG] 时间轴悬停调试: 
  - 鼠标位置: (933.7767, 84.39282)
  - 网格背景本地鼠标位置: (233.5178, 56.26188) (已自动剔除缩放变换)
  - 格子大小: 42.0 (ui_slot_size=40.0, ui_spacing=2.0)
  - 网格坐标: (5, 1)
  - 网格边界检查: true (范围: X[0-11], Y[0-2])
  - 拖拽偏移: (0.0, 0.0)
  - 目标中心: (933.7767, 84.39282)
  - 当前卡牌位置: (857.2987, -22.67632)
[2026-04-20 09:46:15] [DEBUG] 卡牌左上角计算: 大小=(125.0001, 175.0), 缩放=(1.223647, 1.223647), 左上角=(857.2987, -22.67632)
[2026-04-20 09:46:15] [DEBUG] 放置验证通过: shape_coords=[(0, 0)], origin=(5, 1), 所有坐标在网格范围内且无碰撞
[2026-04-20 09:46:15] [DEBUG] 更新网格预览: 形状=[(0, 0)], 原点=(5, 1), 有效=true, 全部在边界内=true, 敌人重叠=false
[2026-04-20 09:46:15] [DEBUG] 时间轴悬停调试: 
  - 鼠标位置: (933.7767, 84.39282)
  - 网格背景本地鼠标位置: (233.5178, 56.26188) (已自动剔除缩放变换)
  - 格子大小: 42.0 (ui_slot_size=40.0, ui_spacing=2.0)
  - 网格坐标: (5, 1)
  - 网格边界检查: true (范围: X[0-11], Y[0-2])
  - 拖拽偏移: (0.0, 0.0)
  - 目标中心: (933.7767, 84.39282)
  - 当前卡牌位置: (857.2987, -22.67632)
[2026-04-20 09:46:15] [DEBUG] 卡牌左上角计算: 大小=(125.0001, 175.0), 缩放=(1.223647, 1.223647), 左上角=(857.2987, -22.67632)
[2026-04-20 09:46:15] [DEBUG] 放置验证通过: shape_coords=[(0, 0)], origin=(5, 1), 所有坐标在网格范围内且无碰撞
[2026-04-20 09:46:15] [DEBUG] 更新网格预览: 形状=[(0, 0)], 原点=(5, 1), 有效=true, 全部在边界内=true, 敌人重叠=false
[2026-04-20 09:46:15] [DEBUG] 时间轴悬停调试: 
  - 鼠标位置: (933.7767, 84.39282)
  - 网格背景本地鼠标位置: (233.5178, 56.26188) (已自动剔除缩放变换)
  - 格子大小: 42.0 (ui_slot_size=40.0, ui_spacing=2.0)
  - 网格坐标: (5, 1)
  - 网格边界检查: true (范围: X[0-11], Y[0-2])
  - 拖拽偏移: (0.0, 0.0)
  - 目标中心: (933.7767, 84.39282)
  - 当前卡牌位置: (857.2987, -22.67632)
[2026-04-20 09:46:15] [DEBUG] 卡牌左上角计算: 大小=(125.0001, 175.0), 缩放=(1.223647, 1.223647), 左上角=(857.2987, -22.67632)
[2026-04-20 09:46:15] [DEBUG] 放置验证通过: shape_coords=[(0, 0)], origin=(5, 1), 所有坐标在网格范围内且无碰撞
[2026-04-20 09:46:15] [DEBUG] 更新网格预览: 形状=[(0, 0)], 原点=(5, 1), 有效=true, 全部在边界内=true, 敌人重叠=false
[2026-04-20 09:46:15] [DEBUG] 时间轴悬停调试: 
  - 鼠标位置: (933.7767, 84.39282)
  - 网格背景本地鼠标位置: (233.5178, 56.26188) (已自动剔除缩放变换)
  - 格子大小: 42.0 (ui_slot_size=40.0, ui_spacing=2.0)
  - 网格坐标: (5, 1)
  - 网格边界检查: true (范围: X[0-11], Y[0-2])
  - 拖拽偏移: (0.0, 0.0)
  - 目标中心: (933.7767, 84.39282)
  - 当前卡牌位置: (857.2987, -22.67632)
[2026-04-20 09:46:15] [DEBUG] 卡牌左上角计算: 大小=(125.0001, 175.0), 缩放=(1.223647, 1.223647), 左上角=(857.2987, -22.67632)
[2026-04-20 09:46:15] [DEBUG] 放置验证通过: shape_coords=[(0, 0)], origin=(5, 1), 所有坐标在网格范围内且无碰撞
[2026-04-20 09:46:15] [DEBUG] 更新网格预览: 形状=[(0, 0)], 原点=(5, 1), 有效=true, 全部在边界内=true, 敌人重叠=false
[2026-04-20 09:46:15] [DEBUG] 时间轴悬停调试: 
  - 鼠标位置: (933.7767, 84.39282)
  - 网格背景本地鼠标位置: (233.5178, 56.26188) (已自动剔除缩放变换)
  - 格子大小: 42.0 (ui_slot_size=40.0, ui_spacing=2.0)
  - 网格坐标: (5, 1)
  - 网格边界检查: true (范围: X[0-11], Y[0-2])
  - 拖拽偏移: (0.0, 0.0)
  - 目标中心: (933.7767, 84.39282)
  - 当前卡牌位置: (857.2987, -22.67632)
[2026-04-20 09:46:15] [DEBUG] 卡牌左上角计算: 大小=(125.0001, 175.0), 缩放=(1.223647, 1.223647), 左上角=(857.2987, -22.67632)
[2026-04-20 09:46:15] [DEBUG] 放置验证通过: shape_coords=[(0, 0)], origin=(5, 1), 所有坐标在网格范围内且无碰撞
[2026-04-20 09:46:15] [DEBUG] 更新网格预览: 形状=[(0, 0)], 原点=(5, 1), 有效=true, 全部在边界内=true, 敌人重叠=false
[2026-04-20 09:46:15] [DEBUG] 时间轴悬停调试: 
  - 鼠标位置: (932.6365, 84.39282)
  - 网格背景本地鼠标位置: (232.7577, 56.26188) (已自动剔除缩放变换)
  - 格子大小: 42.0 (ui_slot_size=40.0, ui_spacing=2.0)
  - 网格坐标: (5, 1)
  - 网格边界检查: true (范围: X[0-11], Y[0-2])
  - 拖拽偏移: (0.0, 0.0)
  - 目标中心: (932.6365, 84.39282)
  - 当前卡牌位置: (857.2987, -22.67632)
[2026-04-20 09:46:15] [DEBUG] 卡牌左上角计算: 大小=(125.0001, 175.0), 缩放=(1.223647, 1.223647), 左上角=(856.1586, -22.67632)
[2026-04-20 09:46:15] [DEBUG] 放置验证通过: shape_coords=[(0, 0)], origin=(5, 1), 所有坐标在网格范围内且无碰撞
[2026-04-20 09:46:15] [DEBUG] 更新网格预览: 形状=[(0, 0)], 原点=(5, 1), 有效=true, 全部在边界内=true, 敌人重叠=false
[2026-04-20 09:46:15] [DEBUG] 时间轴悬停调试: 
  - 鼠标位置: (932.6365, 84.39282)
  - 网格背景本地鼠标位置: (232.7577, 56.26188) (已自动剔除缩放变换)
  - 格子大小: 42.0 (ui_slot_size=40.0, ui_spacing=2.0)
  - 网格坐标: (5, 1)
  - 网格边界检查: true (范围: X[0-11], Y[0-2])
  - 拖拽偏移: (0.0, 0.0)
  - 目标中心: (932.6365, 84.39282)
  - 当前卡牌位置: (856.1586, -22.67632)
[2026-04-20 09:46:15] [DEBUG] 卡牌左上角计算: 大小=(125.0001, 175.0), 缩放=(1.223647, 1.223647), 左上角=(856.1586, -22.67632)
[2026-04-20 09:46:15] [DEBUG] 放置验证通过: shape_coords=[(0, 0)], origin=(5, 1), 所有坐标在网格范围内且无碰撞
[2026-04-20 09:46:15] [DEBUG] 更新网格预览: 形状=[(0, 0)], 原点=(5, 1), 有效=true, 全部在边界内=true, 敌人重叠=false
[2026-04-20 09:46:15] [DEBUG] 时间轴悬停调试: 
  - 鼠标位置: (932.6365, 84.39282)
  - 网格背景本地鼠标位置: (232.7577, 56.26188) (已自动剔除缩放变换)
  - 格子大小: 42.0 (ui_slot_size=40.0, ui_spacing=2.0)
  - 网格坐标: (5, 1)
  - 网格边界检查: true (范围: X[0-11], Y[0-2])
  - 拖拽偏移: (0.0, 0.0)
  - 目标中心: (932.6365, 84.39282)
  - 当前卡牌位置: (856.1586, -22.67632)
[2026-04-20 09:46:15] [DEBUG] 卡牌左上角计算: 大小=(125.0001, 175.0), 缩放=(1.223647, 1.223647), 左上角=(856.1586, -22.67632)
[2026-04-20 09:46:15] [DEBUG] 放置验证通过: shape_coords=[(0, 0)], origin=(5, 1), 所有坐标在网格范围内且无碰撞
[2026-04-20 09:46:15] [DEBUG] 更新网格预览: 形状=[(0, 0)], 原点=(5, 1), 有效=true, 全部在边界内=true, 敌人重叠=false
[2026-04-20 09:46:15] [DEBUG] 时间轴悬停调试: 
  - 鼠标位置: (932.6365, 84.39282)
  - 网格背景本地鼠标位置: (232.7577, 56.26188) (已自动剔除缩放变换)
  - 格子大小: 42.0 (ui_slot_size=40.0, ui_spacing=2.0)
  - 网格坐标: (5, 1)
  - 网格边界检查: true (范围: X[0-11], Y[0-2])
  - 拖拽偏移: (0.0, 0.0)
  - 目标中心: (932.6365, 84.39282)
  - 当前卡牌位置: (856.1586, -22.67632)
[2026-04-20 09:46:15] [DEBUG] 卡牌左上角计算: 大小=(125.0001, 175.0), 缩放=(1.223647, 1.223647), 左上角=(856.1586, -22.67632)
[2026-04-20 09:46:15] [DEBUG] 放置验证通过: shape_coords=[(0, 0)], origin=(5, 1), 所有坐标在网格范围内且无碰撞
[2026-04-20 09:46:15] [DEBUG] 更新网格预览: 形状=[(0, 0)], 原点=(5, 1), 有效=true, 全部在边界内=true, 敌人重叠=false
[2026-04-20 09:46:15] [DEBUG] 时间轴悬停调试: 
  - 鼠标位置: (932.6365, 84.39282)
  - 网格背景本地鼠标位置: (232.7577, 56.26188) (已自动剔除缩放变换)
  - 格子大小: 42.0 (ui_slot_size=40.0, ui_spacing=2.0)
  - 网格坐标: (5, 1)
  - 网格边界检查: true (范围: X[0-11], Y[0-2])
  - 拖拽偏移: (0.0, 0.0)
  - 目标中心: (932.6365, 84.39282)
  - 当前卡牌位置: (856.1586, -22.67632)
[2026-04-20 09:46:15] [DEBUG] 卡牌左上角计算: 大小=(125.0001, 175.0), 缩放=(1.223647, 1.223647), 左上角=(856.1586, -22.67632)
[2026-04-20 09:46:15] [DEBUG] 放置验证通过: shape_coords=[(0, 0)], origin=(5, 1), 所有坐标在网格范围内且无碰撞
[2026-04-20 09:46:15] [DEBUG] 更新网格预览: 形状=[(0, 0)], 原点=(5, 1), 有效=true, 全部在边界内=true, 敌人重叠=false
[2026-04-20 09:46:15] [DEBUG] 时间轴悬停调试: 
  - 鼠标位置: (932.6365, 84.39282)
  - 网格背景本地鼠标位置: (232.7577, 56.26188) (已自动剔除缩放变换)
  - 格子大小: 42.0 (ui_slot_size=40.0, ui_spacing=2.0)
  - 网格坐标: (5, 1)
  - 网格边界检查: true (范围: X[0-11], Y[0-2])
  - 拖拽偏移: (0.0, 0.0)
  - 目标中心: (932.6365, 84.39282)
  - 当前卡牌位置: (856.1586, -22.67632)
[2026-04-20 09:46:15] [DEBUG] 卡牌左上角计算: 大小=(125.0001, 175.0), 缩放=(1.223647, 1.223647), 左上角=(856.1586, -22.67632)
[2026-04-20 09:46:15] [DEBUG] 放置验证通过: shape_coords=[(0, 0)], origin=(5, 1), 所有坐标在网格范围内且无碰撞
[2026-04-20 09:46:15] [DEBUG] 更新网格预览: 形状=[(0, 0)], 原点=(5, 1), 有效=true, 全部在边界内=true, 敌人重叠=false
[2026-04-20 09:46:15] [DEBUG] 时间轴悬停调试: 
  - 鼠标位置: (932.6365, 84.39282)
  - 网格背景本地鼠标位置: (232.7577, 56.26188) (已自动剔除缩放变换)
  - 格子大小: 42.0 (ui_slot_size=40.0, ui_spacing=2.0)
  - 网格坐标: (5, 1)
  - 网格边界检查: true (范围: X[0-11], Y[0-2])
  - 拖拽偏移: (0.0, 0.0)
  - 目标中心: (932.6365, 84.39282)
  - 当前卡牌位置: (856.1586, -22.67632)
[2026-04-20 09:46:15] [DEBUG] 卡牌左上角计算: 大小=(125.0001, 175.0), 缩放=(1.223647, 1.223647), 左上角=(856.1586, -22.67632)
[2026-04-20 09:46:15] [DEBUG] 放置验证通过: shape_coords=[(0, 0)], origin=(5, 1), 所有坐标在网格范围内且无碰撞
[2026-04-20 09:46:15] [DEBUG] 更新网格预览: 形状=[(0, 0)], 原点=(5, 1), 有效=true, 全部在边界内=true, 敌人重叠=false
[2026-04-20 09:46:15] [DEBUG] 时间轴悬停调试: 
  - 鼠标位置: (932.6365, 84.39282)
  - 网格背景本地鼠标位置: (232.7577, 56.26188) (已自动剔除缩放变换)
  - 格子大小: 42.0 (ui_slot_size=40.0, ui_spacing=2.0)
  - 网格坐标: (5, 1)
  - 网格边界检查: true (范围: X[0-11], Y[0-2])
  - 拖拽偏移: (0.0, 0.0)
  - 目标中心: (932.6365, 84.39282)
  - 当前卡牌位置: (856.1586, -22.67632)
[2026-04-20 09:46:15] [DEBUG] 卡牌左上角计算: 大小=(125.0001, 175.0), 缩放=(1.223647, 1.223647), 左上角=(856.1586, -22.67632)
[2026-04-20 09:46:15] [DEBUG] 放置验证通过: shape_coords=[(0, 0)], origin=(5, 1), 所有坐标在网格范围内且无碰撞
[2026-04-20 09:46:15] [DEBUG] 更新网格预览: 形状=[(0, 0)], 原点=(5, 1), 有效=true, 全部在边界内=true, 敌人重叠=false
[2026-04-20 09:46:15] [DEBUG] 时间轴悬停调试: 
  - 鼠标位置: (932.6365, 84.39282)
  - 网格背景本地鼠标位置: (232.7577, 56.26188) (已自动剔除缩放变换)
  - 格子大小: 42.0 (ui_slot_size=40.0, ui_spacing=2.0)
  - 网格坐标: (5, 1)
  - 网格边界检查: true (范围: X[0-11], Y[0-2])
  - 拖拽偏移: (0.0, 0.0)
  - 目标中心: (932.6365, 84.39282)
  - 当前卡牌位置: (856.1586, -22.67632)
[2026-04-20 09:46:15] [DEBUG] 卡牌左上角计算: 大小=(125.0001, 175.0), 缩放=(1.223647, 1.223647), 左上角=(856.1586, -22.67632)
[2026-04-20 09:46:15] [DEBUG] 放置验证通过: shape_coords=[(0, 0)], origin=(5, 1), 所有坐标在网格范围内且无碰撞
[2026-04-20 09:46:15] [DEBUG] 更新网格预览: 形状=[(0, 0)], 原点=(5, 1), 有效=true, 全部在边界内=true, 敌人重叠=false
[2026-04-20 09:46:15] [DEBUG] 时间轴悬停调试: 
  - 鼠标位置: (932.6365, 84.39282)
  - 网格背景本地鼠标位置: (232.7577, 56.26188) (已自动剔除缩放变换)
  - 格子大小: 42.0 (ui_slot_size=40.0, ui_spacing=2.0)
  - 网格坐标: (5, 1)
  - 网格边界检查: true (范围: X[0-11], Y[0-2])
  - 拖拽偏移: (0.0, 0.0)
  - 目标中心: (932.6365, 84.39282)
  - 当前卡牌位置: (856.1586, -22.67632)
[2026-04-20 09:46:15] [DEBUG] 卡牌左上角计算: 大小=(125.0001, 175.0), 缩放=(1.223647, 1.223647), 左上角=(856.1586, -22.67632)
[2026-04-20 09:46:15] [DEBUG] 放置验证通过: shape_coords=[(0, 0)], origin=(5, 1), 所有坐标在网格范围内且无碰撞
[2026-04-20 09:46:15] [DEBUG] 更新网格预览: 形状=[(0, 0)], 原点=(5, 1), 有效=true, 全部在边界内=true, 敌人重叠=false
[2026-04-20 09:46:15] [DEBUG] 时间轴悬停调试: 
  - 鼠标位置: (932.6365, 84.39282)
  - 网格背景本地鼠标位置: (232.7577, 56.26188) (已自动剔除缩放变换)
  - 格子大小: 42.0 (ui_slot_size=40.0, ui_spacing=2.0)
  - 网格坐标: (5, 1)
  - 网格边界检查: true (范围: X[0-11], Y[0-2])
  - 拖拽偏移: (0.0, 0.0)
  - 目标中心: (932.6365, 84.39282)
  - 当前卡牌位置: (856.1586, -22.67632)
[2026-04-20 09:46:15] [DEBUG] 卡牌左上角计算: 大小=(125.0001, 175.0), 缩放=(1.223647, 1.223647), 左上角=(856.1586, -22.67632)
[2026-04-20 09:46:15] [DEBUG] 放置验证通过: shape_coords=[(0, 0)], origin=(5, 1), 所有坐标在网格范围内且无碰撞
[2026-04-20 09:46:15] [DEBUG] 更新网格预览: 形状=[(0, 0)], 原点=(5, 1), 有效=true, 全部在边界内=true, 敌人重叠=false
[2026-04-20 09:46:15] [DEBUG] 时间轴悬停调试: 
  - 鼠标位置: (932.6365, 84.39282)
  - 网格背景本地鼠标位置: (232.7577, 56.26188) (已自动剔除缩放变换)
  - 格子大小: 42.0 (ui_slot_size=40.0, ui_spacing=2.0)
  - 网格坐标: (5, 1)
  - 网格边界检查: true (范围: X[0-11], Y[0-2])
  - 拖拽偏移: (0.0, 0.0)
  - 目标中心: (932.6365, 84.39282)
  - 当前卡牌位置: (856.1586, -22.67632)
[2026-04-20 09:46:15] [DEBUG] 卡牌左上角计算: 大小=(125.0001, 175.0), 缩放=(1.223647, 1.223647), 左上角=(856.1586, -22.67632)
[2026-04-20 09:46:15] [DEBUG] 放置验证通过: shape_coords=[(0, 0)], origin=(5, 1), 所有坐标在网格范围内且无碰撞
[2026-04-20 09:46:15] [DEBUG] 更新网格预览: 形状=[(0, 0)], 原点=(5, 1), 有效=true, 全部在边界内=true, 敌人重叠=false
[2026-04-20 09:46:15] [DEBUG] 时间轴悬停调试: 
  - 鼠标位置: (932.6365, 84.39282)
  - 网格背景本地鼠标位置: (232.7577, 56.26188) (已自动剔除缩放变换)
  - 格子大小: 42.0 (ui_slot_size=40.0, ui_spacing=2.0)
  - 网格坐标: (5, 1)
  - 网格边界检查: true (范围: X[0-11], Y[0-2])
  - 拖拽偏移: (0.0, 0.0)
  - 目标中心: (932.6365, 84.39282)
  - 当前卡牌位置: (856.1586, -22.67632)
[2026-04-20 09:46:15] [DEBUG] 卡牌左上角计算: 大小=(125.0001, 175.0), 缩放=(1.223647, 1.223647), 左上角=(856.1586, -22.67632)
[2026-04-20 09:46:15] [DEBUG] 放置验证通过: shape_coords=[(0, 0)], origin=(5, 1), 所有坐标在网格范围内且无碰撞
[2026-04-20 09:46:15] [DEBUG] 更新网格预览: 形状=[(0, 0)], 原点=(5, 1), 有效=true, 全部在边界内=true, 敌人重叠=false
[2026-04-20 09:46:15] [DEBUG] 时间轴悬停调试: 
  - 鼠标位置: (932.6365, 84.39282)
  - 网格背景本地鼠标位置: (232.7577, 56.26188) (已自动剔除缩放变换)
  - 格子大小: 42.0 (ui_slot_size=40.0, ui_spacing=2.0)
  - 网格坐标: (5, 1)
  - 网格边界检查: true (范围: X[0-11], Y[0-2])
  - 拖拽偏移: (0.0, 0.0)
  - 目标中心: (932.6365, 84.39282)
  - 当前卡牌位置: (856.1586, -22.67632)
[2026-04-20 09:46:15] [DEBUG] 卡牌左上角计算: 大小=(125.0001, 175.0), 缩放=(1.223647, 1.223647), 左上角=(856.1586, -22.67632)
[2026-04-20 09:46:15] [DEBUG] 放置验证通过: shape_coords=[(0, 0)], origin=(5, 1), 所有坐标在网格范围内且无碰撞
[2026-04-20 09:46:15] [DEBUG] 更新网格预览: 形状=[(0, 0)], 原点=(5, 1), 有效=true, 全部在边界内=true, 敌人重叠=false
[2026-04-20 09:46:15] [DEBUG] 时间轴悬停调试: 
  - 鼠标位置: (932.6365, 84.39282)
  - 网格背景本地鼠标位置: (232.7577, 56.26188) (已自动剔除缩放变换)
  - 格子大小: 42.0 (ui_slot_size=40.0, ui_spacing=2.0)
  - 网格坐标: (5, 1)
  - 网格边界检查: true (范围: X[0-11], Y[0-2])
  - 拖拽偏移: (0.0, 0.0)
  - 目标中心: (932.6365, 84.39282)
  - 当前卡牌位置: (856.1586, -22.67632)
[2026-04-20 09:46:15] [DEBUG] 卡牌左上角计算: 大小=(125.0001, 175.0), 缩放=(1.223647, 1.223647), 左上角=(856.1586, -22.67632)
[2026-04-20 09:46:15] [DEBUG] 放置验证通过: shape_coords=[(0, 0)], origin=(5, 1), 所有坐标在网格范围内且无碰撞
[2026-04-20 09:46:15] [DEBUG] 更新网格预览: 形状=[(0, 0)], 原点=(5, 1), 有效=true, 全部在边界内=true, 敌人重叠=false
[2026-04-20 09:46:15] [DEBUG] 时间轴悬停调试: 
  - 鼠标位置: (932.6365, 84.39282)
  - 网格背景本地鼠标位置: (232.7577, 56.26188) (已自动剔除缩放变换)
  - 格子大小: 42.0 (ui_slot_size=40.0, ui_spacing=2.0)
  - 网格坐标: (5, 1)
  - 网格边界检查: true (范围: X[0-11], Y[0-2])
  - 拖拽偏移: (0.0, 0.0)
  - 目标中心: (932.6365, 84.39282)
  - 当前卡牌位置: (856.1586, -22.67632)
[2026-04-20 09:46:15] [DEBUG] 卡牌左上角计算: 大小=(125.0001, 175.0), 缩放=(1.223647, 1.223647), 左上角=(856.1586, -22.67632)
[2026-04-20 09:46:15] [DEBUG] 放置验证通过: shape_coords=[(0, 0)], origin=(5, 1), 所有坐标在网格范围内且无碰撞
[2026-04-20 09:46:15] [DEBUG] 更新网格预览: 形状=[(0, 0)], 原点=(5, 1), 有效=true, 全部在边界内=true, 敌人重叠=false
[2026-04-20 09:46:15] [DEBUG] 时间轴悬停调试: 
  - 鼠标位置: (932.6365, 84.39282)
  - 网格背景本地鼠标位置: (232.7577, 56.26188) (已自动剔除缩放变换)
  - 格子大小: 42.0 (ui_slot_size=40.0, ui_spacing=2.0)
  - 网格坐标: (5, 1)
  - 网格边界检查: true (范围: X[0-11], Y[0-2])
  - 拖拽偏移: (0.0, 0.0)
  - 目标中心: (932.6365, 84.39282)
  - 当前卡牌位置: (856.1586, -22.67632)
[2026-04-20 09:46:15] [DEBUG] 卡牌左上角计算: 大小=(125.0001, 175.0), 缩放=(1.223647, 1.223647), 左上角=(856.1586, -22.67632)
[2026-04-20 09:46:15] [DEBUG] 放置验证通过: shape_coords=[(0, 0)], origin=(5, 1), 所有坐标在网格范围内且无碰撞
[2026-04-20 09:46:15] [DEBUG] 更新网格预览: 形状=[(0, 0)], 原点=(5, 1), 有效=true, 全部在边界内=true, 敌人重叠=false
[2026-04-20 09:46:15] [DEBUG] 时间轴悬停调试: 
  - 鼠标位置: (932.6365, 84.39282)
  - 网格背景本地鼠标位置: (232.7577, 56.26188) (已自动剔除缩放变换)
  - 格子大小: 42.0 (ui_slot_size=40.0, ui_spacing=2.0)
  - 网格坐标: (5, 1)
  - 网格边界检查: true (范围: X[0-11], Y[0-2])
  - 拖拽偏移: (0.0, 0.0)
  - 目标中心: (932.6365, 84.39282)
  - 当前卡牌位置: (856.1586, -22.67632)
[2026-04-20 09:46:15] [DEBUG] 卡牌左上角计算: 大小=(125.0001, 175.0), 缩放=(1.223647, 1.223647), 左上角=(856.1586, -22.67632)
[2026-04-20 09:46:15] [DEBUG] 放置验证通过: shape_coords=[(0, 0)], origin=(5, 1), 所有坐标在网格范围内且无碰撞
[2026-04-20 09:46:15] [DEBUG] 更新网格预览: 形状=[(0, 0)], 原点=(5, 1), 有效=true, 全部在边界内=true, 敌人重叠=false
[2026-04-20 09:46:15] [DEBUG] 时间轴悬停调试: 
  - 鼠标位置: (932.6365, 84.39282)
  - 网格背景本地鼠标位置: (232.7577, 56.26188) (已自动剔除缩放变换)
  - 格子大小: 42.0 (ui_slot_size=40.0, ui_spacing=2.0)
  - 网格坐标: (5, 1)
  - 网格边界检查: true (范围: X[0-11], Y[0-2])
  - 拖拽偏移: (0.0, 0.0)
  - 目标中心: (932.6365, 84.39282)
  - 当前卡牌位置: (856.1586, -22.67632)
[2026-04-20 09:46:15] [DEBUG] 卡牌左上角计算: 大小=(125.0001, 175.0), 缩放=(1.223647, 1.223647), 左上角=(856.1586, -22.67632)
[2026-04-20 09:46:15] [DEBUG] 放置验证通过: shape_coords=[(0, 0)], origin=(5, 1), 所有坐标在网格范围内且无碰撞
[2026-04-20 09:46:15] [DEBUG] 更新网格预览: 形状=[(0, 0)], 原点=(5, 1), 有效=true, 全部在边界内=true, 敌人重叠=false
[2026-04-20 09:46:15] [DEBUG] 时间轴悬停调试: 
  - 鼠标位置: (932.6365, 84.39282)
  - 网格背景本地鼠标位置: (232.7577, 56.26188) (已自动剔除缩放变换)
  - 格子大小: 42.0 (ui_slot_size=40.0, ui_spacing=2.0)
  - 网格坐标: (5, 1)
  - 网格边界检查: true (范围: X[0-11], Y[0-2])
  - 拖拽偏移: (0.0, 0.0)
  - 目标中心: (932.6365, 84.39282)
  - 当前卡牌位置: (856.1586, -22.67632)
[2026-04-20 09:46:15] [DEBUG] 卡牌左上角计算: 大小=(125.0001, 175.0), 缩放=(1.223647, 1.223647), 左上角=(856.1586, -22.67632)
[2026-04-20 09:46:15] [DEBUG] 放置验证通过: shape_coords=[(0, 0)], origin=(5, 1), 所有坐标在网格范围内且无碰撞
[2026-04-20 09:46:15] [DEBUG] 更新网格预览: 形状=[(0, 0)], 原点=(5, 1), 有效=true, 全部在边界内=true, 敌人重叠=false
[2026-04-20 09:46:15] [DEBUG] 时间轴悬停调试: 
  - 鼠标位置: (932.6365, 84.39282)
  - 网格背景本地鼠标位置: (232.7577, 56.26188) (已自动剔除缩放变换)
  - 格子大小: 42.0 (ui_slot_size=40.0, ui_spacing=2.0)
  - 网格坐标: (5, 1)
  - 网格边界检查: true (范围: X[0-11], Y[0-2])
  - 拖拽偏移: (0.0, 0.0)
  - 目标中心: (932.6365, 84.39282)
  - 当前卡牌位置: (856.1586, -22.67632)
[2026-04-20 09:46:15] [DEBUG] 卡牌左上角计算: 大小=(125.0001, 175.0), 缩放=(1.223647, 1.223647), 左上角=(856.1586, -22.67632)
[2026-04-20 09:46:15] [DEBUG] 放置验证通过: shape_coords=[(0, 0)], origin=(5, 1), 所有坐标在网格范围内且无碰撞
[2026-04-20 09:46:15] [DEBUG] 更新网格预览: 形状=[(0, 0)], 原点=(5, 1), 有效=true, 全部在边界内=true, 敌人重叠=false
[2026-04-20 09:46:15] [DEBUG] 时间轴悬停调试: 
  - 鼠标位置: (932.6365, 84.39282)
  - 网格背景本地鼠标位置: (232.7577, 56.26188) (已自动剔除缩放变换)
  - 格子大小: 42.0 (ui_slot_size=40.0, ui_spacing=2.0)
  - 网格坐标: (5, 1)
  - 网格边界检查: true (范围: X[0-11], Y[0-2])
  - 拖拽偏移: (0.0, 0.0)
  - 目标中心: (932.6365, 84.39282)
  - 当前卡牌位置: (856.1586, -22.67632)
[2026-04-20 09:46:15] [DEBUG] 卡牌左上角计算: 大小=(125.0001, 175.0), 缩放=(1.223647, 1.223647), 左上角=(856.1586, -22.67632)
[2026-04-20 09:46:15] [DEBUG] 放置验证通过: shape_coords=[(0, 0)], origin=(5, 1), 所有坐标在网格范围内且无碰撞
[2026-04-20 09:46:15] [DEBUG] 更新网格预览: 形状=[(0, 0)], 原点=(5, 1), 有效=true, 全部在边界内=true, 敌人重叠=false
[2026-04-20 09:46:15] [DEBUG] 时间轴悬停调试: 
  - 鼠标位置: (932.6365, 84.39282)
  - 网格背景本地鼠标位置: (232.7577, 56.26188) (已自动剔除缩放变换)
  - 格子大小: 42.0 (ui_slot_size=40.0, ui_spacing=2.0)
  - 网格坐标: (5, 1)
  - 网格边界检查: true (范围: X[0-11], Y[0-2])
  - 拖拽偏移: (0.0, 0.0)
  - 目标中心: (932.6365, 84.39282)
  - 当前卡牌位置: (856.1586, -22.67632)
[2026-04-20 09:46:15] [DEBUG] 卡牌左上角计算: 大小=(125.0001, 175.0), 缩放=(1.223647, 1.223647), 左上角=(856.1586, -22.67632)
[2026-04-20 09:46:15] [DEBUG] 放置验证通过: shape_coords=[(0, 0)], origin=(5, 1), 所有坐标在网格范围内且无碰撞
[2026-04-20 09:46:15] [DEBUG] 更新网格预览: 形状=[(0, 0)], 原点=(5, 1), 有效=true, 全部在边界内=true, 敌人重叠=false
[2026-04-20 09:46:15] [DEBUG] 时间轴悬停调试: 
  - 鼠标位置: (932.6365, 84.39282)
  - 网格背景本地鼠标位置: (232.7577, 56.26188) (已自动剔除缩放变换)
  - 格子大小: 42.0 (ui_slot_size=40.0, ui_spacing=2.0)
  - 网格坐标: (5, 1)
  - 网格边界检查: true (范围: X[0-11], Y[0-2])
  - 拖拽偏移: (0.0, 0.0)
  - 目标中心: (932.6365, 84.39282)
  - 当前卡牌位置: (856.1586, -22.67632)
[2026-04-20 09:46:15] [DEBUG] 卡牌左上角计算: 大小=(125.0001, 175.0), 缩放=(1.223647, 1.223647), 左上角=(856.1586, -22.67632)
[2026-04-20 09:46:15] [DEBUG] 放置验证通过: shape_coords=[(0, 0)], origin=(5, 1), 所有坐标在网格范围内且无碰撞
[2026-04-20 09:46:15] [DEBUG] 更新网格预览: 形状=[(0, 0)], 原点=(5, 1), 有效=true, 全部在边界内=true, 敌人重叠=false
[2026-04-20 09:46:15] [DEBUG] 时间轴悬停调试: 
  - 鼠标位置: (932.6365, 84.39282)
  - 网格背景本地鼠标位置: (232.7577, 56.26188) (已自动剔除缩放变换)
  - 格子大小: 42.0 (ui_slot_size=40.0, ui_spacing=2.0)
  - 网格坐标: (5, 1)
  - 网格边界检查: true (范围: X[0-11], Y[0-2])
  - 拖拽偏移: (0.0, 0.0)
  - 目标中心: (932.6365, 84.39282)
  - 当前卡牌位置: (856.1586, -22.67632)
[2026-04-20 09:46:15] [DEBUG] 卡牌左上角计算: 大小=(125.0001, 175.0), 缩放=(1.223647, 1.223647), 左上角=(856.1586, -22.67632)
[2026-04-20 09:46:15] [DEBUG] 放置验证通过: shape_coords=[(0, 0)], origin=(5, 1), 所有坐标在网格范围内且无碰撞
[2026-04-20 09:46:15] [DEBUG] 更新网格预览: 形状=[(0, 0)], 原点=(5, 1), 有效=true, 全部在边界内=true, 敌人重叠=false
[2026-04-20 09:46:16] [DEBUG] 时间轴悬停调试: 
  - 鼠标位置: (932.6365, 84.39282)
  - 网格背景本地鼠标位置: (232.7577, 56.26188) (已自动剔除缩放变换)
  - 格子大小: 42.0 (ui_slot_size=40.0, ui_spacing=2.0)
  - 网格坐标: (5, 1)
  - 网格边界检查: true (范围: X[0-11], Y[0-2])
  - 拖拽偏移: (0.0, 0.0)
  - 目标中心: (932.6365, 84.39282)
  - 当前卡牌位置: (856.1586, -22.67632)
[2026-04-20 09:46:16] [DEBUG] 卡牌左上角计算: 大小=(125.0001, 175.0), 缩放=(1.223647, 1.223647), 左上角=(856.1586, -22.67632)
[2026-04-20 09:46:16] [DEBUG] 放置验证通过: shape_coords=[(0, 0)], origin=(5, 1), 所有坐标在网格范围内且无碰撞
[2026-04-20 09:46:16] [DEBUG] 更新网格预览: 形状=[(0, 0)], 原点=(5, 1), 有效=true, 全部在边界内=true, 敌人重叠=false
[2026-04-20 09:46:16] [DEBUG] 时间轴悬停调试: 
  - 鼠标位置: (932.6365, 84.39282)
  - 网格背景本地鼠标位置: (232.7577, 56.26188) (已自动剔除缩放变换)
  - 格子大小: 42.0 (ui_slot_size=40.0, ui_spacing=2.0)
  - 网格坐标: (5, 1)
  - 网格边界检查: true (范围: X[0-11], Y[0-2])
  - 拖拽偏移: (0.0, 0.0)
  - 目标中心: (932.6365, 84.39282)
  - 当前卡牌位置: (856.1586, -22.67632)
[2026-04-20 09:46:16] [DEBUG] 卡牌左上角计算: 大小=(125.0001, 175.0), 缩放=(1.223647, 1.223647), 左上角=(856.1586, -22.67632)
[2026-04-20 09:46:16] [DEBUG] 放置验证通过: shape_coords=[(0, 0)], origin=(5, 1), 所有坐标在网格范围内且无碰撞
[2026-04-20 09:46:16] [DEBUG] 更新网格预览: 形状=[(0, 0)], 原点=(5, 1), 有效=true, 全部在边界内=true, 敌人重叠=false
[2026-04-20 09:46:16] [DEBUG] 时间轴悬停调试: 
  - 鼠标位置: (932.6365, 84.39282)
  - 网格背景本地鼠标位置: (232.7577, 56.26188) (已自动剔除缩放变换)
  - 格子大小: 42.0 (ui_slot_size=40.0, ui_spacing=2.0)
  - 网格坐标: (5, 1)
  - 网格边界检查: true (范围: X[0-11], Y[0-2])
  - 拖拽偏移: (0.0, 0.0)
  - 目标中心: (932.6365, 84.39282)
  - 当前卡牌位置: (856.1586, -22.67632)
[2026-04-20 09:46:16] [DEBUG] 卡牌左上角计算: 大小=(125.0001, 175.0), 缩放=(1.223647, 1.223647), 左上角=(856.1586, -22.67632)
[2026-04-20 09:46:16] [DEBUG] 放置验证通过: shape_coords=[(0, 0)], origin=(5, 1), 所有坐标在网格范围内且无碰撞
[2026-04-20 09:46:16] [DEBUG] 更新网格预览: 形状=[(0, 0)], 原点=(5, 1), 有效=true, 全部在边界内=true, 敌人重叠=false
[2026-04-20 09:46:16] [DEBUG] 时间轴悬停调试: 
  - 鼠标位置: (932.6365, 84.39282)
  - 网格背景本地鼠标位置: (232.7577, 56.26188) (已自动剔除缩放变换)
  - 格子大小: 42.0 (ui_slot_size=40.0, ui_spacing=2.0)
  - 网格坐标: (5, 1)
  - 网格边界检查: true (范围: X[0-11], Y[0-2])
  - 拖拽偏移: (0.0, 0.0)
  - 目标中心: (932.6365, 84.39282)
  - 当前卡牌位置: (856.1586, -22.67632)
[2026-04-20 09:46:16] [DEBUG] 卡牌左上角计算: 大小=(125.0001, 175.0), 缩放=(1.223647, 1.223647), 左上角=(856.1586, -22.67632)
[2026-04-20 09:46:16] [DEBUG] 放置验证通过: shape_coords=[(0, 0)], origin=(5, 1), 所有坐标在网格范围内且无碰撞
[2026-04-20 09:46:16] [DEBUG] 更新网格预览: 形状=[(0, 0)], 原点=(5, 1), 有效=true, 全部在边界内=true, 敌人重叠=false
[2026-04-20 09:46:16] [DEBUG] 时间轴悬停调试: 
  - 鼠标位置: (932.6365, 84.39282)
  - 网格背景本地鼠标位置: (232.7577, 56.26188) (已自动剔除缩放变换)
  - 格子大小: 42.0 (ui_slot_size=40.0, ui_spacing=2.0)
  - 网格坐标: (5, 1)
  - 网格边界检查: true (范围: X[0-11], Y[0-2])
  - 拖拽偏移: (0.0, 0.0)
  - 目标中心: (932.6365, 84.39282)
  - 当前卡牌位置: (856.1586, -22.67632)
[2026-04-20 09:46:16] [DEBUG] 卡牌左上角计算: 大小=(125.0001, 175.0), 缩放=(1.223647, 1.223647), 左上角=(856.1586, -22.67632)
[2026-04-20 09:46:16] [DEBUG] 放置验证通过: shape_coords=[(0, 0)], origin=(5, 1), 所有坐标在网格范围内且无碰撞
[2026-04-20 09:46:16] [DEBUG] 更新网格预览: 形状=[(0, 0)], 原点=(5, 1), 有效=true, 全部在边界内=true, 敌人重叠=false
[2026-04-20 09:46:16] [DEBUG] 时间轴悬停调试: 
  - 鼠标位置: (932.6365, 84.39282)
  - 网格背景本地鼠标位置: (232.7577, 56.26188) (已自动剔除缩放变换)
  - 格子大小: 42.0 (ui_slot_size=40.0, ui_spacing=2.0)
  - 网格坐标: (5, 1)
  - 网格边界检查: true (范围: X[0-11], Y[0-2])
  - 拖拽偏移: (0.0, 0.0)
  - 目标中心: (932.6365, 84.39282)
  - 当前卡牌位置: (856.1586, -22.67632)
[2026-04-20 09:46:16] [DEBUG] 卡牌左上角计算: 大小=(125.0001, 175.0), 缩放=(1.223647, 1.223647), 左上角=(856.1586, -22.67632)
[2026-04-20 09:46:16] [DEBUG] 放置验证通过: shape_coords=[(0, 0)], origin=(5, 1), 所有坐标在网格范围内且无碰撞
[2026-04-20 09:46:16] [DEBUG] 更新网格预览: 形状=[(0, 0)], 原点=(5, 1), 有效=true, 全部在边界内=true, 敌人重叠=false
[2026-04-20 09:46:16] [DEBUG] 时间轴悬停调试: 
  - 鼠标位置: (932.6365, 84.39282)
  - 网格背景本地鼠标位置: (232.7577, 56.26188) (已自动剔除缩放变换)
  - 格子大小: 42.0 (ui_slot_size=40.0, ui_spacing=2.0)
  - 网格坐标: (5, 1)
  - 网格边界检查: true (范围: X[0-11], Y[0-2])
  - 拖拽偏移: (0.0, 0.0)
  - 目标中心: (932.6365, 84.39282)
  - 当前卡牌位置: (856.1586, -22.67632)
[2026-04-20 09:46:16] [DEBUG] 卡牌左上角计算: 大小=(125.0001, 175.0), 缩放=(1.223647, 1.223647), 左上角=(856.1586, -22.67632)
[2026-04-20 09:46:16] [DEBUG] 放置验证通过: shape_coords=[(0, 0)], origin=(5, 1), 所有坐标在网格范围内且无碰撞
[2026-04-20 09:46:16] [DEBUG] 更新网格预览: 形状=[(0, 0)], 原点=(5, 1), 有效=true, 全部在边界内=true, 敌人重叠=false
[2026-04-20 09:46:16] [DEBUG] 时间轴悬停调试: 
  - 鼠标位置: (932.6365, 84.39282)
  - 网格背景本地鼠标位置: (232.7577, 56.26188) (已自动剔除缩放变换)
  - 格子大小: 42.0 (ui_slot_size=40.0, ui_spacing=2.0)
  - 网格坐标: (5, 1)
  - 网格边界检查: true (范围: X[0-11], Y[0-2])
  - 拖拽偏移: (0.0, 0.0)
  - 目标中心: (932.6365, 84.39282)
  - 当前卡牌位置: (856.1586, -22.67632)
[2026-04-20 09:46:16] [DEBUG] 卡牌左上角计算: 大小=(125.0001, 175.0), 缩放=(1.223647, 1.223647), 左上角=(856.1586, -22.67632)
[2026-04-20 09:46:16] [DEBUG] 放置验证通过: shape_coords=[(0, 0)], origin=(5, 1), 所有坐标在网格范围内且无碰撞
[2026-04-20 09:46:16] [DEBUG] 更新网格预览: 形状=[(0, 0)], 原点=(5, 1), 有效=true, 全部在边界内=true, 敌人重叠=false
[2026-04-20 09:46:16] [DEBUG] 时间轴悬停调试: 
  - 鼠标位置: (932.6365, 84.39282)
  - 网格背景本地鼠标位置: (232.7577, 56.26188) (已自动剔除缩放变换)
  - 格子大小: 42.0 (ui_slot_size=40.0, ui_spacing=2.0)
  - 网格坐标: (5, 1)
  - 网格边界检查: true (范围: X[0-11], Y[0-2])
  - 拖拽偏移: (0.0, 0.0)
  - 目标中心: (932.6365, 84.39282)
  - 当前卡牌位置: (856.1586, -22.67632)
[2026-04-20 09:46:16] [DEBUG] 卡牌左上角计算: 大小=(125.0001, 175.0), 缩放=(1.223647, 1.223647), 左上角=(856.1586, -22.67632)
[2026-04-20 09:46:16] [DEBUG] 放置验证通过: shape_coords=[(0, 0)], origin=(5, 1), 所有坐标在网格范围内且无碰撞
[2026-04-20 09:46:16] [DEBUG] 更新网格预览: 形状=[(0, 0)], 原点=(5, 1), 有效=true, 全部在边界内=true, 敌人重叠=false
[2026-04-20 09:46:16] [DEBUG] 时间轴悬停调试: 
  - 鼠标位置: (932.6365, 84.39282)
  - 网格背景本地鼠标位置: (232.7577, 56.26188) (已自动剔除缩放变换)
  - 格子大小: 42.0 (ui_slot_size=40.0, ui_spacing=2.0)
  - 网格坐标: (5, 1)
  - 网格边界检查: true (范围: X[0-11], Y[0-2])
  - 拖拽偏移: (0.0, 0.0)
  - 目标中心: (932.6365, 84.39282)
  - 当前卡牌位置: (856.1586, -22.67632)
[2026-04-20 09:46:16] [DEBUG] 卡牌左上角计算: 大小=(125.0001, 175.0), 缩放=(1.223647, 1.223647), 左上角=(856.1586, -22.67632)
[2026-04-20 09:46:16] [DEBUG] 放置验证通过: shape_coords=[(0, 0)], origin=(5, 1), 所有坐标在网格范围内且无碰撞
[2026-04-20 09:46:16] [DEBUG] 更新网格预览: 形状=[(0, 0)], 原点=(5, 1), 有效=true, 全部在边界内=true, 敌人重叠=false
[2026-04-20 09:46:16] [DEBUG] 时间轴悬停调试: 
  - 鼠标位置: (932.6365, 84.39282)
  - 网格背景本地鼠标位置: (232.7577, 56.26188) (已自动剔除缩放变换)
  - 格子大小: 42.0 (ui_slot_size=40.0, ui_spacing=2.0)
  - 网格坐标: (5, 1)
  - 网格边界检查: true (范围: X[0-11], Y[0-2])
  - 拖拽偏移: (0.0, 0.0)
  - 目标中心: (932.6365, 84.39282)
  - 当前卡牌位置: (856.1586, -22.67632)
[2026-04-20 09:46:16] [DEBUG] 卡牌左上角计算: 大小=(125.0001, 175.0), 缩放=(1.223647, 1.223647), 左上角=(856.1586, -22.67632)
[2026-04-20 09:46:16] [DEBUG] 放置验证通过: shape_coords=[(0, 0)], origin=(5, 1), 所有坐标在网格范围内且无碰撞
[2026-04-20 09:46:16] [DEBUG] 更新网格预览: 形状=[(0, 0)], 原点=(5, 1), 有效=true, 全部在边界内=true, 敌人重叠=false
[2026-04-20 09:46:16] [DEBUG] 时间轴悬停调试: 
  - 鼠标位置: (932.6365, 84.39282)
  - 网格背景本地鼠标位置: (232.7577, 56.26188) (已自动剔除缩放变换)
  - 格子大小: 42.0 (ui_slot_size=40.0, ui_spacing=2.0)
  - 网格坐标: (5, 1)
  - 网格边界检查: true (范围: X[0-11], Y[0-2])
  - 拖拽偏移: (0.0, 0.0)
  - 目标中心: (932.6365, 84.39282)
  - 当前卡牌位置: (856.1586, -22.67632)
[2026-04-20 09:46:16] [DEBUG] 卡牌左上角计算: 大小=(125.0001, 175.0), 缩放=(1.223647, 1.223647), 左上角=(856.1586, -22.67632)
[2026-04-20 09:46:16] [DEBUG] 放置验证通过: shape_coords=[(0, 0)], origin=(5, 1), 所有坐标在网格范围内且无碰撞
[2026-04-20 09:46:16] [DEBUG] 更新网格预览: 形状=[(0, 0)], 原点=(5, 1), 有效=true, 全部在边界内=true, 敌人重叠=false
[2026-04-20 09:46:16] [DEBUG] 时间轴悬停调试: 
  - 鼠标位置: (932.6365, 84.39282)
  - 网格背景本地鼠标位置: (232.7577, 56.26188) (已自动剔除缩放变换)
  - 格子大小: 42.0 (ui_slot_size=40.0, ui_spacing=2.0)
  - 网格坐标: (5, 1)
  - 网格边界检查: true (范围: X[0-11], Y[0-2])
  - 拖拽偏移: (0.0, 0.0)
  - 目标中心: (932.6365, 84.39282)
  - 当前卡牌位置: (856.1586, -22.67632)
[2026-04-20 09:46:16] [DEBUG] 卡牌左上角计算: 大小=(125.0001, 175.0), 缩放=(1.223647, 1.223647), 左上角=(856.1586, -22.67632)
[2026-04-20 09:46:16] [DEBUG] 放置验证通过: shape_coords=[(0, 0)], origin=(5, 1), 所有坐标在网格范围内且无碰撞
[2026-04-20 09:46:16] [DEBUG] 更新网格预览: 形状=[(0, 0)], 原点=(5, 1), 有效=true, 全部在边界内=true, 敌人重叠=false
[2026-04-20 09:46:16] [DEBUG] 时间轴悬停调试: 
  - 鼠标位置: (932.6365, 84.39282)
  - 网格背景本地鼠标位置: (232.7577, 56.26188) (已自动剔除缩放变换)
  - 格子大小: 42.0 (ui_slot_size=40.0, ui_spacing=2.0)
  - 网格坐标: (5, 1)
  - 网格边界检查: true (范围: X[0-11], Y[0-2])
  - 拖拽偏移: (0.0, 0.0)
  - 目标中心: (932.6365, 84.39282)
  - 当前卡牌位置: (856.1586, -22.67632)
[2026-04-20 09:46:16] [DEBUG] 卡牌左上角计算: 大小=(125.0001, 175.0), 缩放=(1.223647, 1.223647), 左上角=(856.1586, -22.67632)
[2026-04-20 09:46:16] [DEBUG] 放置验证通过: shape_coords=[(0, 0)], origin=(5, 1), 所有坐标在网格范围内且无碰撞
[2026-04-20 09:46:16] [DEBUG] 更新网格预览: 形状=[(0, 0)], 原点=(5, 1), 有效=true, 全部在边界内=true, 敌人重叠=false
[2026-04-20 09:46:16] [DEBUG] 时间轴悬停调试: 
  - 鼠标位置: (932.6365, 84.39282)
  - 网格背景本地鼠标位置: (232.7577, 56.26188) (已自动剔除缩放变换)
  - 格子大小: 42.0 (ui_slot_size=40.0, ui_spacing=2.0)
  - 网格坐标: (5, 1)
  - 网格边界检查: true (范围: X[0-11], Y[0-2])
  - 拖拽偏移: (0.0, 0.0)
  - 目标中心: (932.6365, 84.39282)
  - 当前卡牌位置: (856.1586, -22.67632)
[2026-04-20 09:46:16] [DEBUG] 卡牌左上角计算: 大小=(125.0001, 175.0), 缩放=(1.223647, 1.223647), 左上角=(856.1586, -22.67632)
[2026-04-20 09:46:16] [DEBUG] 放置验证通过: shape_coords=[(0, 0)], origin=(5, 1), 所有坐标在网格范围内且无碰撞
[2026-04-20 09:46:16] [DEBUG] 更新网格预览: 形状=[(0, 0)], 原点=(5, 1), 有效=true, 全部在边界内=true, 敌人重叠=false
[2026-04-20 09:46:16] [DEBUG] 时间轴悬停调试: 
  - 鼠标位置: (932.6365, 84.39282)
  - 网格背景本地鼠标位置: (232.7577, 56.26188) (已自动剔除缩放变换)
  - 格子大小: 42.0 (ui_slot_size=40.0, ui_spacing=2.0)
  - 网格坐标: (5, 1)
  - 网格边界检查: true (范围: X[0-11], Y[0-2])
  - 拖拽偏移: (0.0, 0.0)
  - 目标中心: (932.6365, 84.39282)
  - 当前卡牌位置: (856.1586, -22.67632)
[2026-04-20 09:46:16] [DEBUG] 卡牌左上角计算: 大小=(125.0001, 175.0), 缩放=(1.223647, 1.223647), 左上角=(856.1586, -22.67632)
[2026-04-20 09:46:16] [DEBUG] 放置验证通过: shape_coords=[(0, 0)], origin=(5, 1), 所有坐标在网格范围内且无碰撞
[2026-04-20 09:46:16] [DEBUG] 更新网格预览: 形状=[(0, 0)], 原点=(5, 1), 有效=true, 全部在边界内=true, 敌人重叠=false
[2026-04-20 09:46:16] [DEBUG] 时间轴悬停调试: 
  - 鼠标位置: (932.6365, 84.39282)
  - 网格背景本地鼠标位置: (232.7577, 56.26188) (已自动剔除缩放变换)
  - 格子大小: 42.0 (ui_slot_size=40.0, ui_spacing=2.0)
  - 网格坐标: (5, 1)
  - 网格边界检查: true (范围: X[0-11], Y[0-2])
  - 拖拽偏移: (0.0, 0.0)
  - 目标中心: (932.6365, 84.39282)
  - 当前卡牌位置: (856.1586, -22.67632)
[2026-04-20 09:46:16] [DEBUG] 卡牌左上角计算: 大小=(125.0001, 175.0), 缩放=(1.223647, 1.223647), 左上角=(856.1586, -22.67632)
[2026-04-20 09:46:16] [DEBUG] 放置验证通过: shape_coords=[(0, 0)], origin=(5, 1), 所有坐标在网格范围内且无碰撞
[2026-04-20 09:46:16] [DEBUG] 更新网格预览: 形状=[(0, 0)], 原点=(5, 1), 有效=true, 全部在边界内=true, 敌人重叠=false
[2026-04-20 09:46:16] [DEBUG] 时间轴悬停调试: 
  - 鼠标位置: (932.6365, 84.39282)
  - 网格背景本地鼠标位置: (232.7577, 56.26188) (已自动剔除缩放变换)
  - 格子大小: 42.0 (ui_slot_size=40.0, ui_spacing=2.0)
  - 网格坐标: (5, 1)
  - 网格边界检查: true (范围: X[0-11], Y[0-2])
  - 拖拽偏移: (0.0, 0.0)
  - 目标中心: (932.6365, 84.39282)
  - 当前卡牌位置: (856.1586, -22.67632)
[2026-04-20 09:46:16] [DEBUG] 卡牌左上角计算: 大小=(125.0001, 175.0), 缩放=(1.223647, 1.223647), 左上角=(856.1586, -22.67632)
[2026-04-20 09:46:16] [DEBUG] 放置验证通过: shape_coords=[(0, 0)], origin=(5, 1), 所有坐标在网格范围内且无碰撞
[2026-04-20 09:46:16] [DEBUG] 更新网格预览: 形状=[(0, 0)], 原点=(5, 1), 有效=true, 全部在边界内=true, 敌人重叠=false
[2026-04-20 09:46:16] [DEBUG] 时间轴悬停调试: 
  - 鼠标位置: (932.6365, 84.39282)
  - 网格背景本地鼠标位置: (232.7577, 56.26188) (已自动剔除缩放变换)
  - 格子大小: 42.0 (ui_slot_size=40.0, ui_spacing=2.0)
  - 网格坐标: (5, 1)
  - 网格边界检查: true (范围: X[0-11], Y[0-2])
  - 拖拽偏移: (0.0, 0.0)
  - 目标中心: (932.6365, 84.39282)
  - 当前卡牌位置: (856.1586, -22.67632)
[2026-04-20 09:46:16] [DEBUG] 卡牌左上角计算: 大小=(125.0001, 175.0), 缩放=(1.223647, 1.223647), 左上角=(856.1586, -22.67632)
[2026-04-20 09:46:16] [DEBUG] 放置验证通过: shape_coords=[(0, 0)], origin=(5, 1), 所有坐标在网格范围内且无碰撞
[2026-04-20 09:46:16] [DEBUG] 更新网格预览: 形状=[(0, 0)], 原点=(5, 1), 有效=true, 全部在边界内=true, 敌人重叠=false
[2026-04-20 09:46:16] [DEBUG] 时间轴悬停调试: 
  - 鼠标位置: (932.6365, 84.39282)
  - 网格背景本地鼠标位置: (232.7577, 56.26188) (已自动剔除缩放变换)
  - 格子大小: 42.0 (ui_slot_size=40.0, ui_spacing=2.0)
  - 网格坐标: (5, 1)
  - 网格边界检查: true (范围: X[0-11], Y[0-2])
  - 拖拽偏移: (0.0, 0.0)
  - 目标中心: (932.6365, 84.39282)
  - 当前卡牌位置: (856.1586, -22.67632)
[2026-04-20 09:46:16] [DEBUG] 卡牌左上角计算: 大小=(125.0001, 175.0), 缩放=(1.223647, 1.223647), 左上角=(856.1586, -22.67632)
[2026-04-20 09:46:16] [DEBUG] 放置验证通过: shape_coords=[(0, 0)], origin=(5, 1), 所有坐标在网格范围内且无碰撞
[2026-04-20 09:46:16] [DEBUG] 更新网格预览: 形状=[(0, 0)], 原点=(5, 1), 有效=true, 全部在边界内=true, 敌人重叠=false
[2026-04-20 09:46:16] [DEBUG] 时间轴悬停调试: 
  - 鼠标位置: (932.6365, 84.39282)
  - 网格背景本地鼠标位置: (232.7577, 56.26188) (已自动剔除缩放变换)
  - 格子大小: 42.0 (ui_slot_size=40.0, ui_spacing=2.0)
  - 网格坐标: (5, 1)
  - 网格边界检查: true (范围: X[0-11], Y[0-2])
  - 拖拽偏移: (0.0, 0.0)
  - 目标中心: (932.6365, 84.39282)
  - 当前卡牌位置: (856.1586, -22.67632)
[2026-04-20 09:46:16] [DEBUG] 卡牌左上角计算: 大小=(125.0001, 175.0), 缩放=(1.223647, 1.223647), 左上角=(856.1586, -22.67632)
[2026-04-20 09:46:16] [DEBUG] 放置验证通过: shape_coords=[(0, 0)], origin=(5, 1), 所有坐标在网格范围内且无碰撞
[2026-04-20 09:46:16] [DEBUG] 更新网格预览: 形状=[(0, 0)], 原点=(5, 1), 有效=true, 全部在边界内=true, 敌人重叠=false
[2026-04-20 09:46:16] [DEBUG] 时间轴悬停调试: 
  - 鼠标位置: (932.6365, 84.39282)
  - 网格背景本地鼠标位置: (232.7577, 56.26188) (已自动剔除缩放变换)
  - 格子大小: 42.0 (ui_slot_size=40.0, ui_spacing=2.0)
  - 网格坐标: (5, 1)
  - 网格边界检查: true (范围: X[0-11], Y[0-2])
  - 拖拽偏移: (0.0, 0.0)
  - 目标中心: (932.6365, 84.39282)
  - 当前卡牌位置: (856.1586, -22.67632)
[2026-04-20 09:46:16] [DEBUG] 卡牌左上角计算: 大小=(125.0001, 175.0), 缩放=(1.223647, 1.223647), 左上角=(856.1586, -22.67632)
[2026-04-20 09:46:16] [DEBUG] 放置验证通过: shape_coords=[(0, 0)], origin=(5, 1), 所有坐标在网格范围内且无碰撞
[2026-04-20 09:46:16] [DEBUG] 更新网格预览: 形状=[(0, 0)], 原点=(5, 1), 有效=true, 全部在边界内=true, 敌人重叠=false
[2026-04-20 09:46:16] [DEBUG] 时间轴悬停调试: 
  - 鼠标位置: (932.6365, 84.39282)
  - 网格背景本地鼠标位置: (232.7577, 56.26188) (已自动剔除缩放变换)
  - 格子大小: 42.0 (ui_slot_size=40.0, ui_spacing=2.0)
  - 网格坐标: (5, 1)
  - 网格边界检查: true (范围: X[0-11], Y[0-2])
  - 拖拽偏移: (0.0, 0.0)
  - 目标中心: (932.6365, 84.39282)
  - 当前卡牌位置: (856.1586, -22.67632)
[2026-04-20 09:46:16] [DEBUG] 卡牌左上角计算: 大小=(125.0001, 175.0), 缩放=(1.223647, 1.223647), 左上角=(856.1586, -22.67632)
[2026-04-20 09:46:16] [DEBUG] 放置验证通过: shape_coords=[(0, 0)], origin=(5, 1), 所有坐标在网格范围内且无碰撞
[2026-04-20 09:46:16] [DEBUG] 更新网格预览: 形状=[(0, 0)], 原点=(5, 1), 有效=true, 全部在边界内=true, 敌人重叠=false
[2026-04-20 09:46:16] [DEBUG] 时间轴悬停调试: 
  - 鼠标位置: (932.6365, 84.39282)
  - 网格背景本地鼠标位置: (232.7577, 56.26188) (已自动剔除缩放变换)
  - 格子大小: 42.0 (ui_slot_size=40.0, ui_spacing=2.0)
  - 网格坐标: (5, 1)
  - 网格边界检查: true (范围: X[0-11], Y[0-2])
  - 拖拽偏移: (0.0, 0.0)
  - 目标中心: (932.6365, 84.39282)
  - 当前卡牌位置: (856.1586, -22.67632)
[2026-04-20 09:46:16] [DEBUG] 卡牌左上角计算: 大小=(125.0001, 175.0), 缩放=(1.223647, 1.223647), 左上角=(856.1586, -22.67632)
[2026-04-20 09:46:16] [DEBUG] 放置验证通过: shape_coords=[(0, 0)], origin=(5, 1), 所有坐标在网格范围内且无碰撞
[2026-04-20 09:46:16] [DEBUG] 更新网格预览: 形状=[(0, 0)], 原点=(5, 1), 有效=true, 全部在边界内=true, 敌人重叠=false
[2026-04-20 09:46:16] [DEBUG] 时间轴悬停调试: 
  - 鼠标位置: (932.6365, 84.39282)
  - 网格背景本地鼠标位置: (232.7577, 56.26188) (已自动剔除缩放变换)
  - 格子大小: 42.0 (ui_slot_size=40.0, ui_spacing=2.0)
  - 网格坐标: (5, 1)
  - 网格边界检查: true (范围: X[0-11], Y[0-2])
  - 拖拽偏移: (0.0, 0.0)
  - 目标中心: (932.6365, 84.39282)
  - 当前卡牌位置: (856.1586, -22.67632)
[2026-04-20 09:46:16] [DEBUG] 卡牌左上角计算: 大小=(125.0001, 175.0), 缩放=(1.223647, 1.223647), 左上角=(856.1586, -22.67632)
[2026-04-20 09:46:16] [DEBUG] 放置验证通过: shape_coords=[(0, 0)], origin=(5, 1), 所有坐标在网格范围内且无碰撞
[2026-04-20 09:46:16] [DEBUG] 更新网格预览: 形状=[(0, 0)], 原点=(5, 1), 有效=true, 全部在边界内=true, 敌人重叠=false
[2026-04-20 09:46:16] [DEBUG] 时间轴悬停调试: 
  - 鼠标位置: (932.6365, 84.39282)
  - 网格背景本地鼠标位置: (232.7577, 56.26188) (已自动剔除缩放变换)
  - 格子大小: 42.0 (ui_slot_size=40.0, ui_spacing=2.0)
  - 网格坐标: (5, 1)
  - 网格边界检查: true (范围: X[0-11], Y[0-2])
  - 拖拽偏移: (0.0, 0.0)
  - 目标中心: (932.6365, 84.39282)
  - 当前卡牌位置: (856.1586, -22.67632)
[2026-04-20 09:46:16] [DEBUG] 卡牌左上角计算: 大小=(125.0001, 175.0), 缩放=(1.223647, 1.223647), 左上角=(856.1586, -22.67632)
[2026-04-20 09:46:16] [DEBUG] 放置验证通过: shape_coords=[(0, 0)], origin=(5, 1), 所有坐标在网格范围内且无碰撞
[2026-04-20 09:46:16] [DEBUG] 更新网格预览: 形状=[(0, 0)], 原点=(5, 1), 有效=true, 全部在边界内=true, 敌人重叠=false
[2026-04-20 09:46:16] [DEBUG] 时间轴悬停调试: 
  - 鼠标位置: (932.6365, 84.39282)
  - 网格背景本地鼠标位置: (232.7577, 56.26188) (已自动剔除缩放变换)
  - 格子大小: 42.0 (ui_slot_size=40.0, ui_spacing=2.0)
  - 网格坐标: (5, 1)
  - 网格边界检查: true (范围: X[0-11], Y[0-2])
  - 拖拽偏移: (0.0, 0.0)
  - 目标中心: (932.6365, 84.39282)
  - 当前卡牌位置: (856.1586, -22.67632)
[2026-04-20 09:46:16] [DEBUG] 卡牌左上角计算: 大小=(125.0001, 175.0), 缩放=(1.223647, 1.223647), 左上角=(856.1586, -22.67632)
[2026-04-20 09:46:16] [DEBUG] 放置验证通过: shape_coords=[(0, 0)], origin=(5, 1), 所有坐标在网格范围内且无碰撞
[2026-04-20 09:46:16] [DEBUG] 更新网格预览: 形状=[(0, 0)], 原点=(5, 1), 有效=true, 全部在边界内=true, 敌人重叠=false
[2026-04-20 09:46:16] [DEBUG] 时间轴悬停调试: 
  - 鼠标位置: (932.6365, 84.39282)
  - 网格背景本地鼠标位置: (232.7577, 56.26188) (已自动剔除缩放变换)
  - 格子大小: 42.0 (ui_slot_size=40.0, ui_spacing=2.0)
  - 网格坐标: (5, 1)
  - 网格边界检查: true (范围: X[0-11], Y[0-2])
  - 拖拽偏移: (0.0, 0.0)
  - 目标中心: (932.6365, 84.39282)
  - 当前卡牌位置: (856.1586, -22.67632)
[2026-04-20 09:46:16] [DEBUG] 卡牌左上角计算: 大小=(125.0001, 175.0), 缩放=(1.223647, 1.223647), 左上角=(856.1586, -22.67632)
[2026-04-20 09:46:16] [DEBUG] 放置验证通过: shape_coords=[(0, 0)], origin=(5, 1), 所有坐标在网格范围内且无碰撞
[2026-04-20 09:46:16] [DEBUG] 更新网格预览: 形状=[(0, 0)], 原点=(5, 1), 有效=true, 全部在边界内=true, 敌人重叠=false
[2026-04-20 09:46:16] [DEBUG] 时间轴悬停调试: 
  - 鼠标位置: (932.6365, 84.39282)
  - 网格背景本地鼠标位置: (232.7577, 56.26188) (已自动剔除缩放变换)
  - 格子大小: 42.0 (ui_slot_size=40.0, ui_spacing=2.0)
  - 网格坐标: (5, 1)
  - 网格边界检查: true (范围: X[0-11], Y[0-2])
  - 拖拽偏移: (0.0, 0.0)
  - 目标中心: (932.6365, 84.39282)
  - 当前卡牌位置: (856.1586, -22.67632)
[2026-04-20 09:46:16] [DEBUG] 卡牌左上角计算: 大小=(125.0001, 175.0), 缩放=(1.223647, 1.223647), 左上角=(856.1586, -22.67632)
[2026-04-20 09:46:16] [DEBUG] 放置验证通过: shape_coords=[(0, 0)], origin=(5, 1), 所有坐标在网格范围内且无碰撞
[2026-04-20 09:46:16] [DEBUG] 更新网格预览: 形状=[(0, 0)], 原点=(5, 1), 有效=true, 全部在边界内=true, 敌人重叠=false
[2026-04-20 09:46:16] [DEBUG] 时间轴悬停调试: 
  - 鼠标位置: (932.6365, 84.39282)
  - 网格背景本地鼠标位置: (232.7577, 56.26188) (已自动剔除缩放变换)
  - 格子大小: 42.0 (ui_slot_size=40.0, ui_spacing=2.0)
  - 网格坐标: (5, 1)
  - 网格边界检查: true (范围: X[0-11], Y[0-2])
  - 拖拽偏移: (0.0, 0.0)
  - 目标中心: (932.6365, 84.39282)
  - 当前卡牌位置: (856.1586, -22.67632)
[2026-04-20 09:46:16] [DEBUG] 卡牌左上角计算: 大小=(125.0001, 175.0), 缩放=(1.223647, 1.223647), 左上角=(856.1586, -22.67632)
[2026-04-20 09:46:16] [DEBUG] 放置验证通过: shape_coords=[(0, 0)], origin=(5, 1), 所有坐标在网格范围内且无碰撞
[2026-04-20 09:46:16] [DEBUG] 更新网格预览: 形状=[(0, 0)], 原点=(5, 1), 有效=true, 全部在边界内=true, 敌人重叠=false
[2026-04-20 09:46:16] [DEBUG] 时间轴悬停调试: 
  - 鼠标位置: (932.6365, 84.39282)
  - 网格背景本地鼠标位置: (232.7577, 56.26188) (已自动剔除缩放变换)
  - 格子大小: 42.0 (ui_slot_size=40.0, ui_spacing=2.0)
  - 网格坐标: (5, 1)
  - 网格边界检查: true (范围: X[0-11], Y[0-2])
  - 拖拽偏移: (0.0, 0.0)
  - 目标中心: (932.6365, 84.39282)
  - 当前卡牌位置: (856.1586, -22.67632)
[2026-04-20 09:46:16] [DEBUG] 卡牌左上角计算: 大小=(125.0001, 175.0), 缩放=(1.223647, 1.223647), 左上角=(856.1586, -22.67632)
[2026-04-20 09:46:16] [DEBUG] 放置验证通过: shape_coords=[(0, 0)], origin=(5, 1), 所有坐标在网格范围内且无碰撞
[2026-04-20 09:46:16] [DEBUG] 更新网格预览: 形状=[(0, 0)], 原点=(5, 1), 有效=true, 全部在边界内=true, 敌人重叠=false
[2026-04-20 09:46:16] [DEBUG] 时间轴悬停调试: 
  - 鼠标位置: (932.6365, 84.39282)
  - 网格背景本地鼠标位置: (232.7577, 56.26188) (已自动剔除缩放变换)
  - 格子大小: 42.0 (ui_slot_size=40.0, ui_spacing=2.0)
  - 网格坐标: (5, 1)
  - 网格边界检查: true (范围: X[0-11], Y[0-2])
  - 拖拽偏移: (0.0, 0.0)
  - 目标中心: (932.6365, 84.39282)
  - 当前卡牌位置: (856.1586, -22.67632)
[2026-04-20 09:46:16] [DEBUG] 卡牌左上角计算: 大小=(125.0001, 175.0), 缩放=(1.223647, 1.223647), 左上角=(856.1586, -22.67632)
[2026-04-20 09:46:16] [DEBUG] 放置验证通过: shape_coords=[(0, 0)], origin=(5, 1), 所有坐标在网格范围内且无碰撞
[2026-04-20 09:46:16] [DEBUG] 更新网格预览: 形状=[(0, 0)], 原点=(5, 1), 有效=true, 全部在边界内=true, 敌人重叠=false
[2026-04-20 09:46:16] [DEBUG] 时间轴悬停调试: 
  - 鼠标位置: (932.6365, 84.39282)
  - 网格背景本地鼠标位置: (232.7577, 56.26188) (已自动剔除缩放变换)
  - 格子大小: 42.0 (ui_slot_size=40.0, ui_spacing=2.0)
  - 网格坐标: (5, 1)
  - 网格边界检查: true (范围: X[0-11], Y[0-2])
  - 拖拽偏移: (0.0, 0.0)
  - 目标中心: (932.6365, 84.39282)
  - 当前卡牌位置: (856.1586, -22.67632)
[2026-04-20 09:46:16] [DEBUG] 卡牌左上角计算: 大小=(125.0001, 175.0), 缩放=(1.223647, 1.223647), 左上角=(856.1586, -22.67632)
[2026-04-20 09:46:16] [DEBUG] 放置验证通过: shape_coords=[(0, 0)], origin=(5, 1), 所有坐标在网格范围内且无碰撞
[2026-04-20 09:46:16] [DEBUG] 更新网格预览: 形状=[(0, 0)], 原点=(5, 1), 有效=true, 全部在边界内=true, 敌人重叠=false
[2026-04-20 09:46:16] [DEBUG] 时间轴悬停调试: 
  - 鼠标位置: (932.6365, 84.39282)
  - 网格背景本地鼠标位置: (232.7577, 56.26188) (已自动剔除缩放变换)
  - 格子大小: 42.0 (ui_slot_size=40.0, ui_spacing=2.0)
  - 网格坐标: (5, 1)
  - 网格边界检查: true (范围: X[0-11], Y[0-2])
  - 拖拽偏移: (0.0, 0.0)
  - 目标中心: (932.6365, 84.39282)
  - 当前卡牌位置: (856.1586, -22.67632)
[2026-04-20 09:46:16] [DEBUG] 卡牌左上角计算: 大小=(125.0001, 175.0), 缩放=(1.223647, 1.223647), 左上角=(856.1586, -22.67632)
[2026-04-20 09:46:16] [DEBUG] 放置验证通过: shape_coords=[(0, 0)], origin=(5, 1), 所有坐标在网格范围内且无碰撞
[2026-04-20 09:46:16] [DEBUG] 更新网格预览: 形状=[(0, 0)], 原点=(5, 1), 有效=true, 全部在边界内=true, 敌人重叠=false
[2026-04-20 09:46:16] [DEBUG] 时间轴悬停调试: 
  - 鼠标位置: (932.6365, 84.39282)
  - 网格背景本地鼠标位置: (232.7577, 56.26188) (已自动剔除缩放变换)
  - 格子大小: 42.0 (ui_slot_size=40.0, ui_spacing=2.0)
  - 网格坐标: (5, 1)
  - 网格边界检查: true (范围: X[0-11], Y[0-2])
  - 拖拽偏移: (0.0, 0.0)
  - 目标中心: (932.6365, 84.39282)
  - 当前卡牌位置: (856.1586, -22.67632)
[2026-04-20 09:46:16] [DEBUG] 卡牌左上角计算: 大小=(125.0001, 175.0), 缩放=(1.223647, 1.223647), 左上角=(856.1586, -22.67632)
[2026-04-20 09:46:16] [DEBUG] 放置验证通过: shape_coords=[(0, 0)], origin=(5, 1), 所有坐标在网格范围内且无碰撞
[2026-04-20 09:46:16] [DEBUG] 更新网格预览: 形状=[(0, 0)], 原点=(5, 1), 有效=true, 全部在边界内=true, 敌人重叠=false
[2026-04-20 09:46:16] [DEBUG] 时间轴悬停调试: 
  - 鼠标位置: (932.6365, 84.39282)
  - 网格背景本地鼠标位置: (232.7577, 56.26188) (已自动剔除缩放变换)
  - 格子大小: 42.0 (ui_slot_size=40.0, ui_spacing=2.0)
  - 网格坐标: (5, 1)
  - 网格边界检查: true (范围: X[0-11], Y[0-2])
  - 拖拽偏移: (0.0, 0.0)
  - 目标中心: (932.6365, 84.39282)
  - 当前卡牌位置: (856.1586, -22.67632)
[2026-04-20 09:46:16] [DEBUG] 卡牌左上角计算: 大小=(125.0001, 175.0), 缩放=(1.223647, 1.223647), 左上角=(856.1586, -22.67632)
[2026-04-20 09:46:16] [DEBUG] 放置验证通过: shape_coords=[(0, 0)], origin=(5, 1), 所有坐标在网格范围内且无碰撞
[2026-04-20 09:46:16] [DEBUG] 更新网格预览: 形状=[(0, 0)], 原点=(5, 1), 有效=true, 全部在边界内=true, 敌人重叠=false
[2026-04-20 09:46:16] [DEBUG] 时间轴悬停调试: 
  - 鼠标位置: (932.6365, 84.39282)
  - 网格背景本地鼠标位置: (232.7577, 56.26188) (已自动剔除缩放变换)
  - 格子大小: 42.0 (ui_slot_size=40.0, ui_spacing=2.0)
  - 网格坐标: (5, 1)
  - 网格边界检查: true (范围: X[0-11], Y[0-2])
  - 拖拽偏移: (0.0, 0.0)
  - 目标中心: (932.6365, 84.39282)
  - 当前卡牌位置: (856.1586, -22.67632)
[2026-04-20 09:46:16] [DEBUG] 卡牌左上角计算: 大小=(125.0001, 175.0), 缩放=(1.223647, 1.223647), 左上角=(856.1586, -22.67632)
[2026-04-20 09:46:16] [DEBUG] 放置验证通过: shape_coords=[(0, 0)], origin=(5, 1), 所有坐标在网格范围内且无碰撞
[2026-04-20 09:46:16] [DEBUG] 更新网格预览: 形状=[(0, 0)], 原点=(5, 1), 有效=true, 全部在边界内=true, 敌人重叠=false
[2026-04-20 09:46:16] [DEBUG] 时间轴悬停调试: 
  - 鼠标位置: (932.6365, 84.39282)
  - 网格背景本地鼠标位置: (232.7577, 56.26188) (已自动剔除缩放变换)
  - 格子大小: 42.0 (ui_slot_size=40.0, ui_spacing=2.0)
  - 网格坐标: (5, 1)
  - 网格边界检查: true (范围: X[0-11], Y[0-2])
  - 拖拽偏移: (0.0, 0.0)
  - 目标中心: (932.6365, 84.39282)
  - 当前卡牌位置: (856.1586, -22.67632)
[2026-04-20 09:46:16] [DEBUG] 卡牌左上角计算: 大小=(125.0001, 175.0), 缩放=(1.223647, 1.223647), 左上角=(856.1586, -22.67632)
[2026-04-20 09:46:16] [DEBUG] 放置验证通过: shape_coords=[(0, 0)], origin=(5, 1), 所有坐标在网格范围内且无碰撞
[2026-04-20 09:46:16] [DEBUG] 更新网格预览: 形状=[(0, 0)], 原点=(5, 1), 有效=true, 全部在边界内=true, 敌人重叠=false
[2026-04-20 09:46:16] [DEBUG] 时间轴悬停调试: 
  - 鼠标位置: (932.6365, 84.39282)
  - 网格背景本地鼠标位置: (232.7577, 56.26188) (已自动剔除缩放变换)
  - 格子大小: 42.0 (ui_slot_size=40.0, ui_spacing=2.0)
  - 网格坐标: (5, 1)
  - 网格边界检查: true (范围: X[0-11], Y[0-2])
  - 拖拽偏移: (0.0, 0.0)
  - 目标中心: (932.6365, 84.39282)
  - 当前卡牌位置: (856.1586, -22.67632)
[2026-04-20 09:46:16] [DEBUG] 卡牌左上角计算: 大小=(125.0001, 175.0), 缩放=(1.223647, 1.223647), 左上角=(856.1586, -22.67632)
[2026-04-20 09:46:16] [DEBUG] 放置验证通过: shape_coords=[(0, 0)], origin=(5, 1), 所有坐标在网格范围内且无碰撞
[2026-04-20 09:46:16] [DEBUG] 更新网格预览: 形状=[(0, 0)], 原点=(5, 1), 有效=true, 全部在边界内=true, 敌人重叠=false
[2026-04-20 09:46:16] [DEBUG] 时间轴悬停调试: 
  - 鼠标位置: (932.6365, 84.39282)
  - 网格背景本地鼠标位置: (232.7577, 56.26188) (已自动剔除缩放变换)
  - 格子大小: 42.0 (ui_slot_size=40.0, ui_spacing=2.0)
  - 网格坐标: (5, 1)
  - 网格边界检查: true (范围: X[0-11], Y[0-2])
  - 拖拽偏移: (0.0, 0.0)
  - 目标中心: (932.6365, 84.39282)
  - 当前卡牌位置: (856.1586, -22.67632)
[2026-04-20 09:46:16] [DEBUG] 卡牌左上角计算: 大小=(125.0001, 175.0), 缩放=(1.223647, 1.223647), 左上角=(856.1586, -22.67632)
[2026-04-20 09:46:16] [DEBUG] 放置验证通过: shape_coords=[(0, 0)], origin=(5, 1), 所有坐标在网格范围内且无碰撞
[2026-04-20 09:46:16] [DEBUG] 更新网格预览: 形状=[(0, 0)], 原点=(5, 1), 有效=true, 全部在边界内=true, 敌人重叠=false
[2026-04-20 09:46:16] [DEBUG] 时间轴悬停调试: 
  - 鼠标位置: (932.6365, 84.39282)
  - 网格背景本地鼠标位置: (232.7577, 56.26188) (已自动剔除缩放变换)
  - 格子大小: 42.0 (ui_slot_size=40.0, ui_spacing=2.0)
  - 网格坐标: (5, 1)
  - 网格边界检查: true (范围: X[0-11], Y[0-2])
  - 拖拽偏移: (0.0, 0.0)
  - 目标中心: (932.6365, 84.39282)
  - 当前卡牌位置: (856.1586, -22.67632)
[2026-04-20 09:46:16] [DEBUG] 卡牌左上角计算: 大小=(125.0001, 175.0), 缩放=(1.223647, 1.223647), 左上角=(856.1586, -22.67632)
[2026-04-20 09:46:16] [DEBUG] 放置验证通过: shape_coords=[(0, 0)], origin=(5, 1), 所有坐标在网格范围内且无碰撞
[2026-04-20 09:46:16] [DEBUG] 更新网格预览: 形状=[(0, 0)], 原点=(5, 1), 有效=true, 全部在边界内=true, 敌人重叠=false
[2026-04-20 09:46:16] [DEBUG] 时间轴悬停调试: 
  - 鼠标位置: (932.6365, 84.39282)
  - 网格背景本地鼠标位置: (232.7577, 56.26188) (已自动剔除缩放变换)
  - 格子大小: 42.0 (ui_slot_size=40.0, ui_spacing=2.0)
  - 网格坐标: (5, 1)
  - 网格边界检查: true (范围: X[0-11], Y[0-2])
  - 拖拽偏移: (0.0, 0.0)
  - 目标中心: (932.6365, 84.39282)
  - 当前卡牌位置: (856.1586, -22.67632)
[2026-04-20 09:46:16] [DEBUG] 卡牌左上角计算: 大小=(125.0001, 175.0), 缩放=(1.223647, 1.223647), 左上角=(856.1586, -22.67632)
[2026-04-20 09:46:16] [DEBUG] 放置验证通过: shape_coords=[(0, 0)], origin=(5, 1), 所有坐标在网格范围内且无碰撞
[2026-04-20 09:46:16] [DEBUG] 更新网格预览: 形状=[(0, 0)], 原点=(5, 1), 有效=true, 全部在边界内=true, 敌人重叠=false
[2026-04-20 09:46:16] [DEBUG] 时间轴悬停调试: 
  - 鼠标位置: (932.6365, 84.39282)
  - 网格背景本地鼠标位置: (232.7577, 56.26188) (已自动剔除缩放变换)
  - 格子大小: 42.0 (ui_slot_size=40.0, ui_spacing=2.0)
  - 网格坐标: (5, 1)
  - 网格边界检查: true (范围: X[0-11], Y[0-2])
  - 拖拽偏移: (0.0, 0.0)
  - 目标中心: (932.6365, 84.39282)
  - 当前卡牌位置: (856.1586, -22.67632)
[2026-04-20 09:46:16] [DEBUG] 卡牌左上角计算: 大小=(125.0001, 175.0), 缩放=(1.223647, 1.223647), 左上角=(856.1586, -22.67632)
[2026-04-20 09:46:16] [DEBUG] 放置验证通过: shape_coords=[(0, 0)], origin=(5, 1), 所有坐标在网格范围内且无碰撞
[2026-04-20 09:46:16] [DEBUG] 更新网格预览: 形状=[(0, 0)], 原点=(5, 1), 有效=true, 全部在边界内=true, 敌人重叠=false
[2026-04-20 09:46:16] [DEBUG] 时间轴悬停调试: 
  - 鼠标位置: (932.6365, 84.39282)
  - 网格背景本地鼠标位置: (232.7577, 56.26188) (已自动剔除缩放变换)
  - 格子大小: 42.0 (ui_slot_size=40.0, ui_spacing=2.0)
  - 网格坐标: (5, 1)
  - 网格边界检查: true (范围: X[0-11], Y[0-2])
  - 拖拽偏移: (0.0, 0.0)
  - 目标中心: (932.6365, 84.39282)
  - 当前卡牌位置: (856.1586, -22.67632)
[2026-04-20 09:46:16] [DEBUG] 卡牌左上角计算: 大小=(125.0001, 175.0), 缩放=(1.223647, 1.223647), 左上角=(856.1586, -22.67632)
[2026-04-20 09:46:16] [DEBUG] 放置验证通过: shape_coords=[(0, 0)], origin=(5, 1), 所有坐标在网格范围内且无碰撞
[2026-04-20 09:46:16] [DEBUG] 更新网格预览: 形状=[(0, 0)], 原点=(5, 1), 有效=true, 全部在边界内=true, 敌人重叠=false
[2026-04-20 09:46:16] [DEBUG] 时间轴悬停调试: 
  - 鼠标位置: (932.6365, 84.39282)
  - 网格背景本地鼠标位置: (232.7577, 56.26188) (已自动剔除缩放变换)
  - 格子大小: 42.0 (ui_slot_size=40.0, ui_spacing=2.0)
  - 网格坐标: (5, 1)
  - 网格边界检查: true (范围: X[0-11], Y[0-2])
  - 拖拽偏移: (0.0, 0.0)
  - 目标中心: (932.6365, 84.39282)
  - 当前卡牌位置: (856.1586, -22.67632)
[2026-04-20 09:46:16] [DEBUG] 卡牌左上角计算: 大小=(125.0001, 175.0), 缩放=(1.223647, 1.223647), 左上角=(856.1586, -22.67632)
[2026-04-20 09:46:16] [DEBUG] 放置验证通过: shape_coords=[(0, 0)], origin=(5, 1), 所有坐标在网格范围内且无碰撞
[2026-04-20 09:46:16] [DEBUG] 更新网格预览: 形状=[(0, 0)], 原点=(5, 1), 有效=true, 全部在边界内=true, 敌人重叠=false
[2026-04-20 09:46:16] [DEBUG] 时间轴悬停调试: 
  - 鼠标位置: (932.6365, 84.39282)
  - 网格背景本地鼠标位置: (232.7577, 56.26188) (已自动剔除缩放变换)
  - 格子大小: 42.0 (ui_slot_size=40.0, ui_spacing=2.0)
  - 网格坐标: (5, 1)
  - 网格边界检查: true (范围: X[0-11], Y[0-2])
  - 拖拽偏移: (0.0, 0.0)
  - 目标中心: (932.6365, 84.39282)
  - 当前卡牌位置: (856.1586, -22.67632)
[2026-04-20 09:46:16] [DEBUG] 卡牌左上角计算: 大小=(125.0001, 175.0), 缩放=(1.223647, 1.223647), 左上角=(856.1586, -22.67632)
[2026-04-20 09:46:16] [DEBUG] 放置验证通过: shape_coords=[(0, 0)], origin=(5, 1), 所有坐标在网格范围内且无碰撞
[2026-04-20 09:46:16] [DEBUG] 更新网格预览: 形状=[(0, 0)], 原点=(5, 1), 有效=true, 全部在边界内=true, 敌人重叠=false
[2026-04-20 09:46:16] [DEBUG] 时间轴悬停调试: 
  - 鼠标位置: (932.6365, 84.39282)
  - 网格背景本地鼠标位置: (232.7577, 56.26188) (已自动剔除缩放变换)
  - 格子大小: 42.0 (ui_slot_size=40.0, ui_spacing=2.0)
  - 网格坐标: (5, 1)
  - 网格边界检查: true (范围: X[0-11], Y[0-2])
  - 拖拽偏移: (0.0, 0.0)
  - 目标中心: (932.6365, 84.39282)
  - 当前卡牌位置: (856.1586, -22.67632)
[2026-04-20 09:46:16] [DEBUG] 卡牌左上角计算: 大小=(125.0001, 175.0), 缩放=(1.223647, 1.223647), 左上角=(856.1586, -22.67632)
[2026-04-20 09:46:16] [DEBUG] 放置验证通过: shape_coords=[(0, 0)], origin=(5, 1), 所有坐标在网格范围内且无碰撞
[2026-04-20 09:46:16] [DEBUG] 更新网格预览: 形状=[(0, 0)], 原点=(5, 1), 有效=true, 全部在边界内=true, 敌人重叠=false
[2026-04-20 09:46:16] [DEBUG] 时间轴悬停调试: 
  - 鼠标位置: (932.6365, 84.39282)
  - 网格背景本地鼠标位置: (232.7577, 56.26188) (已自动剔除缩放变换)
  - 格子大小: 42.0 (ui_slot_size=40.0, ui_spacing=2.0)
  - 网格坐标: (5, 1)
  - 网格边界检查: true (范围: X[0-11], Y[0-2])
  - 拖拽偏移: (0.0, 0.0)
  - 目标中心: (932.6365, 84.39282)
  - 当前卡牌位置: (856.1586, -22.67632)
[2026-04-20 09:46:16] [DEBUG] 卡牌左上角计算: 大小=(125.0001, 175.0), 缩放=(1.223647, 1.223647), 左上角=(856.1586, -22.67632)
[2026-04-20 09:46:16] [DEBUG] 放置验证通过: shape_coords=[(0, 0)], origin=(5, 1), 所有坐标在网格范围内且无碰撞
[2026-04-20 09:46:16] [DEBUG] 更新网格预览: 形状=[(0, 0)], 原点=(5, 1), 有效=true, 全部在边界内=true, 敌人重叠=false
[2026-04-20 09:46:16] [DEBUG] 时间轴悬停调试: 
  - 鼠标位置: (932.6365, 84.39282)
  - 网格背景本地鼠标位置: (232.7577, 56.26188) (已自动剔除缩放变换)
  - 格子大小: 42.0 (ui_slot_size=40.0, ui_spacing=2.0)
  - 网格坐标: (5, 1)
  - 网格边界检查: true (范围: X[0-11], Y[0-2])
  - 拖拽偏移: (0.0, 0.0)
  - 目标中心: (932.6365, 84.39282)
  - 当前卡牌位置: (856.1586, -22.67632)
[2026-04-20 09:46:16] [DEBUG] 卡牌左上角计算: 大小=(125.0001, 175.0), 缩放=(1.223647, 1.223647), 左上角=(856.1586, -22.67632)
[2026-04-20 09:46:16] [DEBUG] 放置验证通过: shape_coords=[(0, 0)], origin=(5, 1), 所有坐标在网格范围内且无碰撞
[2026-04-20 09:46:16] [DEBUG] 更新网格预览: 形状=[(0, 0)], 原点=(5, 1), 有效=true, 全部在边界内=true, 敌人重叠=false
[2026-04-20 09:46:16] [DEBUG] 时间轴悬停调试: 
  - 鼠标位置: (932.6365, 84.39282)
  - 网格背景本地鼠标位置: (232.7577, 56.26188) (已自动剔除缩放变换)
  - 格子大小: 42.0 (ui_slot_size=40.0, ui_spacing=2.0)
  - 网格坐标: (5, 1)
  - 网格边界检查: true (范围: X[0-11], Y[0-2])
  - 拖拽偏移: (0.0, 0.0)
  - 目标中心: (932.6365, 84.39282)
  - 当前卡牌位置: (856.1586, -22.67632)
[2026-04-20 09:46:16] [DEBUG] 卡牌左上角计算: 大小=(125.0001, 175.0), 缩放=(1.223647, 1.223647), 左上角=(856.1586, -22.67632)
[2026-04-20 09:46:16] [DEBUG] 放置验证通过: shape_coords=[(0, 0)], origin=(5, 1), 所有坐标在网格范围内且无碰撞
[2026-04-20 09:46:16] [DEBUG] 更新网格预览: 形状=[(0, 0)], 原点=(5, 1), 有效=true, 全部在边界内=true, 敌人重叠=false
[2026-04-20 09:46:16] [DEBUG] 时间轴悬停调试: 
  - 鼠标位置: (932.6365, 84.39282)
  - 网格背景本地鼠标位置: (232.7577, 56.26188) (已自动剔除缩放变换)
  - 格子大小: 42.0 (ui_slot_size=40.0, ui_spacing=2.0)
  - 网格坐标: (5, 1)
  - 网格边界检查: true (范围: X[0-11], Y[0-2])
  - 拖拽偏移: (0.0, 0.0)
  - 目标中心: (932.6365, 84.39282)
  - 当前卡牌位置: (856.1586, -22.67632)
[2026-04-20 09:46:16] [DEBUG] 卡牌左上角计算: 大小=(125.0001, 175.0), 缩放=(1.223647, 1.223647), 左上角=(856.1586, -22.67632)
[2026-04-20 09:46:16] [DEBUG] 放置验证通过: shape_coords=[(0, 0)], origin=(5, 1), 所有坐标在网格范围内且无碰撞
[2026-04-20 09:46:16] [DEBUG] 更新网格预览: 形状=[(0, 0)], 原点=(5, 1), 有效=true, 全部在边界内=true, 敌人重叠=false
[2026-04-20 09:46:16] [DEBUG] 时间轴悬停调试: 
  - 鼠标位置: (932.6365, 84.39282)
  - 网格背景本地鼠标位置: (232.7577, 56.26188) (已自动剔除缩放变换)
  - 格子大小: 42.0 (ui_slot_size=40.0, ui_spacing=2.0)
  - 网格坐标: (5, 1)
  - 网格边界检查: true (范围: X[0-11], Y[0-2])
  - 拖拽偏移: (0.0, 0.0)
  - 目标中心: (932.6365, 84.39282)
  - 当前卡牌位置: (856.1586, -22.67632)
[2026-04-20 09:46:16] [DEBUG] 卡牌左上角计算: 大小=(125.0001, 175.0), 缩放=(1.223647, 1.223647), 左上角=(856.1586, -22.67632)
[2026-04-20 09:46:16] [DEBUG] 放置验证通过: shape_coords=[(0, 0)], origin=(5, 1), 所有坐标在网格范围内且无碰撞
[2026-04-20 09:46:16] [DEBUG] 更新网格预览: 形状=[(0, 0)], 原点=(5, 1), 有效=true, 全部在边界内=true, 敌人重叠=false
[2026-04-20 09:46:16] [DEBUG] 时间轴悬停调试: 
  - 鼠标位置: (931.4964, 84.39282)
  - 网格背景本地鼠标位置: (231.9976, 56.26188) (已自动剔除缩放变换)
  - 格子大小: 42.0 (ui_slot_size=40.0, ui_spacing=2.0)
  - 网格坐标: (5, 1)
  - 网格边界检查: true (范围: X[0-11], Y[0-2])
  - 拖拽偏移: (0.0, 0.0)
  - 目标中心: (931.4964, 84.39282)
  - 当前卡牌位置: (856.1586, -22.67632)
[2026-04-20 09:46:16] [DEBUG] 卡牌左上角计算: 大小=(125.0001, 175.0), 缩放=(1.223647, 1.223647), 左上角=(855.0184, -22.67632)
[2026-04-20 09:46:16] [DEBUG] 放置验证通过: shape_coords=[(0, 0)], origin=(5, 1), 所有坐标在网格范围内且无碰撞
[2026-04-20 09:46:16] [DEBUG] 更新网格预览: 形状=[(0, 0)], 原点=(5, 1), 有效=true, 全部在边界内=true, 敌人重叠=false
[2026-04-20 09:46:16] [DEBUG] 时间轴悬停调试: 
  - 鼠标位置: (931.4964, 84.39282)
  - 网格背景本地鼠标位置: (231.9976, 56.26188) (已自动剔除缩放变换)
  - 格子大小: 42.0 (ui_slot_size=40.0, ui_spacing=2.0)
  - 网格坐标: (5, 1)
  - 网格边界检查: true (范围: X[0-11], Y[0-2])
  - 拖拽偏移: (0.0, 0.0)
  - 目标中心: (931.4964, 84.39282)
  - 当前卡牌位置: (855.0184, -22.67632)
[2026-04-20 09:46:16] [DEBUG] 卡牌左上角计算: 大小=(125.0001, 175.0), 缩放=(1.223647, 1.223647), 左上角=(855.0184, -22.67632)
[2026-04-20 09:46:16] [DEBUG] 放置验证通过: shape_coords=[(0, 0)], origin=(5, 1), 所有坐标在网格范围内且无碰撞
[2026-04-20 09:46:16] [DEBUG] 更新网格预览: 形状=[(0, 0)], 原点=(5, 1), 有效=true, 全部在边界内=true, 敌人重叠=false
[2026-04-20 09:46:16] [DEBUG] 时间轴悬停调试: 
  - 鼠标位置: (925.7957, 84.39282)
  - 网格背景本地鼠标位置: (228.1971, 56.26188) (已自动剔除缩放变换)
  - 格子大小: 42.0 (ui_slot_size=40.0, ui_spacing=2.0)
  - 网格坐标: (5, 1)
  - 网格边界检查: true (范围: X[0-11], Y[0-2])
  - 拖拽偏移: (0.0, 0.0)
  - 目标中心: (925.7957, 84.39282)
  - 当前卡牌位置: (855.0184, -22.67632)
[2026-04-20 09:46:16] [DEBUG] 卡牌左上角计算: 大小=(125.0001, 175.0), 缩放=(1.223647, 1.223647), 左上角=(849.3177, -22.67632)
[2026-04-20 09:46:16] [DEBUG] 放置验证通过: shape_coords=[(0, 0)], origin=(5, 1), 所有坐标在网格范围内且无碰撞
[2026-04-20 09:46:16] [DEBUG] 更新网格预览: 形状=[(0, 0)], 原点=(5, 1), 有效=true, 全部在边界内=true, 敌人重叠=false
[2026-04-20 09:46:16] [DEBUG] 时间轴悬停调试: 
  - 鼠标位置: (917.8146, 84.39282)
  - 网格背景本地鼠标位置: (222.8765, 56.26188) (已自动剔除缩放变换)
  - 格子大小: 42.0 (ui_slot_size=40.0, ui_spacing=2.0)
  - 网格坐标: (5, 1)
  - 网格边界检查: true (范围: X[0-11], Y[0-2])
  - 拖拽偏移: (0.0, 0.0)
  - 目标中心: (917.8146, 84.39282)
  - 当前卡牌位置: (849.3176, -22.67632)
[2026-04-20 09:46:16] [DEBUG] 卡牌左上角计算: 大小=(125.0001, 175.0), 缩放=(1.223647, 1.223647), 左上角=(841.3367, -22.67632)
[2026-04-20 09:46:16] [DEBUG] 放置验证通过: shape_coords=[(0, 0)], origin=(5, 1), 所有坐标在网格范围内且无碰撞
[2026-04-20 09:46:16] [DEBUG] 更新网格预览: 形状=[(0, 0)], 原点=(5, 1), 有效=true, 全部在边界内=true, 敌人重叠=false
[2026-04-20 09:46:16] [DEBUG] 时间轴悬停调试: 
  - 鼠标位置: (917.8146, 84.39282)
  - 网格背景本地鼠标位置: (222.8765, 56.26188) (已自动剔除缩放变换)
  - 格子大小: 42.0 (ui_slot_size=40.0, ui_spacing=2.0)
  - 网格坐标: (5, 1)
  - 网格边界检查: true (范围: X[0-11], Y[0-2])
  - 拖拽偏移: (0.0, 0.0)
  - 目标中心: (917.8146, 84.39282)
  - 当前卡牌位置: (841.3367, -22.67632)
[2026-04-20 09:46:16] [DEBUG] 卡牌左上角计算: 大小=(125.0001, 175.0), 缩放=(1.223647, 1.223647), 左上角=(841.3367, -22.67632)
[2026-04-20 09:46:16] [DEBUG] 放置验证通过: shape_coords=[(0, 0)], origin=(5, 1), 所有坐标在网格范围内且无碰撞
[2026-04-20 09:46:16] [DEBUG] 更新网格预览: 形状=[(0, 0)], 原点=(5, 1), 有效=true, 全部在边界内=true, 敌人重叠=false
[2026-04-20 09:46:16] [DEBUG] 时间轴悬停调试: 
  - 鼠标位置: (909.8337, 84.39282)
  - 网格背景本地鼠标位置: (217.5558, 56.26188) (已自动剔除缩放变换)
  - 格子大小: 42.0 (ui_slot_size=40.0, ui_spacing=2.0)
  - 网格坐标: (5, 1)
  - 网格边界检查: true (范围: X[0-11], Y[0-2])
  - 拖拽偏移: (0.0, 0.0)
  - 目标中心: (909.8337, 84.39282)
  - 当前卡牌位置: (841.3367, -22.67632)
[2026-04-20 09:46:16] [DEBUG] 卡牌左上角计算: 大小=(125.0001, 175.0), 缩放=(1.223647, 1.223647), 左上角=(833.3557, -22.67632)
[2026-04-20 09:46:16] [DEBUG] 放置验证通过: shape_coords=[(0, 0)], origin=(5, 1), 所有坐标在网格范围内且无碰撞
[2026-04-20 09:46:16] [DEBUG] 更新网格预览: 形状=[(0, 0)], 原点=(5, 1), 有效=true, 全部在边界内=true, 敌人重叠=false
[2026-04-20 09:46:16] [DEBUG] 时间轴悬停调试: 
  - 鼠标位置: (900.7125, 84.39282)
  - 网格背景本地鼠标位置: (211.475, 56.26188) (已自动剔除缩放变换)
  - 格子大小: 42.0 (ui_slot_size=40.0, ui_spacing=2.0)
  - 网格坐标: (5, 1)
  - 网格边界检查: true (范围: X[0-11], Y[0-2])
  - 拖拽偏移: (0.0, 0.0)
  - 目标中心: (900.7125, 84.39282)
  - 当前卡牌位置: (833.3557, -22.67632)
[2026-04-20 09:46:16] [DEBUG] 卡牌左上角计算: 大小=(125.0001, 175.0), 缩放=(1.223647, 1.223647), 左上角=(824.2346, -22.67632)
[2026-04-20 09:46:16] [DEBUG] 放置验证通过: shape_coords=[(0, 0)], origin=(5, 1), 所有坐标在网格范围内且无碰撞
[2026-04-20 09:46:16] [DEBUG] 更新网格预览: 形状=[(0, 0)], 原点=(5, 1), 有效=true, 全部在边界内=true, 敌人重叠=false
[2026-04-20 09:46:16] [DEBUG] 时间轴悬停调试: 
  - 鼠标位置: (900.7125, 84.39282)
  - 网格背景本地鼠标位置: (211.475, 56.26188) (已自动剔除缩放变换)
  - 格子大小: 42.0 (ui_slot_size=40.0, ui_spacing=2.0)
  - 网格坐标: (5, 1)
  - 网格边界检查: true (范围: X[0-11], Y[0-2])
  - 拖拽偏移: (0.0, 0.0)
  - 目标中心: (900.7125, 84.39282)
  - 当前卡牌位置: (824.2345, -22.67632)
[2026-04-20 09:46:16] [DEBUG] 卡牌左上角计算: 大小=(125.0001, 175.0), 缩放=(1.223647, 1.223647), 左上角=(824.2346, -22.67632)
[2026-04-20 09:46:16] [DEBUG] 放置验证通过: shape_coords=[(0, 0)], origin=(5, 1), 所有坐标在网格范围内且无碰撞
[2026-04-20 09:46:16] [DEBUG] 更新网格预览: 形状=[(0, 0)], 原点=(5, 1), 有效=true, 全部在边界内=true, 敌人重叠=false
[2026-04-20 09:46:16] [DEBUG] 时间轴悬停调试: 
  - 鼠标位置: (890.4512, 84.39282)
  - 网格背景本地鼠标位置: (204.6342, 56.26188) (已自动剔除缩放变换)
  - 格子大小: 42.0 (ui_slot_size=40.0, ui_spacing=2.0)
  - 网格坐标: (4, 1)
  - 网格边界检查: true (范围: X[0-11], Y[0-2])
  - 拖拽偏移: (0.0, 0.0)
  - 目标中心: (890.4512, 84.39282)
  - 当前卡牌位置: (824.2345, -22.67632)
[2026-04-20 09:46:16] [DEBUG] 卡牌左上角计算: 大小=(125.0001, 175.0), 缩放=(1.223647, 1.223647), 左上角=(813.9733, -22.67632)
[2026-04-20 09:46:16] [DEBUG] 更新预览位置: (4, 1), 有效: false
[2026-04-20 09:46:16] [DEBUG] 设置预览容器位置: (583.5, 0.0)
[2026-04-20 09:46:16] [DEBUG] 设置预览方块位置: 方块索引=0, 网格坐标=(4, 1), 像素位置=(168.0, 42.0)
[2026-04-20 09:46:16] [DEBUG] 更新网格预览: 形状=[(0, 0)], 原点=(4, 1), 有效=false, 全部在边界内=true, 敌人重叠=true
[2026-04-20 09:46:16] [DEBUG] 时间轴悬停调试: 
  - 鼠标位置: (877.9097, 84.39282)
  - 网格背景本地鼠标位置: (196.2731, 56.26188) (已自动剔除缩放变换)
  - 格子大小: 42.0 (ui_slot_size=40.0, ui_spacing=2.0)
  - 网格坐标: (4, 1)
  - 网格边界检查: true (范围: X[0-11], Y[0-2])
  - 拖拽偏移: (0.0, 0.0)
  - 目标中心: (877.9097, 84.39282)
  - 当前卡牌位置: (813.9733, -22.67632)
[2026-04-20 09:46:16] [DEBUG] 卡牌左上角计算: 大小=(125.0001, 175.0), 缩放=(1.223647, 1.223647), 左上角=(801.4317, -22.67632)
[2026-04-20 09:46:16] [DEBUG] 更新网格预览: 形状=[(0, 0)], 原点=(4, 1), 有效=false, 全部在边界内=true, 敌人重叠=true
[2026-04-20 09:46:16] [DEBUG] 时间轴悬停调试: 
  - 鼠标位置: (838.0047, 84.39282)
  - 网格背景本地鼠标位置: (169.6698, 56.26188) (已自动剔除缩放变换)
  - 格子大小: 42.0 (ui_slot_size=40.0, ui_spacing=2.0)
  - 网格坐标: (4, 1)
  - 网格边界检查: true (范围: X[0-11], Y[0-2])
  - 拖拽偏移: (0.0, 0.0)
  - 目标中心: (838.0047, 84.39282)
  - 当前卡牌位置: (801.4316, -22.67632)
[2026-04-20 09:46:16] [DEBUG] 卡牌左上角计算: 大小=(125.0001, 175.0), 缩放=(1.223647, 1.223647), 左上角=(761.5267, -22.67632)
[2026-04-20 09:46:16] [DEBUG] 更新网格预览: 形状=[(0, 0)], 原点=(4, 1), 有效=false, 全部在边界内=true, 敌人重叠=true
[2026-04-20 09:46:16] [DEBUG] 时间轴悬停调试: 
  - 鼠标位置: (838.0047, 84.39282)
  - 网格背景本地鼠标位置: (169.6698, 56.26188) (已自动剔除缩放变换)
  - 格子大小: 42.0 (ui_slot_size=40.0, ui_spacing=2.0)
  - 网格坐标: (4, 1)
  - 网格边界检查: true (范围: X[0-11], Y[0-2])
  - 拖拽偏移: (0.0, 0.0)
  - 目标中心: (838.0047, 84.39282)
  - 当前卡牌位置: (761.5267, -22.67632)
[2026-04-20 09:46:16] [DEBUG] 卡牌左上角计算: 大小=(125.0001, 175.0), 缩放=(1.223647, 1.223647), 左上角=(761.5267, -22.67632)
[2026-04-20 09:46:16] [DEBUG] 更新网格预览: 形状=[(0, 0)], 原点=(4, 1), 有效=false, 全部在边界内=true, 敌人重叠=true
[2026-04-20 09:46:16] [DEBUG] 时间轴悬停调试: 
  - 鼠标位置: (819.7624, 84.39282)
  - 网格背景本地鼠标位置: (157.5083, 56.26188) (已自动剔除缩放变换)
  - 格子大小: 42.0 (ui_slot_size=40.0, ui_spacing=2.0)
  - 网格坐标: (3, 1)
  - 网格边界检查: true (范围: X[0-11], Y[0-2])
  - 拖拽偏移: (0.0, 0.0)
  - 目标中心: (819.7624, 84.39282)
  - 当前卡牌位置: (761.5267, -22.67632)
[2026-04-20 09:46:16] [DEBUG] 卡牌左上角计算: 大小=(125.0001, 175.0), 缩放=(1.223647, 1.223647), 左上角=(743.2844, -22.67632)
[2026-04-20 09:46:16] [DEBUG] 更新预览位置: (3, 1), 有效: false
[2026-04-20 09:46:16] [DEBUG] 设置预览容器位置: (583.5, 0.0)
[2026-04-20 09:46:16] [DEBUG] 设置预览方块位置: 方块索引=0, 网格坐标=(3, 1), 像素位置=(126.0, 42.0)
[2026-04-20 09:46:16] [DEBUG] 更新网格预览: 形状=[(0, 0)], 原点=(3, 1), 有效=false, 全部在边界内=true, 敌人重叠=true
[2026-04-20 09:46:16] [DEBUG] 时间轴悬停调试: 
  - 鼠标位置: (819.7624, 84.39282)
  - 网格背景本地鼠标位置: (157.5083, 56.26188) (已自动剔除缩放变换)
  - 格子大小: 42.0 (ui_slot_size=40.0, ui_spacing=2.0)
  - 网格坐标: (3, 1)
  - 网格边界检查: true (范围: X[0-11], Y[0-2])
  - 拖拽偏移: (0.0, 0.0)
  - 目标中心: (819.7624, 84.39282)
  - 当前卡牌位置: (743.2844, -22.67632)
[2026-04-20 09:46:16] [DEBUG] 卡牌左上角计算: 大小=(125.0001, 175.0), 缩放=(1.223647, 1.223647), 左上角=(743.2844, -22.67632)
[2026-04-20 09:46:16] [DEBUG] 更新网格预览: 形状=[(0, 0)], 原点=(3, 1), 有效=false, 全部在边界内=true, 敌人重叠=true
[2026-04-20 09:46:16] [DEBUG] 时间轴悬停调试: 
  - 鼠标位置: (798.0997, 84.39282)
  - 网格背景本地鼠标位置: (143.0665, 56.26188) (已自动剔除缩放变换)
  - 格子大小: 42.0 (ui_slot_size=40.0, ui_spacing=2.0)
  - 网格坐标: (3, 1)
  - 网格边界检查: true (范围: X[0-11], Y[0-2])
  - 拖拽偏移: (0.0, 0.0)
  - 目标中心: (798.0997, 84.39282)
  - 当前卡牌位置: (743.2844, -22.67632)
[2026-04-20 09:46:16] [DEBUG] 卡牌左上角计算: 大小=(125.0001, 175.0), 缩放=(1.223647, 1.223647), 左上角=(721.6218, -22.67632)
[2026-04-20 09:46:16] [DEBUG] 更新网格预览: 形状=[(0, 0)], 原点=(3, 1), 有效=false, 全部在边界内=true, 敌人重叠=true
[2026-04-20 09:46:16] [DEBUG] 时间轴悬停调试: 
  - 鼠标位置: (775.2969, 86.67371)
  - 网格背景本地鼠标位置: (127.8646, 57.78247) (已自动剔除缩放变换)
  - 格子大小: 42.0 (ui_slot_size=40.0, ui_spacing=2.0)
  - 网格坐标: (3, 1)
  - 网格边界检查: true (范围: X[0-11], Y[0-2])
  - 拖拽偏移: (0.0, 0.0)
  - 目标中心: (775.2969, 86.67371)
  - 当前卡牌位置: (721.6217, -22.67632)
[2026-04-20 09:46:16] [DEBUG] 卡牌左上角计算: 大小=(125.0001, 175.0), 缩放=(1.223647, 1.223647), 左上角=(698.8189, -20.39544)
[2026-04-20 09:46:16] [DEBUG] 更新网格预览: 形状=[(0, 0)], 原点=(3, 1), 有效=false, 全部在边界内=true, 敌人重叠=true
[2026-04-20 09:46:16] [DEBUG] 时间轴悬停调试: 
  - 鼠标位置: (775.2969, 86.67371)
  - 网格背景本地鼠标位置: (127.8646, 57.78247) (已自动剔除缩放变换)
  - 格子大小: 42.0 (ui_slot_size=40.0, ui_spacing=2.0)
  - 网格坐标: (3, 1)
  - 网格边界检查: true (范围: X[0-11], Y[0-2])
  - 拖拽偏移: (0.0, 0.0)
  - 目标中心: (775.2969, 86.67371)
  - 当前卡牌位置: (698.8188, -20.39544)
[2026-04-20 09:46:16] [DEBUG] 卡牌左上角计算: 大小=(125.0001, 175.0), 缩放=(1.223647, 1.223647), 左上角=(698.8189, -20.39544)
[2026-04-20 09:46:16] [DEBUG] 更新网格预览: 形状=[(0, 0)], 原点=(3, 1), 有效=false, 全部在边界内=true, 敌人重叠=true
[2026-04-20 09:46:16] [DEBUG] 时间轴悬停调试: 
  - 鼠标位置: (755.9144, 86.67371)
  - 网格背景本地鼠标位置: (114.943, 57.78247) (已自动剔除缩放变换)
  - 格子大小: 42.0 (ui_slot_size=40.0, ui_spacing=2.0)
  - 网格坐标: (2, 1)
  - 网格边界检查: true (范围: X[0-11], Y[0-2])
  - 拖拽偏移: (0.0, 0.0)
  - 目标中心: (755.9144, 86.67371)
  - 当前卡牌位置: (698.8188, -20.39544)
[2026-04-20 09:46:16] [DEBUG] 卡牌左上角计算: 大小=(125.0001, 175.0), 缩放=(1.223647, 1.223647), 左上角=(679.4365, -20.39544)
[2026-04-20 09:46:16] [DEBUG] 放置验证通过: shape_coords=[(0, 0)], origin=(2, 1), 所有坐标在网格范围内且无碰撞
[2026-04-20 09:46:16] [DEBUG] 更新预览位置: (2, 1), 有效: true
[2026-04-20 09:46:16] [DEBUG] 设置预览容器位置: (583.5, 0.0)
[2026-04-20 09:46:16] [DEBUG] 设置预览方块位置: 方块索引=0, 网格坐标=(2, 1), 像素位置=(84.0, 42.0)
[2026-04-20 09:46:16] [DEBUG] 更新网格预览: 形状=[(0, 0)], 原点=(2, 1), 有效=true, 全部在边界内=true, 敌人重叠=false
[2026-04-20 09:46:16] [DEBUG] 时间轴悬停调试: 
  - 鼠标位置: (736.532, 87.81415)
  - 网格背景本地鼠标位置: (102.0214, 58.54277) (已自动剔除缩放变换)
  - 格子大小: 42.0 (ui_slot_size=40.0, ui_spacing=2.0)
  - 网格坐标: (2, 1)
  - 网格边界检查: true (范围: X[0-11], Y[0-2])
  - 拖拽偏移: (0.0, 0.0)
  - 目标中心: (736.532, 87.81415)
  - 当前卡牌位置: (679.4364, -20.39544)
[2026-04-20 09:46:16] [DEBUG] 卡牌左上角计算: 大小=(125.0001, 175.0), 缩放=(1.223647, 1.223647), 左上角=(660.0541, -19.255)
[2026-04-20 09:46:16] [DEBUG] 放置验证通过: shape_coords=[(0, 0)], origin=(2, 1), 所有坐标在网格范围内且无碰撞
[2026-04-20 09:46:16] [DEBUG] 更新网格预览: 形状=[(0, 0)], 原点=(2, 1), 有效=true, 全部在边界内=true, 敌人重叠=false
[2026-04-20 09:46:16] [DEBUG] 时间轴悬停调试: 
  - 鼠标位置: (736.532, 87.81415)
  - 网格背景本地鼠标位置: (102.0214, 58.54277) (已自动剔除缩放变换)
  - 格子大小: 42.0 (ui_slot_size=40.0, ui_spacing=2.0)
  - 网格坐标: (2, 1)
  - 网格边界检查: true (范围: X[0-11], Y[0-2])
  - 拖拽偏移: (0.0, 0.0)
  - 目标中心: (736.532, 87.81415)
  - 当前卡牌位置: (660.0541, -19.255)
[2026-04-20 09:46:16] [DEBUG] 卡牌左上角计算: 大小=(125.0001, 175.0), 缩放=(1.223647, 1.223647), 左上角=(660.0541, -19.255)
[2026-04-20 09:46:16] [DEBUG] 放置验证通过: shape_coords=[(0, 0)], origin=(2, 1), 所有坐标在网格范围内且无碰撞
[2026-04-20 09:46:16] [DEBUG] 更新网格预览: 形状=[(0, 0)], 原点=(2, 1), 有效=true, 全部在边界内=true, 敌人重叠=false
[2026-04-20 09:46:16] [DEBUG] 时间轴悬停调试: 
  - 鼠标位置: (722.8503, 88.95459)
  - 网格背景本地鼠标位置: (92.90021, 59.30306) (已自动剔除缩放变换)
  - 格子大小: 42.0 (ui_slot_size=40.0, ui_spacing=2.0)
  - 网格坐标: (2, 1)
  - 网格边界检查: true (范围: X[0-11], Y[0-2])
  - 拖拽偏移: (0.0, 0.0)
  - 目标中心: (722.8503, 88.95459)
  - 当前卡牌位置: (660.0541, -19.255)
[2026-04-20 09:46:16] [DEBUG] 卡牌左上角计算: 大小=(125.0001, 175.0), 缩放=(1.223647, 1.223647), 左上角=(646.3723, -18.11456)
[2026-04-20 09:46:16] [DEBUG] 放置验证通过: shape_coords=[(0, 0)], origin=(2, 1), 所有坐标在网格范围内且无碰撞
[2026-04-20 09:46:16] [DEBUG] 更新网格预览: 形状=[(0, 0)], 原点=(2, 1), 有效=true, 全部在边界内=true, 敌人重叠=false
[2026-04-20 09:46:16] [DEBUG] 时间轴悬停调试: 
  - 鼠标位置: (708.0284, 88.95459)
  - 网格背景本地鼠标位置: (83.01898, 59.30306) (已自动剔除缩放变换)
  - 格子大小: 42.0 (ui_slot_size=40.0, ui_spacing=2.0)
  - 网格坐标: (1, 1)
  - 网格边界检查: true (范围: X[0-11], Y[0-2])
  - 拖拽偏移: (0.0, 0.0)
  - 目标中心: (708.0284, 88.95459)
  - 当前卡牌位置: (646.3723, -18.11456)
[2026-04-20 09:46:16] [DEBUG] 卡牌左上角计算: 大小=(125.0001, 175.0), 缩放=(1.223647, 1.223647), 左上角=(631.5505, -18.11456)
[2026-04-20 09:46:16] [DEBUG] 放置验证通过: shape_coords=[(0, 0)], origin=(1, 1), 所有坐标在网格范围内且无碰撞
[2026-04-20 09:46:16] [DEBUG] 更新预览位置: (1, 1), 有效: true
[2026-04-20 09:46:16] [DEBUG] 设置预览容器位置: (583.5, 0.0)
[2026-04-20 09:46:16] [DEBUG] 设置预览方块位置: 方块索引=0, 网格坐标=(1, 1), 像素位置=(42.0, 42.0)
[2026-04-20 09:46:16] [DEBUG] 更新网格预览: 形状=[(0, 0)], 原点=(1, 1), 有效=true, 全部在边界内=true, 敌人重叠=false
[2026-04-20 09:46:16] [DEBUG] 时间轴悬停调试: 
  - 鼠标位置: (705.7482, 88.95459)
  - 网格背景本地鼠标位置: (81.49878, 59.30306) (已自动剔除缩放变换)
  - 格子大小: 42.0 (ui_slot_size=40.0, ui_spacing=2.0)
  - 网格坐标: (1, 1)
  - 网格边界检查: true (范围: X[0-11], Y[0-2])
  - 拖拽偏移: (0.0, 0.0)
  - 目标中心: (705.7482, 88.95459)
  - 当前卡牌位置: (631.5504, -18.11456)
[2026-04-20 09:46:16] [DEBUG] 卡牌左上角计算: 大小=(125.0001, 175.0), 缩放=(1.223647, 1.223647), 左上角=(629.2702, -18.11456)
[2026-04-20 09:46:16] [DEBUG] 放置验证通过: shape_coords=[(0, 0)], origin=(1, 1), 所有坐标在网格范围内且无碰撞
[2026-04-20 09:46:16] [DEBUG] 更新网格预览: 形状=[(0, 0)], 原点=(1, 1), 有效=true, 全部在边界内=true, 敌人重叠=false
[2026-04-20 09:46:16] [DEBUG] 时间轴悬停调试: 
  - 鼠标位置: (705.7482, 88.95459)
  - 网格背景本地鼠标位置: (81.49878, 59.30306) (已自动剔除缩放变换)
  - 格子大小: 42.0 (ui_slot_size=40.0, ui_spacing=2.0)
  - 网格坐标: (1, 1)
  - 网格边界检查: true (范围: X[0-11], Y[0-2])
  - 拖拽偏移: (0.0, 0.0)
  - 目标中心: (705.7482, 88.95459)
  - 当前卡牌位置: (629.2701, -18.11456)
[2026-04-20 09:46:16] [DEBUG] 卡牌左上角计算: 大小=(125.0001, 175.0), 缩放=(1.223647, 1.223647), 左上角=(629.2702, -18.11456)
[2026-04-20 09:46:16] [DEBUG] 放置验证通过: shape_coords=[(0, 0)], origin=(1, 1), 所有坐标在网格范围内且无碰撞
[2026-04-20 09:46:16] [DEBUG] 更新网格预览: 形状=[(0, 0)], 原点=(1, 1), 有效=true, 全部在边界内=true, 敌人重叠=false
[2026-04-20 09:46:16] [DEBUG] 时间轴悬停调试: 
  - 鼠标位置: (703.4679, 88.95459)
  - 网格背景本地鼠标位置: (79.97861, 59.30306) (已自动剔除缩放变换)
  - 格子大小: 42.0 (ui_slot_size=40.0, ui_spacing=2.0)
  - 网格坐标: (1, 1)
  - 网格边界检查: true (范围: X[0-11], Y[0-2])
  - 拖拽偏移: (0.0, 0.0)
  - 目标中心: (703.4679, 88.95459)
  - 当前卡牌位置: (629.2701, -18.11456)
[2026-04-20 09:46:16] [DEBUG] 卡牌左上角计算: 大小=(125.0001, 175.0), 缩放=(1.223647, 1.223647), 左上角=(626.9899, -18.11456)
[2026-04-20 09:46:16] [DEBUG] 放置验证通过: shape_coords=[(0, 0)], origin=(1, 1), 所有坐标在网格范围内且无碰撞
[2026-04-20 09:46:16] [DEBUG] 更新网格预览: 形状=[(0, 0)], 原点=(1, 1), 有效=true, 全部在边界内=true, 敌人重叠=false
[2026-04-20 09:46:16] [DEBUG] 时间轴悬停调试: 
  - 鼠标位置: (703.4679, 88.95459)
  - 网格背景本地鼠标位置: (79.97861, 59.30306) (已自动剔除缩放变换)
  - 格子大小: 42.0 (ui_slot_size=40.0, ui_spacing=2.0)
  - 网格坐标: (1, 1)
  - 网格边界检查: true (范围: X[0-11], Y[0-2])
  - 拖拽偏移: (0.0, 0.0)
  - 目标中心: (703.4679, 88.95459)
  - 当前卡牌位置: (626.9899, -18.11456)
[2026-04-20 09:46:16] [DEBUG] 卡牌左上角计算: 大小=(125.0001, 175.0), 缩放=(1.223647, 1.223647), 左上角=(626.9899, -18.11456)
[2026-04-20 09:46:16] [DEBUG] 放置验证通过: shape_coords=[(0, 0)], origin=(1, 1), 所有坐标在网格范围内且无碰撞
[2026-04-20 09:46:16] [DEBUG] 更新网格预览: 形状=[(0, 0)], 原点=(1, 1), 有效=true, 全部在边界内=true, 敌人重叠=false
[2026-04-20 09:46:16] [DEBUG] 时间轴悬停调试: 
  - 鼠标位置: (703.4679, 88.95459)
  - 网格背景本地鼠标位置: (79.97861, 59.30306) (已自动剔除缩放变换)
  - 格子大小: 42.0 (ui_slot_size=40.0, ui_spacing=2.0)
  - 网格坐标: (1, 1)
  - 网格边界检查: true (范围: X[0-11], Y[0-2])
  - 拖拽偏移: (0.0, 0.0)
  - 目标中心: (703.4679, 88.95459)
  - 当前卡牌位置: (626.9899, -18.11456)
[2026-04-20 09:46:16] [DEBUG] 卡牌左上角计算: 大小=(125.0001, 175.0), 缩放=(1.223647, 1.223647), 左上角=(626.9899, -18.11456)
[2026-04-20 09:46:16] [DEBUG] 放置验证通过: shape_coords=[(0, 0)], origin=(1, 1), 所有坐标在网格范围内且无碰撞
[2026-04-20 09:46:16] [DEBUG] 更新网格预览: 形状=[(0, 0)], 原点=(1, 1), 有效=true, 全部在边界内=true, 敌人重叠=false
[2026-04-20 09:46:16] [DEBUG] 时间轴悬停调试: 
  - 鼠标位置: (702.3278, 88.95459)
  - 网格背景本地鼠标位置: (79.21851, 59.30306) (已自动剔除缩放变换)
  - 格子大小: 42.0 (ui_slot_size=40.0, ui_spacing=2.0)
  - 网格坐标: (1, 1)
  - 网格边界检查: true (范围: X[0-11], Y[0-2])
  - 拖拽偏移: (0.0, 0.0)
  - 目标中心: (702.3278, 88.95459)
  - 当前卡牌位置: (626.9899, -18.11456)
[2026-04-20 09:46:16] [DEBUG] 卡牌左上角计算: 大小=(125.0001, 175.0), 缩放=(1.223647, 1.223647), 左上角=(625.8498, -18.11456)
[2026-04-20 09:46:16] [DEBUG] 放置验证通过: shape_coords=[(0, 0)], origin=(1, 1), 所有坐标在网格范围内且无碰撞
[2026-04-20 09:46:16] [DEBUG] 更新网格预览: 形状=[(0, 0)], 原点=(1, 1), 有效=true, 全部在边界内=true, 敌人重叠=false
[2026-04-20 09:46:16] [DEBUG] 时间轴悬停调试: 
  - 鼠标位置: (702.3278, 88.95459)
  - 网格背景本地鼠标位置: (79.21851, 59.30306) (已自动剔除缩放变换)
  - 格子大小: 42.0 (ui_slot_size=40.0, ui_spacing=2.0)
  - 网格坐标: (1, 1)
  - 网格边界检查: true (范围: X[0-11], Y[0-2])
  - 拖拽偏移: (0.0, 0.0)
  - 目标中心: (702.3278, 88.95459)
  - 当前卡牌位置: (625.8497, -18.11456)
[2026-04-20 09:46:16] [DEBUG] 卡牌左上角计算: 大小=(125.0001, 175.0), 缩放=(1.223647, 1.223647), 左上角=(625.8498, -18.11456)
[2026-04-20 09:46:16] [DEBUG] 放置验证通过: shape_coords=[(0, 0)], origin=(1, 1), 所有坐标在网格范围内且无碰撞
[2026-04-20 09:46:16] [DEBUG] 更新网格预览: 形状=[(0, 0)], 原点=(1, 1), 有效=true, 全部在边界内=true, 敌人重叠=false
[2026-04-20 09:46:16] [DEBUG] 时间轴悬停调试: 
  - 鼠标位置: (702.3278, 88.95459)
  - 网格背景本地鼠标位置: (79.21851, 59.30306) (已自动剔除缩放变换)
  - 格子大小: 42.0 (ui_slot_size=40.0, ui_spacing=2.0)
  - 网格坐标: (1, 1)
  - 网格边界检查: true (范围: X[0-11], Y[0-2])
  - 拖拽偏移: (0.0, 0.0)
  - 目标中心: (702.3278, 88.95459)
  - 当前卡牌位置: (625.8497, -18.11456)
[2026-04-20 09:46:16] [DEBUG] 卡牌左上角计算: 大小=(125.0001, 175.0), 缩放=(1.223647, 1.223647), 左上角=(625.8498, -18.11456)
[2026-04-20 09:46:16] [DEBUG] 放置验证通过: shape_coords=[(0, 0)], origin=(1, 1), 所有坐标在网格范围内且无碰撞
[2026-04-20 09:46:16] [DEBUG] 更新网格预览: 形状=[(0, 0)], 原点=(1, 1), 有效=true, 全部在边界内=true, 敌人重叠=false
[2026-04-20 09:46:16] [DEBUG] 时间轴悬停调试: 
  - 鼠标位置: (701.1876, 88.95459)
  - 网格背景本地鼠标位置: (78.45844, 59.30306) (已自动剔除缩放变换)
  - 格子大小: 42.0 (ui_slot_size=40.0, ui_spacing=2.0)
  - 网格坐标: (1, 1)
  - 网格边界检查: true (范围: X[0-11], Y[0-2])
  - 拖拽偏移: (0.0, 0.0)
  - 目标中心: (701.1876, 88.95459)
  - 当前卡牌位置: (625.8497, -18.11456)
[2026-04-20 09:46:16] [DEBUG] 卡牌左上角计算: 大小=(125.0001, 175.0), 缩放=(1.223647, 1.223647), 左上角=(624.7097, -18.11456)
[2026-04-20 09:46:16] [DEBUG] 放置验证通过: shape_coords=[(0, 0)], origin=(1, 1), 所有坐标在网格范围内且无碰撞
[2026-04-20 09:46:16] [DEBUG] 更新网格预览: 形状=[(0, 0)], 原点=(1, 1), 有效=true, 全部在边界内=true, 敌人重叠=false
[2026-04-20 09:46:16] [DEBUG] 时间轴悬停调试: 
  - 鼠标位置: (700.0475, 88.95459)
  - 网格背景本地鼠标位置: (77.69833, 59.30306) (已自动剔除缩放变换)
  - 格子大小: 42.0 (ui_slot_size=40.0, ui_spacing=2.0)
  - 网格坐标: (1, 1)
  - 网格边界检查: true (范围: X[0-11], Y[0-2])
  - 拖拽偏移: (0.0, 0.0)
  - 目标中心: (700.0475, 88.95459)
  - 当前卡牌位置: (624.7096, -18.11456)
[2026-04-20 09:46:16] [DEBUG] 卡牌左上角计算: 大小=(125.0001, 175.0), 缩放=(1.223647, 1.223647), 左上角=(623.5695, -18.11456)
[2026-04-20 09:46:16] [DEBUG] 放置验证通过: shape_coords=[(0, 0)], origin=(1, 1), 所有坐标在网格范围内且无碰撞
[2026-04-20 09:46:16] [DEBUG] 更新网格预览: 形状=[(0, 0)], 原点=(1, 1), 有效=true, 全部在边界内=true, 敌人重叠=false
[2026-04-20 09:46:16] [DEBUG] 时间轴悬停调试: 
  - 鼠标位置: (700.0475, 88.95459)
  - 网格背景本地鼠标位置: (77.69833, 59.30306) (已自动剔除缩放变换)
  - 格子大小: 42.0 (ui_slot_size=40.0, ui_spacing=2.0)
  - 网格坐标: (1, 1)
  - 网格边界检查: true (范围: X[0-11], Y[0-2])
  - 拖拽偏移: (0.0, 0.0)
  - 目标中心: (700.0475, 88.95459)
  - 当前卡牌位置: (623.5695, -18.11456)
[2026-04-20 09:46:16] [DEBUG] 卡牌左上角计算: 大小=(125.0001, 175.0), 缩放=(1.223647, 1.223647), 左上角=(623.5695, -18.11456)
[2026-04-20 09:46:16] [DEBUG] 放置验证通过: shape_coords=[(0, 0)], origin=(1, 1), 所有坐标在网格范围内且无碰撞
[2026-04-20 09:46:16] [DEBUG] 更新网格预览: 形状=[(0, 0)], 原点=(1, 1), 有效=true, 全部在边界内=true, 敌人重叠=false
[2026-04-20 09:46:16] [DEBUG] 时间轴悬停调试: 
  - 鼠标位置: (700.0475, 88.95459)
  - 网格背景本地鼠标位置: (77.69833, 59.30306) (已自动剔除缩放变换)
  - 格子大小: 42.0 (ui_slot_size=40.0, ui_spacing=2.0)
  - 网格坐标: (1, 1)
  - 网格边界检查: true (范围: X[0-11], Y[0-2])
  - 拖拽偏移: (0.0, 0.0)
  - 目标中心: (700.0475, 88.95459)
  - 当前卡牌位置: (623.5695, -18.11456)
[2026-04-20 09:46:16] [DEBUG] 卡牌左上角计算: 大小=(125.0001, 175.0), 缩放=(1.223647, 1.223647), 左上角=(623.5695, -18.11456)
[2026-04-20 09:46:16] [DEBUG] 放置验证通过: shape_coords=[(0, 0)], origin=(1, 1), 所有坐标在网格范围内且无碰撞
[2026-04-20 09:46:16] [DEBUG] 更新网格预览: 形状=[(0, 0)], 原点=(1, 1), 有效=true, 全部在边界内=true, 敌人重叠=false
[2026-04-20 09:46:16] [DEBUG] 时间轴悬停调试: 
  - 鼠标位置: (700.0475, 88.95459)
  - 网格背景本地鼠标位置: (77.69833, 59.30306) (已自动剔除缩放变换)
  - 格子大小: 42.0 (ui_slot_size=40.0, ui_spacing=2.0)
  - 网格坐标: (1, 1)
  - 网格边界检查: true (范围: X[0-11], Y[0-2])
  - 拖拽偏移: (0.0, 0.0)
  - 目标中心: (700.0475, 88.95459)
  - 当前卡牌位置: (623.5695, -18.11456)
[2026-04-20 09:46:16] [DEBUG] 卡牌左上角计算: 大小=(125.0001, 175.0), 缩放=(1.223647, 1.223647), 左上角=(623.5695, -18.11456)
[2026-04-20 09:46:16] [DEBUG] 放置验证通过: shape_coords=[(0, 0)], origin=(1, 1), 所有坐标在网格范围内且无碰撞
[2026-04-20 09:46:16] [DEBUG] 更新网格预览: 形状=[(0, 0)], 原点=(1, 1), 有效=true, 全部在边界内=true, 敌人重叠=false
[2026-04-20 09:46:16] [DEBUG] 时间轴悬停调试: 
  - 鼠标位置: (700.0475, 88.95459)
  - 网格背景本地鼠标位置: (77.69833, 59.30306) (已自动剔除缩放变换)
  - 格子大小: 42.0 (ui_slot_size=40.0, ui_spacing=2.0)
  - 网格坐标: (1, 1)
  - 网格边界检查: true (范围: X[0-11], Y[0-2])
  - 拖拽偏移: (0.0, 0.0)
  - 目标中心: (700.0475, 88.95459)
  - 当前卡牌位置: (623.5695, -18.11456)
[2026-04-20 09:46:16] [DEBUG] 卡牌左上角计算: 大小=(125.0001, 175.0), 缩放=(1.223647, 1.223647), 左上角=(623.5695, -18.11456)
[2026-04-20 09:46:16] [DEBUG] 放置验证通过: shape_coords=[(0, 0)], origin=(1, 1), 所有坐标在网格范围内且无碰撞
[2026-04-20 09:46:16] [DEBUG] 更新网格预览: 形状=[(0, 0)], 原点=(1, 1), 有效=true, 全部在边界内=true, 敌人重叠=false
[2026-04-20 09:46:16] [DEBUG] 时间轴悬停调试: 
  - 鼠标位置: (700.0475, 88.95459)
  - 网格背景本地鼠标位置: (77.69833, 59.30306) (已自动剔除缩放变换)
  - 格子大小: 42.0 (ui_slot_size=40.0, ui_spacing=2.0)
  - 网格坐标: (1, 1)
  - 网格边界检查: true (范围: X[0-11], Y[0-2])
  - 拖拽偏移: (0.0, 0.0)
  - 目标中心: (700.0475, 88.95459)
  - 当前卡牌位置: (623.5695, -18.11456)
[2026-04-20 09:46:16] [DEBUG] 卡牌左上角计算: 大小=(125.0001, 175.0), 缩放=(1.223647, 1.223647), 左上角=(623.5695, -18.11456)
[2026-04-20 09:46:16] [DEBUG] 放置验证通过: shape_coords=[(0, 0)], origin=(1, 1), 所有坐标在网格范围内且无碰撞
[2026-04-20 09:46:16] [DEBUG] 更新网格预览: 形状=[(0, 0)], 原点=(1, 1), 有效=true, 全部在边界内=true, 敌人重叠=false
[2026-04-20 09:46:16] [DEBUG] 时间轴悬停调试: 
  - 鼠标位置: (700.0475, 88.95459)
  - 网格背景本地鼠标位置: (77.69833, 59.30306) (已自动剔除缩放变换)
  - 格子大小: 42.0 (ui_slot_size=40.0, ui_spacing=2.0)
  - 网格坐标: (1, 1)
  - 网格边界检查: true (范围: X[0-11], Y[0-2])
  - 拖拽偏移: (0.0, 0.0)
  - 目标中心: (700.0475, 88.95459)
  - 当前卡牌位置: (623.5695, -18.11456)
[2026-04-20 09:46:16] [DEBUG] 卡牌左上角计算: 大小=(125.0001, 175.0), 缩放=(1.223647, 1.223647), 左上角=(623.5695, -18.11456)
[2026-04-20 09:46:16] [DEBUG] 放置验证通过: shape_coords=[(0, 0)], origin=(1, 1), 所有坐标在网格范围内且无碰撞
[2026-04-20 09:46:16] [DEBUG] 更新网格预览: 形状=[(0, 0)], 原点=(1, 1), 有效=true, 全部在边界内=true, 敌人重叠=false
[2026-04-20 09:46:16] [DEBUG] 时间轴悬停调试: 
  - 鼠标位置: (700.0475, 88.95459)
  - 网格背景本地鼠标位置: (77.69833, 59.30306) (已自动剔除缩放变换)
  - 格子大小: 42.0 (ui_slot_size=40.0, ui_spacing=2.0)
  - 网格坐标: (1, 1)
  - 网格边界检查: true (范围: X[0-11], Y[0-2])
  - 拖拽偏移: (0.0, 0.0)
  - 目标中心: (700.0475, 88.95459)
  - 当前卡牌位置: (623.5695, -18.11456)
[2026-04-20 09:46:16] [DEBUG] 卡牌左上角计算: 大小=(125.0001, 175.0), 缩放=(1.223647, 1.223647), 左上角=(623.5695, -18.11456)
[2026-04-20 09:46:16] [DEBUG] 放置验证通过: shape_coords=[(0, 0)], origin=(1, 1), 所有坐标在网格范围内且无碰撞
[2026-04-20 09:46:16] [DEBUG] 更新网格预览: 形状=[(0, 0)], 原点=(1, 1), 有效=true, 全部在边界内=true, 敌人重叠=false
[2026-04-20 09:46:16] [DEBUG] 时间轴悬停调试: 
  - 鼠标位置: (700.0475, 88.95459)
  - 网格背景本地鼠标位置: (77.69833, 59.30306) (已自动剔除缩放变换)
  - 格子大小: 42.0 (ui_slot_size=40.0, ui_spacing=2.0)
  - 网格坐标: (1, 1)
  - 网格边界检查: true (范围: X[0-11], Y[0-2])
  - 拖拽偏移: (0.0, 0.0)
  - 目标中心: (700.0475, 88.95459)
  - 当前卡牌位置: (623.5695, -18.11456)
[2026-04-20 09:46:16] [DEBUG] 卡牌左上角计算: 大小=(125.0001, 175.0), 缩放=(1.223647, 1.223647), 左上角=(623.5695, -18.11456)
[2026-04-20 09:46:16] [DEBUG] 放置验证通过: shape_coords=[(0, 0)], origin=(1, 1), 所有坐标在网格范围内且无碰撞
[2026-04-20 09:46:16] [DEBUG] 更新网格预览: 形状=[(0, 0)], 原点=(1, 1), 有效=true, 全部在边界内=true, 敌人重叠=false
[2026-04-20 09:46:16] [DEBUG] 时间轴悬停调试: 
  - 鼠标位置: (700.0475, 88.95459)
  - 网格背景本地鼠标位置: (77.69833, 59.30306) (已自动剔除缩放变换)
  - 格子大小: 42.0 (ui_slot_size=40.0, ui_spacing=2.0)
  - 网格坐标: (1, 1)
  - 网格边界检查: true (范围: X[0-11], Y[0-2])
  - 拖拽偏移: (0.0, 0.0)
  - 目标中心: (700.0475, 88.95459)
  - 当前卡牌位置: (623.5695, -18.11456)
[2026-04-20 09:46:16] [DEBUG] 卡牌左上角计算: 大小=(125.0001, 175.0), 缩放=(1.223647, 1.223647), 左上角=(623.5695, -18.11456)
[2026-04-20 09:46:16] [DEBUG] 放置验证通过: shape_coords=[(0, 0)], origin=(1, 1), 所有坐标在网格范围内且无碰撞
[2026-04-20 09:46:16] [DEBUG] 更新网格预览: 形状=[(0, 0)], 原点=(1, 1), 有效=true, 全部在边界内=true, 敌人重叠=false
[2026-04-20 09:46:16] [DEBUG] 时间轴悬停调试: 
  - 鼠标位置: (700.0475, 88.95459)
  - 网格背景本地鼠标位置: (77.69833, 59.30306) (已自动剔除缩放变换)
  - 格子大小: 42.0 (ui_slot_size=40.0, ui_spacing=2.0)
  - 网格坐标: (1, 1)
  - 网格边界检查: true (范围: X[0-11], Y[0-2])
  - 拖拽偏移: (0.0, 0.0)
  - 目标中心: (700.0475, 88.95459)
  - 当前卡牌位置: (623.5695, -18.11456)
[2026-04-20 09:46:16] [DEBUG] 卡牌左上角计算: 大小=(125.0001, 175.0), 缩放=(1.223647, 1.223647), 左上角=(623.5695, -18.11456)
[2026-04-20 09:46:16] [DEBUG] 放置验证通过: shape_coords=[(0, 0)], origin=(1, 1), 所有坐标在网格范围内且无碰撞
[2026-04-20 09:46:16] [DEBUG] 更新网格预览: 形状=[(0, 0)], 原点=(1, 1), 有效=true, 全部在边界内=true, 敌人重叠=false
[2026-04-20 09:46:16] [DEBUG] 时间轴悬停调试: 
  - 鼠标位置: (700.0475, 88.95459)
  - 网格背景本地鼠标位置: (77.69833, 59.30306) (已自动剔除缩放变换)
  - 格子大小: 42.0 (ui_slot_size=40.0, ui_spacing=2.0)
  - 网格坐标: (1, 1)
  - 网格边界检查: true (范围: X[0-11], Y[0-2])
  - 拖拽偏移: (0.0, 0.0)
  - 目标中心: (700.0475, 88.95459)
  - 当前卡牌位置: (623.5695, -18.11456)
[2026-04-20 09:46:16] [DEBUG] 卡牌左上角计算: 大小=(125.0001, 175.0), 缩放=(1.223647, 1.223647), 左上角=(623.5695, -18.11456)
[2026-04-20 09:46:16] [DEBUG] 放置验证通过: shape_coords=[(0, 0)], origin=(1, 1), 所有坐标在网格范围内且无碰撞
[2026-04-20 09:46:16] [DEBUG] 更新网格预览: 形状=[(0, 0)], 原点=(1, 1), 有效=true, 全部在边界内=true, 敌人重叠=false
[2026-04-20 09:46:16] [DEBUG] 时间轴悬停调试: 
  - 鼠标位置: (700.0475, 88.95459)
  - 网格背景本地鼠标位置: (77.69833, 59.30306) (已自动剔除缩放变换)
  - 格子大小: 42.0 (ui_slot_size=40.0, ui_spacing=2.0)
  - 网格坐标: (1, 1)
  - 网格边界检查: true (范围: X[0-11], Y[0-2])
  - 拖拽偏移: (0.0, 0.0)
  - 目标中心: (700.0475, 88.95459)
  - 当前卡牌位置: (623.5695, -18.11456)
[2026-04-20 09:46:16] [DEBUG] 卡牌左上角计算: 大小=(125.0001, 175.0), 缩放=(1.223647, 1.223647), 左上角=(623.5695, -18.11456)
[2026-04-20 09:46:16] [DEBUG] 放置验证通过: shape_coords=[(0, 0)], origin=(1, 1), 所有坐标在网格范围内且无碰撞
[2026-04-20 09:46:16] [DEBUG] 更新网格预览: 形状=[(0, 0)], 原点=(1, 1), 有效=true, 全部在边界内=true, 敌人重叠=false
[2026-04-20 09:46:16] [DEBUG] 时间轴悬停调试: 
  - 鼠标位置: (700.0475, 88.95459)
  - 网格背景本地鼠标位置: (77.69833, 59.30306) (已自动剔除缩放变换)
  - 格子大小: 42.0 (ui_slot_size=40.0, ui_spacing=2.0)
  - 网格坐标: (1, 1)
  - 网格边界检查: true (范围: X[0-11], Y[0-2])
  - 拖拽偏移: (0.0, 0.0)
  - 目标中心: (700.0475, 88.95459)
  - 当前卡牌位置: (623.5695, -18.11456)
[2026-04-20 09:46:16] [DEBUG] 卡牌左上角计算: 大小=(125.0001, 175.0), 缩放=(1.223647, 1.223647), 左上角=(623.5695, -18.11456)
[2026-04-20 09:46:16] [DEBUG] 放置验证通过: shape_coords=[(0, 0)], origin=(1, 1), 所有坐标在网格范围内且无碰撞
[2026-04-20 09:46:16] [DEBUG] 更新网格预览: 形状=[(0, 0)], 原点=(1, 1), 有效=true, 全部在边界内=true, 敌人重叠=false
[2026-04-20 09:46:16] [DEBUG] 时间轴悬停调试: 
  - 鼠标位置: (700.0475, 88.95459)
  - 网格背景本地鼠标位置: (77.69833, 59.30306) (已自动剔除缩放变换)
  - 格子大小: 42.0 (ui_slot_size=40.0, ui_spacing=2.0)
  - 网格坐标: (1, 1)
  - 网格边界检查: true (范围: X[0-11], Y[0-2])
  - 拖拽偏移: (0.0, 0.0)
  - 目标中心: (700.0475, 88.95459)
  - 当前卡牌位置: (623.5695, -18.11456)
[2026-04-20 09:46:16] [DEBUG] 卡牌左上角计算: 大小=(125.0001, 175.0), 缩放=(1.223647, 1.223647), 左上角=(623.5695, -18.11456)
[2026-04-20 09:46:16] [DEBUG] 放置验证通过: shape_coords=[(0, 0)], origin=(1, 1), 所有坐标在网格范围内且无碰撞
[2026-04-20 09:46:16] [DEBUG] 更新网格预览: 形状=[(0, 0)], 原点=(1, 1), 有效=true, 全部在边界内=true, 敌人重叠=false
[2026-04-20 09:46:16] [DEBUG] 时间轴悬停调试: 
  - 鼠标位置: (700.0475, 88.95459)
  - 网格背景本地鼠标位置: (77.69833, 59.30306) (已自动剔除缩放变换)
  - 格子大小: 42.0 (ui_slot_size=40.0, ui_spacing=2.0)
  - 网格坐标: (1, 1)
  - 网格边界检查: true (范围: X[0-11], Y[0-2])
  - 拖拽偏移: (0.0, 0.0)
  - 目标中心: (700.0475, 88.95459)
  - 当前卡牌位置: (623.5695, -18.11456)
[2026-04-20 09:46:16] [DEBUG] 卡牌左上角计算: 大小=(125.0001, 175.0), 缩放=(1.223647, 1.223647), 左上角=(623.5695, -18.11456)
[2026-04-20 09:46:16] [DEBUG] 放置验证通过: shape_coords=[(0, 0)], origin=(1, 1), 所有坐标在网格范围内且无碰撞
[2026-04-20 09:46:16] [DEBUG] 更新网格预览: 形状=[(0, 0)], 原点=(1, 1), 有效=true, 全部在边界内=true, 敌人重叠=false
[2026-04-20 09:46:16] [DEBUG] 时间轴悬停调试: 
  - 鼠标位置: (700.0475, 88.95459)
  - 网格背景本地鼠标位置: (77.69833, 59.30306) (已自动剔除缩放变换)
  - 格子大小: 42.0 (ui_slot_size=40.0, ui_spacing=2.0)
  - 网格坐标: (1, 1)
  - 网格边界检查: true (范围: X[0-11], Y[0-2])
  - 拖拽偏移: (0.0, 0.0)
  - 目标中心: (700.0475, 88.95459)
  - 当前卡牌位置: (623.5695, -18.11456)
[2026-04-20 09:46:16] [DEBUG] 卡牌左上角计算: 大小=(125.0001, 175.0), 缩放=(1.223647, 1.223647), 左上角=(623.5695, -18.11456)
[2026-04-20 09:46:16] [DEBUG] 放置验证通过: shape_coords=[(0, 0)], origin=(1, 1), 所有坐标在网格范围内且无碰撞
[2026-04-20 09:46:16] [DEBUG] 更新网格预览: 形状=[(0, 0)], 原点=(1, 1), 有效=true, 全部在边界内=true, 敌人重叠=false
[2026-04-20 09:46:16] [DEBUG] 时间轴悬停调试: 
  - 鼠标位置: (700.0475, 88.95459)
  - 网格背景本地鼠标位置: (77.69833, 59.30306) (已自动剔除缩放变换)
  - 格子大小: 42.0 (ui_slot_size=40.0, ui_spacing=2.0)
  - 网格坐标: (1, 1)
  - 网格边界检查: true (范围: X[0-11], Y[0-2])
  - 拖拽偏移: (0.0, 0.0)
  - 目标中心: (700.0475, 88.95459)
  - 当前卡牌位置: (623.5695, -18.11456)
[2026-04-20 09:46:16] [DEBUG] 卡牌左上角计算: 大小=(125.0001, 175.0), 缩放=(1.223647, 1.223647), 左上角=(623.5695, -18.11456)
[2026-04-20 09:46:16] [DEBUG] 放置验证通过: shape_coords=[(0, 0)], origin=(1, 1), 所有坐标在网格范围内且无碰撞
[2026-04-20 09:46:16] [DEBUG] 更新网格预览: 形状=[(0, 0)], 原点=(1, 1), 有效=true, 全部在边界内=true, 敌人重叠=false
[2026-04-20 09:46:16] [DEBUG] 时间轴悬停调试: 
  - 鼠标位置: (700.0475, 88.95459)
  - 网格背景本地鼠标位置: (77.69833, 59.30306) (已自动剔除缩放变换)
  - 格子大小: 42.0 (ui_slot_size=40.0, ui_spacing=2.0)
  - 网格坐标: (1, 1)
  - 网格边界检查: true (范围: X[0-11], Y[0-2])
  - 拖拽偏移: (0.0, 0.0)
  - 目标中心: (700.0475, 88.95459)
  - 当前卡牌位置: (623.5695, -18.11456)
[2026-04-20 09:46:16] [DEBUG] 卡牌左上角计算: 大小=(125.0001, 175.0), 缩放=(1.223647, 1.223647), 左上角=(623.5695, -18.11456)
[2026-04-20 09:46:16] [DEBUG] 放置验证通过: shape_coords=[(0, 0)], origin=(1, 1), 所有坐标在网格范围内且无碰撞
[2026-04-20 09:46:16] [DEBUG] 更新网格预览: 形状=[(0, 0)], 原点=(1, 1), 有效=true, 全部在边界内=true, 敌人重叠=false
[2026-04-20 09:46:16] [DEBUG] 时间轴悬停调试: 
  - 鼠标位置: (701.1876, 88.95459)
  - 网格背景本地鼠标位置: (78.45844, 59.30306) (已自动剔除缩放变换)
  - 格子大小: 42.0 (ui_slot_size=40.0, ui_spacing=2.0)
  - 网格坐标: (1, 1)
  - 网格边界检查: true (范围: X[0-11], Y[0-2])
  - 拖拽偏移: (0.0, 0.0)
  - 目标中心: (701.1876, 88.95459)
  - 当前卡牌位置: (623.5695, -18.11456)
[2026-04-20 09:46:16] [DEBUG] 卡牌左上角计算: 大小=(125.0001, 175.0), 缩放=(1.223647, 1.223647), 左上角=(624.7097, -18.11456)
[2026-04-20 09:46:16] [DEBUG] 放置验证通过: shape_coords=[(0, 0)], origin=(1, 1), 所有坐标在网格范围内且无碰撞
[2026-04-20 09:46:16] [DEBUG] 更新网格预览: 形状=[(0, 0)], 原点=(1, 1), 有效=true, 全部在边界内=true, 敌人重叠=false
[2026-04-20 09:46:16] [DEBUG] 时间轴悬停调试: 
  - 鼠标位置: (701.1876, 88.95459)
  - 网格背景本地鼠标位置: (78.45844, 59.30306) (已自动剔除缩放变换)
  - 格子大小: 42.0 (ui_slot_size=40.0, ui_spacing=2.0)
  - 网格坐标: (1, 1)
  - 网格边界检查: true (范围: X[0-11], Y[0-2])
  - 拖拽偏移: (0.0, 0.0)
  - 目标中心: (701.1876, 88.95459)
  - 当前卡牌位置: (624.7096, -18.11456)
[2026-04-20 09:46:16] [DEBUG] 卡牌左上角计算: 大小=(125.0001, 175.0), 缩放=(1.223647, 1.223647), 左上角=(624.7097, -18.11456)
[2026-04-20 09:46:16] [DEBUG] 放置验证通过: shape_coords=[(0, 0)], origin=(1, 1), 所有坐标在网格范围内且无碰撞
[2026-04-20 09:46:16] [DEBUG] 更新网格预览: 形状=[(0, 0)], 原点=(1, 1), 有效=true, 全部在边界内=true, 敌人重叠=false
[2026-04-20 09:46:16] [DEBUG] 时间轴悬停调试: 
  - 鼠标位置: (704.608, 88.95459)
  - 网格背景本地鼠标位置: (80.73871, 59.30306) (已自动剔除缩放变换)
  - 格子大小: 42.0 (ui_slot_size=40.0, ui_spacing=2.0)
  - 网格坐标: (1, 1)
  - 网格边界检查: true (范围: X[0-11], Y[0-2])
  - 拖拽偏移: (0.0, 0.0)
  - 目标中心: (704.608, 88.95459)
  - 当前卡牌位置: (624.7096, -18.11456)
[2026-04-20 09:46:16] [DEBUG] 卡牌左上角计算: 大小=(125.0001, 175.0), 缩放=(1.223647, 1.223647), 左上角=(628.1301, -18.11456)
[2026-04-20 09:46:16] [DEBUG] 放置验证通过: shape_coords=[(0, 0)], origin=(1, 1), 所有坐标在网格范围内且无碰撞
[2026-04-20 09:46:16] [DEBUG] 更新网格预览: 形状=[(0, 0)], 原点=(1, 1), 有效=true, 全部在边界内=true, 敌人重叠=false
[2026-04-20 09:46:16] [DEBUG] 时间轴悬停调试: 
  - 鼠标位置: (704.608, 88.95459)
  - 网格背景本地鼠标位置: (80.73871, 59.30306) (已自动剔除缩放变换)
  - 格子大小: 42.0 (ui_slot_size=40.0, ui_spacing=2.0)
  - 网格坐标: (1, 1)
  - 网格边界检查: true (范围: X[0-11], Y[0-2])
  - 拖拽偏移: (0.0, 0.0)
  - 目标中心: (704.608, 88.95459)
  - 当前卡牌位置: (628.13, -18.11456)
[2026-04-20 09:46:16] [DEBUG] 卡牌左上角计算: 大小=(125.0001, 175.0), 缩放=(1.223647, 1.223647), 左上角=(628.1301, -18.11456)
[2026-04-20 09:46:16] [DEBUG] 放置验证通过: shape_coords=[(0, 0)], origin=(1, 1), 所有坐标在网格范围内且无碰撞
[2026-04-20 09:46:16] [DEBUG] 更新网格预览: 形状=[(0, 0)], 原点=(1, 1), 有效=true, 全部在边界内=true, 敌人重叠=false
[2026-04-20 09:46:16] [DEBUG] 时间轴悬停调试: 
  - 鼠标位置: (706.8883, 88.95459)
  - 网格背景本地鼠标位置: (82.25888, 59.30306) (已自动剔除缩放变换)
  - 格子大小: 42.0 (ui_slot_size=40.0, ui_spacing=2.0)
  - 网格坐标: (1, 1)
  - 网格边界检查: true (范围: X[0-11], Y[0-2])
  - 拖拽偏移: (0.0, 0.0)
  - 目标中心: (706.8883, 88.95459)
  - 当前卡牌位置: (628.13, -18.11456)
[2026-04-20 09:46:16] [DEBUG] 卡牌左上角计算: 大小=(125.0001, 175.0), 缩放=(1.223647, 1.223647), 左上角=(630.4103, -18.11456)
[2026-04-20 09:46:16] [DEBUG] 放置验证通过: shape_coords=[(0, 0)], origin=(1, 1), 所有坐标在网格范围内且无碰撞
[2026-04-20 09:46:16] [DEBUG] 更新网格预览: 形状=[(0, 0)], 原点=(1, 1), 有效=true, 全部在边界内=true, 敌人重叠=false
[2026-04-20 09:46:16] [DEBUG] 时间轴悬停调试: 
  - 鼠标位置: (706.8883, 88.95459)
  - 网格背景本地鼠标位置: (89.09973, 60.06335) (已自动剔除缩放变换)
  - 格子大小: 42.0 (ui_slot_size=40.0, ui_spacing=2.0)
  - 网格坐标: (2, 1)
  - 网格边界检查: true (范围: X[0-11], Y[0-2])
  - 拖拽偏移: (0.0, 0.0)
  - 目标中心: (706.8883, 88.95459)
  - 当前卡牌位置: (630.4103, -18.11456)
[2026-04-20 09:46:16] [DEBUG] 卡牌左上角计算: 大小=(125.0001, 175.0), 缩放=(1.223647, 1.223647), 左上角=(630.4103, -18.11456)
[2026-04-20 09:46:16] [DEBUG] 放置验证通过: shape_coords=[(0, 0)], origin=(2, 1), 所有坐标在网格范围内且无碰撞
[2026-04-20 09:46:16] [DEBUG] 更新预览位置: (2, 1), 有效: true
[2026-04-20 09:46:16] [DEBUG] 设置预览容器位置: (583.5, 0.0)
[2026-04-20 09:46:16] [DEBUG] 设置预览方块位置: 方块索引=0, 网格坐标=(2, 1), 像素位置=(84.0, 42.0)
[2026-04-20 09:46:16] [DEBUG] 更新网格预览: 形状=[(0, 0)], 原点=(2, 1), 有效=true, 全部在边界内=true, 敌人重叠=false
[2026-04-20 09:46:16] [DEBUG] 时间轴悬停调试: 
  - 鼠标位置: (717.1496, 90.09503)
  - 网格背景本地鼠标位置: (89.09973, 60.06335) (已自动剔除缩放变换)
  - 格子大小: 42.0 (ui_slot_size=40.0, ui_spacing=2.0)
  - 网格坐标: (2, 1)
  - 网格边界检查: true (范围: X[0-11], Y[0-2])
  - 拖拽偏移: (0.0, 0.0)
  - 目标中心: (717.1496, 90.09503)
  - 当前卡牌位置: (630.4103, -18.11456)
[2026-04-20 09:46:16] [DEBUG] 卡牌左上角计算: 大小=(125.0001, 175.0), 缩放=(1.223647, 1.223647), 左上角=(640.6716, -16.97411)
[2026-04-20 09:46:16] [DEBUG] 放置验证通过: shape_coords=[(0, 0)], origin=(2, 1), 所有坐标在网格范围内且无碰撞
[2026-04-20 09:46:16] [DEBUG] 更新网格预览: 形状=[(0, 0)], 原点=(2, 1), 有效=true, 全部在边界内=true, 敌人重叠=false
[2026-04-20 09:46:16] [DEBUG] 时间轴悬停调试: 
  - 鼠标位置: (720.57, 91.23547)
  - 网格背景本地鼠标位置: (91.38, 60.82365) (已自动剔除缩放变换)
  - 格子大小: 42.0 (ui_slot_size=40.0, ui_spacing=2.0)
  - 网格坐标: (2, 1)
  - 网格边界检查: true (范围: X[0-11], Y[0-2])
  - 拖拽偏移: (0.0, 0.0)
  - 目标中心: (720.57, 91.23547)
  - 当前卡牌位置: (640.6716, -16.97411)
[2026-04-20 09:46:16] [DEBUG] 卡牌左上角计算: 大小=(125.0001, 175.0), 缩放=(1.223647, 1.223647), 左上角=(644.092, -15.83367)
[2026-04-20 09:46:16] [DEBUG] 放置验证通过: shape_coords=[(0, 0)], origin=(2, 1), 所有坐标在网格范围内且无碰撞
[2026-04-20 09:46:16] [DEBUG] 更新网格预览: 形状=[(0, 0)], 原点=(2, 1), 有效=true, 全部在边界内=true, 敌人重叠=false
[2026-04-20 09:46:16] [DEBUG] 时间轴悬停调试: 
  - 鼠标位置: (723.9905, 91.23547)
  - 网格背景本地鼠标位置: (93.66034, 60.82365) (已自动剔除缩放变换)
  - 格子大小: 42.0 (ui_slot_size=40.0, ui_spacing=2.0)
  - 网格坐标: (2, 1)
  - 网格边界检查: true (范围: X[0-11], Y[0-2])
  - 拖拽偏移: (0.0, 0.0)
  - 目标中心: (723.9905, 91.23547)
  - 当前卡牌位置: (644.092, -15.83367)
[2026-04-20 09:46:16] [DEBUG] 卡牌左上角计算: 大小=(125.0001, 175.0), 缩放=(1.223647, 1.223647), 左上角=(647.5125, -15.83367)
[2026-04-20 09:46:16] [DEBUG] 放置验证通过: shape_coords=[(0, 0)], origin=(2, 1), 所有坐标在网格范围内且无碰撞
[2026-04-20 09:46:16] [DEBUG] 更新网格预览: 形状=[(0, 0)], 原点=(2, 1), 有效=true, 全部在边界内=true, 敌人重叠=false
[2026-04-20 09:46:16] [DEBUG] 时间轴悬停调试: 
  - 鼠标位置: (723.9905, 91.23547)
  - 网格背景本地鼠标位置: (93.66034, 60.82365) (已自动剔除缩放变换)
  - 格子大小: 42.0 (ui_slot_size=40.0, ui_spacing=2.0)
  - 网格坐标: (2, 1)
  - 网格边界检查: true (范围: X[0-11], Y[0-2])
  - 拖拽偏移: (0.0, 0.0)
  - 目标中心: (723.9905, 91.23547)
  - 当前卡牌位置: (647.5125, -15.83367)
[2026-04-20 09:46:16] [DEBUG] 卡牌左上角计算: 大小=(125.0001, 175.0), 缩放=(1.223647, 1.223647), 左上角=(647.5125, -15.83367)
[2026-04-20 09:46:16] [DEBUG] 放置验证通过: shape_coords=[(0, 0)], origin=(2, 1), 所有坐标在网格范围内且无碰撞
[2026-04-20 09:46:16] [DEBUG] 更新网格预览: 形状=[(0, 0)], 原点=(2, 1), 有效=true, 全部在边界内=true, 敌人重叠=false
[2026-04-20 09:46:16] [DEBUG] 时间轴悬停调试: 
  - 鼠标位置: (727.4109, 92.37592)
  - 网格背景本地鼠标位置: (95.94061, 61.58395) (已自动剔除缩放变换)
  - 格子大小: 42.0 (ui_slot_size=40.0, ui_spacing=2.0)
  - 网格坐标: (2, 1)
  - 网格边界检查: true (范围: X[0-11], Y[0-2])
  - 拖拽偏移: (0.0, 0.0)
  - 目标中心: (727.4109, 92.37592)
  - 当前卡牌位置: (647.5125, -15.83367)
[2026-04-20 09:46:16] [DEBUG] 卡牌左上角计算: 大小=(125.0001, 175.0), 缩放=(1.223647, 1.223647), 左上角=(650.9329, -14.69323)
[2026-04-20 09:46:16] [DEBUG] 放置验证通过: shape_coords=[(0, 0)], origin=(2, 1), 所有坐标在网格范围内且无碰撞
[2026-04-20 09:46:16] [DEBUG] 更新网格预览: 形状=[(0, 0)], 原点=(2, 1), 有效=true, 全部在边界内=true, 敌人重叠=false
[2026-04-20 09:46:16] [DEBUG] 时间轴悬停调试: 
  - 鼠标位置: (730.8313, 93.51637)
  - 网格背景本地鼠标位置: (98.22089, 62.34425) (已自动剔除缩放变换)
  - 格子大小: 42.0 (ui_slot_size=40.0, ui_spacing=2.0)
  - 网格坐标: (2, 1)
  - 网格边界检查: true (范围: X[0-11], Y[0-2])
  - 拖拽偏移: (0.0, 0.0)
  - 目标中心: (730.8313, 93.51637)
  - 当前卡牌位置: (650.9329, -14.69323)
[2026-04-20 09:46:16] [DEBUG] 卡牌左上角计算: 大小=(125.0001, 175.0), 缩放=(1.223647, 1.223647), 左上角=(654.3533, -13.55277)
[2026-04-20 09:46:16] [DEBUG] 放置验证通过: shape_coords=[(0, 0)], origin=(2, 1), 所有坐标在网格范围内且无碰撞
[2026-04-20 09:46:16] [DEBUG] 更新网格预览: 形状=[(0, 0)], 原点=(2, 1), 有效=true, 全部在边界内=true, 敌人重叠=false
[2026-04-20 09:46:16] [DEBUG] 时间轴悬停调试: 
  - 鼠标位置: (730.8313, 93.51637)
  - 网格背景本地鼠标位置: (98.22089, 62.34425) (已自动剔除缩放变换)
  - 格子大小: 42.0 (ui_slot_size=40.0, ui_spacing=2.0)
  - 网格坐标: (2, 1)
  - 网格边界检查: true (范围: X[0-11], Y[0-2])
  - 拖拽偏移: (0.0, 0.0)
  - 目标中心: (730.8313, 93.51637)
  - 当前卡牌位置: (654.3533, -13.55277)
[2026-04-20 09:46:16] [DEBUG] 卡牌左上角计算: 大小=(125.0001, 175.0), 缩放=(1.223647, 1.223647), 左上角=(654.3533, -13.55277)
[2026-04-20 09:46:16] [DEBUG] 放置验证通过: shape_coords=[(0, 0)], origin=(2, 1), 所有坐标在网格范围内且无碰撞
[2026-04-20 09:46:16] [DEBUG] 更新网格预览: 形状=[(0, 0)], 原点=(2, 1), 有效=true, 全部在边界内=true, 敌人重叠=false
[2026-04-20 09:46:16] [DEBUG] 时间轴悬停调试: 
  - 鼠标位置: (731.9714, 93.51637)
  - 网格背景本地鼠标位置: (98.98096, 62.34425) (已自动剔除缩放变换)
  - 格子大小: 42.0 (ui_slot_size=40.0, ui_spacing=2.0)
  - 网格坐标: (2, 1)
  - 网格边界检查: true (范围: X[0-11], Y[0-2])
  - 拖拽偏移: (0.0, 0.0)
  - 目标中心: (731.9714, 93.51637)
  - 当前卡牌位置: (654.3533, -13.55277)
[2026-04-20 09:46:16] [DEBUG] 卡牌左上角计算: 大小=(125.0001, 175.0), 缩放=(1.223647, 1.223647), 左上角=(655.4935, -13.55277)
[2026-04-20 09:46:16] [DEBUG] 放置验证通过: shape_coords=[(0, 0)], origin=(2, 1), 所有坐标在网格范围内且无碰撞
[2026-04-20 09:46:16] [DEBUG] 更新网格预览: 形状=[(0, 0)], 原点=(2, 1), 有效=true, 全部在边界内=true, 敌人重叠=false
[2026-04-20 09:46:16] [DEBUG] 时间轴悬停调试: 
  - 鼠标位置: (731.9714, 93.51637)
  - 网格背景本地鼠标位置: (98.98096, 62.34425) (已自动剔除缩放变换)
  - 格子大小: 42.0 (ui_slot_size=40.0, ui_spacing=2.0)
  - 网格坐标: (2, 1)
  - 网格边界检查: true (范围: X[0-11], Y[0-2])
  - 拖拽偏移: (0.0, 0.0)
  - 目标中心: (731.9714, 93.51637)
  - 当前卡牌位置: (655.4934, -13.55277)
[2026-04-20 09:46:16] [DEBUG] 卡牌左上角计算: 大小=(125.0001, 175.0), 缩放=(1.223647, 1.223647), 左上角=(655.4935, -13.55277)
[2026-04-20 09:46:16] [DEBUG] 放置验证通过: shape_coords=[(0, 0)], origin=(2, 1), 所有坐标在网格范围内且无碰撞
[2026-04-20 09:46:16] [DEBUG] 更新网格预览: 形状=[(0, 0)], 原点=(2, 1), 有效=true, 全部在边界内=true, 敌人重叠=false
[2026-04-20 09:46:16] [DEBUG] 时间轴悬停调试: 
  - 鼠标位置: (731.9714, 93.51637)
  - 网格背景本地鼠标位置: (98.98096, 62.34425) (已自动剔除缩放变换)
  - 格子大小: 42.0 (ui_slot_size=40.0, ui_spacing=2.0)
  - 网格坐标: (2, 1)
  - 网格边界检查: true (范围: X[0-11], Y[0-2])
  - 拖拽偏移: (0.0, 0.0)
  - 目标中心: (731.9714, 93.51637)
  - 当前卡牌位置: (655.4934, -13.55277)
[2026-04-20 09:46:16] [DEBUG] 卡牌左上角计算: 大小=(125.0001, 175.0), 缩放=(1.223647, 1.223647), 左上角=(655.4935, -13.55277)
[2026-04-20 09:46:16] [DEBUG] 放置验证通过: shape_coords=[(0, 0)], origin=(2, 1), 所有坐标在网格范围内且无碰撞
[2026-04-20 09:46:16] [DEBUG] 更新网格预览: 形状=[(0, 0)], 原点=(2, 1), 有效=true, 全部在边界内=true, 敌人重叠=false
[2026-04-20 09:46:16] [DEBUG] 时间轴悬停调试: 
  - 鼠标位置: (731.9714, 93.51637)
  - 网格背景本地鼠标位置: (98.98096, 62.34425) (已自动剔除缩放变换)
  - 格子大小: 42.0 (ui_slot_size=40.0, ui_spacing=2.0)
  - 网格坐标: (2, 1)
  - 网格边界检查: true (范围: X[0-11], Y[0-2])
  - 拖拽偏移: (0.0, 0.0)
  - 目标中心: (731.9714, 93.51637)
  - 当前卡牌位置: (655.4934, -13.55277)
[2026-04-20 09:46:16] [DEBUG] 卡牌左上角计算: 大小=(125.0001, 175.0), 缩放=(1.223647, 1.223647), 左上角=(655.4935, -13.55277)
[2026-04-20 09:46:16] [DEBUG] 放置验证通过: shape_coords=[(0, 0)], origin=(2, 1), 所有坐标在网格范围内且无碰撞
[2026-04-20 09:46:16] [DEBUG] 更新网格预览: 形状=[(0, 0)], 原点=(2, 1), 有效=true, 全部在边界内=true, 敌人重叠=false
[2026-04-20 09:46:16] [DEBUG] 时间轴悬停调试: 
  - 鼠标位置: (731.9714, 93.51637)
  - 网格背景本地鼠标位置: (98.98096, 62.34425) (已自动剔除缩放变换)
  - 格子大小: 42.0 (ui_slot_size=40.0, ui_spacing=2.0)
  - 网格坐标: (2, 1)
  - 网格边界检查: true (范围: X[0-11], Y[0-2])
  - 拖拽偏移: (0.0, 0.0)
  - 目标中心: (731.9714, 93.51637)
  - 当前卡牌位置: (655.4934, -13.55277)
[2026-04-20 09:46:16] [DEBUG] 卡牌左上角计算: 大小=(125.0001, 175.0), 缩放=(1.223647, 1.223647), 左上角=(655.4935, -13.55277)
[2026-04-20 09:46:16] [DEBUG] 放置验证通过: shape_coords=[(0, 0)], origin=(2, 1), 所有坐标在网格范围内且无碰撞
[2026-04-20 09:46:16] [DEBUG] 更新网格预览: 形状=[(0, 0)], 原点=(2, 1), 有效=true, 全部在边界内=true, 敌人重叠=false
[2026-04-20 09:46:16] [DEBUG] 时间轴悬停调试: 
  - 鼠标位置: (731.9714, 93.51637)
  - 网格背景本地鼠标位置: (98.98096, 62.34425) (已自动剔除缩放变换)
  - 格子大小: 42.0 (ui_slot_size=40.0, ui_spacing=2.0)
  - 网格坐标: (2, 1)
  - 网格边界检查: true (范围: X[0-11], Y[0-2])
  - 拖拽偏移: (0.0, 0.0)
  - 目标中心: (731.9714, 93.51637)
  - 当前卡牌位置: (655.4934, -13.55277)
[2026-04-20 09:46:16] [DEBUG] 卡牌左上角计算: 大小=(125.0001, 175.0), 缩放=(1.223647, 1.223647), 左上角=(655.4935, -13.55277)
[2026-04-20 09:46:16] [DEBUG] 放置验证通过: shape_coords=[(0, 0)], origin=(2, 1), 所有坐标在网格范围内且无碰撞
[2026-04-20 09:46:16] [DEBUG] 更新网格预览: 形状=[(0, 0)], 原点=(2, 1), 有效=true, 全部在边界内=true, 敌人重叠=false
[2026-04-20 09:46:16] [DEBUG] 时间轴悬停调试: 
  - 鼠标位置: (731.9714, 93.51637)
  - 网格背景本地鼠标位置: (98.98096, 62.34425) (已自动剔除缩放变换)
  - 格子大小: 42.0 (ui_slot_size=40.0, ui_spacing=2.0)
  - 网格坐标: (2, 1)
  - 网格边界检查: true (范围: X[0-11], Y[0-2])
  - 拖拽偏移: (0.0, 0.0)
  - 目标中心: (731.9714, 93.51637)
  - 当前卡牌位置: (655.4934, -13.55277)
[2026-04-20 09:46:16] [DEBUG] 卡牌左上角计算: 大小=(125.0001, 175.0), 缩放=(1.223647, 1.223647), 左上角=(655.4935, -13.55277)
[2026-04-20 09:46:16] [DEBUG] 放置验证通过: shape_coords=[(0, 0)], origin=(2, 1), 所有坐标在网格范围内且无碰撞
[2026-04-20 09:46:16] [DEBUG] 更新网格预览: 形状=[(0, 0)], 原点=(2, 1), 有效=true, 全部在边界内=true, 敌人重叠=false
[2026-04-20 09:46:16] [DEBUG] 时间轴悬停调试: 
  - 鼠标位置: (731.9714, 93.51637)
  - 网格背景本地鼠标位置: (98.98096, 62.34425) (已自动剔除缩放变换)
  - 格子大小: 42.0 (ui_slot_size=40.0, ui_spacing=2.0)
  - 网格坐标: (2, 1)
  - 网格边界检查: true (范围: X[0-11], Y[0-2])
  - 拖拽偏移: (0.0, 0.0)
  - 目标中心: (731.9714, 93.51637)
  - 当前卡牌位置: (655.4934, -13.55277)
[2026-04-20 09:46:16] [DEBUG] 卡牌左上角计算: 大小=(125.0001, 175.0), 缩放=(1.223647, 1.223647), 左上角=(655.4935, -13.55277)
[2026-04-20 09:46:16] [DEBUG] 放置验证通过: shape_coords=[(0, 0)], origin=(2, 1), 所有坐标在网格范围内且无碰撞
[2026-04-20 09:46:16] [DEBUG] 更新网格预览: 形状=[(0, 0)], 原点=(2, 1), 有效=true, 全部在边界内=true, 敌人重叠=false
[2026-04-20 09:46:16] [DEBUG] 时间轴悬停调试: 
  - 鼠标位置: (731.9714, 93.51637)
  - 网格背景本地鼠标位置: (98.98096, 62.34425) (已自动剔除缩放变换)
  - 格子大小: 42.0 (ui_slot_size=40.0, ui_spacing=2.0)
  - 网格坐标: (2, 1)
  - 网格边界检查: true (范围: X[0-11], Y[0-2])
  - 拖拽偏移: (0.0, 0.0)
  - 目标中心: (731.9714, 93.51637)
  - 当前卡牌位置: (655.4934, -13.55277)
[2026-04-20 09:46:16] [DEBUG] 卡牌左上角计算: 大小=(125.0001, 175.0), 缩放=(1.223647, 1.223647), 左上角=(655.4935, -13.55277)
[2026-04-20 09:46:16] [DEBUG] 放置验证通过: shape_coords=[(0, 0)], origin=(2, 1), 所有坐标在网格范围内且无碰撞
[2026-04-20 09:46:16] [DEBUG] 更新网格预览: 形状=[(0, 0)], 原点=(2, 1), 有效=true, 全部在边界内=true, 敌人重叠=false
[2026-04-20 09:46:16] [DEBUG] 时间轴悬停调试: 
  - 鼠标位置: (731.9714, 93.51637)
  - 网格背景本地鼠标位置: (98.98096, 62.34425) (已自动剔除缩放变换)
  - 格子大小: 42.0 (ui_slot_size=40.0, ui_spacing=2.0)
  - 网格坐标: (2, 1)
  - 网格边界检查: true (范围: X[0-11], Y[0-2])
  - 拖拽偏移: (0.0, 0.0)
  - 目标中心: (731.9714, 93.51637)
  - 当前卡牌位置: (655.4934, -13.55277)
[2026-04-20 09:46:16] [DEBUG] 卡牌左上角计算: 大小=(125.0001, 175.0), 缩放=(1.223647, 1.223647), 左上角=(655.4935, -13.55277)
[2026-04-20 09:46:16] [DEBUG] 放置验证通过: shape_coords=[(0, 0)], origin=(2, 1), 所有坐标在网格范围内且无碰撞
[2026-04-20 09:46:16] [DEBUG] 更新网格预览: 形状=[(0, 0)], 原点=(2, 1), 有效=true, 全部在边界内=true, 敌人重叠=false
[2026-04-20 09:46:16] [DEBUG] 时间轴悬停调试: 
  - 鼠标位置: (731.9714, 93.51637)
  - 网格背景本地鼠标位置: (98.98096, 62.34425) (已自动剔除缩放变换)
  - 格子大小: 42.0 (ui_slot_size=40.0, ui_spacing=2.0)
  - 网格坐标: (2, 1)
  - 网格边界检查: true (范围: X[0-11], Y[0-2])
  - 拖拽偏移: (0.0, 0.0)
  - 目标中心: (731.9714, 93.51637)
  - 当前卡牌位置: (655.4934, -13.55277)
[2026-04-20 09:46:16] [DEBUG] 卡牌左上角计算: 大小=(125.0001, 175.0), 缩放=(1.223647, 1.223647), 左上角=(655.4935, -13.55277)
[2026-04-20 09:46:16] [DEBUG] 放置验证通过: shape_coords=[(0, 0)], origin=(2, 1), 所有坐标在网格范围内且无碰撞
[2026-04-20 09:46:16] [DEBUG] 更新网格预览: 形状=[(0, 0)], 原点=(2, 1), 有效=true, 全部在边界内=true, 敌人重叠=false
[2026-04-20 09:46:16] [DEBUG] 时间轴悬停调试: 
  - 鼠标位置: (731.9714, 93.51637)
  - 网格背景本地鼠标位置: (98.98096, 62.34425) (已自动剔除缩放变换)
  - 格子大小: 42.0 (ui_slot_size=40.0, ui_spacing=2.0)
  - 网格坐标: (2, 1)
  - 网格边界检查: true (范围: X[0-11], Y[0-2])
  - 拖拽偏移: (0.0, 0.0)
  - 目标中心: (731.9714, 93.51637)
  - 当前卡牌位置: (655.4934, -13.55277)
[2026-04-20 09:46:16] [DEBUG] 卡牌左上角计算: 大小=(125.0001, 175.0), 缩放=(1.223647, 1.223647), 左上角=(655.4935, -13.55277)
[2026-04-20 09:46:16] [DEBUG] 放置验证通过: shape_coords=[(0, 0)], origin=(2, 1), 所有坐标在网格范围内且无碰撞
[2026-04-20 09:46:16] [DEBUG] 更新网格预览: 形状=[(0, 0)], 原点=(2, 1), 有效=true, 全部在边界内=true, 敌人重叠=false
[2026-04-20 09:46:16] [DEBUG] 时间轴悬停调试: 
  - 鼠标位置: (731.9714, 93.51637)
  - 网格背景本地鼠标位置: (98.98096, 62.34425) (已自动剔除缩放变换)
  - 格子大小: 42.0 (ui_slot_size=40.0, ui_spacing=2.0)
  - 网格坐标: (2, 1)
  - 网格边界检查: true (范围: X[0-11], Y[0-2])
  - 拖拽偏移: (0.0, 0.0)
  - 目标中心: (731.9714, 93.51637)
  - 当前卡牌位置: (655.4934, -13.55277)
[2026-04-20 09:46:16] [DEBUG] 卡牌左上角计算: 大小=(125.0001, 175.0), 缩放=(1.223647, 1.223647), 左上角=(655.4935, -13.55277)
[2026-04-20 09:46:16] [DEBUG] 放置验证通过: shape_coords=[(0, 0)], origin=(2, 1), 所有坐标在网格范围内且无碰撞
[2026-04-20 09:46:16] [DEBUG] 更新网格预览: 形状=[(0, 0)], 原点=(2, 1), 有效=true, 全部在边界内=true, 敌人重叠=false
[2026-04-20 09:46:16] [DEBUG] 时间轴悬停调试: 
  - 鼠标位置: (731.9714, 93.51637)
  - 网格背景本地鼠标位置: (98.98096, 62.34425) (已自动剔除缩放变换)
  - 格子大小: 42.0 (ui_slot_size=40.0, ui_spacing=2.0)
  - 网格坐标: (2, 1)
  - 网格边界检查: true (范围: X[0-11], Y[0-2])
  - 拖拽偏移: (0.0, 0.0)
  - 目标中心: (731.9714, 93.51637)
  - 当前卡牌位置: (655.4934, -13.55277)
[2026-04-20 09:46:16] [DEBUG] 卡牌左上角计算: 大小=(125.0001, 175.0), 缩放=(1.223647, 1.223647), 左上角=(655.4935, -13.55277)
[2026-04-20 09:46:16] [DEBUG] 放置验证通过: shape_coords=[(0, 0)], origin=(2, 1), 所有坐标在网格范围内且无碰撞
[2026-04-20 09:46:16] [DEBUG] 更新网格预览: 形状=[(0, 0)], 原点=(2, 1), 有效=true, 全部在边界内=true, 敌人重叠=false
[2026-04-20 09:46:16] [DEBUG] 时间轴悬停调试: 
  - 鼠标位置: (731.9714, 93.51637)
  - 网格背景本地鼠标位置: (98.98096, 62.34425) (已自动剔除缩放变换)
  - 格子大小: 42.0 (ui_slot_size=40.0, ui_spacing=2.0)
  - 网格坐标: (2, 1)
  - 网格边界检查: true (范围: X[0-11], Y[0-2])
  - 拖拽偏移: (0.0, 0.0)
  - 目标中心: (731.9714, 93.51637)
  - 当前卡牌位置: (655.4934, -13.55277)
[2026-04-20 09:46:16] [DEBUG] 卡牌左上角计算: 大小=(125.0001, 175.0), 缩放=(1.223647, 1.223647), 左上角=(655.4935, -13.55277)
[2026-04-20 09:46:16] [DEBUG] 放置验证通过: shape_coords=[(0, 0)], origin=(2, 1), 所有坐标在网格范围内且无碰撞
[2026-04-20 09:46:16] [DEBUG] 更新网格预览: 形状=[(0, 0)], 原点=(2, 1), 有效=true, 全部在边界内=true, 敌人重叠=false
[2026-04-20 09:46:16] [DEBUG] 时间轴悬停调试: 
  - 鼠标位置: (730.8313, 92.37592)
  - 网格背景本地鼠标位置: (98.22089, 61.58395) (已自动剔除缩放变换)
  - 格子大小: 42.0 (ui_slot_size=40.0, ui_spacing=2.0)
  - 网格坐标: (2, 1)
  - 网格边界检查: true (范围: X[0-11], Y[0-2])
  - 拖拽偏移: (0.0, 0.0)
  - 目标中心: (730.8313, 92.37592)
  - 当前卡牌位置: (655.4934, -13.55277)
[2026-04-20 09:46:16] [DEBUG] 卡牌左上角计算: 大小=(125.0001, 175.0), 缩放=(1.223647, 1.223647), 左上角=(654.3533, -14.69323)
[2026-04-20 09:46:16] [DEBUG] 放置验证通过: shape_coords=[(0, 0)], origin=(2, 1), 所有坐标在网格范围内且无碰撞
[2026-04-20 09:46:16] [DEBUG] 更新网格预览: 形状=[(0, 0)], 原点=(2, 1), 有效=true, 全部在边界内=true, 敌人重叠=false
[2026-04-20 09:46:16] [DEBUG] 时间轴悬停调试: 
  - 鼠标位置: (730.8313, 92.37592)
  - 网格背景本地鼠标位置: (98.22089, 61.58395) (已自动剔除缩放变换)
  - 格子大小: 42.0 (ui_slot_size=40.0, ui_spacing=2.0)
  - 网格坐标: (2, 1)
  - 网格边界检查: true (范围: X[0-11], Y[0-2])
  - 拖拽偏移: (0.0, 0.0)
  - 目标中心: (730.8313, 92.37592)
  - 当前卡牌位置: (654.3533, -14.69323)
[2026-04-20 09:46:16] [DEBUG] 卡牌左上角计算: 大小=(125.0001, 175.0), 缩放=(1.223647, 1.223647), 左上角=(654.3533, -14.69323)
[2026-04-20 09:46:16] [DEBUG] 放置验证通过: shape_coords=[(0, 0)], origin=(2, 1), 所有坐标在网格范围内且无碰撞
[2026-04-20 09:46:16] [DEBUG] 更新网格预览: 形状=[(0, 0)], 原点=(2, 1), 有效=true, 全部在边界内=true, 敌人重叠=false
[2026-04-20 09:46:16] [DEBUG] 时间轴悬停调试: 
  - 鼠标位置: (728.551, 90.09503)
  - 网格背景本地鼠标位置: (96.70068, 60.06335) (已自动剔除缩放变换)
  - 格子大小: 42.0 (ui_slot_size=40.0, ui_spacing=2.0)
  - 网格坐标: (2, 1)
  - 网格边界检查: true (范围: X[0-11], Y[0-2])
  - 拖拽偏移: (0.0, 0.0)
  - 目标中心: (728.551, 90.09503)
  - 当前卡牌位置: (654.3533, -14.69323)
[2026-04-20 09:46:16] [DEBUG] 卡牌左上角计算: 大小=(125.0001, 175.0), 缩放=(1.223647, 1.223647), 左上角=(652.0731, -16.97411)
[2026-04-20 09:46:16] [DEBUG] 放置验证通过: shape_coords=[(0, 0)], origin=(2, 1), 所有坐标在网格范围内且无碰撞
[2026-04-20 09:46:16] [DEBUG] 更新网格预览: 形状=[(0, 0)], 原点=(2, 1), 有效=true, 全部在边界内=true, 敌人重叠=false
[2026-04-20 09:46:16] [DEBUG] 时间轴悬停调试: 
  - 鼠标位置: (728.551, 90.09503)
  - 网格背景本地鼠标位置: (96.70068, 60.06335) (已自动剔除缩放变换)
  - 格子大小: 42.0 (ui_slot_size=40.0, ui_spacing=2.0)
  - 网格坐标: (2, 1)
  - 网格边界检查: true (范围: X[0-11], Y[0-2])
  - 拖拽偏移: (0.0, 0.0)
  - 目标中心: (728.551, 90.09503)
  - 当前卡牌位置: (652.073, -16.97411)
[2026-04-20 09:46:16] [DEBUG] 卡牌左上角计算: 大小=(125.0001, 175.0), 缩放=(1.223647, 1.223647), 左上角=(652.0731, -16.97411)
[2026-04-20 09:46:16] [DEBUG] 放置验证通过: shape_coords=[(0, 0)], origin=(2, 1), 所有坐标在网格范围内且无碰撞
[2026-04-20 09:46:16] [DEBUG] 更新网格预览: 形状=[(0, 0)], 原点=(2, 1), 有效=true, 全部在边界内=true, 敌人重叠=false
[2026-04-20 09:46:16] [DEBUG] 时间轴悬停调试: 
  - 鼠标位置: (726.2708, 88.95459)
  - 网格背景本地鼠标位置: (95.18051, 59.30306) (已自动剔除缩放变换)
  - 格子大小: 42.0 (ui_slot_size=40.0, ui_spacing=2.0)
  - 网格坐标: (2, 1)
  - 网格边界检查: true (范围: X[0-11], Y[0-2])
  - 拖拽偏移: (0.0, 0.0)
  - 目标中心: (726.2708, 88.95459)
  - 当前卡牌位置: (652.073, -16.97411)
[2026-04-20 09:46:16] [DEBUG] 卡牌左上角计算: 大小=(125.0001, 175.0), 缩放=(1.223647, 1.223647), 左上角=(649.7928, -18.11456)
[2026-04-20 09:46:16] [DEBUG] 放置验证通过: shape_coords=[(0, 0)], origin=(2, 1), 所有坐标在网格范围内且无碰撞
[2026-04-20 09:46:16] [DEBUG] 更新网格预览: 形状=[(0, 0)], 原点=(2, 1), 有效=true, 全部在边界内=true, 敌人重叠=false
[2026-04-20 09:46:16] [DEBUG] 时间轴悬停调试: 
  - 鼠标位置: (726.2708, 88.95459)
  - 网格背景本地鼠标位置: (95.18051, 59.30306) (已自动剔除缩放变换)
  - 格子大小: 42.0 (ui_slot_size=40.0, ui_spacing=2.0)
  - 网格坐标: (2, 1)
  - 网格边界检查: true (范围: X[0-11], Y[0-2])
  - 拖拽偏移: (0.0, 0.0)
  - 目标中心: (726.2708, 88.95459)
  - 当前卡牌位置: (649.7927, -18.11456)
[2026-04-20 09:46:16] [DEBUG] 卡牌左上角计算: 大小=(125.0001, 175.0), 缩放=(1.223647, 1.223647), 左上角=(649.7928, -18.11456)
[2026-04-20 09:46:16] [DEBUG] 放置验证通过: shape_coords=[(0, 0)], origin=(2, 1), 所有坐标在网格范围内且无碰撞
[2026-04-20 09:46:16] [DEBUG] 更新网格预览: 形状=[(0, 0)], 原点=(2, 1), 有效=true, 全部在边界内=true, 敌人重叠=false
[2026-04-20 09:46:16] [DEBUG] 时间轴悬停调试: 
  - 鼠标位置: (725.1306, 87.81415)
  - 网格背景本地鼠标位置: (94.42041, 58.54277) (已自动剔除缩放变换)
  - 格子大小: 42.0 (ui_slot_size=40.0, ui_spacing=2.0)
  - 网格坐标: (2, 1)
  - 网格边界检查: true (范围: X[0-11], Y[0-2])
  - 拖拽偏移: (0.0, 0.0)
  - 目标中心: (725.1306, 87.81415)
  - 当前卡牌位置: (649.7927, -18.11456)
[2026-04-20 09:46:16] [DEBUG] 卡牌左上角计算: 大小=(125.0001, 175.0), 缩放=(1.223647, 1.223647), 左上角=(648.6526, -19.255)
[2026-04-20 09:46:16] [DEBUG] 放置验证通过: shape_coords=[(0, 0)], origin=(2, 1), 所有坐标在网格范围内且无碰撞
[2026-04-20 09:46:16] [DEBUG] 更新网格预览: 形状=[(0, 0)], 原点=(2, 1), 有效=true, 全部在边界内=true, 敌人重叠=false
[2026-04-20 09:46:16] [DEBUG] 时间轴悬停调试: 
  - 鼠标位置: (725.1306, 87.81415)
  - 网格背景本地鼠标位置: (94.42041, 58.54277) (已自动剔除缩放变换)
  - 格子大小: 42.0 (ui_slot_size=40.0, ui_spacing=2.0)
  - 网格坐标: (2, 1)
  - 网格边界检查: true (范围: X[0-11], Y[0-2])
  - 拖拽偏移: (0.0, 0.0)
  - 目标中心: (725.1306, 87.81415)
  - 当前卡牌位置: (648.6526, -19.255)
[2026-04-20 09:46:16] [DEBUG] 卡牌左上角计算: 大小=(125.0001, 175.0), 缩放=(1.223647, 1.223647), 左上角=(648.6526, -19.255)
[2026-04-20 09:46:16] [DEBUG] 放置验证通过: shape_coords=[(0, 0)], origin=(2, 1), 所有坐标在网格范围内且无碰撞
[2026-04-20 09:46:16] [DEBUG] 更新网格预览: 形状=[(0, 0)], 原点=(2, 1), 有效=true, 全部在边界内=true, 敌人重叠=false
[2026-04-20 09:46:16] [DEBUG] 时间轴悬停调试: 
  - 鼠标位置: (721.7101, 85.53326)
  - 网格背景本地鼠标位置: (92.14011, 57.02218) (已自动剔除缩放变换)
  - 格子大小: 42.0 (ui_slot_size=40.0, ui_spacing=2.0)
  - 网格坐标: (2, 1)
  - 网格边界检查: true (范围: X[0-11], Y[0-2])
  - 拖拽偏移: (0.0, 0.0)
  - 目标中心: (721.7101, 85.53326)
  - 当前卡牌位置: (648.6526, -19.255)
[2026-04-20 09:46:16] [DEBUG] 卡牌左上角计算: 大小=(125.0001, 175.0), 缩放=(1.223647, 1.223647), 左上角=(645.2322, -21.53588)
[2026-04-20 09:46:16] [DEBUG] 放置验证通过: shape_coords=[(0, 0)], origin=(2, 1), 所有坐标在网格范围内且无碰撞
[2026-04-20 09:46:16] [DEBUG] 更新网格预览: 形状=[(0, 0)], 原点=(2, 1), 有效=true, 全部在边界内=true, 敌人重叠=false
[2026-04-20 09:46:16] [DEBUG] 时间轴悬停调试: 
  - 鼠标位置: (720.57, 84.39282)
  - 网格背景本地鼠标位置: (91.38, 56.26188) (已自动剔除缩放变换)
  - 格子大小: 42.0 (ui_slot_size=40.0, ui_spacing=2.0)
  - 网格坐标: (2, 1)
  - 网格边界检查: true (范围: X[0-11], Y[0-2])
  - 拖拽偏移: (0.0, 0.0)
  - 目标中心: (720.57, 84.39282)
  - 当前卡牌位置: (645.2322, -21.53588)
[2026-04-20 09:46:16] [DEBUG] 卡牌左上角计算: 大小=(125.0001, 175.0), 缩放=(1.223647, 1.223647), 左上角=(644.092, -22.67632)
[2026-04-20 09:46:16] [DEBUG] 放置验证通过: shape_coords=[(0, 0)], origin=(2, 1), 所有坐标在网格范围内且无碰撞
[2026-04-20 09:46:16] [DEBUG] 更新网格预览: 形状=[(0, 0)], 原点=(2, 1), 有效=true, 全部在边界内=true, 敌人重叠=false
[2026-04-20 09:46:16] [DEBUG] 时间轴悬停调试: 
  - 鼠标位置: (720.57, 84.39282)
  - 网格背景本地鼠标位置: (91.38, 56.26188) (已自动剔除缩放变换)
  - 格子大小: 42.0 (ui_slot_size=40.0, ui_spacing=2.0)
  - 网格坐标: (2, 1)
  - 网格边界检查: true (范围: X[0-11], Y[0-2])
  - 拖拽偏移: (0.0, 0.0)
  - 目标中心: (720.57, 84.39282)
  - 当前卡牌位置: (644.092, -22.67632)
[2026-04-20 09:46:16] [DEBUG] 卡牌左上角计算: 大小=(125.0001, 175.0), 缩放=(1.223647, 1.223647), 左上角=(644.092, -22.67632)
[2026-04-20 09:46:16] [DEBUG] 放置验证通过: shape_coords=[(0, 0)], origin=(2, 1), 所有坐标在网格范围内且无碰撞
[2026-04-20 09:46:16] [DEBUG] 更新网格预览: 形状=[(0, 0)], 原点=(2, 1), 有效=true, 全部在边界内=true, 敌人重叠=false
[2026-04-20 09:46:16] [DEBUG] 时间轴悬停调试: 
  - 鼠标位置: (718.2897, 83.25238)
  - 网格背景本地鼠标位置: (89.85983, 55.50159) (已自动剔除缩放变换)
  - 格子大小: 42.0 (ui_slot_size=40.0, ui_spacing=2.0)
  - 网格坐标: (2, 1)
  - 网格边界检查: true (范围: X[0-11], Y[0-2])
  - 拖拽偏移: (0.0, 0.0)
  - 目标中心: (718.2897, 83.25238)
  - 当前卡牌位置: (644.092, -22.67632)
[2026-04-20 09:46:16] [DEBUG] 卡牌左上角计算: 大小=(125.0001, 175.0), 缩放=(1.223647, 1.223647), 左上角=(641.8118, -23.81676)
[2026-04-20 09:46:16] [DEBUG] 放置验证通过: shape_coords=[(0, 0)], origin=(2, 1), 所有坐标在网格范围内且无碰撞
[2026-04-20 09:46:16] [DEBUG] 更新网格预览: 形状=[(0, 0)], 原点=(2, 1), 有效=true, 全部在边界内=true, 敌人重叠=false
[2026-04-20 09:46:16] [DEBUG] 时间轴悬停调试: 
  - 鼠标位置: (714.8693, 82.11194)
  - 网格背景本地鼠标位置: (87.57956, 54.74129) (已自动剔除缩放变换)
  - 格子大小: 42.0 (ui_slot_size=40.0, ui_spacing=2.0)
  - 网格坐标: (2, 1)
  - 网格边界检查: true (范围: X[0-11], Y[0-2])
  - 拖拽偏移: (0.0, 0.0)
  - 目标中心: (714.8693, 82.11194)
  - 当前卡牌位置: (641.8118, -23.81676)
[2026-04-20 09:46:16] [DEBUG] 卡牌左上角计算: 大小=(125.0001, 175.0), 缩放=(1.223647, 1.223647), 左上角=(638.3914, -24.95721)
[2026-04-20 09:46:16] [DEBUG] 放置验证通过: shape_coords=[(0, 0)], origin=(2, 1), 所有坐标在网格范围内且无碰撞
[2026-04-20 09:46:16] [DEBUG] 更新网格预览: 形状=[(0, 0)], 原点=(2, 1), 有效=true, 全部在边界内=true, 敌人重叠=false
[2026-04-20 09:46:16] [DEBUG] 时间轴悬停调试: 
  - 鼠标位置: (710.3087, 80.97148)
  - 网格背景本地鼠标位置: (84.53915, 53.98099) (已自动剔除缩放变换)
  - 格子大小: 42.0 (ui_slot_size=40.0, ui_spacing=2.0)
  - 网格坐标: (2, 1)
  - 网格边界检查: true (范围: X[0-11], Y[0-2])
  - 拖拽偏移: (0.0, 0.0)
  - 目标中心: (710.3087, 80.97148)
  - 当前卡牌位置: (638.3914, -24.95721)
[2026-04-20 09:46:16] [DEBUG] 卡牌左上角计算: 大小=(125.0001, 175.0), 缩放=(1.223647, 1.223647), 左上角=(633.8307, -26.09766)
[2026-04-20 09:46:16] [DEBUG] 放置验证通过: shape_coords=[(0, 0)], origin=(2, 1), 所有坐标在网格范围内且无碰撞
[2026-04-20 09:46:16] [DEBUG] 更新网格预览: 形状=[(0, 0)], 原点=(2, 1), 有效=true, 全部在边界内=true, 敌人重叠=false
[2026-04-20 09:46:16] [DEBUG] 时间轴悬停调试: 
  - 鼠标位置: (710.3087, 80.97148)
  - 网格背景本地鼠标位置: (84.53915, 53.98099) (已自动剔除缩放变换)
  - 格子大小: 42.0 (ui_slot_size=40.0, ui_spacing=2.0)
  - 网格坐标: (2, 1)
  - 网格边界检查: true (范围: X[0-11], Y[0-2])
  - 拖拽偏移: (0.0, 0.0)
  - 目标中心: (710.3087, 80.97148)
  - 当前卡牌位置: (633.8307, -26.09766)
[2026-04-20 09:46:16] [DEBUG] 卡牌左上角计算: 大小=(125.0001, 175.0), 缩放=(1.223647, 1.223647), 左上角=(633.8307, -26.09766)
[2026-04-20 09:46:16] [DEBUG] 放置验证通过: shape_coords=[(0, 0)], origin=(2, 1), 所有坐标在网格范围内且无碰撞
[2026-04-20 09:46:16] [DEBUG] 更新网格预览: 形状=[(0, 0)], 原点=(2, 1), 有效=true, 全部在边界内=true, 敌人重叠=false
[2026-04-20 09:46:16] [DEBUG] 时间轴悬停调试: 
  - 鼠标位置: (706.8883, 78.6906)
  - 网格背景本地鼠标位置: (82.25888, 52.4604) (已自动剔除缩放变换)
  - 格子大小: 42.0 (ui_slot_size=40.0, ui_spacing=2.0)
  - 网格坐标: (1, 1)
  - 网格边界检查: true (范围: X[0-11], Y[0-2])
  - 拖拽偏移: (0.0, 0.0)
  - 目标中心: (706.8883, 78.6906)
  - 当前卡牌位置: (633.8307, -26.09766)
[2026-04-20 09:46:16] [DEBUG] 卡牌左上角计算: 大小=(125.0001, 175.0), 缩放=(1.223647, 1.223647), 左上角=(630.4103, -28.37855)
[2026-04-20 09:46:16] [DEBUG] 放置验证通过: shape_coords=[(0, 0)], origin=(1, 1), 所有坐标在网格范围内且无碰撞
[2026-04-20 09:46:16] [DEBUG] 更新预览位置: (1, 1), 有效: true
[2026-04-20 09:46:16] [DEBUG] 设置预览容器位置: (583.5, 0.0)
[2026-04-20 09:46:16] [DEBUG] 设置预览方块位置: 方块索引=0, 网格坐标=(1, 1), 像素位置=(42.0, 42.0)
[2026-04-20 09:46:16] [DEBUG] 更新网格预览: 形状=[(0, 0)], 原点=(1, 1), 有效=true, 全部在边界内=true, 敌人重叠=false
[2026-04-20 09:46:16] [DEBUG] 时间轴悬停调试: 
  - 鼠标位置: (703.4679, 78.6906)
  - 网格背景本地鼠标位置: (79.97861, 52.4604) (已自动剔除缩放变换)
  - 格子大小: 42.0 (ui_slot_size=40.0, ui_spacing=2.0)
  - 网格坐标: (1, 1)
  - 网格边界检查: true (范围: X[0-11], Y[0-2])
  - 拖拽偏移: (0.0, 0.0)
  - 目标中心: (703.4679, 78.6906)
  - 当前卡牌位置: (630.4103, -28.37855)
[2026-04-20 09:46:16] [DEBUG] 卡牌左上角计算: 大小=(125.0001, 175.0), 缩放=(1.223647, 1.223647), 左上角=(626.9899, -28.37855)
[2026-04-20 09:46:16] [DEBUG] 放置验证通过: shape_coords=[(0, 0)], origin=(1, 1), 所有坐标在网格范围内且无碰撞
[2026-04-20 09:46:16] [DEBUG] 更新网格预览: 形状=[(0, 0)], 原点=(1, 1), 有效=true, 全部在边界内=true, 敌人重叠=false
[2026-04-20 09:46:16] [DEBUG] 时间轴悬停调试: 
  - 鼠标位置: (703.4679, 78.6906)
  - 网格背景本地鼠标位置: (79.97861, 52.4604) (已自动剔除缩放变换)
  - 格子大小: 42.0 (ui_slot_size=40.0, ui_spacing=2.0)
  - 网格坐标: (1, 1)
  - 网格边界检查: true (范围: X[0-11], Y[0-2])
  - 拖拽偏移: (0.0, 0.0)
  - 目标中心: (703.4679, 78.6906)
  - 当前卡牌位置: (626.9899, -28.37855)
[2026-04-20 09:46:16] [DEBUG] 卡牌左上角计算: 大小=(125.0001, 175.0), 缩放=(1.223647, 1.223647), 左上角=(626.9899, -28.37855)
[2026-04-20 09:46:16] [DEBUG] 放置验证通过: shape_coords=[(0, 0)], origin=(1, 1), 所有坐标在网格范围内且无碰撞
[2026-04-20 09:46:16] [DEBUG] 更新网格预览: 形状=[(0, 0)], 原点=(1, 1), 有效=true, 全部在边界内=true, 敌人重叠=false
[2026-04-20 09:46:16] [DEBUG] 时间轴悬停调试: 
  - 鼠标位置: (694.3467, 76.40971)
  - 网格背景本地鼠标位置: (73.89783, 50.93981) (已自动剔除缩放变换)
  - 格子大小: 42.0 (ui_slot_size=40.0, ui_spacing=2.0)
  - 网格坐标: (1, 1)
  - 网格边界检查: true (范围: X[0-11], Y[0-2])
  - 拖拽偏移: (0.0, 0.0)
  - 目标中心: (694.3467, 76.40971)
  - 当前卡牌位置: (626.9899, -28.37855)
[2026-04-20 09:46:16] [DEBUG] 卡牌左上角计算: 大小=(125.0001, 175.0), 缩放=(1.223647, 1.223647), 左上角=(617.8688, -30.65943)
[2026-04-20 09:46:16] [DEBUG] 放置验证通过: shape_coords=[(0, 0)], origin=(1, 1), 所有坐标在网格范围内且无碰撞
[2026-04-20 09:46:16] [DEBUG] 更新网格预览: 形状=[(0, 0)], 原点=(1, 1), 有效=true, 全部在边界内=true, 敌人重叠=false
[2026-04-20 09:46:16] [DEBUG] 时间轴悬停调试: 
  - 鼠标位置: (694.3467, 76.40971)
  - 网格背景本地鼠标位置: (73.89783, 50.93981) (已自动剔除缩放变换)
  - 格子大小: 42.0 (ui_slot_size=40.0, ui_spacing=2.0)
  - 网格坐标: (1, 1)
  - 网格边界检查: true (范围: X[0-11], Y[0-2])
  - 拖拽偏移: (0.0, 0.0)
  - 目标中心: (694.3467, 76.40971)
  - 当前卡牌位置: (617.8688, -30.65943)
[2026-04-20 09:46:16] [DEBUG] 卡牌左上角计算: 大小=(125.0001, 175.0), 缩放=(1.223647, 1.223647), 左上角=(617.8688, -30.65943)
[2026-04-20 09:46:16] [DEBUG] 放置验证通过: shape_coords=[(0, 0)], origin=(1, 1), 所有坐标在网格范围内且无碰撞
[2026-04-20 09:46:16] [DEBUG] 更新网格预览: 形状=[(0, 0)], 原点=(1, 1), 有效=true, 全部在边界内=true, 敌人重叠=false
[2026-04-20 09:46:16] [DEBUG] 时间轴悬停调试: 
  - 鼠标位置: (694.3467, 76.40971)
  - 网格背景本地鼠标位置: (73.89783, 50.93981) (已自动剔除缩放变换)
  - 格子大小: 42.0 (ui_slot_size=40.0, ui_spacing=2.0)
  - 网格坐标: (1, 1)
  - 网格边界检查: true (范围: X[0-11], Y[0-2])
  - 拖拽偏移: (0.0, 0.0)
  - 目标中心: (694.3467, 76.40971)
  - 当前卡牌位置: (617.8688, -30.65943)
[2026-04-20 09:46:16] [DEBUG] 卡牌左上角计算: 大小=(125.0001, 175.0), 缩放=(1.223647, 1.223647), 左上角=(617.8688, -30.65943)
[2026-04-20 09:46:16] [DEBUG] 放置验证通过: shape_coords=[(0, 0)], origin=(1, 1), 所有坐标在网格范围内且无碰撞
[2026-04-20 09:46:16] [DEBUG] 更新网格预览: 形状=[(0, 0)], 原点=(1, 1), 有效=true, 全部在边界内=true, 敌人重叠=false
[2026-04-20 09:46:16] [DEBUG] 时间轴悬停调试: 
  - 鼠标位置: (686.3657, 76.40971)
  - 网格背景本地鼠标位置: (68.57715, 50.93981) (已自动剔除缩放变换)
  - 格子大小: 42.0 (ui_slot_size=40.0, ui_spacing=2.0)
  - 网格坐标: (1, 1)
  - 网格边界检查: true (范围: X[0-11], Y[0-2])
  - 拖拽偏移: (0.0, 0.0)
  - 目标中心: (686.3657, 76.40971)
  - 当前卡牌位置: (617.8688, -30.65943)
[2026-04-20 09:46:16] [DEBUG] 卡牌左上角计算: 大小=(125.0001, 175.0), 缩放=(1.223647, 1.223647), 左上角=(609.8878, -30.65943)
[2026-04-20 09:46:16] [DEBUG] 放置验证通过: shape_coords=[(0, 0)], origin=(1, 1), 所有坐标在网格范围内且无碰撞
[2026-04-20 09:46:16] [DEBUG] 更新网格预览: 形状=[(0, 0)], 原点=(1, 1), 有效=true, 全部在边界内=true, 敌人重叠=false
[2026-04-20 09:46:16] [DEBUG] 时间轴悬停调试: 
  - 鼠标位置: (681.8052, 75.26927)
  - 网格背景本地鼠标位置: (65.5368, 50.17952) (已自动剔除缩放变换)
  - 格子大小: 42.0 (ui_slot_size=40.0, ui_spacing=2.0)
  - 网格坐标: (1, 1)
  - 网格边界检查: true (范围: X[0-11], Y[0-2])
  - 拖拽偏移: (0.0, 0.0)
  - 目标中心: (681.8052, 75.26927)
  - 当前卡牌位置: (609.8877, -30.65943)
[2026-04-20 09:46:16] [DEBUG] 卡牌左上角计算: 大小=(125.0001, 175.0), 缩放=(1.223647, 1.223647), 左上角=(605.3272, -31.79987)
[2026-04-20 09:46:16] [DEBUG] 放置验证通过: shape_coords=[(0, 0)], origin=(1, 1), 所有坐标在网格范围内且无碰撞
[2026-04-20 09:46:16] [DEBUG] 更新网格预览: 形状=[(0, 0)], 原点=(1, 1), 有效=true, 全部在边界内=true, 敌人重叠=false
[2026-04-20 09:46:16] [DEBUG] 时间轴悬停调试: 
  - 鼠标位置: (681.8052, 75.26927)
  - 网格背景本地鼠标位置: (65.5368, 50.17952) (已自动剔除缩放变换)
  - 格子大小: 42.0 (ui_slot_size=40.0, ui_spacing=2.0)
  - 网格坐标: (1, 1)
  - 网格边界检查: true (范围: X[0-11], Y[0-2])
  - 拖拽偏移: (0.0, 0.0)
  - 目标中心: (681.8052, 75.26927)
  - 当前卡牌位置: (605.3271, -31.79987)
[2026-04-20 09:46:16] [DEBUG] 卡牌左上角计算: 大小=(125.0001, 175.0), 缩放=(1.223647, 1.223647), 左上角=(605.3272, -31.79987)
[2026-04-20 09:46:16] [DEBUG] 放置验证通过: shape_coords=[(0, 0)], origin=(1, 1), 所有坐标在网格范围内且无碰撞
[2026-04-20 09:46:16] [DEBUG] 更新网格预览: 形状=[(0, 0)], 原点=(1, 1), 有效=true, 全部在边界内=true, 敌人重叠=false
[2026-04-20 09:46:16] [DEBUG] 时间轴悬停调试: 
  - 鼠标位置: (678.3848, 75.26927)
  - 网格背景本地鼠标位置: (63.25653, 50.17952) (已自动剔除缩放变换)
  - 格子大小: 42.0 (ui_slot_size=40.0, ui_spacing=2.0)
  - 网格坐标: (1, 1)
  - 网格边界检查: true (范围: X[0-11], Y[0-2])
  - 拖拽偏移: (0.0, 0.0)
  - 目标中心: (678.3848, 75.26927)
  - 当前卡牌位置: (605.3271, -31.79987)
[2026-04-20 09:46:16] [DEBUG] 卡牌左上角计算: 大小=(125.0001, 175.0), 缩放=(1.223647, 1.223647), 左上角=(601.9068, -31.79987)
[2026-04-20 09:46:16] [DEBUG] 放置验证通过: shape_coords=[(0, 0)], origin=(1, 1), 所有坐标在网格范围内且无碰撞
[2026-04-20 09:46:16] [DEBUG] 更新网格预览: 形状=[(0, 0)], 原点=(1, 1), 有效=true, 全部在边界内=true, 敌人重叠=false
[2026-04-20 09:46:16] [DEBUG] 时间轴悬停调试: 
  - 鼠标位置: (672.684, 75.26927)
  - 网格背景本地鼠标位置: (59.45602, 50.17952) (已自动剔除缩放变换)
  - 格子大小: 42.0 (ui_slot_size=40.0, ui_spacing=2.0)
  - 网格坐标: (1, 1)
  - 网格边界检查: true (范围: X[0-11], Y[0-2])
  - 拖拽偏移: (0.0, 0.0)
  - 目标中心: (672.684, 75.26927)
  - 当前卡牌位置: (601.9067, -31.79987)
[2026-04-20 09:46:16] [DEBUG] 卡牌左上角计算: 大小=(125.0001, 175.0), 缩放=(1.223647, 1.223647), 左上角=(596.2061, -31.79987)
[2026-04-20 09:46:16] [DEBUG] 放置验证通过: shape_coords=[(0, 0)], origin=(1, 1), 所有坐标在网格范围内且无碰撞
[2026-04-20 09:46:16] [DEBUG] 更新网格预览: 形状=[(0, 0)], 原点=(1, 1), 有效=true, 全部在边界内=true, 敌人重叠=false
[2026-04-20 09:46:16] [DEBUG] 时间轴悬停调试: 
  - 鼠标位置: (664.7031, 75.26927)
  - 网格背景本地鼠标位置: (54.13538, 50.17952) (已自动剔除缩放变换)
  - 格子大小: 42.0 (ui_slot_size=40.0, ui_spacing=2.0)
  - 网格坐标: (1, 1)
  - 网格边界检查: true (范围: X[0-11], Y[0-2])
  - 拖拽偏移: (0.0, 0.0)
  - 目标中心: (664.7031, 75.26927)
  - 当前卡牌位置: (596.2061, -31.79987)
[2026-04-20 09:46:16] [DEBUG] 卡牌左上角计算: 大小=(125.0001, 175.0), 缩放=(1.223647, 1.223647), 左上角=(588.2251, -31.79987)
[2026-04-20 09:46:16] [DEBUG] 放置验证通过: shape_coords=[(0, 0)], origin=(1, 1), 所有坐标在网格范围内且无碰撞
[2026-04-20 09:46:16] [DEBUG] 更新网格预览: 形状=[(0, 0)], 原点=(1, 1), 有效=true, 全部在边界内=true, 敌人重叠=false
[2026-04-20 09:46:16] [DEBUG] 时间轴悬停调试: 
  - 鼠标位置: (664.7031, 75.26927)
  - 网格背景本地鼠标位置: (54.13538, 50.17952) (已自动剔除缩放变换)
  - 格子大小: 42.0 (ui_slot_size=40.0, ui_spacing=2.0)
  - 网格坐标: (1, 1)
  - 网格边界检查: true (范围: X[0-11], Y[0-2])
  - 拖拽偏移: (0.0, 0.0)
  - 目标中心: (664.7031, 75.26927)
  - 当前卡牌位置: (588.2251, -31.79987)
[2026-04-20 09:46:16] [DEBUG] 卡牌左上角计算: 大小=(125.0001, 175.0), 缩放=(1.223647, 1.223647), 左上角=(588.2251, -31.79987)
[2026-04-20 09:46:16] [DEBUG] 放置验证通过: shape_coords=[(0, 0)], origin=(1, 1), 所有坐标在网格范围内且无碰撞
[2026-04-20 09:46:16] [DEBUG] 更新网格预览: 形状=[(0, 0)], 原点=(1, 1), 有效=true, 全部在边界内=true, 敌人重叠=false
[2026-04-20 09:46:16] [DEBUG] 时间轴悬停调试: 
  - 鼠标位置: (656.722, 75.26927)
  - 网格背景本地鼠标位置: (48.8147, 50.17952) (已自动剔除缩放变换)
  - 格子大小: 42.0 (ui_slot_size=40.0, ui_spacing=2.0)
  - 网格坐标: (1, 1)
  - 网格边界检查: true (范围: X[0-11], Y[0-2])
  - 拖拽偏移: (0.0, 0.0)
  - 目标中心: (656.722, 75.26927)
  - 当前卡牌位置: (588.2251, -31.79987)
[2026-04-20 09:46:16] [DEBUG] 卡牌左上角计算: 大小=(125.0001, 175.0), 缩放=(1.223647, 1.223647), 左上角=(580.2441, -31.79987)
[2026-04-20 09:46:16] [DEBUG] 放置验证通过: shape_coords=[(0, 0)], origin=(1, 1), 所有坐标在网格范围内且无碰撞
[2026-04-20 09:46:16] [DEBUG] 更新网格预览: 形状=[(0, 0)], 原点=(1, 1), 有效=true, 全部在边界内=true, 敌人重叠=false
[2026-04-20 09:46:16] [DEBUG] 时间轴悬停调试: 
  - 鼠标位置: (640.7601, 79.83104)
  - 网格背景本地鼠标位置: (38.1734, 53.2207) (已自动剔除缩放变换)
  - 格子大小: 42.0 (ui_slot_size=40.0, ui_spacing=2.0)
  - 网格坐标: (0, 1)
  - 网格边界检查: true (范围: X[0-11], Y[0-2])
  - 拖拽偏移: (0.0, 0.0)
  - 目标中心: (640.7601, 79.83104)
  - 当前卡牌位置: (580.244, -31.79987)
[2026-04-20 09:46:16] [DEBUG] 卡牌左上角计算: 大小=(125.0001, 175.0), 缩放=(1.223647, 1.223647), 左上角=(564.2821, -27.23811)
[2026-04-20 09:46:16] [DEBUG] 放置验证通过: shape_coords=[(0, 0)], origin=(0, 1), 所有坐标在网格范围内且无碰撞
[2026-04-20 09:46:16] [DEBUG] 更新预览位置: (0, 1), 有效: true
[2026-04-20 09:46:16] [DEBUG] 设置预览容器位置: (583.5, 0.0)
[2026-04-20 09:46:16] [DEBUG] 设置预览方块位置: 方块索引=0, 网格坐标=(0, 1), 像素位置=(0.0, 42.0)
[2026-04-20 09:46:16] [DEBUG] 更新网格预览: 形状=[(0, 0)], 原点=(0, 1), 有效=true, 全部在边界内=true, 敌人重叠=false
[2026-04-20 09:46:16] [DEBUG] 时间轴悬停调试: 
  - 鼠标位置: (640.7601, 79.83104)
  - 网格背景本地鼠标位置: (38.1734, 53.2207) (已自动剔除缩放变换)
  - 格子大小: 42.0 (ui_slot_size=40.0, ui_spacing=2.0)
  - 网格坐标: (0, 1)
  - 网格边界检查: true (范围: X[0-11], Y[0-2])
  - 拖拽偏移: (0.0, 0.0)
  - 目标中心: (640.7601, 79.83104)
  - 当前卡牌位置: (564.2821, -27.23811)
[2026-04-20 09:46:16] [DEBUG] 卡牌左上角计算: 大小=(125.0001, 175.0), 缩放=(1.223647, 1.223647), 左上角=(564.2821, -27.23811)
[2026-04-20 09:46:16] [DEBUG] 放置验证通过: shape_coords=[(0, 0)], origin=(0, 1), 所有坐标在网格范围内且无碰撞
[2026-04-20 09:46:16] [DEBUG] 更新网格预览: 形状=[(0, 0)], 原点=(0, 1), 有效=true, 全部在边界内=true, 敌人重叠=false
[2026-04-20 09:46:16] [DEBUG] 时间轴悬停调试: 
  - 鼠标位置: (636.1995, 79.83104)
  - 网格背景本地鼠标位置: (35.133, 53.2207) (已自动剔除缩放变换)
  - 格子大小: 42.0 (ui_slot_size=40.0, ui_spacing=2.0)
  - 网格坐标: (0, 1)
  - 网格边界检查: true (范围: X[0-11], Y[0-2])
  - 拖拽偏移: (0.0, 0.0)
  - 目标中心: (636.1995, 79.83104)
  - 当前卡牌位置: (564.2821, -27.23811)
[2026-04-20 09:46:16] [DEBUG] 卡牌左上角计算: 大小=(125.0001, 175.0), 缩放=(1.223647, 1.223647), 左上角=(559.7215, -27.23811)
[2026-04-20 09:46:16] [DEBUG] 放置验证通过: shape_coords=[(0, 0)], origin=(0, 1), 所有坐标在网格范围内且无碰撞
[2026-04-20 09:46:16] [DEBUG] 更新网格预览: 形状=[(0, 0)], 原点=(0, 1), 有效=true, 全部在边界内=true, 敌人重叠=false
[2026-04-20 09:46:16] [DEBUG] 时间轴悬停调试: 
  - 鼠标位置: (632.7791, 82.11194)
  - 网格背景本地鼠标位置: (32.85272, 54.74129) (已自动剔除缩放变换)
  - 格子大小: 42.0 (ui_slot_size=40.0, ui_spacing=2.0)
  - 网格坐标: (0, 1)
  - 网格边界检查: true (范围: X[0-11], Y[0-2])
  - 拖拽偏移: (0.0, 0.0)
  - 目标中心: (632.7791, 82.11194)
  - 当前卡牌位置: (559.7214, -27.23811)
[2026-04-20 09:46:16] [DEBUG] 卡牌左上角计算: 大小=(125.0001, 175.0), 缩放=(1.223647, 1.223647), 左上角=(556.3011, -24.95721)
[2026-04-20 09:46:16] [DEBUG] 放置验证通过: shape_coords=[(0, 0)], origin=(0, 1), 所有坐标在网格范围内且无碰撞
[2026-04-20 09:46:16] [DEBUG] 更新网格预览: 形状=[(0, 0)], 原点=(0, 1), 有效=true, 全部在边界内=true, 敌人重叠=false
[2026-04-20 09:46:16] [DEBUG] 时间轴悬停调试: 
  - 鼠标位置: (632.7791, 82.11194)
  - 网格背景本地鼠标位置: (32.85272, 54.74129) (已自动剔除缩放变换)
  - 格子大小: 42.0 (ui_slot_size=40.0, ui_spacing=2.0)
  - 网格坐标: (0, 1)
  - 网格边界检查: true (范围: X[0-11], Y[0-2])
  - 拖拽偏移: (0.0, 0.0)
  - 目标中心: (632.7791, 82.11194)
  - 当前卡牌位置: (556.301, -24.95721)
[2026-04-20 09:46:16] [DEBUG] 卡牌左上角计算: 大小=(125.0001, 175.0), 缩放=(1.223647, 1.223647), 左上角=(556.3011, -24.95721)
[2026-04-20 09:46:16] [DEBUG] 放置验证通过: shape_coords=[(0, 0)], origin=(0, 1), 所有坐标在网格范围内且无碰撞
[2026-04-20 09:46:16] [DEBUG] 更新网格预览: 形状=[(0, 0)], 原点=(0, 1), 有效=true, 全部在边界内=true, 敌人重叠=false
[2026-04-20 09:46:16] [DEBUG] 时间轴悬停调试: 
  - 鼠标位置: (625.9382, 83.25238)
  - 网格背景本地鼠标位置: (28.29211, 55.50159) (已自动剔除缩放变换)
  - 格子大小: 42.0 (ui_slot_size=40.0, ui_spacing=2.0)
  - 网格坐标: (0, 1)
  - 网格边界检查: true (范围: X[0-11], Y[0-2])
  - 拖拽偏移: (0.0, 0.0)
  - 目标中心: (625.9382, 83.25238)
  - 当前卡牌位置: (556.301, -24.95721)
[2026-04-20 09:46:16] [DEBUG] 卡牌左上角计算: 大小=(125.0001, 175.0), 缩放=(1.223647, 1.223647), 左上角=(549.4602, -23.81676)
[2026-04-20 09:46:16] [DEBUG] 放置验证通过: shape_coords=[(0, 0)], origin=(0, 1), 所有坐标在网格范围内且无碰撞
[2026-04-20 09:46:16] [DEBUG] 更新网格预览: 形状=[(0, 0)], 原点=(0, 1), 有效=true, 全部在边界内=true, 敌人重叠=false
[2026-04-20 09:46:16] [DEBUG] 时间轴悬停调试: 
  - 鼠标位置: (624.798, 84.39282)
  - 网格背景本地鼠标位置: (27.53204, 56.26188) (已自动剔除缩放变换)
  - 格子大小: 42.0 (ui_slot_size=40.0, ui_spacing=2.0)
  - 网格坐标: (0, 1)
  - 网格边界检查: true (范围: X[0-11], Y[0-2])
  - 拖拽偏移: (0.0, 0.0)
  - 目标中心: (624.798, 84.39282)
  - 当前卡牌位置: (549.4602, -23.81676)
[2026-04-20 09:46:16] [DEBUG] 卡牌左上角计算: 大小=(125.0001, 175.0), 缩放=(1.223647, 1.223647), 左上角=(548.3201, -22.67632)
[2026-04-20 09:46:16] [DEBUG] 放置验证通过: shape_coords=[(0, 0)], origin=(0, 1), 所有坐标在网格范围内且无碰撞
[2026-04-20 09:46:16] [DEBUG] 更新网格预览: 形状=[(0, 0)], 原点=(0, 1), 有效=true, 全部在边界内=true, 敌人重叠=false
[2026-04-20 09:46:16] [DEBUG] 时间轴悬停调试: 
  - 鼠标位置: (624.798, 84.39282)
  - 网格背景本地鼠标位置: (27.53204, 56.26188) (已自动剔除缩放变换)
  - 格子大小: 42.0 (ui_slot_size=40.0, ui_spacing=2.0)
  - 网格坐标: (0, 1)
  - 网格边界检查: true (范围: X[0-11], Y[0-2])
  - 拖拽偏移: (0.0, 0.0)
  - 目标中心: (624.798, 84.39282)
  - 当前卡牌位置: (548.3201, -22.67632)
[2026-04-20 09:46:16] [DEBUG] 卡牌左上角计算: 大小=(125.0001, 175.0), 缩放=(1.223647, 1.223647), 左上角=(548.3201, -22.67632)
[2026-04-20 09:46:16] [DEBUG] 放置验证通过: shape_coords=[(0, 0)], origin=(0, 1), 所有坐标在网格范围内且无碰撞
[2026-04-20 09:46:16] [DEBUG] 更新网格预览: 形状=[(0, 0)], 原点=(0, 1), 有效=true, 全部在边界内=true, 敌人重叠=false
[2026-04-20 09:46:16] [DEBUG] 时间轴悬停调试: 
  - 鼠标位置: (623.6579, 84.39282)
  - 网格背景本地鼠标位置: (26.77194, 56.26188) (已自动剔除缩放变换)
  - 格子大小: 42.0 (ui_slot_size=40.0, ui_spacing=2.0)
  - 网格坐标: (0, 1)
  - 网格边界检查: true (范围: X[0-11], Y[0-2])
  - 拖拽偏移: (0.0, 0.0)
  - 目标中心: (623.6579, 84.39282)
  - 当前卡牌位置: (548.3201, -22.67632)
[2026-04-20 09:46:16] [DEBUG] 卡牌左上角计算: 大小=(125.0001, 175.0), 缩放=(1.223647, 1.223647), 左上角=(547.1799, -22.67632)
[2026-04-20 09:46:16] [DEBUG] 放置验证通过: shape_coords=[(0, 0)], origin=(0, 1), 所有坐标在网格范围内且无碰撞
[2026-04-20 09:46:16] [DEBUG] 更新网格预览: 形状=[(0, 0)], 原点=(0, 1), 有效=true, 全部在边界内=true, 敌人重叠=false
[2026-04-20 09:46:16] [DEBUG] 时间轴悬停调试: 
  - 鼠标位置: (622.5178, 84.39282)
  - 网格背景本地鼠标位置: (26.01184, 56.26188) (已自动剔除缩放变换)
  - 格子大小: 42.0 (ui_slot_size=40.0, ui_spacing=2.0)
  - 网格坐标: (0, 1)
  - 网格边界检查: true (范围: X[0-11], Y[0-2])
  - 拖拽偏移: (0.0, 0.0)
  - 目标中心: (622.5178, 84.39282)
  - 当前卡牌位置: (547.1799, -22.67632)
[2026-04-20 09:46:16] [DEBUG] 卡牌左上角计算: 大小=(125.0001, 175.0), 缩放=(1.223647, 1.223647), 左上角=(546.0398, -22.67632)
[2026-04-20 09:46:16] [DEBUG] 放置验证通过: shape_coords=[(0, 0)], origin=(0, 1), 所有坐标在网格范围内且无碰撞
[2026-04-20 09:46:16] [DEBUG] 更新网格预览: 形状=[(0, 0)], 原点=(0, 1), 有效=true, 全部在边界内=true, 敌人重叠=false
[2026-04-20 09:46:16] [DEBUG] 时间轴悬停调试: 
  - 鼠标位置: (621.3776, 84.39282)
  - 网格背景本地鼠标位置: (25.25177, 56.26188) (已自动剔除缩放变换)
  - 格子大小: 42.0 (ui_slot_size=40.0, ui_spacing=2.0)
  - 网格坐标: (0, 1)
  - 网格边界检查: true (范围: X[0-11], Y[0-2])
  - 拖拽偏移: (0.0, 0.0)
  - 目标中心: (621.3776, 84.39282)
  - 当前卡牌位置: (546.0398, -22.67632)
[2026-04-20 09:46:16] [DEBUG] 卡牌左上角计算: 大小=(125.0001, 175.0), 缩放=(1.223647, 1.223647), 左上角=(544.8997, -22.67632)
[2026-04-20 09:46:16] [DEBUG] 放置验证通过: shape_coords=[(0, 0)], origin=(0, 1), 所有坐标在网格范围内且无碰撞
[2026-04-20 09:46:16] [DEBUG] 更新网格预览: 形状=[(0, 0)], 原点=(0, 1), 有效=true, 全部在边界内=true, 敌人重叠=false
[2026-04-20 09:46:16] [DEBUG] 时间轴悬停调试: 
  - 鼠标位置: (621.3776, 84.39282)
  - 网格背景本地鼠标位置: (25.25177, 56.26188) (已自动剔除缩放变换)
  - 格子大小: 42.0 (ui_slot_size=40.0, ui_spacing=2.0)
  - 网格坐标: (0, 1)
  - 网格边界检查: true (范围: X[0-11], Y[0-2])
  - 拖拽偏移: (0.0, 0.0)
  - 目标中心: (621.3776, 84.39282)
  - 当前卡牌位置: (544.8997, -22.67632)
[2026-04-20 09:46:16] [DEBUG] 卡牌左上角计算: 大小=(125.0001, 175.0), 缩放=(1.223647, 1.223647), 左上角=(544.8997, -22.67632)
[2026-04-20 09:46:16] [DEBUG] 放置验证通过: shape_coords=[(0, 0)], origin=(0, 1), 所有坐标在网格范围内且无碰撞
[2026-04-20 09:46:16] [DEBUG] 更新网格预览: 形状=[(0, 0)], 原点=(0, 1), 有效=true, 全部在边界内=true, 敌人重叠=false
[2026-04-20 09:46:16] [DEBUG] 时间轴悬停调试: 
  - 鼠标位置: (621.3776, 84.39282)
  - 网格背景本地鼠标位置: (25.25177, 56.26188) (已自动剔除缩放变换)
  - 格子大小: 42.0 (ui_slot_size=40.0, ui_spacing=2.0)
  - 网格坐标: (0, 1)
  - 网格边界检查: true (范围: X[0-11], Y[0-2])
  - 拖拽偏移: (0.0, 0.0)
  - 目标中心: (621.3776, 84.39282)
  - 当前卡牌位置: (544.8997, -22.67632)
[2026-04-20 09:46:16] [DEBUG] 卡牌左上角计算: 大小=(125.0001, 175.0), 缩放=(1.223647, 1.223647), 左上角=(544.8997, -22.67632)
[2026-04-20 09:46:16] [DEBUG] 放置验证通过: shape_coords=[(0, 0)], origin=(0, 1), 所有坐标在网格范围内且无碰撞
[2026-04-20 09:46:16] [DEBUG] 更新网格预览: 形状=[(0, 0)], 原点=(0, 1), 有效=true, 全部在边界内=true, 敌人重叠=false
[2026-04-20 09:46:16] [DEBUG] 时间轴悬停调试: 
  - 鼠标位置: (621.3776, 84.39282)
  - 网格背景本地鼠标位置: (25.25177, 56.26188) (已自动剔除缩放变换)
  - 格子大小: 42.0 (ui_slot_size=40.0, ui_spacing=2.0)
  - 网格坐标: (0, 1)
  - 网格边界检查: true (范围: X[0-11], Y[0-2])
  - 拖拽偏移: (0.0, 0.0)
  - 目标中心: (621.3776, 84.39282)
  - 当前卡牌位置: (544.8997, -22.67632)
[2026-04-20 09:46:16] [DEBUG] 卡牌左上角计算: 大小=(125.0001, 175.0), 缩放=(1.223647, 1.223647), 左上角=(544.8997, -22.67632)
[2026-04-20 09:46:16] [DEBUG] 放置验证通过: shape_coords=[(0, 0)], origin=(0, 1), 所有坐标在网格范围内且无碰撞
[2026-04-20 09:46:16] [DEBUG] 更新网格预览: 形状=[(0, 0)], 原点=(0, 1), 有效=true, 全部在边界内=true, 敌人重叠=false
[2026-04-20 09:46:16] [DEBUG] 时间轴悬停调试: 
  - 鼠标位置: (621.3776, 84.39282)
  - 网格背景本地鼠标位置: (25.25177, 56.26188) (已自动剔除缩放变换)
  - 格子大小: 42.0 (ui_slot_size=40.0, ui_spacing=2.0)
  - 网格坐标: (0, 1)
  - 网格边界检查: true (范围: X[0-11], Y[0-2])
  - 拖拽偏移: (0.0, 0.0)
  - 目标中心: (621.3776, 84.39282)
  - 当前卡牌位置: (544.8997, -22.67632)
[2026-04-20 09:46:16] [DEBUG] 卡牌左上角计算: 大小=(125.0001, 175.0), 缩放=(1.223647, 1.223647), 左上角=(544.8997, -22.67632)
[2026-04-20 09:46:16] [DEBUG] 放置验证通过: shape_coords=[(0, 0)], origin=(0, 1), 所有坐标在网格范围内且无碰撞
[2026-04-20 09:46:16] [DEBUG] 更新网格预览: 形状=[(0, 0)], 原点=(0, 1), 有效=true, 全部在边界内=true, 敌人重叠=false
[2026-04-20 09:46:16] [DEBUG] 时间轴悬停调试: 
  - 鼠标位置: (621.3776, 84.39282)
  - 网格背景本地鼠标位置: (25.25177, 56.26188) (已自动剔除缩放变换)
  - 格子大小: 42.0 (ui_slot_size=40.0, ui_spacing=2.0)
  - 网格坐标: (0, 1)
  - 网格边界检查: true (范围: X[0-11], Y[0-2])
  - 拖拽偏移: (0.0, 0.0)
  - 目标中心: (621.3776, 84.39282)
  - 当前卡牌位置: (544.8997, -22.67632)
[2026-04-20 09:46:16] [DEBUG] 卡牌左上角计算: 大小=(125.0001, 175.0), 缩放=(1.223647, 1.223647), 左上角=(544.8997, -22.67632)
[2026-04-20 09:46:16] [DEBUG] 放置验证通过: shape_coords=[(0, 0)], origin=(0, 1), 所有坐标在网格范围内且无碰撞
[2026-04-20 09:46:16] [DEBUG] 更新网格预览: 形状=[(0, 0)], 原点=(0, 1), 有效=true, 全部在边界内=true, 敌人重叠=false
[2026-04-20 09:46:16] [DEBUG] 时间轴悬停调试: 
  - 鼠标位置: (621.3776, 84.39282)
  - 网格背景本地鼠标位置: (25.25177, 56.26188) (已自动剔除缩放变换)
  - 格子大小: 42.0 (ui_slot_size=40.0, ui_spacing=2.0)
  - 网格坐标: (0, 1)
  - 网格边界检查: true (范围: X[0-11], Y[0-2])
  - 拖拽偏移: (0.0, 0.0)
  - 目标中心: (621.3776, 84.39282)
  - 当前卡牌位置: (544.8997, -22.67632)
[2026-04-20 09:46:16] [DEBUG] 卡牌左上角计算: 大小=(125.0001, 175.0), 缩放=(1.223647, 1.223647), 左上角=(544.8997, -22.67632)
[2026-04-20 09:46:16] [DEBUG] 放置验证通过: shape_coords=[(0, 0)], origin=(0, 1), 所有坐标在网格范围内且无碰撞
[2026-04-20 09:46:16] [DEBUG] 更新网格预览: 形状=[(0, 0)], 原点=(0, 1), 有效=true, 全部在边界内=true, 敌人重叠=false
[2026-04-20 09:46:16] [DEBUG] 时间轴悬停调试: 
  - 鼠标位置: (621.3776, 84.39282)
  - 网格背景本地鼠标位置: (25.25177, 56.26188) (已自动剔除缩放变换)
  - 格子大小: 42.0 (ui_slot_size=40.0, ui_spacing=2.0)
  - 网格坐标: (0, 1)
  - 网格边界检查: true (范围: X[0-11], Y[0-2])
  - 拖拽偏移: (0.0, 0.0)
  - 目标中心: (621.3776, 84.39282)
  - 当前卡牌位置: (544.8997, -22.67632)
[2026-04-20 09:46:16] [DEBUG] 卡牌左上角计算: 大小=(125.0001, 175.0), 缩放=(1.223647, 1.223647), 左上角=(544.8997, -22.67632)
[2026-04-20 09:46:16] [DEBUG] 放置验证通过: shape_coords=[(0, 0)], origin=(0, 1), 所有坐标在网格范围内且无碰撞
[2026-04-20 09:46:16] [DEBUG] 更新网格预览: 形状=[(0, 0)], 原点=(0, 1), 有效=true, 全部在边界内=true, 敌人重叠=false
[2026-04-20 09:46:16] [DEBUG] 时间轴悬停调试: 
  - 鼠标位置: (621.3776, 84.39282)
  - 网格背景本地鼠标位置: (25.25177, 56.26188) (已自动剔除缩放变换)
  - 格子大小: 42.0 (ui_slot_size=40.0, ui_spacing=2.0)
  - 网格坐标: (0, 1)
  - 网格边界检查: true (范围: X[0-11], Y[0-2])
  - 拖拽偏移: (0.0, 0.0)
  - 目标中心: (621.3776, 84.39282)
  - 当前卡牌位置: (544.8997, -22.67632)
[2026-04-20 09:46:16] [DEBUG] 卡牌左上角计算: 大小=(125.0001, 175.0), 缩放=(1.223647, 1.223647), 左上角=(544.8997, -22.67632)
[2026-04-20 09:46:16] [DEBUG] 放置验证通过: shape_coords=[(0, 0)], origin=(0, 1), 所有坐标在网格范围内且无碰撞
[2026-04-20 09:46:16] [DEBUG] 更新网格预览: 形状=[(0, 0)], 原点=(0, 1), 有效=true, 全部在边界内=true, 敌人重叠=false
[2026-04-20 09:46:16] [DEBUG] 时间轴悬停调试: 
  - 鼠标位置: (621.3776, 84.39282)
  - 网格背景本地鼠标位置: (25.25177, 56.26188) (已自动剔除缩放变换)
  - 格子大小: 42.0 (ui_slot_size=40.0, ui_spacing=2.0)
  - 网格坐标: (0, 1)
  - 网格边界检查: true (范围: X[0-11], Y[0-2])
  - 拖拽偏移: (0.0, 0.0)
  - 目标中心: (621.3776, 84.39282)
  - 当前卡牌位置: (544.8997, -22.67632)
[2026-04-20 09:46:16] [DEBUG] 卡牌左上角计算: 大小=(125.0001, 175.0), 缩放=(1.223647, 1.223647), 左上角=(544.8997, -22.67632)
[2026-04-20 09:46:16] [DEBUG] 放置验证通过: shape_coords=[(0, 0)], origin=(0, 1), 所有坐标在网格范围内且无碰撞
[2026-04-20 09:46:16] [DEBUG] 更新网格预览: 形状=[(0, 0)], 原点=(0, 1), 有效=true, 全部在边界内=true, 敌人重叠=false
[2026-04-20 09:46:17] [DEBUG] 时间轴悬停调试: 
  - 鼠标位置: (621.3776, 84.39282)
  - 网格背景本地鼠标位置: (25.25177, 56.26188) (已自动剔除缩放变换)
  - 格子大小: 42.0 (ui_slot_size=40.0, ui_spacing=2.0)
  - 网格坐标: (0, 1)
  - 网格边界检查: true (范围: X[0-11], Y[0-2])
  - 拖拽偏移: (0.0, 0.0)
  - 目标中心: (621.3776, 84.39282)
  - 当前卡牌位置: (544.8997, -22.67632)
[2026-04-20 09:46:17] [DEBUG] 卡牌左上角计算: 大小=(125.0001, 175.0), 缩放=(1.223647, 1.223647), 左上角=(544.8997, -22.67632)
[2026-04-20 09:46:17] [DEBUG] 放置验证通过: shape_coords=[(0, 0)], origin=(0, 1), 所有坐标在网格范围内且无碰撞
[2026-04-20 09:46:17] [DEBUG] 更新网格预览: 形状=[(0, 0)], 原点=(0, 1), 有效=true, 全部在边界内=true, 敌人重叠=false
[2026-04-20 09:46:17] [DEBUG] 时间轴悬停调试: 
  - 鼠标位置: (621.3776, 84.39282)
  - 网格背景本地鼠标位置: (25.25177, 56.26188) (已自动剔除缩放变换)
  - 格子大小: 42.0 (ui_slot_size=40.0, ui_spacing=2.0)
  - 网格坐标: (0, 1)
  - 网格边界检查: true (范围: X[0-11], Y[0-2])
  - 拖拽偏移: (0.0, 0.0)
  - 目标中心: (621.3776, 84.39282)
  - 当前卡牌位置: (544.8997, -22.67632)
[2026-04-20 09:46:17] [DEBUG] 卡牌左上角计算: 大小=(125.0001, 175.0), 缩放=(1.223647, 1.223647), 左上角=(544.8997, -22.67632)
[2026-04-20 09:46:17] [DEBUG] 放置验证通过: shape_coords=[(0, 0)], origin=(0, 1), 所有坐标在网格范围内且无碰撞
[2026-04-20 09:46:17] [DEBUG] 更新网格预览: 形状=[(0, 0)], 原点=(0, 1), 有效=true, 全部在边界内=true, 敌人重叠=false
[2026-04-20 09:46:17] [DEBUG] 时间轴悬停调试: 
  - 鼠标位置: (621.3776, 84.39282)
  - 网格背景本地鼠标位置: (25.25177, 56.26188) (已自动剔除缩放变换)
  - 格子大小: 42.0 (ui_slot_size=40.0, ui_spacing=2.0)
  - 网格坐标: (0, 1)
  - 网格边界检查: true (范围: X[0-11], Y[0-2])
  - 拖拽偏移: (0.0, 0.0)
  - 目标中心: (621.3776, 84.39282)
  - 当前卡牌位置: (544.8997, -22.67632)
[2026-04-20 09:46:17] [DEBUG] 卡牌左上角计算: 大小=(125.0001, 175.0), 缩放=(1.223647, 1.223647), 左上角=(544.8997, -22.67632)
[2026-04-20 09:46:17] [DEBUG] 放置验证通过: shape_coords=[(0, 0)], origin=(0, 1), 所有坐标在网格范围内且无碰撞
[2026-04-20 09:46:17] [DEBUG] 更新网格预览: 形状=[(0, 0)], 原点=(0, 1), 有效=true, 全部在边界内=true, 敌人重叠=false
[2026-04-20 09:46:17] [DEBUG] 时间轴悬停调试: 
  - 鼠标位置: (621.3776, 84.39282)
  - 网格背景本地鼠标位置: (25.25177, 56.26188) (已自动剔除缩放变换)
  - 格子大小: 42.0 (ui_slot_size=40.0, ui_spacing=2.0)
  - 网格坐标: (0, 1)
  - 网格边界检查: true (范围: X[0-11], Y[0-2])
  - 拖拽偏移: (0.0, 0.0)
  - 目标中心: (621.3776, 84.39282)
  - 当前卡牌位置: (544.8997, -22.67632)
[2026-04-20 09:46:17] [DEBUG] 卡牌左上角计算: 大小=(125.0001, 175.0), 缩放=(1.223647, 1.223647), 左上角=(544.8997, -22.67632)
[2026-04-20 09:46:17] [DEBUG] 放置验证通过: shape_coords=[(0, 0)], origin=(0, 1), 所有坐标在网格范围内且无碰撞
[2026-04-20 09:46:17] [DEBUG] 更新网格预览: 形状=[(0, 0)], 原点=(0, 1), 有效=true, 全部在边界内=true, 敌人重叠=false
[2026-04-20 09:46:17] [DEBUG] 时间轴悬停调试: 
  - 鼠标位置: (621.3776, 84.39282)
  - 网格背景本地鼠标位置: (25.25177, 56.26188) (已自动剔除缩放变换)
  - 格子大小: 42.0 (ui_slot_size=40.0, ui_spacing=2.0)
  - 网格坐标: (0, 1)
  - 网格边界检查: true (范围: X[0-11], Y[0-2])
  - 拖拽偏移: (0.0, 0.0)
  - 目标中心: (621.3776, 84.39282)
  - 当前卡牌位置: (544.8997, -22.67632)
[2026-04-20 09:46:17] [DEBUG] 卡牌左上角计算: 大小=(125.0001, 175.0), 缩放=(1.223647, 1.223647), 左上角=(544.8997, -22.67632)
[2026-04-20 09:46:17] [DEBUG] 放置验证通过: shape_coords=[(0, 0)], origin=(0, 1), 所有坐标在网格范围内且无碰撞
[2026-04-20 09:46:17] [DEBUG] 更新网格预览: 形状=[(0, 0)], 原点=(0, 1), 有效=true, 全部在边界内=true, 敌人重叠=false
[2026-04-20 09:46:17] [DEBUG] 时间轴悬停调试: 
  - 鼠标位置: (621.3776, 84.39282)
  - 网格背景本地鼠标位置: (25.25177, 56.26188) (已自动剔除缩放变换)
  - 格子大小: 42.0 (ui_slot_size=40.0, ui_spacing=2.0)
  - 网格坐标: (0, 1)
  - 网格边界检查: true (范围: X[0-11], Y[0-2])
  - 拖拽偏移: (0.0, 0.0)
  - 目标中心: (621.3776, 84.39282)
  - 当前卡牌位置: (544.8997, -22.67632)
[2026-04-20 09:46:17] [DEBUG] 卡牌左上角计算: 大小=(125.0001, 175.0), 缩放=(1.223647, 1.223647), 左上角=(544.8997, -22.67632)
[2026-04-20 09:46:17] [DEBUG] 放置验证通过: shape_coords=[(0, 0)], origin=(0, 1), 所有坐标在网格范围内且无碰撞
[2026-04-20 09:46:17] [DEBUG] 更新网格预览: 形状=[(0, 0)], 原点=(0, 1), 有效=true, 全部在边界内=true, 敌人重叠=false
[2026-04-20 09:46:17] [DEBUG] 时间轴悬停调试: 
  - 鼠标位置: (621.3776, 84.39282)
  - 网格背景本地鼠标位置: (25.25177, 56.26188) (已自动剔除缩放变换)
  - 格子大小: 42.0 (ui_slot_size=40.0, ui_spacing=2.0)
  - 网格坐标: (0, 1)
  - 网格边界检查: true (范围: X[0-11], Y[0-2])
  - 拖拽偏移: (0.0, 0.0)
  - 目标中心: (621.3776, 84.39282)
  - 当前卡牌位置: (544.8997, -22.67632)
[2026-04-20 09:46:17] [DEBUG] 卡牌左上角计算: 大小=(125.0001, 175.0), 缩放=(1.223647, 1.223647), 左上角=(544.8997, -22.67632)
[2026-04-20 09:46:17] [DEBUG] 放置验证通过: shape_coords=[(0, 0)], origin=(0, 1), 所有坐标在网格范围内且无碰撞
[2026-04-20 09:46:17] [DEBUG] 更新网格预览: 形状=[(0, 0)], 原点=(0, 1), 有效=true, 全部在边界内=true, 敌人重叠=false
[2026-04-20 09:46:17] [DEBUG] 时间轴悬停调试: 
  - 鼠标位置: (621.3776, 84.39282)
  - 网格背景本地鼠标位置: (25.25177, 56.26188) (已自动剔除缩放变换)
  - 格子大小: 42.0 (ui_slot_size=40.0, ui_spacing=2.0)
  - 网格坐标: (0, 1)
  - 网格边界检查: true (范围: X[0-11], Y[0-2])
  - 拖拽偏移: (0.0, 0.0)
  - 目标中心: (621.3776, 84.39282)
  - 当前卡牌位置: (544.8997, -22.67632)
[2026-04-20 09:46:17] [DEBUG] 卡牌左上角计算: 大小=(125.0001, 175.0), 缩放=(1.223647, 1.223647), 左上角=(544.8997, -22.67632)
[2026-04-20 09:46:17] [DEBUG] 放置验证通过: shape_coords=[(0, 0)], origin=(0, 1), 所有坐标在网格范围内且无碰撞
[2026-04-20 09:46:17] [DEBUG] 更新网格预览: 形状=[(0, 0)], 原点=(0, 1), 有效=true, 全部在边界内=true, 敌人重叠=false
[2026-04-20 09:46:17] [DEBUG] 时间轴悬停调试: 
  - 鼠标位置: (621.3776, 84.39282)
  - 网格背景本地鼠标位置: (25.25177, 56.26188) (已自动剔除缩放变换)
  - 格子大小: 42.0 (ui_slot_size=40.0, ui_spacing=2.0)
  - 网格坐标: (0, 1)
  - 网格边界检查: true (范围: X[0-11], Y[0-2])
  - 拖拽偏移: (0.0, 0.0)
  - 目标中心: (621.3776, 84.39282)
  - 当前卡牌位置: (544.8997, -22.67632)
[2026-04-20 09:46:17] [DEBUG] 卡牌左上角计算: 大小=(125.0001, 175.0), 缩放=(1.223647, 1.223647), 左上角=(544.8997, -22.67632)
[2026-04-20 09:46:17] [DEBUG] 放置验证通过: shape_coords=[(0, 0)], origin=(0, 1), 所有坐标在网格范围内且无碰撞
[2026-04-20 09:46:17] [DEBUG] 更新网格预览: 形状=[(0, 0)], 原点=(0, 1), 有效=true, 全部在边界内=true, 敌人重叠=false
[2026-04-20 09:46:17] [DEBUG] 时间轴悬停调试: 
  - 鼠标位置: (621.3776, 84.39282)
  - 网格背景本地鼠标位置: (25.25177, 56.26188) (已自动剔除缩放变换)
  - 格子大小: 42.0 (ui_slot_size=40.0, ui_spacing=2.0)
  - 网格坐标: (0, 1)
  - 网格边界检查: true (范围: X[0-11], Y[0-2])
  - 拖拽偏移: (0.0, 0.0)
  - 目标中心: (621.3776, 84.39282)
  - 当前卡牌位置: (544.8997, -22.67632)
[2026-04-20 09:46:17] [DEBUG] 卡牌左上角计算: 大小=(125.0001, 175.0), 缩放=(1.223647, 1.223647), 左上角=(544.8997, -22.67632)
[2026-04-20 09:46:17] [DEBUG] 放置验证通过: shape_coords=[(0, 0)], origin=(0, 1), 所有坐标在网格范围内且无碰撞
[2026-04-20 09:46:17] [DEBUG] 更新网格预览: 形状=[(0, 0)], 原点=(0, 1), 有效=true, 全部在边界内=true, 敌人重叠=false
[2026-04-20 09:46:17] [DEBUG] 时间轴悬停调试: 
  - 鼠标位置: (621.3776, 84.39282)
  - 网格背景本地鼠标位置: (25.25177, 56.26188) (已自动剔除缩放变换)
  - 格子大小: 42.0 (ui_slot_size=40.0, ui_spacing=2.0)
  - 网格坐标: (0, 1)
  - 网格边界检查: true (范围: X[0-11], Y[0-2])
  - 拖拽偏移: (0.0, 0.0)
  - 目标中心: (621.3776, 84.39282)
  - 当前卡牌位置: (544.8997, -22.67632)
[2026-04-20 09:46:17] [DEBUG] 卡牌左上角计算: 大小=(125.0001, 175.0), 缩放=(1.223647, 1.223647), 左上角=(544.8997, -22.67632)
[2026-04-20 09:46:17] [DEBUG] 放置验证通过: shape_coords=[(0, 0)], origin=(0, 1), 所有坐标在网格范围内且无碰撞
[2026-04-20 09:46:17] [DEBUG] 更新网格预览: 形状=[(0, 0)], 原点=(0, 1), 有效=true, 全部在边界内=true, 敌人重叠=false
[2026-04-20 09:46:17] [DEBUG] 时间轴悬停调试: 
  - 鼠标位置: (621.3776, 84.39282)
  - 网格背景本地鼠标位置: (25.25177, 56.26188) (已自动剔除缩放变换)
  - 格子大小: 42.0 (ui_slot_size=40.0, ui_spacing=2.0)
  - 网格坐标: (0, 1)
  - 网格边界检查: true (范围: X[0-11], Y[0-2])
  - 拖拽偏移: (0.0, 0.0)
  - 目标中心: (621.3776, 84.39282)
  - 当前卡牌位置: (544.8997, -22.67632)
[2026-04-20 09:46:17] [DEBUG] 卡牌左上角计算: 大小=(125.0001, 175.0), 缩放=(1.223647, 1.223647), 左上角=(544.8997, -22.67632)
[2026-04-20 09:46:17] [DEBUG] 放置验证通过: shape_coords=[(0, 0)], origin=(0, 1), 所有坐标在网格范围内且无碰撞
[2026-04-20 09:46:17] [DEBUG] 更新网格预览: 形状=[(0, 0)], 原点=(0, 1), 有效=true, 全部在边界内=true, 敌人重叠=false
[2026-04-20 09:46:17] [DEBUG] 时间轴悬停调试: 
  - 鼠标位置: (621.3776, 84.39282)
  - 网格背景本地鼠标位置: (25.25177, 56.26188) (已自动剔除缩放变换)
  - 格子大小: 42.0 (ui_slot_size=40.0, ui_spacing=2.0)
  - 网格坐标: (0, 1)
  - 网格边界检查: true (范围: X[0-11], Y[0-2])
  - 拖拽偏移: (0.0, 0.0)
  - 目标中心: (621.3776, 84.39282)
  - 当前卡牌位置: (544.8997, -22.67632)
[2026-04-20 09:46:17] [DEBUG] 卡牌左上角计算: 大小=(125.0001, 175.0), 缩放=(1.223647, 1.223647), 左上角=(544.8997, -22.67632)
[2026-04-20 09:46:17] [DEBUG] 放置验证通过: shape_coords=[(0, 0)], origin=(0, 1), 所有坐标在网格范围内且无碰撞
[2026-04-20 09:46:17] [DEBUG] 更新网格预览: 形状=[(0, 0)], 原点=(0, 1), 有效=true, 全部在边界内=true, 敌人重叠=false
[2026-04-20 09:46:17] [DEBUG] 时间轴悬停调试: 
  - 鼠标位置: (621.3776, 84.39282)
  - 网格背景本地鼠标位置: (25.25177, 56.26188) (已自动剔除缩放变换)
  - 格子大小: 42.0 (ui_slot_size=40.0, ui_spacing=2.0)
  - 网格坐标: (0, 1)
  - 网格边界检查: true (范围: X[0-11], Y[0-2])
  - 拖拽偏移: (0.0, 0.0)
  - 目标中心: (621.3776, 84.39282)
  - 当前卡牌位置: (544.8997, -22.67632)
[2026-04-20 09:46:17] [DEBUG] 卡牌左上角计算: 大小=(125.0001, 175.0), 缩放=(1.223647, 1.223647), 左上角=(544.8997, -22.67632)
[2026-04-20 09:46:17] [DEBUG] 放置验证通过: shape_coords=[(0, 0)], origin=(0, 1), 所有坐标在网格范围内且无碰撞
[2026-04-20 09:46:17] [DEBUG] 更新网格预览: 形状=[(0, 0)], 原点=(0, 1), 有效=true, 全部在边界内=true, 敌人重叠=false
[2026-04-20 09:46:17] [DEBUG] 时间轴悬停调试: 
  - 鼠标位置: (621.3776, 84.39282)
  - 网格背景本地鼠标位置: (25.25177, 56.26188) (已自动剔除缩放变换)
  - 格子大小: 42.0 (ui_slot_size=40.0, ui_spacing=2.0)
  - 网格坐标: (0, 1)
  - 网格边界检查: true (范围: X[0-11], Y[0-2])
  - 拖拽偏移: (0.0, 0.0)
  - 目标中心: (621.3776, 84.39282)
  - 当前卡牌位置: (544.8997, -22.67632)
[2026-04-20 09:46:17] [DEBUG] 卡牌左上角计算: 大小=(125.0001, 175.0), 缩放=(1.223647, 1.223647), 左上角=(544.8997, -22.67632)
[2026-04-20 09:46:17] [DEBUG] 放置验证通过: shape_coords=[(0, 0)], origin=(0, 1), 所有坐标在网格范围内且无碰撞
[2026-04-20 09:46:17] [DEBUG] 更新网格预览: 形状=[(0, 0)], 原点=(0, 1), 有效=true, 全部在边界内=true, 敌人重叠=false
[2026-04-20 09:46:17] [DEBUG] 时间轴悬停调试: 
  - 鼠标位置: (621.3776, 84.39282)
  - 网格背景本地鼠标位置: (25.25177, 56.26188) (已自动剔除缩放变换)
  - 格子大小: 42.0 (ui_slot_size=40.0, ui_spacing=2.0)
  - 网格坐标: (0, 1)
  - 网格边界检查: true (范围: X[0-11], Y[0-2])
  - 拖拽偏移: (0.0, 0.0)
  - 目标中心: (621.3776, 84.39282)
  - 当前卡牌位置: (544.8997, -22.67632)
[2026-04-20 09:46:17] [DEBUG] 卡牌左上角计算: 大小=(125.0001, 175.0), 缩放=(1.223647, 1.223647), 左上角=(544.8997, -22.67632)
[2026-04-20 09:46:17] [DEBUG] 放置验证通过: shape_coords=[(0, 0)], origin=(0, 1), 所有坐标在网格范围内且无碰撞
[2026-04-20 09:46:17] [DEBUG] 更新网格预览: 形状=[(0, 0)], 原点=(0, 1), 有效=true, 全部在边界内=true, 敌人重叠=false
[2026-04-20 09:46:17] [DEBUG] 时间轴悬停调试: 
  - 鼠标位置: (621.3776, 84.39282)
  - 网格背景本地鼠标位置: (25.25177, 56.26188) (已自动剔除缩放变换)
  - 格子大小: 42.0 (ui_slot_size=40.0, ui_spacing=2.0)
  - 网格坐标: (0, 1)
  - 网格边界检查: true (范围: X[0-11], Y[0-2])
  - 拖拽偏移: (0.0, 0.0)
  - 目标中心: (621.3776, 84.39282)
  - 当前卡牌位置: (544.8997, -22.67632)
[2026-04-20 09:46:17] [DEBUG] 卡牌左上角计算: 大小=(125.0001, 175.0), 缩放=(1.223647, 1.223647), 左上角=(544.8997, -22.67632)
[2026-04-20 09:46:17] [DEBUG] 放置验证通过: shape_coords=[(0, 0)], origin=(0, 1), 所有坐标在网格范围内且无碰撞
[2026-04-20 09:46:17] [DEBUG] 更新网格预览: 形状=[(0, 0)], 原点=(0, 1), 有效=true, 全部在边界内=true, 敌人重叠=false
[2026-04-20 09:46:17] [DEBUG] 时间轴悬停调试: 
  - 鼠标位置: (621.3776, 84.39282)
  - 网格背景本地鼠标位置: (25.25177, 56.26188) (已自动剔除缩放变换)
  - 格子大小: 42.0 (ui_slot_size=40.0, ui_spacing=2.0)
  - 网格坐标: (0, 1)
  - 网格边界检查: true (范围: X[0-11], Y[0-2])
  - 拖拽偏移: (0.0, 0.0)
  - 目标中心: (621.3776, 84.39282)
  - 当前卡牌位置: (544.8997, -22.67632)
[2026-04-20 09:46:17] [DEBUG] 卡牌左上角计算: 大小=(125.0001, 175.0), 缩放=(1.223647, 1.223647), 左上角=(544.8997, -22.67632)
[2026-04-20 09:46:17] [DEBUG] 放置验证通过: shape_coords=[(0, 0)], origin=(0, 1), 所有坐标在网格范围内且无碰撞
[2026-04-20 09:46:17] [DEBUG] 更新网格预览: 形状=[(0, 0)], 原点=(0, 1), 有效=true, 全部在边界内=true, 敌人重叠=false
[2026-04-20 09:46:17] [DEBUG] 时间轴悬停调试: 
  - 鼠标位置: (621.3776, 84.39282)
  - 网格背景本地鼠标位置: (25.25177, 56.26188) (已自动剔除缩放变换)
  - 格子大小: 42.0 (ui_slot_size=40.0, ui_spacing=2.0)
  - 网格坐标: (0, 1)
  - 网格边界检查: true (范围: X[0-11], Y[0-2])
  - 拖拽偏移: (0.0, 0.0)
  - 目标中心: (621.3776, 84.39282)
  - 当前卡牌位置: (544.8997, -22.67632)
[2026-04-20 09:46:17] [DEBUG] 卡牌左上角计算: 大小=(125.0001, 175.0), 缩放=(1.223647, 1.223647), 左上角=(544.8997, -22.67632)
[2026-04-20 09:46:17] [DEBUG] 放置验证通过: shape_coords=[(0, 0)], origin=(0, 1), 所有坐标在网格范围内且无碰撞
[2026-04-20 09:46:17] [DEBUG] 更新网格预览: 形状=[(0, 0)], 原点=(0, 1), 有效=true, 全部在边界内=true, 敌人重叠=false
[2026-04-20 09:46:17] [DEBUG] 时间轴悬停调试: 
  - 鼠标位置: (621.3776, 84.39282)
  - 网格背景本地鼠标位置: (25.25177, 56.26188) (已自动剔除缩放变换)
  - 格子大小: 42.0 (ui_slot_size=40.0, ui_spacing=2.0)
  - 网格坐标: (0, 1)
  - 网格边界检查: true (范围: X[0-11], Y[0-2])
  - 拖拽偏移: (0.0, 0.0)
  - 目标中心: (621.3776, 84.39282)
  - 当前卡牌位置: (544.8997, -22.67632)
[2026-04-20 09:46:17] [DEBUG] 卡牌左上角计算: 大小=(125.0001, 175.0), 缩放=(1.223647, 1.223647), 左上角=(544.8997, -22.67632)
[2026-04-20 09:46:17] [DEBUG] 放置验证通过: shape_coords=[(0, 0)], origin=(0, 1), 所有坐标在网格范围内且无碰撞
[2026-04-20 09:46:17] [DEBUG] 更新网格预览: 形状=[(0, 0)], 原点=(0, 1), 有效=true, 全部在边界内=true, 敌人重叠=false
[2026-04-20 09:46:17] [DEBUG] 时间轴悬停调试: 
  - 鼠标位置: (621.3776, 84.39282)
  - 网格背景本地鼠标位置: (25.25177, 56.26188) (已自动剔除缩放变换)
  - 格子大小: 42.0 (ui_slot_size=40.0, ui_spacing=2.0)
  - 网格坐标: (0, 1)
  - 网格边界检查: true (范围: X[0-11], Y[0-2])
  - 拖拽偏移: (0.0, 0.0)
  - 目标中心: (621.3776, 84.39282)
  - 当前卡牌位置: (544.8997, -22.67632)
[2026-04-20 09:46:17] [DEBUG] 卡牌左上角计算: 大小=(125.0001, 175.0), 缩放=(1.223647, 1.223647), 左上角=(544.8997, -22.67632)
[2026-04-20 09:46:17] [DEBUG] 放置验证通过: shape_coords=[(0, 0)], origin=(0, 1), 所有坐标在网格范围内且无碰撞
[2026-04-20 09:46:17] [DEBUG] 更新网格预览: 形状=[(0, 0)], 原点=(0, 1), 有效=true, 全部在边界内=true, 敌人重叠=false
[2026-04-20 09:46:17] [DEBUG] 时间轴悬停调试: 
  - 鼠标位置: (621.3776, 84.39282)
  - 网格背景本地鼠标位置: (25.25177, 56.26188) (已自动剔除缩放变换)
  - 格子大小: 42.0 (ui_slot_size=40.0, ui_spacing=2.0)
  - 网格坐标: (0, 1)
  - 网格边界检查: true (范围: X[0-11], Y[0-2])
  - 拖拽偏移: (0.0, 0.0)
  - 目标中心: (621.3776, 84.39282)
  - 当前卡牌位置: (544.8997, -22.67632)
[2026-04-20 09:46:17] [DEBUG] 卡牌左上角计算: 大小=(125.0001, 175.0), 缩放=(1.223647, 1.223647), 左上角=(544.8997, -22.67632)
[2026-04-20 09:46:17] [DEBUG] 放置验证通过: shape_coords=[(0, 0)], origin=(0, 1), 所有坐标在网格范围内且无碰撞
[2026-04-20 09:46:17] [DEBUG] 更新网格预览: 形状=[(0, 0)], 原点=(0, 1), 有效=true, 全部在边界内=true, 敌人重叠=false
[2026-04-20 09:46:17] [DEBUG] 时间轴悬停调试: 
  - 鼠标位置: (621.3776, 84.39282)
  - 网格背景本地鼠标位置: (25.25177, 56.26188) (已自动剔除缩放变换)
  - 格子大小: 42.0 (ui_slot_size=40.0, ui_spacing=2.0)
  - 网格坐标: (0, 1)
  - 网格边界检查: true (范围: X[0-11], Y[0-2])
  - 拖拽偏移: (0.0, 0.0)
  - 目标中心: (621.3776, 84.39282)
  - 当前卡牌位置: (544.8997, -22.67632)
[2026-04-20 09:46:17] [DEBUG] 卡牌左上角计算: 大小=(125.0001, 175.0), 缩放=(1.223647, 1.223647), 左上角=(544.8997, -22.67632)
[2026-04-20 09:46:17] [DEBUG] 放置验证通过: shape_coords=[(0, 0)], origin=(0, 1), 所有坐标在网格范围内且无碰撞
[2026-04-20 09:46:17] [DEBUG] 更新网格预览: 形状=[(0, 0)], 原点=(0, 1), 有效=true, 全部在边界内=true, 敌人重叠=false
[2026-04-20 09:46:17] [DEBUG] 时间轴悬停调试: 
  - 鼠标位置: (621.3776, 84.39282)
  - 网格背景本地鼠标位置: (25.25177, 56.26188) (已自动剔除缩放变换)
  - 格子大小: 42.0 (ui_slot_size=40.0, ui_spacing=2.0)
  - 网格坐标: (0, 1)
  - 网格边界检查: true (范围: X[0-11], Y[0-2])
  - 拖拽偏移: (0.0, 0.0)
  - 目标中心: (621.3776, 84.39282)
  - 当前卡牌位置: (544.8997, -22.67632)
[2026-04-20 09:46:17] [DEBUG] 卡牌左上角计算: 大小=(125.0001, 175.0), 缩放=(1.223647, 1.223647), 左上角=(544.8997, -22.67632)
[2026-04-20 09:46:17] [DEBUG] 放置验证通过: shape_coords=[(0, 0)], origin=(0, 1), 所有坐标在网格范围内且无碰撞
[2026-04-20 09:46:17] [DEBUG] 更新网格预览: 形状=[(0, 0)], 原点=(0, 1), 有效=true, 全部在边界内=true, 敌人重叠=false
[2026-04-20 09:46:17] [DEBUG] 时间轴悬停调试: 
  - 鼠标位置: (621.3776, 84.39282)
  - 网格背景本地鼠标位置: (25.25177, 56.26188) (已自动剔除缩放变换)
  - 格子大小: 42.0 (ui_slot_size=40.0, ui_spacing=2.0)
  - 网格坐标: (0, 1)
  - 网格边界检查: true (范围: X[0-11], Y[0-2])
  - 拖拽偏移: (0.0, 0.0)
  - 目标中心: (621.3776, 84.39282)
  - 当前卡牌位置: (544.8997, -22.67632)
[2026-04-20 09:46:17] [DEBUG] 卡牌左上角计算: 大小=(125.0001, 175.0), 缩放=(1.223647, 1.223647), 左上角=(544.8997, -22.67632)
[2026-04-20 09:46:17] [DEBUG] 放置验证通过: shape_coords=[(0, 0)], origin=(0, 1), 所有坐标在网格范围内且无碰撞
[2026-04-20 09:46:17] [DEBUG] 更新网格预览: 形状=[(0, 0)], 原点=(0, 1), 有效=true, 全部在边界内=true, 敌人重叠=false
[2026-04-20 09:46:17] [DEBUG] 时间轴悬停调试: 
  - 鼠标位置: (621.3776, 84.39282)
  - 网格背景本地鼠标位置: (25.25177, 56.26188) (已自动剔除缩放变换)
  - 格子大小: 42.0 (ui_slot_size=40.0, ui_spacing=2.0)
  - 网格坐标: (0, 1)
  - 网格边界检查: true (范围: X[0-11], Y[0-2])
  - 拖拽偏移: (0.0, 0.0)
  - 目标中心: (621.3776, 84.39282)
  - 当前卡牌位置: (544.8997, -22.67632)
[2026-04-20 09:46:17] [DEBUG] 卡牌左上角计算: 大小=(125.0001, 175.0), 缩放=(1.223647, 1.223647), 左上角=(544.8997, -22.67632)
[2026-04-20 09:46:17] [DEBUG] 放置验证通过: shape_coords=[(0, 0)], origin=(0, 1), 所有坐标在网格范围内且无碰撞
[2026-04-20 09:46:17] [DEBUG] 更新网格预览: 形状=[(0, 0)], 原点=(0, 1), 有效=true, 全部在边界内=true, 敌人重叠=false
[2026-04-20 09:46:17] [DEBUG] 时间轴悬停调试: 
  - 鼠标位置: (621.3776, 84.39282)
  - 网格背景本地鼠标位置: (25.25177, 56.26188) (已自动剔除缩放变换)
  - 格子大小: 42.0 (ui_slot_size=40.0, ui_spacing=2.0)
  - 网格坐标: (0, 1)
  - 网格边界检查: true (范围: X[0-11], Y[0-2])
  - 拖拽偏移: (0.0, 0.0)
  - 目标中心: (621.3776, 84.39282)
  - 当前卡牌位置: (544.8997, -22.67632)
[2026-04-20 09:46:17] [DEBUG] 卡牌左上角计算: 大小=(125.0001, 175.0), 缩放=(1.223647, 1.223647), 左上角=(544.8997, -22.67632)
[2026-04-20 09:46:17] [DEBUG] 放置验证通过: shape_coords=[(0, 0)], origin=(0, 1), 所有坐标在网格范围内且无碰撞
[2026-04-20 09:46:17] [DEBUG] 更新网格预览: 形状=[(0, 0)], 原点=(0, 1), 有效=true, 全部在边界内=true, 敌人重叠=false
[2026-04-20 09:46:17] [DEBUG] 时间轴悬停调试: 
  - 鼠标位置: (621.3776, 84.39282)
  - 网格背景本地鼠标位置: (25.25177, 56.26188) (已自动剔除缩放变换)
  - 格子大小: 42.0 (ui_slot_size=40.0, ui_spacing=2.0)
  - 网格坐标: (0, 1)
  - 网格边界检查: true (范围: X[0-11], Y[0-2])
  - 拖拽偏移: (0.0, 0.0)
  - 目标中心: (621.3776, 84.39282)
  - 当前卡牌位置: (544.8997, -22.67632)
[2026-04-20 09:46:17] [DEBUG] 卡牌左上角计算: 大小=(125.0001, 175.0), 缩放=(1.223647, 1.223647), 左上角=(544.8997, -22.67632)
[2026-04-20 09:46:17] [DEBUG] 放置验证通过: shape_coords=[(0, 0)], origin=(0, 1), 所有坐标在网格范围内且无碰撞
[2026-04-20 09:46:17] [DEBUG] 更新网格预览: 形状=[(0, 0)], 原点=(0, 1), 有效=true, 全部在边界内=true, 敌人重叠=false
[2026-04-20 09:46:17] [DEBUG] 时间轴悬停调试: 
  - 鼠标位置: (621.3776, 84.39282)
  - 网格背景本地鼠标位置: (25.25177, 56.26188) (已自动剔除缩放变换)
  - 格子大小: 42.0 (ui_slot_size=40.0, ui_spacing=2.0)
  - 网格坐标: (0, 1)
  - 网格边界检查: true (范围: X[0-11], Y[0-2])
  - 拖拽偏移: (0.0, 0.0)
  - 目标中心: (621.3776, 84.39282)
  - 当前卡牌位置: (544.8997, -22.67632)
[2026-04-20 09:46:17] [DEBUG] 卡牌左上角计算: 大小=(125.0001, 175.0), 缩放=(1.223647, 1.223647), 左上角=(544.8997, -22.67632)
[2026-04-20 09:46:17] [DEBUG] 放置验证通过: shape_coords=[(0, 0)], origin=(0, 1), 所有坐标在网格范围内且无碰撞
[2026-04-20 09:46:17] [DEBUG] 更新网格预览: 形状=[(0, 0)], 原点=(0, 1), 有效=true, 全部在边界内=true, 敌人重叠=false
[2026-04-20 09:46:17] [DEBUG] 时间轴悬停调试: 
  - 鼠标位置: (621.3776, 84.39282)
  - 网格背景本地鼠标位置: (25.25177, 56.26188) (已自动剔除缩放变换)
  - 格子大小: 42.0 (ui_slot_size=40.0, ui_spacing=2.0)
  - 网格坐标: (0, 1)
  - 网格边界检查: true (范围: X[0-11], Y[0-2])
  - 拖拽偏移: (0.0, 0.0)
  - 目标中心: (621.3776, 84.39282)
  - 当前卡牌位置: (544.8997, -22.67632)
[2026-04-20 09:46:17] [DEBUG] 卡牌左上角计算: 大小=(125.0001, 175.0), 缩放=(1.223647, 1.223647), 左上角=(544.8997, -22.67632)
[2026-04-20 09:46:17] [DEBUG] 放置验证通过: shape_coords=[(0, 0)], origin=(0, 1), 所有坐标在网格范围内且无碰撞
[2026-04-20 09:46:17] [DEBUG] 更新网格预览: 形状=[(0, 0)], 原点=(0, 1), 有效=true, 全部在边界内=true, 敌人重叠=false
[2026-04-20 09:46:17] [DEBUG] 时间轴悬停调试: 
  - 鼠标位置: (621.3776, 84.39282)
  - 网格背景本地鼠标位置: (25.25177, 56.26188) (已自动剔除缩放变换)
  - 格子大小: 42.0 (ui_slot_size=40.0, ui_spacing=2.0)
  - 网格坐标: (0, 1)
  - 网格边界检查: true (范围: X[0-11], Y[0-2])
  - 拖拽偏移: (0.0, 0.0)
  - 目标中心: (621.3776, 84.39282)
  - 当前卡牌位置: (544.8997, -22.67632)
[2026-04-20 09:46:17] [DEBUG] 卡牌左上角计算: 大小=(125.0001, 175.0), 缩放=(1.223647, 1.223647), 左上角=(544.8997, -22.67632)
[2026-04-20 09:46:17] [DEBUG] 放置验证通过: shape_coords=[(0, 0)], origin=(0, 1), 所有坐标在网格范围内且无碰撞
[2026-04-20 09:46:17] [DEBUG] 更新网格预览: 形状=[(0, 0)], 原点=(0, 1), 有效=true, 全部在边界内=true, 敌人重叠=false
[2026-04-20 09:46:17] [DEBUG] 时间轴悬停调试: 
  - 鼠标位置: (621.3776, 84.39282)
  - 网格背景本地鼠标位置: (25.25177, 56.26188) (已自动剔除缩放变换)
  - 格子大小: 42.0 (ui_slot_size=40.0, ui_spacing=2.0)
  - 网格坐标: (0, 1)
  - 网格边界检查: true (范围: X[0-11], Y[0-2])
  - 拖拽偏移: (0.0, 0.0)
  - 目标中心: (621.3776, 84.39282)
  - 当前卡牌位置: (544.8997, -22.67632)
[2026-04-20 09:46:17] [DEBUG] 卡牌左上角计算: 大小=(125.0001, 175.0), 缩放=(1.223647, 1.223647), 左上角=(544.8997, -22.67632)
[2026-04-20 09:46:17] [DEBUG] 放置验证通过: shape_coords=[(0, 0)], origin=(0, 1), 所有坐标在网格范围内且无碰撞
[2026-04-20 09:46:17] [DEBUG] 更新网格预览: 形状=[(0, 0)], 原点=(0, 1), 有效=true, 全部在边界内=true, 敌人重叠=false
[2026-04-20 09:46:17] [DEBUG] _input: 收到左键点击事件，尝试放置
[2026-04-20 09:46:17] [DEBUG] try_place_shape: 收到放置请求，is_dragging=true, is_placing=false
[2026-04-20 09:46:17] [DEBUG] try_place_shape: 鼠标位置=(621.3776, 84.39282), 是否在时间轴上=true
[2026-04-20 09:46:17] [DEBUG] 网格计算参数: slot_size=40.0, spacing=2.0, cell_size=42.0, local_mouse=(25.25177, 56.26188)
[2026-04-20 09:46:17] [DEBUG] 尝试放置，origin_pos: (0, 1), shape_coords: [(0, 0)], 网格范围检查通过
[2026-04-20 09:46:17] [DEBUG] 预计算所有目标位置:
[2026-04-20 09:46:17] [DEBUG]   offset=(0, 0) -> target_pos=(0, 1)
[2026-04-20 09:46:17] [DEBUG] 放置验证通过: shape_coords=[(0, 0)], origin=(0, 1), 所有坐标在网格范围内且无碰撞
[2026-04-20 09:46:17] [INFO] 放置成功！开始播放放置动画
[2026-04-20 09:46:17] [INFO] 开始播放放置动画
[2026-04-20 09:46:17] [DEBUG] 已禁用时间轴UI鼠标交互
[2026-04-20 09:46:17] [DEBUG] 使用 grid_cells 精确计算中心点: 目标格子=@Panel@270:<Panel#94925490498>, 全局位置=(583.5, 63.0), 实际大小=(60.0, 60.0), 时间轴缩放=(1.5, 1.5)
[2026-04-20 09:46:17] [DEBUG] 放置动画卡牌位置计算: 网格单元中心=(598.5, 78.0), 卡牌大小=(125.0001, 175.0), 目标缩放=(0.9, 0.9), 左上角=(542.25, -0.750015)
[2026-04-20 09:46:17] [DEBUG] 放置动画目标位置: (542.25, -0.750015), grid_pos=(0, 1), 时间轴缩放=(1.5, 1.5), 是否使用精确计算=true
[2026-04-20 09:46:17] [DEBUG] 时间轴悬停调试: 
  - 鼠标位置: (621.3776, 84.39282)
  - 网格背景本地鼠标位置: (25.25177, 56.26188) (已自动剔除缩放变换)
  - 格子大小: 42.0 (ui_slot_size=40.0, ui_spacing=2.0)
  - 网格坐标: (0, 1)
  - 网格边界检查: true (范围: X[0-11], Y[0-2])
  - 拖拽偏移: (0.0, 0.0)
  - 目标中心: (621.3776, 84.39282)
  - 当前卡牌位置: (544.8997, -22.67632)
[2026-04-20 09:46:17] [DEBUG] 卡牌左上角计算: 大小=(125.0001, 175.0), 缩放=(1.223647, 1.223647), 左上角=(544.8997, -22.67632)
[2026-04-20 09:46:17] [DEBUG] 放置验证通过: shape_coords=[(0, 0)], origin=(0, 1), 所有坐标在网格范围内且无碰撞
[2026-04-20 09:46:17] [DEBUG] 更新网格预览: 形状=[(0, 0)], 原点=(0, 1), 有效=true, 全部在边界内=true, 敌人重叠=false
[2026-04-20 09:46:17] [DEBUG] 时间轴悬停调试: 
  - 鼠标位置: (621.3776, 84.39282)
  - 网格背景本地鼠标位置: (25.25177, 56.26188) (已自动剔除缩放变换)
  - 格子大小: 42.0 (ui_slot_size=40.0, ui_spacing=2.0)
  - 网格坐标: (0, 1)
  - 网格边界检查: true (范围: X[0-11], Y[0-2])
  - 拖拽偏移: (0.0, 0.0)
  - 目标中心: (621.3776, 84.39282)
  - 当前卡牌位置: (545.7642, -18.32981)
[2026-04-20 09:46:17] [DEBUG] 卡牌左上角计算: 大小=(125.0001, 175.0), 缩放=(1.193745, 1.193745), 左上角=(546.7685, -20.05991)
[2026-04-20 09:46:17] [DEBUG] 放置验证通过: shape_coords=[(0, 0)], origin=(0, 1), 所有坐标在网格范围内且无碰撞
[2026-04-20 09:46:17] [DEBUG] 更新网格预览: 形状=[(0, 0)], 原点=(0, 1), 有效=true, 全部在边界内=true, 敌人重叠=false
[2026-04-20 09:46:17] [DEBUG] 时间轴悬停调试: 
  - 鼠标位置: (621.3776, 84.39282)
  - 网格背景本地鼠标位置: (25.25177, 56.26188) (已自动剔除缩放变换)
  - 格子大小: 42.0 (ui_slot_size=40.0, ui_spacing=2.0)
  - 网格坐标: (0, 1)
  - 网格边界检查: true (范围: X[0-11], Y[0-2])
  - 拖拽偏移: (0.0, 0.0)
  - 目标中心: (621.3776, 84.39282)
  - 当前卡牌位置: (545.4055, -16.87687)
[2026-04-20 09:46:17] [DEBUG] 卡牌左上角计算: 大小=(125.0001, 175.0), 缩放=(1.167784, 1.167784), 左上角=(548.3911, -17.78831)
[2026-04-20 09:46:17] [DEBUG] 放置验证通过: shape_coords=[(0, 0)], origin=(0, 1), 所有坐标在网格范围内且无碰撞
[2026-04-20 09:46:17] [DEBUG] 更新网格预览: 形状=[(0, 0)], 原点=(0, 1), 有效=true, 全部在边界内=true, 敌人重叠=false
[2026-04-20 09:46:17] [DEBUG] 时间轴悬停调试: 
  - 鼠标位置: (621.3776, 84.39282)
  - 网格背景本地鼠标位置: (25.25177, 56.26188) (已自动剔除缩放变换)
  - 格子大小: 42.0 (ui_slot_size=40.0, ui_spacing=2.0)
  - 网格坐标: (0, 1)
  - 网格边界检查: true (范围: X[0-11], Y[0-2])
  - 拖拽偏移: (0.0, 0.0)
  - 目标中心: (621.3776, 84.39282)
  - 当前卡牌位置: (545.1539, -15.31455)
[2026-04-20 09:46:17] [DEBUG] 卡牌左上角计算: 大小=(125.0001, 175.0), 缩放=(1.143175, 1.143175), 左上角=(549.9291, -15.63499)
[2026-04-20 09:46:17] [DEBUG] 放置验证通过: shape_coords=[(0, 0)], origin=(0, 1), 所有坐标在网格范围内且无碰撞
[2026-04-20 09:46:17] [DEBUG] 更新网格预览: 形状=[(0, 0)], 原点=(0, 1), 有效=true, 全部在边界内=true, 敌人重叠=false
[2026-04-20 09:46:17] [DEBUG] 时间轴悬停调试: 
  - 鼠标位置: (621.3776, 84.39282)
  - 网格背景本地鼠标位置: (25.25177, 56.26188) (已自动剔除缩放变换)
  - 格子大小: 42.0 (ui_slot_size=40.0, ui_spacing=2.0)
  - 网格坐标: (0, 1)
  - 网格边界检查: true (范围: X[0-11], Y[0-2])
  - 拖拽偏移: (0.0, 0.0)
  - 目标中心: (621.3776, 84.39282)
  - 当前卡牌位置: (544.9142, -13.83899)
[2026-04-20 09:46:17] [DEBUG] 卡牌左上角计算: 大小=(125.0001, 175.0), 缩放=(1.119884, 1.119884), 左上角=(551.3848, -13.59705)
[2026-04-20 09:46:17] [DEBUG] 放置验证通过: shape_coords=[(0, 0)], origin=(0, 1), 所有坐标在网格范围内且无碰撞
[2026-04-20 09:46:17] [DEBUG] 更新网格预览: 形状=[(0, 0)], 原点=(0, 1), 有效=true, 全部在边界内=true, 敌人重叠=false
[2026-04-20 09:46:17] [DEBUG] 时间轴悬停调试: 
  - 鼠标位置: (621.3776, 84.39282)
  - 网格背景本地鼠标位置: (25.25177, 56.26188) (已自动剔除缩放变换)
  - 格子大小: 42.0 (ui_slot_size=40.0, ui_spacing=2.0)
  - 网格坐标: (0, 1)
  - 网格边界检查: true (范围: X[0-11], Y[0-2])
  - 拖拽偏移: (0.0, 0.0)
  - 目标中心: (621.3776, 84.39282)
  - 当前卡牌位置: (544.6865, -12.44786)
[2026-04-20 09:46:17] [DEBUG] 卡牌左上角计算: 大小=(125.0001, 175.0), 缩放=(1.097878, 1.097878), 左上角=(552.7602, -11.67153)
[2026-04-20 09:46:17] [DEBUG] 放置验证通过: shape_coords=[(0, 0)], origin=(0, 1), 所有坐标在网格范围内且无碰撞
[2026-04-20 09:46:17] [DEBUG] 更新网格预览: 形状=[(0, 0)], 原点=(0, 1), 有效=true, 全部在边界内=true, 敌人重叠=false
[2026-04-20 09:46:17] [DEBUG] 时间轴悬停调试: 
  - 鼠标位置: (621.3776, 84.39282)
  - 网格背景本地鼠标位置: (25.25177, 56.26188) (已自动剔除缩放变换)
  - 格子大小: 42.0 (ui_slot_size=40.0, ui_spacing=2.0)
  - 网格坐标: (0, 1)
  - 网格边界检查: true (范围: X[0-11], Y[0-2])
  - 拖拽偏移: (0.0, 0.0)
  - 目标中心: (621.3776, 84.39282)
  - 当前卡牌位置: (544.47, -11.13898)
[2026-04-20 09:46:17] [DEBUG] 卡牌左上角计算: 大小=(125.0001, 175.0), 缩放=(1.077124, 1.077124), 左上角=(554.0574, -9.855545)
[2026-04-20 09:46:17] [DEBUG] 放置验证通过: shape_coords=[(0, 0)], origin=(0, 1), 所有坐标在网格范围内且无碰撞
[2026-04-20 09:46:17] [DEBUG] 更新网格预览: 形状=[(0, 0)], 原点=(0, 1), 有效=true, 全部在边界内=true, 敌人重叠=false
[2026-04-20 09:46:17] [DEBUG] 时间轴悬停调试: 
  - 鼠标位置: (621.3776, 84.39282)
  - 网格背景本地鼠标位置: (25.25177, 56.26188) (已自动剔除缩放变换)
  - 格子大小: 42.0 (ui_slot_size=40.0, ui_spacing=2.0)
  - 网格坐标: (0, 1)
  - 网格边界检查: true (范围: X[0-11], Y[0-2])
  - 拖拽偏移: (0.0, 0.0)
  - 目标中心: (621.3776, 84.39282)
  - 当前卡牌位置: (544.265, -9.91005)
[2026-04-20 09:46:17] [DEBUG] 卡牌左上角计算: 大小=(125.0001, 175.0), 缩放=(1.057588, 1.057588), 左上角=(555.2783, -8.146172)
[2026-04-20 09:46:17] [DEBUG] 放置验证通过: shape_coords=[(0, 0)], origin=(0, 1), 所有坐标在网格范围内且无碰撞
[2026-04-20 09:46:17] [DEBUG] 更新网格预览: 形状=[(0, 0)], 原点=(0, 1), 有效=true, 全部在边界内=true, 敌人重叠=false
[2026-04-20 09:46:17] [DEBUG] 时间轴悬停调试: 
  - 鼠标位置: (621.3776, 84.39282)
  - 网格背景本地鼠标位置: (25.25177, 56.26188) (已自动剔除缩放变换)
  - 格子大小: 42.0 (ui_slot_size=40.0, ui_spacing=2.0)
  - 网格坐标: (0, 1)
  - 网格边界检查: true (范围: X[0-11], Y[0-2])
  - 拖拽偏移: (0.0, 0.0)
  - 目标中心: (621.3776, 84.39282)
  - 当前卡牌位置: (544.0707, -8.758836)
[2026-04-20 09:46:17] [DEBUG] 卡牌左上角计算: 大小=(125.0001, 175.0), 缩放=(1.039238, 1.039238), 左上角=(556.4252, -6.540504)
[2026-04-20 09:46:17] [DEBUG] 放置验证通过: shape_coords=[(0, 0)], origin=(0, 1), 所有坐标在网格范围内且无碰撞
[2026-04-20 09:46:17] [DEBUG] 更新网格预览: 形状=[(0, 0)], 原点=(0, 1), 有效=true, 全部在边界内=true, 敌人重叠=false
[2026-04-20 09:46:17] [DEBUG] 时间轴悬停调试: 
  - 鼠标位置: (621.3776, 84.39282)
  - 网格背景本地鼠标位置: (25.25177, 56.26188) (已自动剔除缩放变换)
  - 格子大小: 42.0 (ui_slot_size=40.0, ui_spacing=2.0)
  - 网格坐标: (0, 1)
  - 网格边界检查: true (范围: X[0-11], Y[0-2])
  - 拖拽偏移: (0.0, 0.0)
  - 目标中心: (621.3776, 84.39282)
  - 当前卡牌位置: (543.8872, -7.683064)
[2026-04-20 09:46:17] [DEBUG] 卡牌左上角计算: 大小=(125.0001, 175.0), 缩放=(1.022039, 1.022039), 左上角=(557.5001, -5.035629)
[2026-04-20 09:46:17] [DEBUG] 放置验证通过: shape_coords=[(0, 0)], origin=(0, 1), 所有坐标在网格范围内且无碰撞
[2026-04-20 09:46:17] [DEBUG] 更新网格预览: 形状=[(0, 0)], 原点=(0, 1), 有效=true, 全部在边界内=true, 敌人重叠=false
[2026-04-20 09:46:17] [DEBUG] 时间轴悬停调试: 
  - 鼠标位置: (621.3776, 84.39282)
  - 网格背景本地鼠标位置: (25.25177, 56.26188) (已自动剔除缩放变换)
  - 格子大小: 42.0 (ui_slot_size=40.0, ui_spacing=2.0)
  - 网格坐标: (0, 1)
  - 网格边界检查: true (范围: X[0-11], Y[0-2])
  - 拖拽偏移: (0.0, 0.0)
  - 目标中心: (621.3776, 84.39282)
  - 当前卡牌位置: (543.7141, -6.680478)
[2026-04-20 09:46:17] [DEBUG] 卡牌左上角计算: 大小=(125.0001, 175.0), 缩放=(1.005959, 1.005959), 左上角=(558.5051, -3.628609)
[2026-04-20 09:46:17] [DEBUG] 放置验证通过: shape_coords=[(0, 0)], origin=(0, 1), 所有坐标在网格范围内且无碰撞
[2026-04-20 09:46:17] [DEBUG] 更新网格预览: 形状=[(0, 0)], 原点=(0, 1), 有效=true, 全部在边界内=true, 敌人重叠=false
[2026-04-20 09:46:17] [DEBUG] 时间轴悬停调试: 
  - 鼠标位置: (621.3776, 84.39282)
  - 网格背景本地鼠标位置: (25.25177, 56.26188) (已自动剔除缩放变换)
  - 格子大小: 42.0 (ui_slot_size=40.0, ui_spacing=2.0)
  - 网格坐标: (0, 1)
  - 网格边界检查: true (范围: X[0-11], Y[0-2])
  - 拖拽偏移: (0.0, 0.0)
  - 目标中心: (621.3776, 84.39282)
  - 当前卡牌位置: (543.551, -5.748822)
[2026-04-20 09:46:17] [DEBUG] 卡牌左上角计算: 大小=(125.0001, 175.0), 缩放=(0.990964, 0.990964), 左上角=(559.4423, -2.316551)
[2026-04-20 09:46:17] [DEBUG] 放置验证通过: shape_coords=[(0, 0)], origin=(0, 1), 所有坐标在网格范围内且无碰撞
[2026-04-20 09:46:17] [DEBUG] 更新网格预览: 形状=[(0, 0)], 原点=(0, 1), 有效=true, 全部在边界内=true, 敌人重叠=false
[2026-04-20 09:46:17] [DEBUG] 时间轴悬停调试: 
  - 鼠标位置: (621.3776, 84.39282)
  - 网格背景本地鼠标位置: (25.25177, 56.26188) (已自动剔除缩放变换)
  - 格子大小: 42.0 (ui_slot_size=40.0, ui_spacing=2.0)
  - 网格坐标: (0, 1)
  - 网格边界检查: true (范围: X[0-11], Y[0-2])
  - 拖拽偏移: (0.0, 0.0)
  - 目标中心: (621.3776, 84.39282)
  - 当前卡牌位置: (543.3978, -4.885851)
[2026-04-20 09:46:17] [DEBUG] 卡牌左上角计算: 大小=(125.0001, 175.0), 缩放=(0.977021, 0.977021), 左上角=(560.3138, -1.096519)
[2026-04-20 09:46:17] [DEBUG] 放置验证通过: shape_coords=[(0, 0)], origin=(0, 1), 所有坐标在网格范围内且无碰撞
[2026-04-20 09:46:17] [DEBUG] 更新网格预览: 形状=[(0, 0)], 原点=(0, 1), 有效=true, 全部在边界内=true, 敌人重叠=false
[2026-04-20 09:46:17] [DEBUG] 时间轴悬停调试: 
  - 鼠标位置: (621.3776, 84.39282)
  - 网格背景本地鼠标位置: (25.25177, 56.26188) (已自动剔除缩放变换)
  - 格子大小: 42.0 (ui_slot_size=40.0, ui_spacing=2.0)
  - 网格坐标: (0, 1)
  - 网格边界检查: true (范围: X[0-11], Y[0-2])
  - 拖拽偏移: (0.0, 0.0)
  - 目标中心: (621.3776, 84.39282)
  - 当前卡牌位置: (543.2542, -4.089287)
[2026-04-20 09:46:17] [DEBUG] 卡牌左上角计算: 大小=(125.0001, 175.0), 缩放=(0.964096, 0.964096), 左上角=(561.1216, 0.034378)
[2026-04-20 09:46:17] [DEBUG] 放置验证通过: shape_coords=[(0, 0)], origin=(0, 1), 所有坐标在网格范围内且无碰撞
[2026-04-20 09:46:17] [DEBUG] 更新网格预览: 形状=[(0, 0)], 原点=(0, 1), 有效=true, 全部在边界内=true, 敌人重叠=false
[2026-04-20 09:46:17] [DEBUG] 时间轴悬停调试: 
  - 鼠标位置: (621.3776, 84.39282)
  - 网格背景本地鼠标位置: (25.25177, 56.26188) (已自动剔除缩放变换)
  - 格子大小: 42.0 (ui_slot_size=40.0, ui_spacing=2.0)
  - 网格坐标: (0, 1)
  - 网格边界检查: true (范围: X[0-11], Y[0-2])
  - 拖拽偏移: (0.0, 0.0)
  - 目标中心: (621.3776, 84.39282)
  - 当前卡牌位置: (543.12, -3.356888)
[2026-04-20 09:46:17] [DEBUG] 卡牌左上角计算: 大小=(125.0001, 175.0), 缩放=(0.952157, 0.952157), 左上角=(561.8678, 1.079071)
[2026-04-20 09:46:17] [DEBUG] 放置验证通过: shape_coords=[(0, 0)], origin=(0, 1), 所有坐标在网格范围内且无碰撞
[2026-04-20 09:46:17] [DEBUG] 更新网格预览: 形状=[(0, 0)], 原点=(0, 1), 有效=true, 全部在边界内=true, 敌人重叠=false
[2026-04-20 09:46:17] [DEBUG] 时间轴悬停调试: 
  - 鼠标位置: (621.3776, 84.39282)
  - 网格背景本地鼠标位置: (25.25177, 56.26188) (已自动剔除缩放变换)
  - 格子大小: 42.0 (ui_slot_size=40.0, ui_spacing=2.0)
  - 网格坐标: (0, 1)
  - 网格边界检查: true (范围: X[0-11], Y[0-2])
  - 拖拽偏移: (0.0, 0.0)
  - 目标中心: (621.3776, 84.39282)
  - 当前卡牌位置: (542.9946, -2.686388)
[2026-04-20 09:46:17] [DEBUG] 卡牌左上角计算: 大小=(125.0001, 175.0), 缩放=(0.94117, 0.94117), 左上角=(562.5545, 2.040474)
[2026-04-20 09:46:17] [DEBUG] 放置验证通过: shape_coords=[(0, 0)], origin=(0, 1), 所有坐标在网格范围内且无碰撞
[2026-04-20 09:46:17] [DEBUG] 更新网格预览: 形状=[(0, 0)], 原点=(0, 1), 有效=true, 全部在边界内=true, 敌人重叠=false
[2026-04-20 09:46:17] [DEBUG] 时间轴悬停调试: 
  - 鼠标位置: (621.3776, 84.39282)
  - 网格背景本地鼠标位置: (25.25177, 56.26188) (已自动剔除缩放变换)
  - 格子大小: 42.0 (ui_slot_size=40.0, ui_spacing=2.0)
  - 网格坐标: (0, 1)
  - 网格边界检查: true (范围: X[0-11], Y[0-2])
  - 拖拽偏移: (0.0, 0.0)
  - 目标中心: (621.3776, 84.39282)
  - 当前卡牌位置: (542.8782, -2.075562)
[2026-04-20 09:46:17] [DEBUG] 卡牌左上角计算: 大小=(125.0001, 175.0), 缩放=(0.931101, 0.931101), 左上角=(563.1838, 2.921501)
[2026-04-20 09:46:17] [DEBUG] 放置验证通过: shape_coords=[(0, 0)], origin=(0, 1), 所有坐标在网格范围内且无碰撞
[2026-04-20 09:46:17] [DEBUG] 更新网格预览: 形状=[(0, 0)], 原点=(0, 1), 有效=true, 全部在边界内=true, 敌人重叠=false
[2026-04-20 09:46:17] [DEBUG] 时间轴悬停调试: 
  - 鼠标位置: (621.3776, 84.39282)
  - 网格背景本地鼠标位置: (25.25177, 56.26188) (已自动剔除缩放变换)
  - 格子大小: 42.0 (ui_slot_size=40.0, ui_spacing=2.0)
  - 网格坐标: (0, 1)
  - 网格边界检查: true (范围: X[0-11], Y[0-2])
  - 拖拽偏移: (0.0, 0.0)
  - 目标中心: (621.3776, 84.39282)
  - 当前卡牌位置: (542.7701, -1.522083)
[2026-04-20 09:46:17] [DEBUG] 卡牌左上角计算: 大小=(125.0001, 175.0), 缩放=(0.921917, 0.921917), 左上角=(563.7578, 3.725067)
[2026-04-20 09:46:17] [DEBUG] 放置验证通过: shape_coords=[(0, 0)], origin=(0, 1), 所有坐标在网格范围内且无碰撞
[2026-04-20 09:46:17] [DEBUG] 更新网格预览: 形状=[(0, 0)], 原点=(0, 1), 有效=true, 全部在边界内=true, 敌人重叠=false
[2026-04-20 09:46:17] [DEBUG] 时间轴悬停调试: 
  - 鼠标位置: (621.3776, 84.39282)
  - 网格背景本地鼠标位置: (25.25177, 56.26188) (已自动剔除缩放变换)
  - 格子大小: 42.0 (ui_slot_size=40.0, ui_spacing=2.0)
  - 网格坐标: (0, 1)
  - 网格边界检查: true (范围: X[0-11], Y[0-2])
  - 拖拽偏移: (0.0, 0.0)
  - 目标中心: (621.3776, 84.39282)
  - 当前卡牌位置: (542.6703, -1.023767)
[2026-04-20 09:46:17] [DEBUG] 卡牌左上角计算: 大小=(125.0001, 175.0), 缩放=(0.913585, 0.913585), 左上角=(564.2785, 4.454086)
[2026-04-20 09:46:17] [DEBUG] 放置验证通过: shape_coords=[(0, 0)], origin=(0, 1), 所有坐标在网格范围内且无碰撞
[2026-04-20 09:46:17] [DEBUG] 更新网格预览: 形状=[(0, 0)], 原点=(0, 1), 有效=true, 全部在边界内=true, 敌人重叠=false
[2026-04-20 09:46:17] [DEBUG] 时间轴悬停调试: 
  - 鼠标位置: (621.3776, 84.39282)
  - 网格背景本地鼠标位置: (25.25177, 56.26188) (已自动剔除缩放变换)
  - 格子大小: 42.0 (ui_slot_size=40.0, ui_spacing=2.0)
  - 网格坐标: (0, 1)
  - 网格边界检查: true (范围: X[0-11], Y[0-2])
  - 拖拽偏移: (0.0, 0.0)
  - 目标中心: (621.3776, 84.39282)
  - 当前卡牌位置: (542.5785, -0.57832)
[2026-04-20 09:46:17] [DEBUG] 卡牌左上角计算: 大小=(125.0001, 175.0), 缩放=(0.906072, 0.906072), 左上角=(564.748, 5.111465)
[2026-04-20 09:46:17] [DEBUG] 放置验证通过: shape_coords=[(0, 0)], origin=(0, 1), 所有坐标在网格范围内且无碰撞
[2026-04-20 09:46:17] [DEBUG] 更新网格预览: 形状=[(0, 0)], 原点=(0, 1), 有效=true, 全部在边界内=true, 敌人重叠=false
[2026-04-20 09:46:17] [DEBUG] 时间轴悬停调试: 
  - 鼠标位置: (621.3776, 84.39282)
  - 网格背景本地鼠标位置: (25.25177, 56.26188) (已自动剔除缩放变换)
  - 格子大小: 42.0 (ui_slot_size=40.0, ui_spacing=2.0)
  - 网格坐标: (0, 1)
  - 网格边界检查: true (范围: X[0-11], Y[0-2])
  - 拖拽偏移: (0.0, 0.0)
  - 目标中心: (621.3776, 84.39282)
  - 当前卡牌位置: (542.4943, -0.183493)
[2026-04-20 09:46:17] [DEBUG] 卡牌左上角计算: 大小=(125.0001, 175.0), 缩放=(0.899345, 0.899345), 左上角=(565.1685, 5.700134)
[2026-04-20 09:46:17] [DEBUG] 放置验证通过: shape_coords=[(0, 0)], origin=(0, 1), 所有坐标在网格范围内且无碰撞
[2026-04-20 09:46:17] [DEBUG] 更新网格预览: 形状=[(0, 0)], 原点=(0, 1), 有效=true, 全部在边界内=true, 敌人重叠=false
[2026-04-20 09:46:17] [DEBUG] 时间轴悬停调试: 
  - 鼠标位置: (621.3776, 84.39282)
  - 网格背景本地鼠标位置: (25.25177, 56.26188) (已自动剔除缩放变换)
  - 格子大小: 42.0 (ui_slot_size=40.0, ui_spacing=2.0)
  - 网格坐标: (0, 1)
  - 网格边界检查: true (范围: X[0-11], Y[0-2])
  - 拖拽偏移: (0.0, 0.0)
  - 目标中心: (621.3776, 84.39282)
  - 当前卡牌位置: (542.4174, 0.162973)
[2026-04-20 09:46:17] [DEBUG] 卡牌左上角计算: 大小=(125.0001, 175.0), 缩放=(0.893369, 0.893369), 左上角=(565.542, 6.222992)
[2026-04-20 09:46:17] [DEBUG] 放置验证通过: shape_coords=[(0, 0)], origin=(0, 1), 所有坐标在网格范围内且无碰撞
[2026-04-20 09:46:17] [DEBUG] 更新网格预览: 形状=[(0, 0)], 原点=(0, 1), 有效=true, 全部在边界内=true, 敌人重叠=false
[2026-04-20 09:46:17] [DEBUG] 时间轴悬停调试: 
  - 鼠标位置: (621.3776, 84.39282)
  - 网格背景本地鼠标位置: (25.25177, 56.26188) (已自动剔除缩放变换)
  - 格子大小: 42.0 (ui_slot_size=40.0, ui_spacing=2.0)
  - 网格坐标: (0, 1)
  - 网格边界检查: true (范围: X[0-11], Y[0-2])
  - 拖拽偏移: (0.0, 0.0)
  - 目标中心: (621.3776, 84.39282)
  - 当前卡牌位置: (542.3477, 0.463339)
[2026-04-20 09:46:17] [DEBUG] 卡牌左上角计算: 大小=(125.0001, 175.0), 缩放=(0.888112, 0.888112), 左上角=(565.8706, 6.682976)
[2026-04-20 09:46:17] [DEBUG] 放置验证通过: shape_coords=[(0, 0)], origin=(0, 1), 所有坐标在网格范围内且无碰撞
[2026-04-20 09:46:17] [DEBUG] 更新网格预览: 形状=[(0, 0)], 原点=(0, 1), 有效=true, 全部在边界内=true, 敌人重叠=false
[2026-04-20 09:46:17] [DEBUG] 时间轴悬停调试: 
  - 鼠标位置: (621.3776, 84.39282)
  - 网格背景本地鼠标位置: (25.25177, 56.26188) (已自动剔除缩放变换)
  - 格子大小: 42.0 (ui_slot_size=40.0, ui_spacing=2.0)
  - 网格坐标: (0, 1)
  - 网格边界检查: true (范围: X[0-11], Y[0-2])
  - 拖拽偏移: (0.0, 0.0)
  - 目标中心: (621.3776, 84.39282)
  - 当前卡牌位置: (542.2849, 0.719858)
[2026-04-20 09:46:17] [DEBUG] 卡牌左上角计算: 大小=(125.0001, 175.0), 缩放=(0.883541, 0.883541), 左上角=(566.1563, 7.082985)
[2026-04-20 09:46:17] [DEBUG] 放置验证通过: shape_coords=[(0, 0)], origin=(0, 1), 所有坐标在网格范围内且无碰撞
[2026-04-20 09:46:17] [DEBUG] 更新网格预览: 形状=[(0, 0)], 原点=(0, 1), 有效=true, 全部在边界内=true, 敌人重叠=false
[2026-04-20 09:46:17] [DEBUG] 时间轴悬停调试: 
  - 鼠标位置: (621.3776, 84.39282)
  - 网格背景本地鼠标位置: (25.25177, 56.26188) (已自动剔除缩放变换)
  - 格子大小: 42.0 (ui_slot_size=40.0, ui_spacing=2.0)
  - 网格坐标: (0, 1)
  - 网格边界检查: true (范围: X[0-11], Y[0-2])
  - 拖拽偏移: (0.0, 0.0)
  - 目标中心: (621.3776, 84.39282)
  - 当前卡牌位置: (542.2286, 0.934778)
[2026-04-20 09:46:17] [DEBUG] 卡牌左上角计算: 大小=(125.0001, 175.0), 缩放=(0.879621, 0.879621), 左上角=(566.4012, 7.425934)
[2026-04-20 09:46:17] [DEBUG] 放置验证通过: shape_coords=[(0, 0)], origin=(0, 1), 所有坐标在网格范围内且无碰撞
[2026-04-20 09:46:17] [DEBUG] 更新网格预览: 形状=[(0, 0)], 原点=(0, 1), 有效=true, 全部在边界内=true, 敌人重叠=false
[2026-04-20 09:46:17] [DEBUG] 时间轴悬停调试: 
  - 鼠标位置: (621.3776, 84.39282)
  - 网格背景本地鼠标位置: (25.25177, 56.26188) (已自动剔除缩放变换)
  - 格子大小: 42.0 (ui_slot_size=40.0, ui_spacing=2.0)
  - 网格坐标: (0, 1)
  - 网格边界检查: true (范围: X[0-11], Y[0-2])
  - 拖拽偏移: (0.0, 0.0)
  - 目标中心: (621.3776, 84.39282)
  - 当前卡牌位置: (542.1786, 1.110373)
[2026-04-20 09:46:17] [DEBUG] 卡牌左上角计算: 大小=(125.0001, 175.0), 缩放=(0.876321, 0.876321), 左上角=(566.6075, 7.714752)
[2026-04-20 09:46:17] [DEBUG] 放置验证通过: shape_coords=[(0, 0)], origin=(0, 1), 所有坐标在网格范围内且无碰撞
[2026-04-20 09:46:17] [DEBUG] 更新网格预览: 形状=[(0, 0)], 原点=(0, 1), 有效=true, 全部在边界内=true, 敌人重叠=false
[2026-04-20 09:46:17] [DEBUG] 时间轴悬停调试: 
  - 鼠标位置: (621.3776, 84.39282)
  - 网格背景本地鼠标位置: (25.25177, 56.26188) (已自动剔除缩放变换)
  - 格子大小: 42.0 (ui_slot_size=40.0, ui_spacing=2.0)
  - 网格坐标: (0, 1)
  - 网格边界检查: true (范围: X[0-11], Y[0-2])
  - 拖拽偏移: (0.0, 0.0)
  - 目标中心: (621.3776, 84.39282)
  - 当前卡牌位置: (542.1346, 1.248892)
[2026-04-20 09:46:17] [DEBUG] 卡牌左上角计算: 大小=(125.0001, 175.0), 缩放=(0.873605, 0.873605), 左上角=(566.7773, 7.952339)
[2026-04-20 09:46:17] [DEBUG] 放置验证通过: shape_coords=[(0, 0)], origin=(0, 1), 所有坐标在网格范围内且无碰撞
[2026-04-20 09:46:17] [DEBUG] 更新网格预览: 形状=[(0, 0)], 原点=(0, 1), 有效=true, 全部在边界内=true, 敌人重叠=false
[2026-04-20 09:46:17] [DEBUG] 时间轴悬停调试: 
  - 鼠标位置: (621.3776, 84.39282)
  - 网格背景本地鼠标位置: (25.25177, 56.26188) (已自动剔除缩放变换)
  - 格子大小: 42.0 (ui_slot_size=40.0, ui_spacing=2.0)
  - 网格坐标: (0, 1)
  - 网格边界检查: true (范围: X[0-11], Y[0-2])
  - 拖拽偏移: (0.0, 0.0)
  - 目标中心: (621.3776, 84.39282)
  - 当前卡牌位置: (542.0964, 1.352594)
[2026-04-20 09:46:17] [DEBUG] 卡牌左上角计算: 大小=(125.0001, 175.0), 缩放=(0.871442, 0.871442), 左上角=(566.9125, 8.141617)
[2026-04-20 09:46:17] [DEBUG] 放置验证通过: shape_coords=[(0, 0)], origin=(0, 1), 所有坐标在网格范围内且无碰撞
[2026-04-20 09:46:17] [DEBUG] 更新网格预览: 形状=[(0, 0)], 原点=(0, 1), 有效=true, 全部在边界内=true, 敌人重叠=false
[2026-04-20 09:46:17] [DEBUG] 时间轴悬停调试: 
  - 鼠标位置: (621.3776, 84.39282)
  - 网格背景本地鼠标位置: (25.25177, 56.26188) (已自动剔除缩放变换)
  - 格子大小: 42.0 (ui_slot_size=40.0, ui_spacing=2.0)
  - 网格坐标: (0, 1)
  - 网格边界检查: true (范围: X[0-11], Y[0-2])
  - 拖拽偏移: (0.0, 0.0)
  - 目标中心: (621.3776, 84.39282)
  - 当前卡牌位置: (542.0638, 1.423721)
[2026-04-20 09:46:17] [DEBUG] 卡牌左上角计算: 大小=(125.0001, 175.0), 缩放=(0.869798, 0.869798), 左上角=(567.0153, 8.285492)
[2026-04-20 09:46:17] [DEBUG] 放置验证通过: shape_coords=[(0, 0)], origin=(0, 1), 所有坐标在网格范围内且无碰撞
[2026-04-20 09:46:17] [DEBUG] 更新网格预览: 形状=[(0, 0)], 原点=(0, 1), 有效=true, 全部在边界内=true, 敌人重叠=false
[2026-04-20 09:46:17] [DEBUG] 时间轴悬停调试: 
  - 鼠标位置: (621.3776, 84.39282)
  - 网格背景本地鼠标位置: (25.25177, 56.26188) (已自动剔除缩放变换)
  - 格子大小: 42.0 (ui_slot_size=40.0, ui_spacing=2.0)
  - 网格坐标: (0, 1)
  - 网格边界检查: true (范围: X[0-11], Y[0-2])
  - 拖拽偏移: (0.0, 0.0)
  - 目标中心: (621.3776, 84.39282)
  - 当前卡牌位置: (542.0362, 1.464558)
[2026-04-20 09:46:17] [DEBUG] 卡牌左上角计算: 大小=(125.0001, 175.0), 缩放=(0.868639, 0.868639), 左上角=(567.0876, 8.386894)
[2026-04-20 09:46:17] [DEBUG] 放置验证通过: shape_coords=[(0, 0)], origin=(0, 1), 所有坐标在网格范围内且无碰撞
[2026-04-20 09:46:17] [DEBUG] 更新网格预览: 形状=[(0, 0)], 原点=(0, 1), 有效=true, 全部在边界内=true, 敌人重叠=false
[2026-04-20 09:46:17] [DEBUG] 时间轴悬停调试: 
  - 鼠标位置: (621.3776, 84.39282)
  - 网格背景本地鼠标位置: (25.25177, 56.26188) (已自动剔除缩放变换)
  - 格子大小: 42.0 (ui_slot_size=40.0, ui_spacing=2.0)
  - 网格坐标: (0, 1)
  - 网格边界检查: true (范围: X[0-11], Y[0-2])
  - 拖拽偏移: (0.0, 0.0)
  - 目标中心: (621.3776, 84.39282)
  - 当前卡牌位置: (542.0137, 1.477343)
[2026-04-20 09:46:17] [DEBUG] 卡牌左上角计算: 大小=(125.0001, 175.0), 缩放=(0.867932, 0.867932), 左上角=(567.1318, 8.448738)
[2026-04-20 09:46:17] [DEBUG] 放置验证通过: shape_coords=[(0, 0)], origin=(0, 1), 所有坐标在网格范围内且无碰撞
[2026-04-20 09:46:17] [DEBUG] 更新网格预览: 形状=[(0, 0)], 原点=(0, 1), 有效=true, 全部在边界内=true, 敌人重叠=false
[2026-04-20 09:46:17] [DEBUG] 时间轴悬停调试: 
  - 鼠标位置: (621.3776, 84.39282)
  - 网格背景本地鼠标位置: (25.25177, 56.26188) (已自动剔除缩放变换)
  - 格子大小: 42.0 (ui_slot_size=40.0, ui_spacing=2.0)
  - 网格坐标: (0, 1)
  - 网格边界检查: true (范围: X[0-11], Y[0-2])
  - 拖拽偏移: (0.0, 0.0)
  - 目标中心: (621.3776, 84.39282)
  - 当前卡牌位置: (541.9958, 1.464334)
[2026-04-20 09:46:17] [DEBUG] 卡牌左上角计算: 大小=(125.0001, 175.0), 缩放=(0.867644, 0.867644), 左上角=(567.1498, 8.473923)
[2026-04-20 09:46:17] [DEBUG] 放置验证通过: shape_coords=[(0, 0)], origin=(0, 1), 所有坐标在网格范围内且无碰撞
[2026-04-20 09:46:17] [DEBUG] 更新网格预览: 形状=[(0, 0)], 原点=(0, 1), 有效=true, 全部在边界内=true, 敌人重叠=false
[2026-04-20 09:46:17] [DEBUG] 时间轴悬停调试: 
  - 鼠标位置: (621.3776, 84.39282)
  - 网格背景本地鼠标位置: (25.25177, 56.26188) (已自动剔除缩放变换)
  - 格子大小: 42.0 (ui_slot_size=40.0, ui_spacing=2.0)
  - 网格坐标: (0, 1)
  - 网格边界检查: true (范围: X[0-11], Y[0-2])
  - 拖拽偏移: (0.0, 0.0)
  - 目标中心: (621.3776, 84.39282)
  - 当前卡牌位置: (541.9823, 1.427803)
[2026-04-20 09:46:17] [DEBUG] 卡牌左上角计算: 大小=(125.0001, 175.0), 缩放=(0.867742, 0.867742), 左上角=(567.1437, 8.465378)
[2026-04-20 09:46:17] [DEBUG] 放置验证通过: shape_coords=[(0, 0)], origin=(0, 1), 所有坐标在网格范围内且无碰撞
[2026-04-20 09:46:17] [DEBUG] 更新网格预览: 形状=[(0, 0)], 原点=(0, 1), 有效=true, 全部在边界内=true, 敌人重叠=false
[2026-04-20 09:46:17] [DEBUG] 时间轴悬停调试: 
  - 鼠标位置: (621.3776, 84.39282)
  - 网格背景本地鼠标位置: (25.25177, 56.26188) (已自动剔除缩放变换)
  - 格子大小: 42.0 (ui_slot_size=40.0, ui_spacing=2.0)
  - 网格坐标: (0, 1)
  - 网格边界检查: true (范围: X[0-11], Y[0-2])
  - 拖拽偏移: (0.0, 0.0)
  - 目标中心: (621.3776, 84.39282)
  - 当前卡牌位置: (541.9728, 1.369978)
[2026-04-20 09:46:17] [DEBUG] 卡牌左上角计算: 大小=(125.0001, 175.0), 缩放=(0.868192, 0.868192), 左上角=(567.1156, 8.42601)
[2026-04-20 09:46:17] [DEBUG] 放置验证通过: shape_coords=[(0, 0)], origin=(0, 1), 所有坐标在网格范围内且无碰撞
[2026-04-20 09:46:17] [DEBUG] 更新网格预览: 形状=[(0, 0)], 原点=(0, 1), 有效=true, 全部在边界内=true, 敌人重叠=false
[2026-04-20 09:46:17] [DEBUG] 时间轴悬停调试: 
  - 鼠标位置: (621.3776, 84.39282)
  - 网格背景本地鼠标位置: (25.25177, 56.26188) (已自动剔除缩放变换)
  - 格子大小: 42.0 (ui_slot_size=40.0, ui_spacing=2.0)
  - 网格坐标: (0, 1)
  - 网格边界检查: true (范围: X[0-11], Y[0-2])
  - 拖拽偏移: (0.0, 0.0)
  - 目标中心: (621.3776, 84.39282)
  - 当前卡牌位置: (541.9674, 1.293154)
[2026-04-20 09:46:17] [DEBUG] 卡牌左上角计算: 大小=(125.0001, 175.0), 缩放=(0.868961, 0.868961), 左上角=(567.0676, 8.358742)
[2026-04-20 09:46:17] [DEBUG] 放置验证通过: shape_coords=[(0, 0)], origin=(0, 1), 所有坐标在网格范围内且无碰撞
[2026-04-20 09:46:17] [DEBUG] 更新网格预览: 形状=[(0, 0)], 原点=(0, 1), 有效=true, 全部在边界内=true, 敌人重叠=false
[2026-04-20 09:46:17] [DEBUG] 时间轴悬停调试: 
  - 鼠标位置: (621.3776, 84.39282)
  - 网格背景本地鼠标位置: (25.25177, 56.26188) (已自动剔除缩放变换)
  - 格子大小: 42.0 (ui_slot_size=40.0, ui_spacing=2.0)
  - 网格坐标: (0, 1)
  - 网格边界检查: true (范围: X[0-11], Y[0-2])
  - 拖拽偏移: (0.0, 0.0)
  - 目标中心: (621.3776, 84.39282)
  - 当前卡牌位置: (541.9654, 1.199553)
[2026-04-20 09:46:17] [DEBUG] 卡牌左上角计算: 大小=(125.0001, 175.0), 缩放=(0.870015, 0.870015), 左上角=(567.0016, 8.266487)
[2026-04-20 09:46:17] [DEBUG] 放置验证通过: shape_coords=[(0, 0)], origin=(0, 1), 所有坐标在网格范围内且无碰撞
[2026-04-20 09:46:17] [DEBUG] 更新网格预览: 形状=[(0, 0)], 原点=(0, 1), 有效=true, 全部在边界内=true, 敌人重叠=false
[2026-04-20 09:46:17] [DEBUG] 时间轴悬停调试: 
  - 鼠标位置: (621.3776, 84.39282)
  - 网格背景本地鼠标位置: (25.25177, 56.26188) (已自动剔除缩放变换)
  - 格子大小: 42.0 (ui_slot_size=40.0, ui_spacing=2.0)
  - 网格坐标: (0, 1)
  - 网格边界检查: true (范围: X[0-11], Y[0-2])
  - 拖拽偏移: (0.0, 0.0)
  - 目标中心: (621.3776, 84.39282)
  - 当前卡牌位置: (541.9667, 1.091446)
[2026-04-20 09:46:17] [DEBUG] 卡牌左上角计算: 大小=(125.0001, 175.0), 缩放=(0.871322, 0.871322), 左上角=(566.92, 8.152153)
[2026-04-20 09:46:17] [DEBUG] 放置验证通过: shape_coords=[(0, 0)], origin=(0, 1), 所有坐标在网格范围内且无碰撞
[2026-04-20 09:46:17] [DEBUG] 更新网格预览: 形状=[(0, 0)], 原点=(0, 1), 有效=true, 全部在边界内=true, 敌人重叠=false
[2026-04-20 09:46:17] [DEBUG] 时间轴悬停调试: 
  - 鼠标位置: (621.3776, 84.39282)
  - 网格背景本地鼠标位置: (25.25177, 56.26188) (已自动剔除缩放变换)
  - 格子大小: 42.0 (ui_slot_size=40.0, ui_spacing=2.0)
  - 网格坐标: (0, 1)
  - 网格边界检查: true (范围: X[0-11], Y[0-2])
  - 拖拽偏移: (0.0, 0.0)
  - 目标中心: (621.3776, 84.39282)
  - 当前卡牌位置: (541.9711, 0.971107)
[2026-04-20 09:46:17] [DEBUG] 卡牌左上角计算: 大小=(125.0001, 175.0), 缩放=(0.872847, 0.872847), 左上角=(566.8246, 8.018661)
[2026-04-20 09:46:17] [DEBUG] 放置验证通过: shape_coords=[(0, 0)], origin=(0, 1), 所有坐标在网格范围内且无碰撞
[2026-04-20 09:46:17] [DEBUG] 更新网格预览: 形状=[(0, 0)], 原点=(0, 1), 有效=true, 全部在边界内=true, 敌人重叠=false
[2026-04-20 09:46:17] [DEBUG] 时间轴悬停调试: 
  - 鼠标位置: (621.3776, 84.39282)
  - 网格背景本地鼠标位置: (25.25177, 56.26188) (已自动剔除缩放变换)
  - 格子大小: 42.0 (ui_slot_size=40.0, ui_spacing=2.0)
  - 网格坐标: (0, 1)
  - 网格边界检查: true (范围: X[0-11], Y[0-2])
  - 拖拽偏移: (0.0, 0.0)
  - 目标中心: (621.3776, 84.39282)
  - 当前卡牌位置: (541.9782, 0.840761)
[2026-04-20 09:46:17] [DEBUG] 卡牌左上角计算: 大小=(125.0001, 175.0), 缩放=(0.874559, 0.874559), 左上角=(566.7177, 7.868927)
[2026-04-20 09:46:17] [DEBUG] 放置验证通过: shape_coords=[(0, 0)], origin=(0, 1), 所有坐标在网格范围内且无碰撞
[2026-04-20 09:46:17] [DEBUG] 更新网格预览: 形状=[(0, 0)], 原点=(0, 1), 有效=true, 全部在边界内=true, 敌人重叠=false
[2026-04-20 09:46:17] [DEBUG] 时间轴悬停调试: 
  - 鼠标位置: (621.3776, 84.39282)
  - 网格背景本地鼠标位置: (25.25177, 56.26188) (已自动剔除缩放变换)
  - 格子大小: 42.0 (ui_slot_size=40.0, ui_spacing=2.0)
  - 网格坐标: (0, 1)
  - 网格边界检查: true (范围: X[0-11], Y[0-2])
  - 拖拽偏移: (0.0, 0.0)
  - 目标中心: (621.3776, 84.39282)
  - 当前卡牌位置: (541.9878, 0.702694)
[2026-04-20 09:46:17] [DEBUG] 卡牌左上角计算: 大小=(125.0001, 175.0), 缩放=(0.876422, 0.876422), 左上角=(566.6012, 7.705872)
[2026-04-20 09:46:17] [DEBUG] 放置验证通过: shape_coords=[(0, 0)], origin=(0, 1), 所有坐标在网格范围内且无碰撞
[2026-04-20 09:46:17] [DEBUG] 更新网格预览: 形状=[(0, 0)], 原点=(0, 1), 有效=true, 全部在边界内=true, 敌人重叠=false
[2026-04-20 09:46:17] [DEBUG] 时间轴悬停调试: 
  - 鼠标位置: (621.3776, 84.39282)
  - 网格背景本地鼠标位置: (25.25177, 56.26188) (已自动剔除缩放变换)
  - 格子大小: 42.0 (ui_slot_size=40.0, ui_spacing=2.0)
  - 网格坐标: (0, 1)
  - 网格边界检查: true (范围: X[0-11], Y[0-2])
  - 拖拽偏移: (0.0, 0.0)
  - 目标中心: (621.3776, 84.39282)
  - 当前卡牌位置: (541.9996, 0.559134)
[2026-04-20 09:46:17] [DEBUG] 卡牌左上角计算: 大小=(125.0001, 175.0), 缩放=(0.878405, 0.878405), 左上角=(566.4773, 7.532394)
[2026-04-20 09:46:17] [DEBUG] 放置验证通过: shape_coords=[(0, 0)], origin=(0, 1), 所有坐标在网格范围内且无碰撞
[2026-04-20 09:46:17] [DEBUG] 更新网格预览: 形状=[(0, 0)], 原点=(0, 1), 有效=true, 全部在边界内=true, 敌人重叠=false
[2026-04-20 09:46:17] [DEBUG] 时间轴悬停调试: 
  - 鼠标位置: (621.3776, 84.39282)
  - 网格背景本地鼠标位置: (25.25177, 56.26188) (已自动剔除缩放变换)
  - 格子大小: 42.0 (ui_slot_size=40.0, ui_spacing=2.0)
  - 网格坐标: (0, 1)
  - 网格边界检查: true (范围: X[0-11], Y[0-2])
  - 拖拽偏移: (0.0, 0.0)
  - 目标中心: (621.3776, 84.39282)
  - 当前卡牌位置: (542.0134, 0.412378)
[2026-04-20 09:46:17] [DEBUG] 卡牌左上角计算: 大小=(125.0001, 175.0), 缩放=(0.880473, 0.880473), 左上角=(566.348, 7.351425)
[2026-04-20 09:46:17] [DEBUG] 放置验证通过: shape_coords=[(0, 0)], origin=(0, 1), 所有坐标在网格范围内且无碰撞
[2026-04-20 09:46:17] [DEBUG] 更新网格预览: 形状=[(0, 0)], 原点=(0, 1), 有效=true, 全部在边界内=true, 敌人重叠=false
[2026-04-20 09:46:17] [DEBUG] 时间轴悬停调试: 
  - 鼠标位置: (621.3776, 84.39282)
  - 网格背景本地鼠标位置: (25.25177, 56.26188) (已自动剔除缩放变换)
  - 格子大小: 42.0 (ui_slot_size=40.0, ui_spacing=2.0)
  - 网格坐标: (0, 1)
  - 网格边界检查: true (范围: X[0-11], Y[0-2])
  - 拖拽偏移: (0.0, 0.0)
  - 目标中心: (621.3776, 84.39282)
  - 当前卡牌位置: (542.0288, 0.264654)
[2026-04-20 09:46:17] [DEBUG] 卡牌左上角计算: 大小=(125.0001, 175.0), 缩放=(0.882594, 0.882594), 左上角=(566.2155, 7.165878)
[2026-04-20 09:46:17] [DEBUG] 放置验证通过: shape_coords=[(0, 0)], origin=(0, 1), 所有坐标在网格范围内且无碰撞
[2026-04-20 09:46:17] [DEBUG] 更新网格预览: 形状=[(0, 0)], 原点=(0, 1), 有效=true, 全部在边界内=true, 敌人重叠=false
[2026-04-20 09:46:17] [DEBUG] 时间轴悬停调试: 
  - 鼠标位置: (621.3776, 84.39282)
  - 网格背景本地鼠标位置: (25.25177, 56.26188) (已自动剔除缩放变换)
  - 格子大小: 42.0 (ui_slot_size=40.0, ui_spacing=2.0)
  - 网格坐标: (0, 1)
  - 网格边界检查: true (范围: X[0-11], Y[0-2])
  - 拖拽偏移: (0.0, 0.0)
  - 目标中心: (621.3776, 84.39282)
  - 当前卡牌位置: (542.0456, 0.118202)
[2026-04-20 09:46:17] [DEBUG] 卡牌左上角计算: 大小=(125.0001, 175.0), 缩放=(0.884733, 0.884733), 左上角=(566.0818, 6.978653)
[2026-04-20 09:46:17] [DEBUG] 放置验证通过: shape_coords=[(0, 0)], origin=(0, 1), 所有坐标在网格范围内且无碰撞
[2026-04-20 09:46:17] [DEBUG] 更新网格预览: 形状=[(0, 0)], 原点=(0, 1), 有效=true, 全部在边界内=true, 敌人重叠=false
[2026-04-20 09:46:17] [DEBUG] 时间轴悬停调试: 
  - 鼠标位置: (621.3776, 84.39282)
  - 网格背景本地鼠标位置: (25.25177, 56.26188) (已自动剔除缩放变换)
  - 格子大小: 42.0 (ui_slot_size=40.0, ui_spacing=2.0)
  - 网格坐标: (0, 1)
  - 网格边界检查: true (范围: X[0-11], Y[0-2])
  - 拖拽偏移: (0.0, 0.0)
  - 目标中心: (621.3776, 84.39282)
  - 当前卡牌位置: (542.0635, -0.024675)
[2026-04-20 09:46:17] [DEBUG] 卡牌左上角计算: 大小=(125.0001, 175.0), 缩放=(0.886859, 0.886859), 左上角=(565.9489, 6.792686)
[2026-04-20 09:46:17] [DEBUG] 放置验证通过: shape_coords=[(0, 0)], origin=(0, 1), 所有坐标在网格范围内且无碰撞
[2026-04-20 09:46:17] [DEBUG] 更新网格预览: 形状=[(0, 0)], 原点=(0, 1), 有效=true, 全部在边界内=true, 敌人重叠=false
[2026-04-20 09:46:17] [DEBUG] 时间轴悬停调试: 
  - 鼠标位置: (621.3776, 84.39282)
  - 网格背景本地鼠标位置: (25.25177, 56.26188) (已自动剔除缩放变换)
  - 格子大小: 42.0 (ui_slot_size=40.0, ui_spacing=2.0)
  - 网格坐标: (0, 1)
  - 网格边界检查: true (范围: X[0-11], Y[0-2])
  - 拖拽偏移: (0.0, 0.0)
  - 目标中心: (621.3776, 84.39282)
  - 当前卡牌位置: (542.0824, -0.161749)
[2026-04-20 09:46:17] [DEBUG] 卡牌左上角计算: 大小=(125.0001, 175.0), 缩放=(0.888936, 0.888936), 左上角=(565.8191, 6.61087)
[2026-04-20 09:46:17] [DEBUG] 放置验证通过: shape_coords=[(0, 0)], origin=(0, 1), 所有坐标在网格范围内且无碰撞
[2026-04-20 09:46:17] [DEBUG] 更新网格预览: 形状=[(0, 0)], 原点=(0, 1), 有效=true, 全部在边界内=true, 敌人重叠=false
[2026-04-20 09:46:17] [DEBUG] 时间轴悬停调试: 
  - 鼠标位置: (621.3776, 84.39282)
  - 网格背景本地鼠标位置: (25.25177, 56.26188) (已自动剔除缩放变换)
  - 格子大小: 42.0 (ui_slot_size=40.0, ui_spacing=2.0)
  - 网格坐标: (0, 1)
  - 网格边界检查: true (范围: X[0-11], Y[0-2])
  - 拖拽偏移: (0.0, 0.0)
  - 目标中心: (621.3776, 84.39282)
  - 当前卡牌位置: (542.1017, -0.290756)
[2026-04-20 09:46:17] [DEBUG] 卡牌左上角计算: 大小=(125.0001, 175.0), 缩放=(0.890933, 0.890933), 左上角=(565.6943, 6.436142)
[2026-04-20 09:46:17] [DEBUG] 放置验证通过: shape_coords=[(0, 0)], origin=(0, 1), 所有坐标在网格范围内且无碰撞
[2026-04-20 09:46:17] [DEBUG] 更新网格预览: 形状=[(0, 0)], 原点=(0, 1), 有效=true, 全部在边界内=true, 敌人重叠=false
[2026-04-20 09:46:17] [DEBUG] 时间轴悬停调试: 
  - 鼠标位置: (621.3776, 84.39282)
  - 网格背景本地鼠标位置: (25.25177, 56.26188) (已自动剔除缩放变换)
  - 格子大小: 42.0 (ui_slot_size=40.0, ui_spacing=2.0)
  - 网格坐标: (0, 1)
  - 网格边界检查: true (范围: X[0-11], Y[0-2])
  - 拖拽偏移: (0.0, 0.0)
  - 目标中心: (621.3776, 84.39282)
  - 当前卡牌位置: (542.1213, -0.409449)
[2026-04-20 09:46:17] [DEBUG] 卡牌左上角计算: 大小=(125.0001, 175.0), 缩放=(0.892816, 0.892816), 左上角=(565.5766, 6.2714)
[2026-04-20 09:46:17] [DEBUG] 放置验证通过: shape_coords=[(0, 0)], origin=(0, 1), 所有坐标在网格范围内且无碰撞
[2026-04-20 09:46:17] [DEBUG] 更新网格预览: 形状=[(0, 0)], 原点=(0, 1), 有效=true, 全部在边界内=true, 敌人重叠=false
[2026-04-20 09:46:17] [DEBUG] 时间轴悬停调试: 
  - 鼠标位置: (621.3776, 84.39282)
  - 网格背景本地鼠标位置: (25.25177, 56.26188) (已自动剔除缩放变换)
  - 格子大小: 42.0 (ui_slot_size=40.0, ui_spacing=2.0)
  - 网格坐标: (0, 1)
  - 网格边界检查: true (范围: X[0-11], Y[0-2])
  - 拖拽偏移: (0.0, 0.0)
  - 目标中心: (621.3776, 84.39282)
  - 当前卡牌位置: (542.141, -0.515543)
[2026-04-20 09:46:17] [DEBUG] 卡牌左上角计算: 大小=(125.0001, 175.0), 缩放=(0.894551, 0.894551), 左上角=(565.4681, 6.119576)
[2026-04-20 09:46:17] [DEBUG] 放置验证通过: shape_coords=[(0, 0)], origin=(0, 1), 所有坐标在网格范围内且无碰撞
[2026-04-20 09:46:17] [DEBUG] 更新网格预览: 形状=[(0, 0)], 原点=(0, 1), 有效=true, 全部在边界内=true, 敌人重叠=false
[2026-04-20 09:46:17] [DEBUG] 时间轴悬停调试: 
  - 鼠标位置: (621.3776, 84.39282)
  - 网格背景本地鼠标位置: (25.25177, 56.26188) (已自动剔除缩放变换)
  - 格子大小: 42.0 (ui_slot_size=40.0, ui_spacing=2.0)
  - 网格坐标: (0, 1)
  - 网格边界检查: true (范围: X[0-11], Y[0-2])
  - 拖拽偏移: (0.0, 0.0)
  - 目标中心: (621.3776, 84.39282)
  - 当前卡牌位置: (542.1605, -0.606815)
[2026-04-20 09:46:17] [DEBUG] 卡牌左上角计算: 大小=(125.0001, 175.0), 缩放=(0.896106, 0.896106), 左上角=(565.371, 5.983566)
[2026-04-20 09:46:17] [DEBUG] 放置验证通过: shape_coords=[(0, 0)], origin=(0, 1), 所有坐标在网格范围内且无碰撞
[2026-04-20 09:46:17] [DEBUG] 更新网格预览: 形状=[(0, 0)], 原点=(0, 1), 有效=true, 全部在边界内=true, 敌人重叠=false
[2026-04-20 09:46:17] [DEBUG] 时间轴悬停调试: 
  - 鼠标位置: (621.3776, 84.39282)
  - 网格背景本地鼠标位置: (25.25177, 56.26188) (已自动剔除缩放变换)
  - 格子大小: 42.0 (ui_slot_size=40.0, ui_spacing=2.0)
  - 网格坐标: (0, 1)
  - 网格边界检查: true (范围: X[0-11], Y[0-2])
  - 拖拽偏移: (0.0, 0.0)
  - 目标中心: (621.3776, 84.39282)
  - 当前卡牌位置: (542.1793, -0.680973)
[2026-04-20 09:46:17] [DEBUG] 卡牌左上角计算: 大小=(125.0001, 175.0), 缩放=(0.897446, 0.897446), 左上角=(565.2872, 5.86631)
[2026-04-20 09:46:17] [DEBUG] 放置验证通过: shape_coords=[(0, 0)], origin=(0, 1), 所有坐标在网格范围内且无碰撞
[2026-04-20 09:46:17] [DEBUG] 更新网格预览: 形状=[(0, 0)], 原点=(0, 1), 有效=true, 全部在边界内=true, 敌人重叠=false
[2026-04-20 09:46:17] [DEBUG] 时间轴悬停调试: 
  - 鼠标位置: (621.3776, 84.39282)
  - 网格背景本地鼠标位置: (25.25177, 56.26188) (已自动剔除缩放变换)
  - 格子大小: 42.0 (ui_slot_size=40.0, ui_spacing=2.0)
  - 网格坐标: (0, 1)
  - 网格边界检查: true (范围: X[0-11], Y[0-2])
  - 拖拽偏移: (0.0, 0.0)
  - 目标中心: (621.3776, 84.39282)
  - 当前卡牌位置: (542.1975, -0.735807)
[2026-04-20 09:46:17] [DEBUG] 卡牌左上角计算: 大小=(125.0001, 175.0), 缩放=(0.898538, 0.898538), 左上角=(565.2189, 5.770699)
[2026-04-20 09:46:17] [DEBUG] 放置验证通过: shape_coords=[(0, 0)], origin=(0, 1), 所有坐标在网格范围内且无碰撞
[2026-04-20 09:46:17] [DEBUG] 更新网格预览: 形状=[(0, 0)], 原点=(0, 1), 有效=true, 全部在边界内=true, 敌人重叠=false
[2026-04-20 09:46:17] [DEBUG] 时间轴悬停调试: 
  - 鼠标位置: (621.3776, 84.39282)
  - 网格背景本地鼠标位置: (25.25177, 56.26188) (已自动剔除缩放变换)
  - 格子大小: 42.0 (ui_slot_size=40.0, ui_spacing=2.0)
  - 网格坐标: (0, 1)
  - 网格边界检查: true (范围: X[0-11], Y[0-2])
  - 拖拽偏移: (0.0, 0.0)
  - 目标中心: (621.3776, 84.39282)
  - 当前卡牌位置: (542.2145, -0.769012)
[2026-04-20 09:46:17] [DEBUG] 卡牌左上角计算: 大小=(125.0001, 175.0), 缩放=(0.89935, 0.89935), 左上角=(565.1682, 5.699661)
[2026-04-20 09:46:17] [DEBUG] 放置验证通过: shape_coords=[(0, 0)], origin=(0, 1), 所有坐标在网格范围内且无碰撞
[2026-04-20 09:46:17] [DEBUG] 更新网格预览: 形状=[(0, 0)], 原点=(0, 1), 有效=true, 全部在边界内=true, 敌人重叠=false
[2026-04-20 09:46:17] [DEBUG] 时间轴悬停调试: 
  - 鼠标位置: (621.3776, 84.39282)
  - 网格背景本地鼠标位置: (25.25177, 56.26188) (已自动剔除缩放变换)
  - 格子大小: 42.0 (ui_slot_size=40.0, ui_spacing=2.0)
  - 网格坐标: (0, 1)
  - 网格边界检查: true (范围: X[0-11], Y[0-2])
  - 拖拽偏移: (0.0, 0.0)
  - 目标中心: (621.3776, 84.39282)
  - 当前卡牌位置: (542.2303, -0.77836)
[2026-04-20 09:46:17] [DEBUG] 卡牌左上角计算: 大小=(125.0001, 175.0), 缩放=(0.899848, 0.899848), 左上角=(565.1371, 5.656097)
[2026-04-20 09:46:17] [DEBUG] 放置验证通过: shape_coords=[(0, 0)], origin=(0, 1), 所有坐标在网格范围内且无碰撞
[2026-04-20 09:46:17] [DEBUG] 更新网格预览: 形状=[(0, 0)], 原点=(0, 1), 有效=true, 全部在边界内=true, 敌人重叠=false
[2026-04-20 09:46:17] [INFO] 放置动画完成，执行实际放置逻辑
[2026-04-20 09:46:17] [DEBUG] 地块交互状态已设置为: true
[2026-04-20 09:46:17] [DEBUG] 已恢复地块交互
[2026-04-20 09:46:17] [DEBUG] 地块视觉状态锁已设置为: false
[2026-04-20 09:46:17] [DEBUG] 已恢复时间轴UI鼠标交互
[2026-04-20 09:46:17] [DEBUG] 已恢复网格单元格鼠标交互: @Panel@258
[2026-04-20 09:46:17] [DEBUG] 已恢复网格单元格鼠标交互: @Panel@259
[2026-04-20 09:46:17] [DEBUG] 已恢复网格单元格鼠标交互: @Panel@260
[2026-04-20 09:46:17] [DEBUG] 已恢复网格单元格鼠标交互: @Panel@261
[2026-04-20 09:46:17] [DEBUG] 已恢复网格单元格鼠标交互: @Panel@262
[2026-04-20 09:46:17] [DEBUG] 已恢复网格单元格鼠标交互: @Panel@263
[2026-04-20 09:46:17] [DEBUG] 已恢复网格单元格鼠标交互: @Panel@264
[2026-04-20 09:46:17] [DEBUG] 已恢复网格单元格鼠标交互: @Panel@265
[2026-04-20 09:46:17] [DEBUG] 已恢复网格单元格鼠标交互: @Panel@266
[2026-04-20 09:46:17] [DEBUG] 已恢复网格单元格鼠标交互: @Panel@267
[2026-04-20 09:46:17] [DEBUG] 已恢复网格单元格鼠标交互: @Panel@268
[2026-04-20 09:46:17] [DEBUG] 已恢复网格单元格鼠标交互: @Panel@269
[2026-04-20 09:46:17] [DEBUG] 已恢复网格单元格鼠标交互: @Panel@270
[2026-04-20 09:46:17] [DEBUG] 已恢复网格单元格鼠标交互: @Panel@271
[2026-04-20 09:46:17] [DEBUG] 已恢复网格单元格鼠标交互: @Panel@272
[2026-04-20 09:46:17] [DEBUG] 已恢复网格单元格鼠标交互: @Panel@273
[2026-04-20 09:46:17] [DEBUG] 已恢复网格单元格鼠标交互: @Panel@274
[2026-04-20 09:46:17] [DEBUG] 已恢复网格单元格鼠标交互: @Panel@275
[2026-04-20 09:46:17] [DEBUG] 已恢复网格单元格鼠标交互: @Panel@276
[2026-04-20 09:46:17] [DEBUG] 已恢复网格单元格鼠标交互: @Panel@277
[2026-04-20 09:46:17] [DEBUG] 已恢复网格单元格鼠标交互: @Panel@278
[2026-04-20 09:46:17] [DEBUG] 已恢复网格单元格鼠标交互: @Panel@279
[2026-04-20 09:46:17] [DEBUG] 已恢复网格单元格鼠标交互: @Panel@280
[2026-04-20 09:46:17] [DEBUG] 已恢复网格单元格鼠标交互: @Panel@281
[2026-04-20 09:46:17] [DEBUG] 已恢复网格单元格鼠标交互: @Panel@282
[2026-04-20 09:46:17] [DEBUG] 已恢复网格单元格鼠标交互: @Panel@283
[2026-04-20 09:46:17] [DEBUG] 已恢复网格单元格鼠标交互: @Panel@284
[2026-04-20 09:46:17] [DEBUG] 已恢复网格单元格鼠标交互: @Panel@285
[2026-04-20 09:46:17] [DEBUG] 已恢复网格单元格鼠标交互: @Panel@286
[2026-04-20 09:46:17] [DEBUG] 已恢复网格单元格鼠标交互: @Panel@287
[2026-04-20 09:46:17] [DEBUG] 已恢复网格单元格鼠标交互: @Panel@288
[2026-04-20 09:46:17] [DEBUG] 已恢复网格单元格鼠标交互: @Panel@289
[2026-04-20 09:46:17] [DEBUG] 已恢复网格单元格鼠标交互: @Panel@290
[2026-04-20 09:46:17] [DEBUG] 已恢复网格单元格鼠标交互: @Panel@291
[2026-04-20 09:46:17] [DEBUG] 已恢复网格单元格鼠标交互: @Panel@292
[2026-04-20 09:46:17] [DEBUG] 已恢复网格单元格鼠标交互: @Panel@293
[2026-04-20 09:46:17] [DEBUG] 放置验证通过: shape_coords=[(0, 0)], origin=(0, 1), 所有坐标在网格范围内且无碰撞
[2026-04-20 09:46:17] [INFO] place_action: 行动放置成功！origin=(0, 1), 行动ID=-9223371481310819358
[2026-04-20 09:46:17] [DEBUG] 时间轴放置结果: success=true, grid_pos=(0, 1)
[2026-04-20 09:46:17] [INFO] 触发卡牌效果，目标地块: @Area2D@156
[2026-04-20 09:46:17] [DEBUG] 拖拽结束，隐藏形状预览
[2026-04-20 09:46:17] [DEBUG] 隐藏形状预览
[2026-04-20 09:46:17] [DEBUG] 设置卡牌透明度: 1.0
[2026-04-20 09:46:17] [DEBUG] 设置卡牌透明度: 1.0
[2026-04-20 09:46:17] [DEBUG] 设置卡牌透明度: 1.0
[2026-04-20 09:46:17] [DEBUG] 设置卡牌透明度: 1.0
[2026-04-20 09:46:17] [DEBUG] 设置卡牌透明度: 1.0
[2026-04-20 09:46:17] [INFO] 卡牌已移入弃牌区: @Control@321
[2026-04-20 09:46:17] [DEBUG] draw 2
[2026-04-20 09:46:17] [DEBUG] 设置卡牌透明度: 1.0
[2026-04-20 09:46:17] [DEBUG] 设置卡牌透明度: 1.0
[2026-04-20 09:46:17] [DEBUG] 鼠标进入时间轴网格单元: (0, 2)
[2026-04-20 09:46:17] [DEBUG] 鼠标离开时间轴网格单元: (0, 2)
[2026-04-20 09:46:17] [DEBUG] 鼠标进入时间轴网格单元: (1, 2)
[2026-04-20 09:46:17] [DEBUG] 鼠标离开时间轴网格单元: (1, 2)
[2026-04-20 09:46:17] [DEBUG] 应用响应式动态锚点布局
[2026-04-20 09:46:17] [DEBUG] 布局应用完成: 真实尺寸(502.0x124.0), 缩放中心=(251.0, 0.0)
[2026-04-20 09:46:18] [DEBUG] 设置卡牌透明度: 1.0
[2026-04-20 09:46:18] [INFO] ⏳ 玩家点击回合结束，开始时间轴结算...
[2026-04-20 09:46:18] [INFO] 正在弃掉所有手牌...
[2026-04-20 09:46:18] [DEBUG] 隐藏时间占位图片
[2026-04-20 09:46:18] [DEBUG] 设置卡牌透明度: 1.0
[2026-04-20 09:46:18] [INFO] 找到手牌容器: PlayerHand (类型: Control)
[2026-04-20 09:46:18] [INFO] 卡牌当前父节点: Cards
[2026-04-20 09:46:18] [INFO] 尝试调用hand.add_card()...
[2026-04-20 09:46:18] [DEBUG] 设置卡牌透明度: 1.0
[2026-04-20 09:46:18] [DEBUG] 设置卡牌透明度: 1.0
[2026-04-20 09:46:18] [INFO] 卡牌已通过add_card()返回手牌容器
[2026-04-20 09:46:18] [DEBUG] 设置卡牌透明度: 1.0
[2026-04-20 09:46:18] [DEBUG] 隐藏时间占位图片
[2026-04-20 09:46:18] [DEBUG] 设置卡牌透明度: 1.0
[2026-04-20 09:46:18] [INFO] 找到手牌容器: PlayerHand (类型: Control)
[2026-04-20 09:46:18] [INFO] 卡牌当前父节点: Cards
[2026-04-20 09:46:18] [INFO] 尝试调用hand.add_card()...
[2026-04-20 09:46:18] [DEBUG] 设置卡牌透明度: 1.0
[2026-04-20 09:46:18] [INFO] 卡牌已通过add_card()返回手牌容器
[2026-04-20 09:46:18] [DEBUG] 设置卡牌透明度: 1.0
[2026-04-20 09:46:18] [DEBUG] 设置卡牌透明度: 1.0
[2026-04-20 09:46:18] [INFO] 💰 回合结算前：检测到 25 个空位，已发放时间币
[2026-04-20 09:46:18] [DEBUG] 正在执行时间轴 [0, 1] 的行动...
[2026-04-20 09:46:18] [INFO] 执行伤害命令：造成 100 点伤害
[2026-04-20 09:46:18] [DEBUG] 播放特效: slash 在位置: (960.0, 901.44)
[2026-04-20 09:46:18] [INFO] UI 更新完毕 | 抽牌堆: 11 | 弃牌堆: 3
[2026-04-20 09:46:18] [INFO] 【地形实体死亡】village 被摧毁
[2026-04-20 09:46:18] [INFO] 【地形实体死亡】village 被摧毁
[2026-04-20 09:46:18] [INFO] 【地形实体死亡】village 被摧毁
[2026-04-20 09:46:18] [INFO] 【地形实体死亡】village 被摧毁
[2026-04-20 09:46:18] [INFO] 【地形实体死亡】village 被摧毁
[2026-04-20 09:46:18] [INFO] 【地形实体死亡】village 被摧毁
[2026-04-20 09:46:18] [INFO] 【地形实体死亡】village 被摧毁
[2026-04-20 09:46:18] [INFO] 【地形实体死亡】village 被摧毁
[2026-04-20 09:46:18] [INFO] 【地形实体死亡】village 被摧毁
[2026-04-20 09:46:18] [INFO] 【地形实体死亡】village 被摧毁
[2026-04-20 09:46:18] [INFO] 【地形实体死亡】village 被摧毁
[2026-04-20 09:46:18] [INFO] 【地形实体死亡】village 被摧毁
[2026-04-20 09:46:18] [INFO] 【地形实体死亡】village 被摧毁
[2026-04-20 09:46:18] [INFO] 【地形实体死亡】village 被摧毁
[2026-04-20 09:46:18] [INFO] 【地形实体死亡】village 被摧毁
[2026-04-20 09:46:18] [INFO] 【地形实体死亡】village 被摧毁
[2026-04-20 09:46:18] [INFO] 【地形实体死亡】village 被摧毁
[2026-04-20 09:46:18] [INFO] 【地形实体死亡】village 被摧毁
[2026-04-20 09:46:18] [INFO] 【地形实体死亡】village 被摧毁
[2026-04-20 09:46:18] [INFO] 【地形实体死亡】village 被摧毁
[2026-04-20 09:46:18] [INFO] 【地形实体死亡】village 被摧毁
[2026-04-20 09:46:18] [INFO] 【地形实体死亡】village 被摧毁
[2026-04-20 09:46:18] [INFO] 【地形实体死亡】village 被摧毁
[2026-04-20 09:46:18] [INFO] 【地形实体死亡】village 被摧毁
[2026-04-20 09:46:18] [INFO] 【地形实体死亡】village 被摧毁
[2026-04-20 09:46:18] [INFO] 【地形实体死亡】village 被摧毁
[2026-04-20 09:46:18] [INFO] 【地形实体死亡】village 被摧毁
[2026-04-20 09:46:18] [INFO] 【地形实体死亡】village 被摧毁
[2026-04-20 09:46:18] [INFO] 【地形实体死亡】village 被摧毁
[2026-04-20 09:46:18] [INFO] 【地形实体死亡】village 被摧毁
[2026-04-20 09:46:18] [INFO] 【地形实体死亡】village 被摧毁
[2026-04-20 09:46:18] [INFO] 【地形实体死亡】village 被摧毁
[2026-04-20 09:46:18] [INFO] 【地形实体死亡】village 被摧毁
[2026-04-20 09:46:18] [INFO] 【地形实体死亡】village 被摧毁
[2026-04-20 09:46:18] [INFO] 【地形实体死亡】village 被摧毁
[2026-04-20 09:46:18] [INFO] 【地形实体死亡】village 被摧毁
[2026-04-20 09:46:18] [INFO] 【地形实体死亡】village 被摧毁
[2026-04-20 09:46:18] [INFO] 【地形实体死亡】village 被摧毁
[2026-04-20 09:46:18] [INFO] 【地形实体死亡】village 被摧毁
[2026-04-20 09:46:18] [INFO] 【地形实体死亡】village 被摧毁
[2026-04-20 09:46:18] [INFO] 【地形实体死亡】village 被摧毁
[2026-04-20 09:46:18] [INFO] 【地形实体死亡】village 被摧毁
[2026-04-20 09:46:18] [INFO] 【地形实体死亡】village 被摧毁
[2026-04-20 09:46:18] [INFO] 【地形实体死亡】village 被摧毁
[2026-04-20 09:46:18] [INFO] 【地形实体死亡】village 被摧毁
[2026-04-20 09:46:18] [INFO] 【地形实体死亡】village 被摧毁
[2026-04-20 09:46:18] [INFO] 【地形实体死亡】village 被摧毁
[2026-04-20 09:46:18] [INFO] 【地形实体死亡】village 被摧毁
[2026-04-20 09:46:18] [INFO] 【地形实体死亡】village 被摧毁
[2026-04-20 09:46:18] [INFO] 【地形实体死亡】village 被摧毁
[2026-04-20 09:46:18] [INFO] 【地形实体死亡】village 被摧毁
[2026-04-20 09:46:18] [INFO] 【地形实体死亡】village 被摧毁
[2026-04-20 09:46:18] [INFO] 【地形实体死亡】village 被摧毁
[2026-04-20 09:46:19] [INFO] 【地形实体死亡】village 被摧毁
[2026-04-20 09:46:19] [INFO] 【地形实体死亡】village 被摧毁
[2026-04-20 09:46:19] [INFO] 【地形实体死亡】village 被摧毁
[2026-04-20 09:46:19] [INFO] 【地形实体死亡】village 被摧毁
[2026-04-20 09:46:19] [INFO] 【地形实体死亡】village 被摧毁
[2026-04-20 09:46:19] [INFO] 【地形实体死亡】village 被摧毁
[2026-04-20 09:46:19] [INFO] 【地形实体死亡】village 被摧毁
[2026-04-20 09:46:19] [INFO] 【地形实体死亡】village 被摧毁
[2026-04-20 09:46:19] [INFO] 【地形实体死亡】village 被摧毁
[2026-04-20 09:46:19] [INFO] 【地形实体死亡】village 被摧毁
[2026-04-20 09:46:19] [INFO] 【地形实体死亡】village 被摧毁
[2026-04-20 09:46:19] [INFO] 【地形实体死亡】village 被摧毁
[2026-04-20 09:46:19] [INFO] 【地形实体死亡】village 被摧毁
[2026-04-20 09:46:19] [INFO] 【地形实体死亡】village 被摧毁
[2026-04-20 09:46:19] [INFO] 【地形实体死亡】village 被摧毁
[2026-04-20 09:46:19] [INFO] 【地形实体死亡】village 被摧毁
[2026-04-20 09:46:19] [INFO] 【地形实体死亡】village 被摧毁
[2026-04-20 09:46:19] [INFO] 【地形实体死亡】village 被摧毁
[2026-04-20 09:46:19] [INFO] 【地形实体死亡】village 被摧毁
[2026-04-20 09:46:19] [INFO] 【地形实体死亡】village 被摧毁
[2026-04-20 09:46:19] [INFO] 【地形实体死亡】village 被摧毁
[2026-04-20 09:46:19] [INFO] 【地形实体死亡】village 被摧毁
[2026-04-20 09:46:19] [INFO] 【地形实体死亡】village 被摧毁
[2026-04-20 09:46:19] [INFO] 【地形实体死亡】village 被摧毁
[2026-04-20 09:46:19] [INFO] 【地形实体死亡】village 被摧毁
[2026-04-20 09:46:19] [INFO] 【地形实体死亡】village 被摧毁
[2026-04-20 09:46:19] [INFO] 【地形实体死亡】village 被摧毁
[2026-04-20 09:46:19] [INFO] 【地形实体死亡】village 被摧毁
[2026-04-20 09:46:19] [INFO] 【地形实体死亡】village 被摧毁
[2026-04-20 09:46:19] [INFO] 【地形实体死亡】village 被摧毁
[2026-04-20 09:46:19] [INFO] 【地形实体死亡】village 被摧毁
[2026-04-20 09:46:19] [INFO] 【地形实体死亡】village 被摧毁
[2026-04-20 09:46:19] [INFO] 【地形实体死亡】village 被摧毁
[2026-04-20 09:46:19] [INFO] 【地形实体死亡】village 被摧毁
[2026-04-20 09:46:19] [INFO] 【地形实体死亡】village 被摧毁
[2026-04-20 09:46:19] [INFO] 【地形实体死亡】village 被摧毁
[2026-04-20 09:46:19] [INFO] 【地形实体死亡】village 被摧毁
[2026-04-20 09:46:19] [INFO] 【地形实体死亡】village 被摧毁
[2026-04-20 09:46:19] [INFO] 【地形实体死亡】village 被摧毁
[2026-04-20 09:46:19] [INFO] 【地形实体死亡】village 被摧毁
[2026-04-20 09:46:19] [INFO] 【地形实体死亡】village 被摧毁
[2026-04-20 09:46:19] [INFO] 【地形实体死亡】village 被摧毁
[2026-04-20 09:46:19] [INFO] 【地形实体死亡】village 被摧毁
[2026-04-20 09:46:19] [INFO] 【地形实体死亡】village 被摧毁
[2026-04-20 09:46:19] [INFO] 【地形实体死亡】village 被摧毁
[2026-04-20 09:46:19] [INFO] 【地形实体死亡】village 被摧毁
[2026-04-20 09:46:19] [INFO] 【地形实体死亡】village 被摧毁
[2026-04-20 09:46:19] [INFO] 【地形实体死亡】village 被摧毁
[2026-04-20 09:46:19] [INFO] 【地形实体死亡】village 被摧毁
[2026-04-20 09:46:19] [INFO] 【地形实体死亡】village 被摧毁
[2026-04-20 09:46:19] [INFO] 【地形实体死亡】village 被摧毁
[2026-04-20 09:46:19] [INFO] 【地形实体死亡】village 被摧毁
[2026-04-20 09:46:19] [INFO] 【地形实体死亡】village 被摧毁
[2026-04-20 09:46:19] [INFO] 【地形实体死亡】village 被摧毁
[2026-04-20 09:46:19] [INFO] 【地形实体死亡】village 被摧毁
[2026-04-20 09:46:19] [INFO] 【地形实体死亡】village 被摧毁
[2026-04-20 09:46:19] [INFO] 【地形实体死亡】village 被摧毁
[2026-04-20 09:46:19] [INFO] 【地形实体死亡】village 被摧毁
[2026-04-20 09:46:19] [INFO] 【地形实体死亡】village 被摧毁
[2026-04-20 09:46:19] [INFO] 【地形实体死亡】village 被摧毁
[2026-04-20 09:46:19] [INFO] 【地形实体死亡】village 被摧毁
[2026-04-20 09:46:19] [INFO] 【地形实体死亡】village 被摧毁
[2026-04-20 09:46:19] [INFO] 【地形实体死亡】village 被摧毁
[2026-04-20 09:46:19] [INFO] 【地形实体死亡】village 被摧毁
[2026-04-20 09:46:19] [INFO] 【地形实体死亡】village 被摧毁
[2026-04-20 09:46:19] [INFO] 【地形实体死亡】village 被摧毁
[2026-04-20 09:46:19] [INFO] 【地形实体死亡】village 被摧毁
[2026-04-20 09:46:19] [INFO] 【地形实体死亡】village 被摧毁
[2026-04-20 09:46:19] [INFO] 【地形实体死亡】village 被摧毁
[2026-04-20 09:46:19] [INFO] 【地形实体死亡】village 被摧毁
[2026-04-20 09:46:19] [INFO] 【地形实体死亡】village 被摧毁
[2026-04-20 09:46:19] [INFO] 【地形实体死亡】village 被摧毁
[2026-04-20 09:46:19] [INFO] 【地形实体死亡】village 被摧毁
[2026-04-20 09:46:19] [INFO] 【地形实体死亡】village 被摧毁
[2026-04-20 09:46:19] [INFO] 【地形实体死亡】village 被摧毁
[2026-04-20 09:46:19] [INFO] 【地形实体死亡】village 被摧毁
[2026-04-20 09:46:19] [INFO] 【地形实体死亡】village 被摧毁
[2026-04-20 09:46:19] [INFO] 【地形实体死亡】village 被摧毁
[2026-04-20 09:46:19] [INFO] 【地形实体死亡】village 被摧毁
[2026-04-20 09:46:19] [INFO] 【地形实体死亡】village 被摧毁
[2026-04-20 09:46:19] [INFO] 【地形实体死亡】village 被摧毁
[2026-04-20 09:46:19] [INFO] 【地形实体死亡】village 被摧毁
[2026-04-20 09:46:19] [INFO] 【地形实体死亡】village 被摧毁
[2026-04-20 09:46:19] [INFO] 【地形实体死亡】village 被摧毁
[2026-04-20 09:46:19] [INFO] 【地形实体死亡】village 被摧毁
[2026-04-20 09:46:19] [INFO] 【地形实体死亡】village 被摧毁
[2026-04-20 09:46:19] [INFO] 【地形实体死亡】village 被摧毁
[2026-04-20 09:46:19] [INFO] 【地形实体死亡】village 被摧毁
[2026-04-20 09:46:19] [INFO] 【地形实体死亡】village 被摧毁
[2026-04-20 09:46:19] [INFO] 【地形实体死亡】village 被摧毁
[2026-04-20 09:46:19] [INFO] 【地形实体死亡】village 被摧毁
[2026-04-20 09:46:19] [INFO] 【地形实体死亡】village 被摧毁
[2026-04-20 09:46:19] [INFO] 【地形实体死亡】village 被摧毁
