Godot Engine v4.6.2.stable.official.71f334935 - https://godotengine.org

[   0% ] [90m[1mfirst_scan_filesystem[22m | Started 项目初始化 (5 steps)[39m[0m
[   0% ] [90m[1mfirst_scan_filesystem[22m | 正在扫描文件结构……[39m[0m
[  16% ] [90m[1mfirst_scan_filesystem[22m | 正在加载全局类名……[39m[0m
[  33% ] [90m[1mfirst_scan_filesystem[22m | 正在校验 GDExtension……[39m[0m
[  50% ] [90m[1mfirst_scan_filesystem[22m | 正在创建自动加载脚本……[39m[0m
[  66% ] [90m[1mfirst_scan_filesystem[22m | 正在初始化插件……[39m[0m
[  83% ] [90m[1mfirst_scan_filesystem[22m | 正在启动文件扫描……[39m[0m
[92m[ DONE ][39m [1mfirst_scan_filesystem[22m
[0m
WARNING: UID duplicate detected between res://scene/main_menu/main_menu_button/continue_btn.gd and res://scene/main_menu/main_menu_button/btn_cartoon.gd.
   at: _process_file_system (editor/file_system/editor_file_system.cpp:1377)
[   0% ] [90m[1mloading_editor_layout[22m | Started 正在加载编辑器 (5 steps)[39m[0m
[   0% ] [90m[1mloading_editor_layout[22m | 正在加载编辑器布局……[39m[0m
[  16% ] [90m[1mloading_editor_layout[22m | 正在加载停靠面板……[39m[0m
[  33% ] [90m[1mloading_editor_layout[22m | 正在重新打开场景……[39m[0m
ERROR: Cannot create tile. The tile is outside the texture or tiles are already present in the space the tile would cover.
   at: create_tile (scene/resources/2d/tile_set.cpp:4985)
ERROR: The TileSetAtlasSource atlas has no tile at (10, 2).
   at: has_alternative_tile (scene/resources/2d/tile_set.cpp:5437)
ERROR: TileSetAtlasSource has no tile at (10, 2).
   at: create_alternative_tile (scene/resources/2d/tile_set.cpp:5385)
ERROR: Cannot create tile. The tile is outside the texture or tiles are already present in the space the tile would cover.
   at: create_tile (scene/resources/2d/tile_set.cpp:4985)
ERROR: The TileSetAtlasSource atlas has no tile at (11, 2).
   at: has_alternative_tile (scene/resources/2d/tile_set.cpp:5437)
ERROR: TileSetAtlasSource has no tile at (11, 2).
   at: create_alternative_tile (scene/resources/2d/tile_set.cpp:5385)
ERROR: Cannot create tile. The tile is outside the texture or tiles are already present in the space the tile would cover.
   at: create_tile (scene/resources/2d/tile_set.cpp:4985)
ERROR: The TileSetAtlasSource atlas has no tile at (12, 2).
   at: has_alternative_tile (scene/resources/2d/tile_set.cpp:5437)
ERROR: TileSetAtlasSource has no tile at (12, 2).
   at: create_alternative_tile (scene/resources/2d/tile_set.cpp:5385)
ERROR: Cannot create tile. The tile is outside the texture or tiles are already present in the space the tile would cover.
   at: create_tile (scene/resources/2d/tile_set.cpp:4985)
ERROR: The TileSetAtlasSource atlas has no tile at (13, 2).
   at: has_alternative_tile (scene/resources/2d/tile_set.cpp:5437)
ERROR: TileSetAtlasSource has no tile at (13, 2).
   at: create_alternative_tile (scene/resources/2d/tile_set.cpp:5385)
ERROR: Cannot create tile. The tile is outside the texture or tiles are already present in the space the tile would cover.
   at: create_tile (scene/resources/2d/tile_set.cpp:4985)
ERROR: The TileSetAtlasSource atlas has no tile at (14, 2).
   at: has_alternative_tile (scene/resources/2d/tile_set.cpp:5437)
ERROR: TileSetAtlasSource has no tile at (14, 2).
   at: create_alternative_tile (scene/resources/2d/tile_set.cpp:5385)
ERROR: Cannot create tile. The tile is outside the texture or tiles are already present in the space the tile would cover.
   at: create_tile (scene/resources/2d/tile_set.cpp:4985)
ERROR: The TileSetAtlasSource atlas has no tile at (15, 2).
   at: has_alternative_tile (scene/resources/2d/tile_set.cpp:5437)
ERROR: TileSetAtlasSource has no tile at (15, 2).
   at: create_alternative_tile (scene/resources/2d/tile_set.cpp:5385)
ERROR: Cannot create tile. The tile is outside the texture or tiles are already present in the space the tile would cover.
   at: create_tile (scene/resources/2d/tile_set.cpp:4985)
ERROR: The TileSetAtlasSource atlas has no tile at (16, 2).
   at: has_alternative_tile (scene/resources/2d/tile_set.cpp:5437)
ERROR: TileSetAtlasSource has no tile at (16, 2).
   at: create_alternative_tile (scene/resources/2d/tile_set.cpp:5385)
ERROR: Cannot create tile. The tile is outside the texture or tiles are already present in the space the tile would cover.
   at: create_tile (scene/resources/2d/tile_set.cpp:4985)
ERROR: The TileSetAtlasSource atlas has no tile at (17, 2).
   at: has_alternative_tile (scene/resources/2d/tile_set.cpp:5437)
ERROR: TileSetAtlasSource has no tile at (17, 2).
   at: create_alternative_tile (scene/resources/2d/tile_set.cpp:5385)
ERROR: Cannot create tile. The tile is outside the texture or tiles are already present in the space the tile would cover.
   at: create_tile (scene/resources/2d/tile_set.cpp:4985)
ERROR: The TileSetAtlasSource atlas has no tile at (18, 2).
   at: has_alternative_tile (scene/resources/2d/tile_set.cpp:5437)
ERROR: TileSetAtlasSource has no tile at (18, 2).
   at: create_alternative_tile (scene/resources/2d/tile_set.cpp:5385)
ERROR: Cannot create tile. The tile is outside the texture or tiles are already present in the space the tile would cover.
   at: create_tile (scene/resources/2d/tile_set.cpp:4985)
ERROR: The TileSetAtlasSource atlas has no tile at (8, 3).
   at: has_alternative_tile (scene/resources/2d/tile_set.cpp:5437)
ERROR: TileSetAtlasSource has no tile at (8, 3).
   at: create_alternative_tile (scene/resources/2d/tile_set.cpp:5385)
ERROR: Cannot create tile. The tile is outside the texture or tiles are already present in the space the tile would cover.
   at: create_tile (scene/resources/2d/tile_set.cpp:4985)
ERROR: The TileSetAtlasSource atlas has no tile at (9, 3).
   at: has_alternative_tile (scene/resources/2d/tile_set.cpp:5437)
ERROR: TileSetAtlasSource has no tile at (9, 3).
   at: create_alternative_tile (scene/resources/2d/tile_set.cpp:5385)
ERROR: Cannot create tile. The tile is outside the texture or tiles are already present in the space the tile would cover.
   at: create_tile (scene/resources/2d/tile_set.cpp:4985)
ERROR: The TileSetAtlasSource atlas has no tile at (10, 3).
   at: has_alternative_tile (scene/resources/2d/tile_set.cpp:5437)
ERROR: TileSetAtlasSource has no tile at (10, 3).
   at: create_alternative_tile (scene/resources/2d/tile_set.cpp:5385)
ERROR: Cannot create tile. The tile is outside the texture or tiles are already present in the space the tile would cover.
   at: create_tile (scene/resources/2d/tile_set.cpp:4985)
ERROR: The TileSetAtlasSource atlas has no tile at (11, 3).
   at: has_alternative_tile (scene/resources/2d/tile_set.cpp:5437)
ERROR: TileSetAtlasSource has no tile at (11, 3).
   at: create_alternative_tile (scene/resources/2d/tile_set.cpp:5385)
ERROR: Cannot create tile. The tile is outside the texture or tiles are already present in the space the tile would cover.
   at: create_tile (scene/resources/2d/tile_set.cpp:4985)
ERROR: The TileSetAtlasSource atlas has no tile at (12, 3).
   at: has_alternative_tile (scene/resources/2d/tile_set.cpp:5437)
ERROR: TileSetAtlasSource has no tile at (12, 3).
   at: create_alternative_tile (scene/resources/2d/tile_set.cpp:5385)
ERROR: Cannot create tile. The tile is outside the texture or tiles are already present in the space the tile would cover.
   at: create_tile (scene/resources/2d/tile_set.cpp:4985)
ERROR: The TileSetAtlasSource atlas has no tile at (13, 3).
   at: has_alternative_tile (scene/resources/2d/tile_set.cpp:5437)
ERROR: TileSetAtlasSource has no tile at (13, 3).
   at: create_alternative_tile (scene/resources/2d/tile_set.cpp:5385)
ERROR: Cannot create tile. The tile is outside the texture or tiles are already present in the space the tile would cover.
   at: create_tile (scene/resources/2d/tile_set.cpp:4985)
ERROR: The TileSetAtlasSource atlas has no tile at (14, 3).
   at: has_alternative_tile (scene/resources/2d/tile_set.cpp:5437)
ERROR: TileSetAtlasSource has no tile at (14, 3).
   at: create_alternative_tile (scene/resources/2d/tile_set.cpp:5385)
ERROR: Cannot create tile. The tile is outside the texture or tiles are already present in the space the tile would cover.
   at: create_tile (scene/resources/2d/tile_set.cpp:4985)
ERROR: The TileSetAtlasSource atlas has no tile at (15, 3).
   at: has_alternative_tile (scene/resources/2d/tile_set.cpp:5437)
ERROR: TileSetAtlasSource has no tile at (15, 3).
   at: create_alternative_tile (scene/resources/2d/tile_set.cpp:5385)
ERROR: Cannot create tile. The tile is outside the texture or tiles are already present in the space the tile would cover.
   at: create_tile (scene/resources/2d/tile_set.cpp:4985)
ERROR: The TileSetAtlasSource atlas has no tile at (16, 3).
   at: has_alternative_tile (scene/resources/2d/tile_set.cpp:5437)
ERROR: TileSetAtlasSource has no tile at (16, 3).
   at: create_alternative_tile (scene/resources/2d/tile_set.cpp:5385)
ERROR: Cannot create tile. The tile is outside the texture or tiles are already present in the space the tile would cover.
   at: create_tile (scene/resources/2d/tile_set.cpp:4985)
ERROR: The TileSetAtlasSource atlas has no tile at (17, 3).
   at: has_alternative_tile (scene/resources/2d/tile_set.cpp:5437)
ERROR: TileSetAtlasSource has no tile at (17, 3).
   at: create_alternative_tile (scene/resources/2d/tile_set.cpp:5385)
ERROR: Cannot create tile. The tile is outside the texture or tiles are already present in the space the tile would cover.
   at: create_tile (scene/resources/2d/tile_set.cpp:4985)
ERROR: The TileSetAtlasSource atlas has no tile at (18, 3).
   at: has_alternative_tile (scene/resources/2d/tile_set.cpp:5437)
ERROR: TileSetAtlasSource has no tile at (18, 3).
   at: create_alternative_tile (scene/resources/2d/tile_set.cpp:5385)
ERROR: Cannot create tile. The tile is outside the texture or tiles are already present in the space the tile would cover.
   at: create_tile (scene/resources/2d/tile_set.cpp:4985)
ERROR: The TileSetAtlasSource atlas has no tile at (19, 3).
   at: has_alternative_tile (scene/resources/2d/tile_set.cpp:5437)
ERROR: TileSetAtlasSource has no tile at (19, 3).
   at: create_alternative_tile (scene/resources/2d/tile_set.cpp:5385)
ERROR: Cannot create tile. The tile is outside the texture or tiles are already present in the space the tile would cover.
   at: create_tile (scene/resources/2d/tile_set.cpp:4985)
ERROR: The TileSetAtlasSource atlas has no tile at (20, 3).
   at: has_alternative_tile (scene/resources/2d/tile_set.cpp:5437)
ERROR: TileSetAtlasSource has no tile at (20, 3).
   at: create_alternative_tile (scene/resources/2d/tile_set.cpp:5385)
ERROR: Cannot create tile. The tile is outside the texture or tiles are already present in the space the tile would cover.
   at: create_tile (scene/resources/2d/tile_set.cpp:4985)
ERROR: The TileSetAtlasSource atlas has no tile at (21, 3).
   at: has_alternative_tile (scene/resources/2d/tile_set.cpp:5437)
ERROR: TileSetAtlasSource has no tile at (21, 3).
   at: create_alternative_tile (scene/resources/2d/tile_set.cpp:5385)
ERROR: Cannot create tile. The tile is outside the texture or tiles are already present in the space the tile would cover.
   at: create_tile (scene/resources/2d/tile_set.cpp:4985)
ERROR: The TileSetAtlasSource atlas has no tile at (22, 3).
   at: has_alternative_tile (scene/resources/2d/tile_set.cpp:5437)
ERROR: TileSetAtlasSource has no tile at (22, 3).
   at: create_alternative_tile (scene/resources/2d/tile_set.cpp:5385)
ERROR: Cannot create tile. The tile is outside the texture or tiles are already present in the space the tile would cover.
   at: create_tile (scene/resources/2d/tile_set.cpp:4985)
ERROR: The TileSetAtlasSource atlas has no tile at (23, 3).
   at: has_alternative_tile (scene/resources/2d/tile_set.cpp:5437)
ERROR: TileSetAtlasSource has no tile at (23, 3).
   at: create_alternative_tile (scene/resources/2d/tile_set.cpp:5385)
ERROR: Cannot create tile. The tile is outside the texture or tiles are already present in the space the tile would cover.
   at: create_tile (scene/resources/2d/tile_set.cpp:4985)
ERROR: The TileSetAtlasSource atlas has no tile at (24, 3).
   at: has_alternative_tile (scene/resources/2d/tile_set.cpp:5437)
ERROR: TileSetAtlasSource has no tile at (24, 3).
   at: create_alternative_tile (scene/resources/2d/tile_set.cpp:5385)
ERROR: Cannot create tile. The tile is outside the texture or tiles are already present in the space the tile would cover.
   at: create_tile (scene/resources/2d/tile_set.cpp:4985)
ERROR: The TileSetAtlasSource atlas has no tile at (6, 4).
   at: has_alternative_tile (scene/resources/2d/tile_set.cpp:5437)
ERROR: TileSetAtlasSource has no tile at (6, 4).
   at: create_alternative_tile (scene/resources/2d/tile_set.cpp:5385)
ERROR: Cannot create tile. The tile is outside the texture or tiles are already present in the space the tile would cover.
   at: create_tile (scene/resources/2d/tile_set.cpp:4985)
ERROR: The TileSetAtlasSource atlas has no tile at (7, 4).
   at: has_alternative_tile (scene/resources/2d/tile_set.cpp:5437)
ERROR: TileSetAtlasSource has no tile at (7, 4).
   at: create_alternative_tile (scene/resources/2d/tile_set.cpp:5385)
ERROR: Cannot create tile. The tile is outside the texture or tiles are already present in the space the tile would cover.
   at: create_tile (scene/resources/2d/tile_set.cpp:4985)
ERROR: The TileSetAtlasSource atlas has no tile at (8, 4).
   at: has_alternative_tile (scene/resources/2d/tile_set.cpp:5437)
ERROR: TileSetAtlasSource has no tile at (8, 4).
   at: create_alternative_tile (scene/resources/2d/tile_set.cpp:5385)
ERROR: Cannot create tile. The tile is outside the texture or tiles are already present in the space the tile would cover.
   at: create_tile (scene/resources/2d/tile_set.cpp:4985)
ERROR: The TileSetAtlasSource atlas has no tile at (9, 4).
   at: has_alternative_tile (scene/resources/2d/tile_set.cpp:5437)
ERROR: TileSetAtlasSource has no tile at (9, 4).
   at: create_alternative_tile (scene/resources/2d/tile_set.cpp:5385)
ERROR: Cannot create tile. The tile is outside the texture or tiles are already present in the space the tile would cover.
   at: create_tile (scene/resources/2d/tile_set.cpp:4985)
ERROR: The TileSetAtlasSource atlas has no tile at (10, 4).
   at: has_alternative_tile (scene/resources/2d/tile_set.cpp:5437)
ERROR: TileSetAtlasSource has no tile at (10, 4).
   at: create_alternative_tile (scene/resources/2d/tile_set.cpp:5385)
ERROR: Cannot create tile. The tile is outside the texture or tiles are already present in the space the tile would cover.
   at: create_tile (scene/resources/2d/tile_set.cpp:4985)
ERROR: The TileSetAtlasSource atlas has no tile at (11, 4).
   at: has_alternative_tile (scene/resources/2d/tile_set.cpp:5437)
ERROR: TileSetAtlasSource has no tile at (11, 4).
   at: create_alternative_tile (scene/resources/2d/tile_set.cpp:5385)
ERROR: Cannot create tile. The tile is outside the texture or tiles are already present in the space the tile would cover.
   at: create_tile (scene/resources/2d/tile_set.cpp:4985)
ERROR: The TileSetAtlasSource atlas has no tile at (12, 4).
   at: has_alternative_tile (scene/resources/2d/tile_set.cpp:5437)
ERROR: TileSetAtlasSource has no tile at (12, 4).
   at: create_alternative_tile (scene/resources/2d/tile_set.cpp:5385)
ERROR: Cannot create tile. The tile is outside the texture or tiles are already present in the space the tile would cover.
   at: create_tile (scene/resources/2d/tile_set.cpp:4985)
ERROR: The TileSetAtlasSource atlas has no tile at (13, 4).
   at: has_alternative_tile (scene/resources/2d/tile_set.cpp:5437)
ERROR: TileSetAtlasSource has no tile at (13, 4).
   at: create_alternative_tile (scene/resources/2d/tile_set.cpp:5385)
ERROR: Cannot create tile. The tile is outside the texture or tiles are already present in the space the tile would cover.
   at: create_tile (scene/resources/2d/tile_set.cpp:4985)
ERROR: The TileSetAtlasSource atlas has no tile at (14, 4).
   at: has_alternative_tile (scene/resources/2d/tile_set.cpp:5437)
ERROR: TileSetAtlasSource has no tile at (14, 4).
   at: create_alternative_tile (scene/resources/2d/tile_set.cpp:5385)
ERROR: Cannot create tile. The tile is outside the texture or tiles are already present in the space the tile would cover.
   at: create_tile (scene/resources/2d/tile_set.cpp:4985)
ERROR: The TileSetAtlasSource atlas has no tile at (15, 4).
   at: has_alternative_tile (scene/resources/2d/tile_set.cpp:5437)
ERROR: TileSetAtlasSource has no tile at (15, 4).
   at: create_alternative_tile (scene/resources/2d/tile_set.cpp:5385)
ERROR: Cannot create tile. The tile is outside the texture or tiles are already present in the space the tile would cover.
   at: create_tile (scene/resources/2d/tile_set.cpp:4985)
ERROR: The TileSetAtlasSource atlas has no tile at (16, 4).
   at: has_alternative_tile (scene/resources/2d/tile_set.cpp:5437)
ERROR: TileSetAtlasSource has no tile at (16, 4).
   at: create_alternative_tile (scene/resources/2d/tile_set.cpp:5385)
ERROR: Cannot create tile. The tile is outside the texture or tiles are already present in the space the tile would cover.
   at: create_tile (scene/resources/2d/tile_set.cpp:4985)
ERROR: The TileSetAtlasSource atlas has no tile at (17, 4).
   at: has_alternative_tile (scene/resources/2d/tile_set.cpp:5437)
ERROR: TileSetAtlasSource has no tile at (17, 4).
   at: create_alternative_tile (scene/resources/2d/tile_set.cpp:5385)
ERROR: Cannot create tile. The tile is outside the texture or tiles are already present in the space the tile would cover.
   at: create_tile (scene/resources/2d/tile_set.cpp:4985)
ERROR: The TileSetAtlasSource atlas has no tile at (18, 4).
   at: has_alternative_tile (scene/resources/2d/tile_set.cpp:5437)
ERROR: TileSetAtlasSource has no tile at (18, 4).
   at: create_alternative_tile (scene/resources/2d/tile_set.cpp:5385)
ERROR: Cannot create tile. The tile is outside the texture or tiles are already present in the space the tile would cover.
   at: create_tile (scene/resources/2d/tile_set.cpp:4985)
ERROR: The TileSetAtlasSource atlas has no tile at (19, 4).
   at: has_alternative_tile (scene/resources/2d/tile_set.cpp:5437)
ERROR: TileSetAtlasSource has no tile at (19, 4).
   at: create_alternative_tile (scene/resources/2d/tile_set.cpp:5385)
ERROR: Cannot create tile. The tile is outside the texture or tiles are already present in the space the tile would cover.
   at: create_tile (scene/resources/2d/tile_set.cpp:4985)
ERROR: The TileSetAtlasSource atlas has no tile at (20, 4).
   at: has_alternative_tile (scene/resources/2d/tile_set.cpp:5437)
ERROR: TileSetAtlasSource has no tile at (20, 4).
   at: create_alternative_tile (scene/resources/2d/tile_set.cpp:5385)
ERROR: Cannot create tile. The tile is outside the texture or tiles are already present in the space the tile would cover.
   at: create_tile (scene/resources/2d/tile_set.cpp:4985)
ERROR: The TileSetAtlasSource atlas has no tile at (21, 4).
   at: has_alternative_tile (scene/resources/2d/tile_set.cpp:5437)
ERROR: TileSetAtlasSource has no tile at (21, 4).
   at: create_alternative_tile (scene/resources/2d/tile_set.cpp:5385)
ERROR: Cannot create tile. The tile is outside the texture or tiles are already present in the space the tile would cover.
   at: create_tile (scene/resources/2d/tile_set.cpp:4985)
ERROR: The TileSetAtlasSource atlas has no tile at (22, 4).
   at: has_alternative_tile (scene/resources/2d/tile_set.cpp:5437)
ERROR: TileSetAtlasSource has no tile at (22, 4).
   at: create_alternative_tile (scene/resources/2d/tile_set.cpp:5385)
ERROR: Cannot create tile. The tile is outside the texture or tiles are already present in the space the tile would cover.
   at: create_tile (scene/resources/2d/tile_set.cpp:4985)
ERROR: The TileSetAtlasSource atlas has no tile at (23, 4).
   at: has_alternative_tile (scene/resources/2d/tile_set.cpp:5437)
ERROR: TileSetAtlasSource has no tile at (23, 4).
   at: create_alternative_tile (scene/resources/2d/tile_set.cpp:5385)
ERROR: Cannot create tile. The tile is outside the texture or tiles are already present in the space the tile would cover.
   at: create_tile (scene/resources/2d/tile_set.cpp:4985)
ERROR: The TileSetAtlasSource atlas has no tile at (24, 4).
   at: has_alternative_tile (scene/resources/2d/tile_set.cpp:5437)
ERROR: TileSetAtlasSource has no tile at (24, 4).
   at: create_alternative_tile (scene/resources/2d/tile_set.cpp:5385)
ERROR: Cannot create tile. The tile is outside the texture or tiles are already present in the space the tile would cover.
   at: create_tile (scene/resources/2d/tile_set.cpp:4985)
ERROR: The TileSetAtlasSource atlas has no tile at (25, 4).
   at: has_alternative_tile (scene/resources/2d/tile_set.cpp:5437)
ERROR: TileSetAtlasSource has no tile at (25, 4).
   at: create_alternative_tile (scene/resources/2d/tile_set.cpp:5385)
ERROR: Cannot create tile. The tile is outside the texture or tiles are already present in the space the tile would cover.
   at: create_tile (scene/resources/2d/tile_set.cpp:4985)
ERROR: The TileSetAtlasSource atlas has no tile at (5, 5).
   at: has_alternative_tile (scene/resources/2d/tile_set.cpp:5437)
ERROR: TileSetAtlasSource has no tile at (5, 5).
   at: create_alternative_tile (scene/resources/2d/tile_set.cpp:5385)
ERROR: Cannot create tile. The tile is outside the texture or tiles are already present in the space the tile would cover.
   at: create_tile (scene/resources/2d/tile_set.cpp:4985)
ERROR: The TileSetAtlasSource atlas has no tile at (6, 5).
   at: has_alternative_tile (scene/resources/2d/tile_set.cpp:5437)
ERROR: TileSetAtlasSource has no tile at (6, 5).
   at: create_alternative_tile (scene/resources/2d/tile_set.cpp:5385)
ERROR: Cannot create tile. The tile is outside the texture or tiles are already present in the space the tile would cover.
   at: create_tile (scene/resources/2d/tile_set.cpp:4985)
ERROR: The TileSetAtlasSource atlas has no tile at (7, 5).
   at: has_alternative_tile (scene/resources/2d/tile_set.cpp:5437)
ERROR: TileSetAtlasSource has no tile at (7, 5).
   at: create_alternative_tile (scene/resources/2d/tile_set.cpp:5385)
ERROR: Cannot create tile. The tile is outside the texture or tiles are already present in the space the tile would cover.
   at: create_tile (scene/resources/2d/tile_set.cpp:4985)
ERROR: The TileSetAtlasSource atlas has no tile at (8, 5).
   at: has_alternative_tile (scene/resources/2d/tile_set.cpp:5437)
ERROR: TileSetAtlasSource has no tile at (8, 5).
   at: create_alternative_tile (scene/resources/2d/tile_set.cpp:5385)
ERROR: Cannot create tile. The tile is outside the texture or tiles are already present in the space the tile would cover.
   at: create_tile (scene/resources/2d/tile_set.cpp:4985)
ERROR: The TileSetAtlasSource atlas has no tile at (9, 5).
   at: has_alternative_tile (scene/resources/2d/tile_set.cpp:5437)
ERROR: TileSetAtlasSource has no tile at (9, 5).
   at: create_alternative_tile (scene/resources/2d/tile_set.cpp:5385)
ERROR: Cannot create tile. The tile is outside the texture or tiles are already present in the space the tile would cover.
   at: create_tile (scene/resources/2d/tile_set.cpp:4985)
ERROR: The TileSetAtlasSource atlas has no tile at (10, 5).
   at: has_alternative_tile (scene/resources/2d/tile_set.cpp:5437)
ERROR: TileSetAtlasSource has no tile at (10, 5).
   at: create_alternative_tile (scene/resources/2d/tile_set.cpp:5385)
ERROR: Cannot create tile. The tile is outside the texture or tiles are already present in the space the tile would cover.
   at: create_tile (scene/resources/2d/tile_set.cpp:4985)
ERROR: The TileSetAtlasSource atlas has no tile at (11, 5).
   at: has_alternative_tile (scene/resources/2d/tile_set.cpp:5437)
ERROR: TileSetAtlasSource has no tile at (11, 5).
   at: create_alternative_tile (scene/resources/2d/tile_set.cpp:5385)
ERROR: Cannot create tile. The tile is outside the texture or tiles are already present in the space the tile would cover.
   at: create_tile (scene/resources/2d/tile_set.cpp:4985)
ERROR: The TileSetAtlasSource atlas has no tile at (12, 5).
   at: has_alternative_tile (scene/resources/2d/tile_set.cpp:5437)
ERROR: TileSetAtlasSource has no tile at (12, 5).
   at: create_alternative_tile (scene/resources/2d/tile_set.cpp:5385)
ERROR: Cannot create tile. The tile is outside the texture or tiles are already present in the space the tile would cover.
   at: create_tile (scene/resources/2d/tile_set.cpp:4985)
ERROR: The TileSetAtlasSource atlas has no tile at (13, 5).
   at: has_alternative_tile (scene/resources/2d/tile_set.cpp:5437)
ERROR: TileSetAtlasSource has no tile at (13, 5).
   at: create_alternative_tile (scene/resources/2d/tile_set.cpp:5385)
ERROR: Cannot create tile. The tile is outside the texture or tiles are already present in the space the tile would cover.
   at: create_tile (scene/resources/2d/tile_set.cpp:4985)
ERROR: The TileSetAtlasSource atlas has no tile at (14, 5).
   at: has_alternative_tile (scene/resources/2d/tile_set.cpp:5437)
ERROR: TileSetAtlasSource has no tile at (14, 5).
   at: create_alternative_tile (scene/resources/2d/tile_set.cpp:5385)
ERROR: Cannot create tile. The tile is outside the texture or tiles are already present in the space the tile would cover.
   at: create_tile (scene/resources/2d/tile_set.cpp:4985)
ERROR: The TileSetAtlasSource atlas has no tile at (15, 5).
   at: has_alternative_tile (scene/resources/2d/tile_set.cpp:5437)
ERROR: TileSetAtlasSource has no tile at (15, 5).
   at: create_alternative_tile (scene/resources/2d/tile_set.cpp:5385)
ERROR: Cannot create tile. The tile is outside the texture or tiles are already present in the space the tile would cover.
   at: create_tile (scene/resources/2d/tile_set.cpp:4985)
ERROR: The TileSetAtlasSource atlas has no tile at (16, 5).
   at: has_alternative_tile (scene/resources/2d/tile_set.cpp:5437)
ERROR: TileSetAtlasSource has no tile at (16, 5).
   at: create_alternative_tile (scene/resources/2d/tile_set.cpp:5385)
ERROR: Cannot create tile. The tile is outside the texture or tiles are already present in the space the tile would cover.
   at: create_tile (scene/resources/2d/tile_set.cpp:4985)
ERROR: The TileSetAtlasSource atlas has no tile at (17, 5).
   at: has_alternative_tile (scene/resources/2d/tile_set.cpp:5437)
ERROR: TileSetAtlasSource has no tile at (17, 5).
   at: create_alternative_tile (scene/resources/2d/tile_set.cpp:5385)
ERROR: Cannot create tile. The tile is outside the texture or tiles are already present in the space the tile would cover.
   at: create_tile (scene/resources/2d/tile_set.cpp:4985)
ERROR: The TileSetAtlasSource atlas has no tile at (18, 5).
   at: has_alternative_tile (scene/resources/2d/tile_set.cpp:5437)
ERROR: TileSetAtlasSource has no tile at (18, 5).
   at: create_alternative_tile (scene/resources/2d/tile_set.cpp:5385)
ERROR: Cannot create tile. The tile is outside the texture or tiles are already present in the space the tile would cover.
   at: create_tile (scene/resources/2d/tile_set.cpp:4985)
ERROR: The TileSetAtlasSource atlas has no tile at (19, 5).
   at: has_alternative_tile (scene/resources/2d/tile_set.cpp:5437)
ERROR: TileSetAtlasSource has no tile at (19, 5).
   at: create_alternative_tile (scene/resources/2d/tile_set.cpp:5385)
ERROR: Cannot create tile. The tile is outside the texture or tiles are already present in the space the tile would cover.
   at: create_tile (scene/resources/2d/tile_set.cpp:4985)
ERROR: The TileSetAtlasSource atlas has no tile at (20, 5).
   at: has_alternative_tile (scene/resources/2d/tile_set.cpp:5437)
ERROR: TileSetAtlasSource has no tile at (20, 5).
   at: create_alternative_tile (scene/resources/2d/tile_set.cpp:5385)
ERROR: Cannot create tile. The tile is outside the texture or tiles are already present in the space the tile would cover.
   at: create_tile (scene/resources/2d/tile_set.cpp:4985)
ERROR: The TileSetAtlasSource atlas has no tile at (21, 5).
   at: has_alternative_tile (scene/resources/2d/tile_set.cpp:5437)
ERROR: TileSetAtlasSource has no tile at (21, 5).
   at: create_alternative_tile (scene/resources/2d/tile_set.cpp:5385)
ERROR: Cannot create tile. The tile is outside the texture or tiles are already present in the space the tile would cover.
   at: create_tile (scene/resources/2d/tile_set.cpp:4985)
ERROR: The TileSetAtlasSource atlas has no tile at (22, 5).
   at: has_alternative_tile (scene/resources/2d/tile_set.cpp:5437)
ERROR: TileSetAtlasSource has no tile at (22, 5).
   at: create_alternative_tile (scene/resources/2d/tile_set.cpp:5385)
ERROR: Cannot create tile. The tile is outside the texture or tiles are already present in the space the tile would cover.
   at: create_tile (scene/resources/2d/tile_set.cpp:4985)
ERROR: The TileSetAtlasSource atlas has no tile at (23, 5).
   at: has_alternative_tile (scene/resources/2d/tile_set.cpp:5437)
ERROR: TileSetAtlasSource has no tile at (23, 5).
   at: create_alternative_tile (scene/resources/2d/tile_set.cpp:5385)
ERROR: Cannot create tile. The tile is outside the texture or tiles are already present in the space the tile would cover.
   at: create_tile (scene/resources/2d/tile_set.cpp:4985)
ERROR: The TileSetAtlasSource atlas has no tile at (24, 5).
   at: has_alternative_tile (scene/resources/2d/tile_set.cpp:5437)
ERROR: TileSetAtlasSource has no tile at (24, 5).
   at: create_alternative_tile (scene/resources/2d/tile_set.cpp:5385)
ERROR: Cannot create tile. The tile is outside the texture or tiles are already present in the space the tile would cover.
   at: create_tile (scene/resources/2d/tile_set.cpp:4985)
ERROR: The TileSetAtlasSource atlas has no tile at (25, 5).
   at: has_alternative_tile (scene/resources/2d/tile_set.cpp:5437)
ERROR: TileSetAtlasSource has no tile at (25, 5).
   at: create_alternative_tile (scene/resources/2d/tile_set.cpp:5385)
ERROR: Cannot create tile. The tile is outside the texture or tiles are already present in the space the tile would cover.
   at: create_tile (scene/resources/2d/tile_set.cpp:4985)
ERROR: The TileSetAtlasSource atlas has no tile at (26, 5).
   at: has_alternative_tile (scene/resources/2d/tile_set.cpp:5437)
ERROR: TileSetAtlasSource has no tile at (26, 5).
   at: create_alternative_tile (scene/resources/2d/tile_set.cpp:5385)
ERROR: Cannot create tile. The tile is outside the texture or tiles are already present in the space the tile would cover.
   at: create_tile (scene/resources/2d/tile_set.cpp:4985)
ERROR: The TileSetAtlasSource atlas has no tile at (4, 6).
   at: has_alternative_tile (scene/resources/2d/tile_set.cpp:5437)
ERROR: TileSetAtlasSource has no tile at (4, 6).
   at: create_alternative_tile (scene/resources/2d/tile_set.cpp:5385)
ERROR: Cannot create tile. The tile is outside the texture or tiles are already present in the space the tile would cover.
   at: create_tile (scene/resources/2d/tile_set.cpp:4985)
ERROR: The TileSetAtlasSource atlas has no tile at (5, 6).
   at: has_alternative_tile (scene/resources/2d/tile_set.cpp:5437)
ERROR: TileSetAtlasSource has no tile at (5, 6).
   at: create_alternative_tile (scene/resources/2d/tile_set.cpp:5385)
ERROR: Cannot create tile. The tile is outside the texture or tiles are already present in the space the tile would cover.
   at: create_tile (scene/resources/2d/tile_set.cpp:4985)
ERROR: The TileSetAtlasSource atlas has no tile at (6, 6).
   at: has_alternative_tile (scene/resources/2d/tile_set.cpp:5437)
ERROR: TileSetAtlasSource has no tile at (6, 6).
   at: create_alternative_tile (scene/resources/2d/tile_set.cpp:5385)
ERROR: Cannot create tile. The tile is outside the texture or tiles are already present in the space the tile would cover.
   at: create_tile (scene/resources/2d/tile_set.cpp:4985)
ERROR: The TileSetAtlasSource atlas has no tile at (7, 6).
   at: has_alternative_tile (scene/resources/2d/tile_set.cpp:5437)
ERROR: TileSetAtlasSource has no tile at (7, 6).
   at: create_alternative_tile (scene/resources/2d/tile_set.cpp:5385)
ERROR: Cannot create tile. The tile is outside the texture or tiles are already present in the space the tile would cover.
   at: create_tile (scene/resources/2d/tile_set.cpp:4985)
ERROR: The TileSetAtlasSource atlas has no tile at (8, 6).
   at: has_alternative_tile (scene/resources/2d/tile_set.cpp:5437)
ERROR: TileSetAtlasSource has no tile at (8, 6).
   at: create_alternative_tile (scene/resources/2d/tile_set.cpp:5385)
ERROR: Cannot create tile. The tile is outside the texture or tiles are already present in the space the tile would cover.
   at: create_tile (scene/resources/2d/tile_set.cpp:4985)
ERROR: The TileSetAtlasSource atlas has no tile at (9, 6).
   at: has_alternative_tile (scene/resources/2d/tile_set.cpp:5437)
ERROR: TileSetAtlasSource has no tile at (9, 6).
   at: create_alternative_tile (scene/resources/2d/tile_set.cpp:5385)
ERROR: Cannot create tile. The tile is outside the texture or tiles are already present in the space the tile would cover.
   at: create_tile (scene/resources/2d/tile_set.cpp:4985)
ERROR: The TileSetAtlasSource atlas has no tile at (10, 6).
   at: has_alternative_tile (scene/resources/2d/tile_set.cpp:5437)
ERROR: TileSetAtlasSource has no tile at (10, 6).
   at: create_alternative_tile (scene/resources/2d/tile_set.cpp:5385)
ERROR: Cannot create tile. The tile is outside the texture or tiles are already present in the space the tile would cover.
   at: create_tile (scene/resources/2d/tile_set.cpp:4985)
ERROR: The TileSetAtlasSource atlas has no tile at (11, 6).
   at: has_alternative_tile (scene/resources/2d/tile_set.cpp:5437)
ERROR: TileSetAtlasSource has no tile at (11, 6).
   at: create_alternative_tile (scene/resources/2d/tile_set.cpp:5385)
ERROR: Cannot create tile. The tile is outside the texture or tiles are already present in the space the tile would cover.
   at: create_tile (scene/resources/2d/tile_set.cpp:4985)
ERROR: The TileSetAtlasSource atlas has no tile at (12, 6).
   at: has_alternative_tile (scene/resources/2d/tile_set.cpp:5437)
ERROR: TileSetAtlasSource has no tile at (12, 6).
   at: create_alternative_tile (scene/resources/2d/tile_set.cpp:5385)
ERROR: Cannot create tile. The tile is outside the texture or tiles are already present in the space the tile would cover.
   at: create_tile (scene/resources/2d/tile_set.cpp:4985)
ERROR: The TileSetAtlasSource atlas has no tile at (13, 6).
   at: has_alternative_tile (scene/resources/2d/tile_set.cpp:5437)
ERROR: TileSetAtlasSource has no tile at (13, 6).
   at: create_alternative_tile (scene/resources/2d/tile_set.cpp:5385)
ERROR: Cannot create tile. The tile is outside the texture or tiles are already present in the space the tile would cover.
   at: create_tile (scene/resources/2d/tile_set.cpp:4985)
ERROR: The TileSetAtlasSource atlas has no tile at (14, 6).
   at: has_alternative_tile (scene/resources/2d/tile_set.cpp:5437)
ERROR: TileSetAtlasSource has no tile at (14, 6).
   at: create_alternative_tile (scene/resources/2d/tile_set.cpp:5385)
ERROR: Cannot create tile. The tile is outside the texture or tiles are already present in the space the tile would cover.
   at: create_tile (scene/resources/2d/tile_set.cpp:4985)
ERROR: The TileSetAtlasSource atlas has no tile at (15, 6).
   at: has_alternative_tile (scene/resources/2d/tile_set.cpp:5437)
ERROR: TileSetAtlasSource has no tile at (15, 6).
   at: create_alternative_tile (scene/resources/2d/tile_set.cpp:5385)
ERROR: Cannot create tile. The tile is outside the texture or tiles are already present in the space the tile would cover.
   at: create_tile (scene/resources/2d/tile_set.cpp:4985)
ERROR: The TileSetAtlasSource atlas has no tile at (16, 6).
   at: has_alternative_tile (scene/resources/2d/tile_set.cpp:5437)
ERROR: TileSetAtlasSource has no tile at (16, 6).
   at: create_alternative_tile (scene/resources/2d/tile_set.cpp:5385)
ERROR: Cannot create tile. The tile is outside the texture or tiles are already present in the space the tile would cover.
   at: create_tile (scene/resources/2d/tile_set.cpp:4985)
ERROR: The TileSetAtlasSource atlas has no tile at (17, 6).
   at: has_alternative_tile (scene/resources/2d/tile_set.cpp:5437)
ERROR: TileSetAtlasSource has no tile at (17, 6).
   at: create_alternative_tile (scene/resources/2d/tile_set.cpp:5385)
ERROR: Cannot create tile. The tile is outside the texture or tiles are already present in the space the tile would cover.
   at: create_tile (scene/resources/2d/tile_set.cpp:4985)
ERROR: The TileSetAtlasSource atlas has no tile at (18, 6).
   at: has_alternative_tile (scene/resources/2d/tile_set.cpp:5437)
ERROR: TileSetAtlasSource has no tile at (18, 6).
   at: create_alternative_tile (scene/resources/2d/tile_set.cpp:5385)
ERROR: Cannot create tile. The tile is outside the texture or tiles are already present in the space the tile would cover.
   at: create_tile (scene/resources/2d/tile_set.cpp:4985)
ERROR: The TileSetAtlasSource atlas has no tile at (19, 6).
   at: has_alternative_tile (scene/resources/2d/tile_set.cpp:5437)
ERROR: TileSetAtlasSource has no tile at (19, 6).
   at: create_alternative_tile (scene/resources/2d/tile_set.cpp:5385)
ERROR: Cannot create tile. The tile is outside the texture or tiles are already present in the space the tile would cover.
   at: create_tile (scene/resources/2d/tile_set.cpp:4985)
ERROR: The TileSetAtlasSource atlas has no tile at (20, 6).
   at: has_alternative_tile (scene/resources/2d/tile_set.cpp:5437)
ERROR: TileSetAtlasSource has no tile at (20, 6).
   at: create_alternative_tile (scene/resources/2d/tile_set.cpp:5385)
ERROR: Cannot create tile. The tile is outside the texture or tiles are already present in the space the tile would cover.
   at: create_tile (scene/resources/2d/tile_set.cpp:4985)
ERROR: The TileSetAtlasSource atlas has no tile at (21, 6).
   at: has_alternative_tile (scene/resources/2d/tile_set.cpp:5437)
ERROR: TileSetAtlasSource has no tile at (21, 6).
   at: create_alternative_tile (scene/resources/2d/tile_set.cpp:5385)
ERROR: Cannot create tile. The tile is outside the texture or tiles are already present in the space the tile would cover.
   at: create_tile (scene/resources/2d/tile_set.cpp:4985)
ERROR: The TileSetAtlasSource atlas has no tile at (22, 6).
   at: has_alternative_tile (scene/resources/2d/tile_set.cpp:5437)
ERROR: TileSetAtlasSource has no tile at (22, 6).
   at: create_alternative_tile (scene/resources/2d/tile_set.cpp:5385)
ERROR: Cannot create tile. The tile is outside the texture or tiles are already present in the space the tile would cover.
   at: create_tile (scene/resources/2d/tile_set.cpp:4985)
ERROR: The TileSetAtlasSource atlas has no tile at (23, 6).
   at: has_alternative_tile (scene/resources/2d/tile_set.cpp:5437)
ERROR: TileSetAtlasSource has no tile at (23, 6).
   at: create_alternative_tile (scene/resources/2d/tile_set.cpp:5385)
ERROR: Cannot create tile. The tile is outside the texture or tiles are already present in the space the tile would cover.
   at: create_tile (scene/resources/2d/tile_set.cpp:4985)
ERROR: The TileSetAtlasSource atlas has no tile at (24, 6).
   at: has_alternative_tile (scene/resources/2d/tile_set.cpp:5437)
ERROR: TileSetAtlasSource has no tile at (24, 6).
   at: create_alternative_tile (scene/resources/2d/tile_set.cpp:5385)
ERROR: Cannot create tile. The tile is outside the texture or tiles are already present in the space the tile would cover.
   at: create_tile (scene/resources/2d/tile_set.cpp:4985)
ERROR: The TileSetAtlasSource atlas has no tile at (25, 6).
   at: has_alternative_tile (scene/resources/2d/tile_set.cpp:5437)
ERROR: TileSetAtlasSource has no tile at (25, 6).
   at: create_alternative_tile (scene/resources/2d/tile_set.cpp:5385)
ERROR: Cannot create tile. The tile is outside the texture or tiles are already present in the space the tile would cover.
   at: create_tile (scene/resources/2d/tile_set.cpp:4985)
ERROR: The TileSetAtlasSource atlas has no tile at (26, 6).
   at: has_alternative_tile (scene/resources/2d/tile_set.cpp:5437)
ERROR: TileSetAtlasSource has no tile at (26, 6).
   at: create_alternative_tile (scene/resources/2d/tile_set.cpp:5385)
ERROR: Cannot create tile. The tile is outside the texture or tiles are already present in the space the tile would cover.
   at: create_tile (scene/resources/2d/tile_set.cpp:4985)
ERROR: The TileSetAtlasSource atlas has no tile at (4, 7).
   at: has_alternative_tile (scene/resources/2d/tile_set.cpp:5437)
ERROR: TileSetAtlasSource has no tile at (4, 7).
   at: create_alternative_tile (scene/resources/2d/tile_set.cpp:5385)
ERROR: Cannot create tile. The tile is outside the texture or tiles are already present in the space the tile would cover.
   at: create_tile (scene/resources/2d/tile_set.cpp:4985)
ERROR: The TileSetAtlasSource atlas has no tile at (5, 7).
   at: has_alternative_tile (scene/resources/2d/tile_set.cpp:5437)
ERROR: TileSetAtlasSource has no tile at (5, 7).
   at: create_alternative_tile (scene/resources/2d/tile_set.cpp:5385)
ERROR: Cannot create tile. The tile is outside the texture or tiles are already present in the space the tile would cover.
   at: create_tile (scene/resources/2d/tile_set.cpp:4985)
ERROR: The TileSetAtlasSource atlas has no tile at (6, 7).
   at: has_alternative_tile (scene/resources/2d/tile_set.cpp:5437)
ERROR: TileSetAtlasSource has no tile at (6, 7).
   at: create_alternative_tile (scene/resources/2d/tile_set.cpp:5385)
ERROR: Cannot create tile. The tile is outside the texture or tiles are already present in the space the tile would cover.
   at: create_tile (scene/resources/2d/tile_set.cpp:4985)
ERROR: The TileSetAtlasSource atlas has no tile at (7, 7).
   at: has_alternative_tile (scene/resources/2d/tile_set.cpp:5437)
ERROR: TileSetAtlasSource has no tile at (7, 7).
   at: create_alternative_tile (scene/resources/2d/tile_set.cpp:5385)
ERROR: Cannot create tile. The tile is outside the texture or tiles are already present in the space the tile would cover.
   at: create_tile (scene/resources/2d/tile_set.cpp:4985)
ERROR: The TileSetAtlasSource atlas has no tile at (8, 7).
   at: has_alternative_tile (scene/resources/2d/tile_set.cpp:5437)
ERROR: TileSetAtlasSource has no tile at (8, 7).
   at: create_alternative_tile (scene/resources/2d/tile_set.cpp:5385)
ERROR: Cannot create tile. The tile is outside the texture or tiles are already present in the space the tile would cover.
   at: create_tile (scene/resources/2d/tile_set.cpp:4985)
ERROR: The TileSetAtlasSource atlas has no tile at (9, 7).
   at: has_alternative_tile (scene/resources/2d/tile_set.cpp:5437)
ERROR: TileSetAtlasSource has no tile at (9, 7).
   at: create_alternative_tile (scene/resources/2d/tile_set.cpp:5385)
ERROR: Cannot create tile. The tile is outside the texture or tiles are already present in the space the tile would cover.
   at: create_tile (scene/resources/2d/tile_set.cpp:4985)
ERROR: The TileSetAtlasSource atlas has no tile at (10, 7).
   at: has_alternative_tile (scene/resources/2d/tile_set.cpp:5437)
ERROR: TileSetAtlasSource has no tile at (10, 7).
   at: create_alternative_tile (scene/resources/2d/tile_set.cpp:5385)
ERROR: Cannot create tile. The tile is outside the texture or tiles are already present in the space the tile would cover.
   at: create_tile (scene/resources/2d/tile_set.cpp:4985)
ERROR: The TileSetAtlasSource atlas has no tile at (11, 7).
   at: has_alternative_tile (scene/resources/2d/tile_set.cpp:5437)
ERROR: TileSetAtlasSource has no tile at (11, 7).
   at: create_alternative_tile (scene/resources/2d/tile_set.cpp:5385)
ERROR: Cannot create tile. The tile is outside the texture or tiles are already present in the space the tile would cover.
   at: create_tile (scene/resources/2d/tile_set.cpp:4985)
ERROR: The TileSetAtlasSource atlas has no tile at (12, 7).
   at: has_alternative_tile (scene/resources/2d/tile_set.cpp:5437)
ERROR: TileSetAtlasSource has no tile at (12, 7).
   at: create_alternative_tile (scene/resources/2d/tile_set.cpp:5385)
ERROR: Cannot create tile. The tile is outside the texture or tiles are already present in the space the tile would cover.
   at: create_tile (scene/resources/2d/tile_set.cpp:4985)
ERROR: The TileSetAtlasSource atlas has no tile at (13, 7).
   at: has_alternative_tile (scene/resources/2d/tile_set.cpp:5437)
ERROR: TileSetAtlasSource has no tile at (13, 7).
   at: create_alternative_tile (scene/resources/2d/tile_set.cpp:5385)
ERROR: Cannot create tile. The tile is outside the texture or tiles are already present in the space the tile would cover.
   at: create_tile (scene/resources/2d/tile_set.cpp:4985)
ERROR: The TileSetAtlasSource atlas has no tile at (14, 7).
   at: has_alternative_tile (scene/resources/2d/tile_set.cpp:5437)
ERROR: TileSetAtlasSource has no tile at (14, 7).
   at: create_alternative_tile (scene/resources/2d/tile_set.cpp:5385)
ERROR: Cannot create tile. The tile is outside the texture or tiles are already present in the space the tile would cover.
   at: create_tile (scene/resources/2d/tile_set.cpp:4985)
ERROR: The TileSetAtlasSource atlas has no tile at (15, 7).
   at: has_alternative_tile (scene/resources/2d/tile_set.cpp:5437)
ERROR: TileSetAtlasSource has no tile at (15, 7).
   at: create_alternative_tile (scene/resources/2d/tile_set.cpp:5385)
ERROR: Cannot create tile. The tile is outside the texture or tiles are already present in the space the tile would cover.
   at: create_tile (scene/resources/2d/tile_set.cpp:4985)
ERROR: The TileSetAtlasSource atlas has no tile at (16, 7).
   at: has_alternative_tile (scene/resources/2d/tile_set.cpp:5437)
ERROR: TileSetAtlasSource has no tile at (16, 7).
   at: create_alternative_tile (scene/resources/2d/tile_set.cpp:5385)
ERROR: Cannot create tile. The tile is outside the texture or tiles are already present in the space the tile would cover.
   at: create_tile (scene/resources/2d/tile_set.cpp:4985)
ERROR: The TileSetAtlasSource atlas has no tile at (17, 7).
   at: has_alternative_tile (scene/resources/2d/tile_set.cpp:5437)
ERROR: TileSetAtlasSource has no tile at (17, 7).
   at: create_alternative_tile (scene/resources/2d/tile_set.cpp:5385)
ERROR: Cannot create tile. The tile is outside the texture or tiles are already present in the space the tile would cover.
   at: create_tile (scene/resources/2d/tile_set.cpp:4985)
ERROR: The TileSetAtlasSource atlas has no tile at (18, 7).
   at: has_alternative_tile (scene/resources/2d/tile_set.cpp:5437)
ERROR: TileSetAtlasSource has no tile at (18, 7).
   at: create_alternative_tile (scene/resources/2d/tile_set.cpp:5385)
ERROR: Cannot create tile. The tile is outside the texture or tiles are already present in the space the tile would cover.
   at: create_tile (scene/resources/2d/tile_set.cpp:4985)
ERROR: The TileSetAtlasSource atlas has no tile at (19, 7).
   at: has_alternative_tile (scene/resources/2d/tile_set.cpp:5437)
ERROR: TileSetAtlasSource has no tile at (19, 7).
   at: create_alternative_tile (scene/resources/2d/tile_set.cpp:5385)
ERROR: Cannot create tile. The tile is outside the texture or tiles are already present in the space the tile would cover.
   at: create_tile (scene/resources/2d/tile_set.cpp:4985)
ERROR: The TileSetAtlasSource atlas has no tile at (20, 7).
   at: has_alternative_tile (scene/resources/2d/tile_set.cpp:5437)
ERROR: TileSetAtlasSource has no tile at (20, 7).
   at: create_alternative_tile (scene/resources/2d/tile_set.cpp:5385)
ERROR: Cannot create tile. The tile is outside the texture or tiles are already present in the space the tile would cover.
   at: create_tile (scene/resources/2d/tile_set.cpp:4985)
ERROR: The TileSetAtlasSource atlas has no tile at (21, 7).
   at: has_alternative_tile (scene/resources/2d/tile_set.cpp:5437)
ERROR: TileSetAtlasSource has no tile at (21, 7).
   at: create_alternative_tile (scene/resources/2d/tile_set.cpp:5385)
ERROR: Cannot create tile. The tile is outside the texture or tiles are already present in the space the tile would cover.
   at: create_tile (scene/resources/2d/tile_set.cpp:4985)
ERROR: The TileSetAtlasSource atlas has no tile at (22, 7).
   at: has_alternative_tile (scene/resources/2d/tile_set.cpp:5437)
ERROR: TileSetAtlasSource has no tile at (22, 7).
   at: create_alternative_tile (scene/resources/2d/tile_set.cpp:5385)
ERROR: Cannot create tile. The tile is outside the texture or tiles are already present in the space the tile would cover.
   at: create_tile (scene/resources/2d/tile_set.cpp:4985)
ERROR: The TileSetAtlasSource atlas has no tile at (23, 7).
   at: has_alternative_tile (scene/resources/2d/tile_set.cpp:5437)
ERROR: TileSetAtlasSource has no tile at (23, 7).
   at: create_alternative_tile (scene/resources/2d/tile_set.cpp:5385)
ERROR: Cannot create tile. The tile is outside the texture or tiles are already present in the space the tile would cover.
   at: create_tile (scene/resources/2d/tile_set.cpp:4985)
ERROR: The TileSetAtlasSource atlas has no tile at (24, 7).
   at: has_alternative_tile (scene/resources/2d/tile_set.cpp:5437)
ERROR: TileSetAtlasSource has no tile at (24, 7).
   at: create_alternative_tile (scene/resources/2d/tile_set.cpp:5385)
ERROR: Cannot create tile. The tile is outside the texture or tiles are already present in the space the tile would cover.
   at: create_tile (scene/resources/2d/tile_set.cpp:4985)
ERROR: The TileSetAtlasSource atlas has no tile at (25, 7).
   at: has_alternative_tile (scene/resources/2d/tile_set.cpp:5437)
ERROR: TileSetAtlasSource has no tile at (25, 7).
   at: create_alternative_tile (scene/resources/2d/tile_set.cpp:5385)
ERROR: Cannot create tile. The tile is outside the texture or tiles are already present in the space the tile would cover.
   at: create_tile (scene/resources/2d/tile_set.cpp:4985)
ERROR: The TileSetAtlasSource atlas has no tile at (26, 7).
   at: has_alternative_tile (scene/resources/2d/tile_set.cpp:5437)
ERROR: TileSetAtlasSource has no tile at (26, 7).
   at: create_alternative_tile (scene/resources/2d/tile_set.cpp:5385)
ERROR: Cannot create tile. The tile is outside the texture or tiles are already present in the space the tile would cover.
   at: create_tile (scene/resources/2d/tile_set.cpp:4985)
ERROR: The TileSetAtlasSource atlas has no tile at (4, 8).
   at: has_alternative_tile (scene/resources/2d/tile_set.cpp:5437)
ERROR: TileSetAtlasSource has no tile at (4, 8).
   at: create_alternative_tile (scene/resources/2d/tile_set.cpp:5385)
ERROR: Cannot create tile. The tile is outside the texture or tiles are already present in the space the tile would cover.
   at: create_tile (scene/resources/2d/tile_set.cpp:4985)
ERROR: The TileSetAtlasSource atlas has no tile at (5, 8).
   at: has_alternative_tile (scene/resources/2d/tile_set.cpp:5437)
ERROR: TileSetAtlasSource has no tile at (5, 8).
   at: create_alternative_tile (scene/resources/2d/tile_set.cpp:5385)
ERROR: Cannot create tile. The tile is outside the texture or tiles are already present in the space the tile would cover.
   at: create_tile (scene/resources/2d/tile_set.cpp:4985)
ERROR: The TileSetAtlasSource atlas has no tile at (6, 8).
   at: has_alternative_tile (scene/resources/2d/tile_set.cpp:5437)
ERROR: TileSetAtlasSource has no tile at (6, 8).
   at: create_alternative_tile (scene/resources/2d/tile_set.cpp:5385)
ERROR: Cannot create tile. The tile is outside the texture or tiles are already present in the space the tile would cover.
   at: create_tile (scene/resources/2d/tile_set.cpp:4985)
ERROR: The TileSetAtlasSource atlas has no tile at (7, 8).
   at: has_alternative_tile (scene/resources/2d/tile_set.cpp:5437)
ERROR: TileSetAtlasSource has no tile at (7, 8).
   at: create_alternative_tile (scene/resources/2d/tile_set.cpp:5385)
ERROR: Cannot create tile. The tile is outside the texture or tiles are already present in the space the tile would cover.
   at: create_tile (scene/resources/2d/tile_set.cpp:4985)
ERROR: The TileSetAtlasSource atlas has no tile at (8, 8).
   at: has_alternative_tile (scene/resources/2d/tile_set.cpp:5437)
ERROR: TileSetAtlasSource has no tile at (8, 8).
   at: create_alternative_tile (scene/resources/2d/tile_set.cpp:5385)
ERROR: Cannot create tile. The tile is outside the texture or tiles are already present in the space the tile would cover.
   at: create_tile (scene/resources/2d/tile_set.cpp:4985)
ERROR: The TileSetAtlasSource atlas has no tile at (9, 8).
   at: has_alternative_tile (scene/resources/2d/tile_set.cpp:5437)
ERROR: TileSetAtlasSource has no tile at (9, 8).
   at: create_alternative_tile (scene/resources/2d/tile_set.cpp:5385)
ERROR: Cannot create tile. The tile is outside the texture or tiles are already present in the space the tile would cover.
   at: create_tile (scene/resources/2d/tile_set.cpp:4985)
ERROR: The TileSetAtlasSource atlas has no tile at (10, 8).
   at: has_alternative_tile (scene/resources/2d/tile_set.cpp:5437)
ERROR: TileSetAtlasSource has no tile at (10, 8).
   at: create_alternative_tile (scene/resources/2d/tile_set.cpp:5385)
ERROR: Cannot create tile. The tile is outside the texture or tiles are already present in the space the tile would cover.
   at: create_tile (scene/resources/2d/tile_set.cpp:4985)
ERROR: The TileSetAtlasSource atlas has no tile at (11, 8).
   at: has_alternative_tile (scene/resources/2d/tile_set.cpp:5437)
ERROR: TileSetAtlasSource has no tile at (11, 8).
   at: create_alternative_tile (scene/resources/2d/tile_set.cpp:5385)
ERROR: Cannot create tile. The tile is outside the texture or tiles are already present in the space the tile would cover.
   at: create_tile (scene/resources/2d/tile_set.cpp:4985)
ERROR: The TileSetAtlasSource atlas has no tile at (12, 8).
   at: has_alternative_tile (scene/resources/2d/tile_set.cpp:5437)
ERROR: TileSetAtlasSource has no tile at (12, 8).
   at: create_alternative_tile (scene/resources/2d/tile_set.cpp:5385)
ERROR: Cannot create tile. The tile is outside the texture or tiles are already present in the space the tile would cover.
   at: create_tile (scene/resources/2d/tile_set.cpp:4985)
ERROR: The TileSetAtlasSource atlas has no tile at (13, 8).
   at: has_alternative_tile (scene/resources/2d/tile_set.cpp:5437)
ERROR: TileSetAtlasSource has no tile at (13, 8).
   at: create_alternative_tile (scene/resources/2d/tile_set.cpp:5385)
ERROR: Cannot create tile. The tile is outside the texture or tiles are already present in the space the tile would cover.
   at: create_tile (scene/resources/2d/tile_set.cpp:4985)
ERROR: The TileSetAtlasSource atlas has no tile at (14, 8).
   at: has_alternative_tile (scene/resources/2d/tile_set.cpp:5437)
ERROR: TileSetAtlasSource has no tile at (14, 8).
   at: create_alternative_tile (scene/resources/2d/tile_set.cpp:5385)
ERROR: Cannot create tile. The tile is outside the texture or tiles are already present in the space the tile would cover.
   at: create_tile (scene/resources/2d/tile_set.cpp:4985)
ERROR: The TileSetAtlasSource atlas has no tile at (15, 8).
   at: has_alternative_tile (scene/resources/2d/tile_set.cpp:5437)
ERROR: TileSetAtlasSource has no tile at (15, 8).
   at: create_alternative_tile (scene/resources/2d/tile_set.cpp:5385)
ERROR: Cannot create tile. The tile is outside the texture or tiles are already present in the space the tile would cover.
   at: create_tile (scene/resources/2d/tile_set.cpp:4985)
ERROR: The TileSetAtlasSource atlas has no tile at (16, 8).
   at: has_alternative_tile (scene/resources/2d/tile_set.cpp:5437)
ERROR: TileSetAtlasSource has no tile at (16, 8).
   at: create_alternative_tile (scene/resources/2d/tile_set.cpp:5385)
ERROR: Cannot create tile. The tile is outside the texture or tiles are already present in the space the tile would cover.
   at: create_tile (scene/resources/2d/tile_set.cpp:4985)
ERROR: The TileSetAtlasSource atlas has no tile at (17, 8).
   at: has_alternative_tile (scene/resources/2d/tile_set.cpp:5437)
ERROR: TileSetAtlasSource has no tile at (17, 8).
   at: create_alternative_tile (scene/resources/2d/tile_set.cpp:5385)
ERROR: Cannot create tile. The tile is outside the texture or tiles are already present in the space the tile would cover.
   at: create_tile (scene/resources/2d/tile_set.cpp:4985)
ERROR: The TileSetAtlasSource atlas has no tile at (18, 8).
   at: has_alternative_tile (scene/resources/2d/tile_set.cpp:5437)
ERROR: TileSetAtlasSource has no tile at (18, 8).
   at: create_alternative_tile (scene/resources/2d/tile_set.cpp:5385)
ERROR: Cannot create tile. The tile is outside the texture or tiles are already present in the space the tile would cover.
   at: create_tile (scene/resources/2d/tile_set.cpp:4985)
ERROR: The TileSetAtlasSource atlas has no tile at (19, 8).
   at: has_alternative_tile (scene/resources/2d/tile_set.cpp:5437)
ERROR: TileSetAtlasSource has no tile at (19, 8).
   at: create_alternative_tile (scene/resources/2d/tile_set.cpp:5385)
ERROR: Cannot create tile. The tile is outside the texture or tiles are already present in the space the tile would cover.
   at: create_tile (scene/resources/2d/tile_set.cpp:4985)
ERROR: The TileSetAtlasSource atlas has no tile at (20, 8).
   at: has_alternative_tile (scene/resources/2d/tile_set.cpp:5437)
ERROR: TileSetAtlasSource has no tile at (20, 8).
   at: create_alternative_tile (scene/resources/2d/tile_set.cpp:5385)
ERROR: Cannot create tile. The tile is outside the texture or tiles are already present in the space the tile would cover.
   at: create_tile (scene/resources/2d/tile_set.cpp:4985)
ERROR: The TileSetAtlasSource atlas has no tile at (21, 8).
   at: has_alternative_tile (scene/resources/2d/tile_set.cpp:5437)
ERROR: TileSetAtlasSource has no tile at (21, 8).
   at: create_alternative_tile (scene/resources/2d/tile_set.cpp:5385)
ERROR: Cannot create tile. The tile is outside the texture or tiles are already present in the space the tile would cover.
   at: create_tile (scene/resources/2d/tile_set.cpp:4985)
ERROR: The TileSetAtlasSource atlas has no tile at (22, 8).
   at: has_alternative_tile (scene/resources/2d/tile_set.cpp:5437)
ERROR: TileSetAtlasSource has no tile at (22, 8).
   at: create_alternative_tile (scene/resources/2d/tile_set.cpp:5385)
ERROR: Cannot create tile. The tile is outside the texture or tiles are already present in the space the tile would cover.
   at: create_tile (scene/resources/2d/tile_set.cpp:4985)
ERROR: The TileSetAtlasSource atlas has no tile at (23, 8).
   at: has_alternative_tile (scene/resources/2d/tile_set.cpp:5437)
ERROR: TileSetAtlasSource has no tile at (23, 8).
   at: create_alternative_tile (scene/resources/2d/tile_set.cpp:5385)
ERROR: Cannot create tile. The tile is outside the texture or tiles are already present in the space the tile would cover.
   at: create_tile (scene/resources/2d/tile_set.cpp:4985)
ERROR: The TileSetAtlasSource atlas has no tile at (24, 8).
   at: has_alternative_tile (scene/resources/2d/tile_set.cpp:5437)
ERROR: TileSetAtlasSource has no tile at (24, 8).
   at: create_alternative_tile (scene/resources/2d/tile_set.cpp:5385)
ERROR: Cannot create tile. The tile is outside the texture or tiles are already present in the space the tile would cover.
   at: create_tile (scene/resources/2d/tile_set.cpp:4985)
ERROR: The TileSetAtlasSource atlas has no tile at (25, 8).
   at: has_alternative_tile (scene/resources/2d/tile_set.cpp:5437)
ERROR: TileSetAtlasSource has no tile at (25, 8).
   at: create_alternative_tile (scene/resources/2d/tile_set.cpp:5385)
ERROR: Cannot create tile. The tile is outside the texture or tiles are already present in the space the tile would cover.
   at: create_tile (scene/resources/2d/tile_set.cpp:4985)
ERROR: The TileSetAtlasSource atlas has no tile at (26, 8).
   at: has_alternative_tile (scene/resources/2d/tile_set.cpp:5437)
ERROR: TileSetAtlasSource has no tile at (26, 8).
   at: create_alternative_tile (scene/resources/2d/tile_set.cpp:5385)
ERROR: Cannot create tile. The tile is outside the texture or tiles are already present in the space the tile would cover.
   at: create_tile (scene/resources/2d/tile_set.cpp:4985)
ERROR: The TileSetAtlasSource atlas has no tile at (27, 8).
   at: has_alternative_tile (scene/resources/2d/tile_set.cpp:5437)
ERROR: TileSetAtlasSource has no tile at (27, 8).
   at: create_alternative_tile (scene/resources/2d/tile_set.cpp:5385)
ERROR: Cannot create tile. The tile is outside the texture or tiles are already present in the space the tile would cover.
   at: create_tile (scene/resources/2d/tile_set.cpp:4985)
ERROR: The TileSetAtlasSource atlas has no tile at (3, 9).
   at: has_alternative_tile (scene/resources/2d/tile_set.cpp:5437)
ERROR: TileSetAtlasSource has no tile at (3, 9).
   at: create_alternative_tile (scene/resources/2d/tile_set.cpp:5385)
ERROR: Cannot create tile. The tile is outside the texture or tiles are already present in the space the tile would cover.
   at: create_tile (scene/resources/2d/tile_set.cpp:4985)
ERROR: The TileSetAtlasSource atlas has no tile at (4, 9).
   at: has_alternative_tile (scene/resources/2d/tile_set.cpp:5437)
ERROR: TileSetAtlasSource has no tile at (4, 9).
   at: create_alternative_tile (scene/resources/2d/tile_set.cpp:5385)
ERROR: Cannot create tile. The tile is outside the texture or tiles are already present in the space the tile would cover.
   at: create_tile (scene/resources/2d/tile_set.cpp:4985)
ERROR: The TileSetAtlasSource atlas has no tile at (5, 9).
   at: has_alternative_tile (scene/resources/2d/tile_set.cpp:5437)
ERROR: TileSetAtlasSource has no tile at (5, 9).
   at: create_alternative_tile (scene/resources/2d/tile_set.cpp:5385)
ERROR: Cannot create tile. The tile is outside the texture or tiles are already present in the space the tile would cover.
   at: create_tile (scene/resources/2d/tile_set.cpp:4985)
ERROR: The TileSetAtlasSource atlas has no tile at (6, 9).
   at: has_alternative_tile (scene/resources/2d/tile_set.cpp:5437)
ERROR: TileSetAtlasSource has no tile at (6, 9).
   at: create_alternative_tile (scene/resources/2d/tile_set.cpp:5385)
ERROR: Cannot create tile. The tile is outside the texture or tiles are already present in the space the tile would cover.
   at: create_tile (scene/resources/2d/tile_set.cpp:4985)
ERROR: The TileSetAtlasSource atlas has no tile at (7, 9).
   at: has_alternative_tile (scene/resources/2d/tile_set.cpp:5437)
ERROR: TileSetAtlasSource has no tile at (7, 9).
   at: create_alternative_tile (scene/resources/2d/tile_set.cpp:5385)
ERROR: Cannot create tile. The tile is outside the texture or tiles are already present in the space the tile would cover.
   at: create_tile (scene/resources/2d/tile_set.cpp:4985)
ERROR: The TileSetAtlasSource atlas has no tile at (8, 9).
   at: has_alternative_tile (scene/resources/2d/tile_set.cpp:5437)
ERROR: TileSetAtlasSource has no tile at (8, 9).
   at: create_alternative_tile (scene/resources/2d/tile_set.cpp:5385)
ERROR: Cannot create tile. The tile is outside the texture or tiles are already present in the space the tile would cover.
   at: create_tile (scene/resources/2d/tile_set.cpp:4985)
ERROR: The TileSetAtlasSource atlas has no tile at (9, 9).
   at: has_alternative_tile (scene/resources/2d/tile_set.cpp:5437)
ERROR: TileSetAtlasSource has no tile at (9, 9).
   at: create_alternative_tile (scene/resources/2d/tile_set.cpp:5385)
ERROR: Cannot create tile. The tile is outside the texture or tiles are already present in the space the tile would cover.
   at: create_tile (scene/resources/2d/tile_set.cpp:4985)
ERROR: The TileSetAtlasSource atlas has no tile at (10, 9).
   at: has_alternative_tile (scene/resources/2d/tile_set.cpp:5437)
ERROR: TileSetAtlasSource has no tile at (10, 9).
   at: create_alternative_tile (scene/resources/2d/tile_set.cpp:5385)
ERROR: Cannot create tile. The tile is outside the texture or tiles are already present in the space the tile would cover.
   at: create_tile (scene/resources/2d/tile_set.cpp:4985)
ERROR: The TileSetAtlasSource atlas has no tile at (11, 9).
   at: has_alternative_tile (scene/resources/2d/tile_set.cpp:5437)
ERROR: TileSetAtlasSource has no tile at (11, 9).
   at: create_alternative_tile (scene/resources/2d/tile_set.cpp:5385)
ERROR: Cannot create tile. The tile is outside the texture or tiles are already present in the space the tile would cover.
   at: create_tile (scene/resources/2d/tile_set.cpp:4985)
ERROR: The TileSetAtlasSource atlas has no tile at (12, 9).
   at: has_alternative_tile (scene/resources/2d/tile_set.cpp:5437)
ERROR: TileSetAtlasSource has no tile at (12, 9).
   at: create_alternative_tile (scene/resources/2d/tile_set.cpp:5385)
ERROR: Cannot create tile. The tile is outside the texture or tiles are already present in the space the tile would cover.
   at: create_tile (scene/resources/2d/tile_set.cpp:4985)
ERROR: The TileSetAtlasSource atlas has no tile at (13, 9).
   at: has_alternative_tile (scene/resources/2d/tile_set.cpp:5437)
ERROR: TileSetAtlasSource has no tile at (13, 9).
   at: create_alternative_tile (scene/resources/2d/tile_set.cpp:5385)
ERROR: Cannot create tile. The tile is outside the texture or tiles are already present in the space the tile would cover.
   at: create_tile (scene/resources/2d/tile_set.cpp:4985)
ERROR: The TileSetAtlasSource atlas has no tile at (14, 9).
   at: has_alternative_tile (scene/resources/2d/tile_set.cpp:5437)
ERROR: TileSetAtlasSource has no tile at (14, 9).
   at: create_alternative_tile (scene/resources/2d/tile_set.cpp:5385)
ERROR: Cannot create tile. The tile is outside the texture or tiles are already present in the space the tile would cover.
   at: create_tile (scene/resources/2d/tile_set.cpp:4985)
ERROR: The TileSetAtlasSource atlas has no tile at (15, 9).
   at: has_alternative_tile (scene/resources/2d/tile_set.cpp:5437)
ERROR: TileSetAtlasSource has no tile at (15, 9).
   at: create_alternative_tile (scene/resources/2d/tile_set.cpp:5385)
ERROR: Cannot create tile. The tile is outside the texture or tiles are already present in the space the tile would cover.
   at: create_tile (scene/resources/2d/tile_set.cpp:4985)
ERROR: The TileSetAtlasSource atlas has no tile at (16, 9).
   at: has_alternative_tile (scene/resources/2d/tile_set.cpp:5437)
ERROR: TileSetAtlasSource has no tile at (16, 9).
   at: create_alternative_tile (scene/resources/2d/tile_set.cpp:5385)
ERROR: Cannot create tile. The tile is outside the texture or tiles are already present in the space the tile would cover.
   at: create_tile (scene/resources/2d/tile_set.cpp:4985)
ERROR: The TileSetAtlasSource atlas has no tile at (17, 9).
   at: has_alternative_tile (scene/resources/2d/tile_set.cpp:5437)
ERROR: TileSetAtlasSource has no tile at (17, 9).
   at: create_alternative_tile (scene/resources/2d/tile_set.cpp:5385)
ERROR: Cannot create tile. The tile is outside the texture or tiles are already present in the space the tile would cover.
   at: create_tile (scene/resources/2d/tile_set.cpp:4985)
ERROR: The TileSetAtlasSource atlas has no tile at (18, 9).
   at: has_alternative_tile (scene/resources/2d/tile_set.cpp:5437)
ERROR: TileSetAtlasSource has no tile at (18, 9).
   at: create_alternative_tile (scene/resources/2d/tile_set.cpp:5385)
ERROR: Cannot create tile. The tile is outside the texture or tiles are already present in the space the tile would cover.
   at: create_tile (scene/resources/2d/tile_set.cpp:4985)
ERROR: The TileSetAtlasSource atlas has no tile at (19, 9).
   at: has_alternative_tile (scene/resources/2d/tile_set.cpp:5437)
ERROR: TileSetAtlasSource has no tile at (19, 9).
   at: create_alternative_tile (scene/resources/2d/tile_set.cpp:5385)
ERROR: Cannot create tile. The tile is outside the texture or tiles are already present in the space the tile would cover.
   at: create_tile (scene/resources/2d/tile_set.cpp:4985)
ERROR: The TileSetAtlasSource atlas has no tile at (20, 9).
   at: has_alternative_tile (scene/resources/2d/tile_set.cpp:5437)
ERROR: TileSetAtlasSource has no tile at (20, 9).
   at: create_alternative_tile (scene/resources/2d/tile_set.cpp:5385)
ERROR: Cannot create tile. The tile is outside the texture or tiles are already present in the space the tile would cover.
   at: create_tile (scene/resources/2d/tile_set.cpp:4985)
ERROR: The TileSetAtlasSource atlas has no tile at (21, 9).
   at: has_alternative_tile (scene/resources/2d/tile_set.cpp:5437)
ERROR: TileSetAtlasSource has no tile at (21, 9).
   at: create_alternative_tile (scene/resources/2d/tile_set.cpp:5385)
ERROR: Cannot create tile. The tile is outside the texture or tiles are already present in the space the tile would cover.
   at: create_tile (scene/resources/2d/tile_set.cpp:4985)
ERROR: The TileSetAtlasSource atlas has no tile at (22, 9).
   at: has_alternative_tile (scene/resources/2d/tile_set.cpp:5437)
ERROR: TileSetAtlasSource has no tile at (22, 9).
   at: create_alternative_tile (scene/resources/2d/tile_set.cpp:5385)
ERROR: Cannot create tile. The tile is outside the texture or tiles are already present in the space the tile would cover.
   at: create_tile (scene/resources/2d/tile_set.cpp:4985)
ERROR: The TileSetAtlasSource atlas has no tile at (23, 9).
   at: has_alternative_tile (scene/resources/2d/tile_set.cpp:5437)
ERROR: TileSetAtlasSource has no tile at (23, 9).
   at: create_alternative_tile (scene/resources/2d/tile_set.cpp:5385)
ERROR: Cannot create tile. The tile is outside the texture or tiles are already present in the space the tile would cover.
   at: create_tile (scene/resources/2d/tile_set.cpp:4985)
ERROR: The TileSetAtlasSource atlas has no tile at (24, 9).
   at: has_alternative_tile (scene/resources/2d/tile_set.cpp:5437)
ERROR: TileSetAtlasSource has no tile at (24, 9).
   at: create_alternative_tile (scene/resources/2d/tile_set.cpp:5385)
ERROR: Cannot create tile. The tile is outside the texture or tiles are already present in the space the tile would cover.
   at: create_tile (scene/resources/2d/tile_set.cpp:4985)
ERROR: The TileSetAtlasSource atlas has no tile at (25, 9).
   at: has_alternative_tile (scene/resources/2d/tile_set.cpp:5437)
ERROR: TileSetAtlasSource has no tile at (25, 9).
   at: create_alternative_tile (scene/resources/2d/tile_set.cpp:5385)
ERROR: Cannot create tile. The tile is outside the texture or tiles are already present in the space the tile would cover.
   at: create_tile (scene/resources/2d/tile_set.cpp:4985)
ERROR: The TileSetAtlasSource atlas has no tile at (26, 9).
   at: has_alternative_tile (scene/resources/2d/tile_set.cpp:5437)
ERROR: TileSetAtlasSource has no tile at (26, 9).
   at: create_alternative_tile (scene/resources/2d/tile_set.cpp:5385)
ERROR: Cannot create tile. The tile is outside the texture or tiles are already present in the space the tile would cover.
   at: create_tile (scene/resources/2d/tile_set.cpp:4985)
ERROR: The TileSetAtlasSource atlas has no tile at (27, 9).
   at: has_alternative_tile (scene/resources/2d/tile_set.cpp:5437)
ERROR: TileSetAtlasSource has no tile at (27, 9).
   at: create_alternative_tile (scene/resources/2d/tile_set.cpp:5385)
ERROR: Cannot create tile. The tile is outside the texture or tiles are already present in the space the tile would cover.
   at: create_tile (scene/resources/2d/tile_set.cpp:4985)
ERROR: The TileSetAtlasSource atlas has no tile at (2, 10).
   at: has_alternative_tile (scene/resources/2d/tile_set.cpp:5437)
ERROR: TileSetAtlasSource has no tile at (2, 10).
   at: create_alternative_tile (scene/resources/2d/tile_set.cpp:5385)
ERROR: Cannot create tile. The tile is outside the texture or tiles are already present in the space the tile would cover.
   at: create_tile (scene/resources/2d/tile_set.cpp:4985)
ERROR: The TileSetAtlasSource atlas has no tile at (3, 10).
   at: has_alternative_tile (scene/resources/2d/tile_set.cpp:5437)
ERROR: TileSetAtlasSource has no tile at (3, 10).
   at: create_alternative_tile (scene/resources/2d/tile_set.cpp:5385)
ERROR: Cannot create tile. The tile is outside the texture or tiles are already present in the space the tile would cover.
   at: create_tile (scene/resources/2d/tile_set.cpp:4985)
ERROR: The TileSetAtlasSource atlas has no tile at (4, 10).
   at: has_alternative_tile (scene/resources/2d/tile_set.cpp:5437)
ERROR: TileSetAtlasSource has no tile at (4, 10).
   at: create_alternative_tile (scene/resources/2d/tile_set.cpp:5385)
ERROR: Cannot create tile. The tile is outside the texture or tiles are already present in the space the tile would cover.
   at: create_tile (scene/resources/2d/tile_set.cpp:4985)
ERROR: The TileSetAtlasSource atlas has no tile at (5, 10).
   at: has_alternative_tile (scene/resources/2d/tile_set.cpp:5437)
ERROR: TileSetAtlasSource has no tile at (5, 10).
   at: create_alternative_tile (scene/resources/2d/tile_set.cpp:5385)
ERROR: Cannot create tile. The tile is outside the texture or tiles are already present in the space the tile would cover.
   at: create_tile (scene/resources/2d/tile_set.cpp:4985)
ERROR: The TileSetAtlasSource atlas has no tile at (6, 10).
   at: has_alternative_tile (scene/resources/2d/tile_set.cpp:5437)
ERROR: TileSetAtlasSource has no tile at (6, 10).
   at: create_alternative_tile (scene/resources/2d/tile_set.cpp:5385)
ERROR: Cannot create tile. The tile is outside the texture or tiles are already present in the space the tile would cover.
   at: create_tile (scene/resources/2d/tile_set.cpp:4985)
ERROR: The TileSetAtlasSource atlas has no tile at (7, 10).
   at: has_alternative_tile (scene/resources/2d/tile_set.cpp:5437)
ERROR: TileSetAtlasSource has no tile at (7, 10).
   at: create_alternative_tile (scene/resources/2d/tile_set.cpp:5385)
ERROR: Cannot create tile. The tile is outside the texture or tiles are already present in the space the tile would cover.
   at: create_tile (scene/resources/2d/tile_set.cpp:4985)
ERROR: The TileSetAtlasSource atlas has no tile at (8, 10).
   at: has_alternative_tile (scene/resources/2d/tile_set.cpp:5437)
ERROR: TileSetAtlasSource has no tile at (8, 10).
   at: create_alternative_tile (scene/resources/2d/tile_set.cpp:5385)
ERROR: Cannot create tile. The tile is outside the texture or tiles are already present in the space the tile would cover.
   at: create_tile (scene/resources/2d/tile_set.cpp:4985)
ERROR: The TileSetAtlasSource atlas has no tile at (9, 10).
   at: has_alternative_tile (scene/resources/2d/tile_set.cpp:5437)
ERROR: TileSetAtlasSource has no tile at (9, 10).
   at: create_alternative_tile (scene/resources/2d/tile_set.cpp:5385)
ERROR: Cannot create tile. The tile is outside the texture or tiles are already present in the space the tile would cover.
   at: create_tile (scene/resources/2d/tile_set.cpp:4985)
ERROR: The TileSetAtlasSource atlas has no tile at (10, 10).
   at: has_alternative_tile (scene/resources/2d/tile_set.cpp:5437)
ERROR: TileSetAtlasSource has no tile at (10, 10).
   at: create_alternative_tile (scene/resources/2d/tile_set.cpp:5385)
ERROR: Cannot create tile. The tile is outside the texture or tiles are already present in the space the tile would cover.
   at: create_tile (scene/resources/2d/tile_set.cpp:4985)
ERROR: The TileSetAtlasSource atlas has no tile at (11, 10).
   at: has_alternative_tile (scene/resources/2d/tile_set.cpp:5437)
ERROR: TileSetAtlasSource has no tile at (11, 10).
   at: create_alternative_tile (scene/resources/2d/tile_set.cpp:5385)
ERROR: Cannot create tile. The tile is outside the texture or tiles are already present in the space the tile would cover.
   at: create_tile (scene/resources/2d/tile_set.cpp:4985)
ERROR: The TileSetAtlasSource atlas has no tile at (12, 10).
   at: has_alternative_tile (scene/resources/2d/tile_set.cpp:5437)
ERROR: TileSetAtlasSource has no tile at (12, 10).
   at: create_alternative_tile (scene/resources/2d/tile_set.cpp:5385)
ERROR: Cannot create tile. The tile is outside the texture or tiles are already present in the space the tile would cover.
   at: create_tile (scene/resources/2d/tile_set.cpp:4985)
ERROR: The TileSetAtlasSource atlas has no tile at (13, 10).
   at: has_alternative_tile (scene/resources/2d/tile_set.cpp:5437)
ERROR: TileSetAtlasSource has no tile at (13, 10).
   at: create_alternative_tile (scene/resources/2d/tile_set.cpp:5385)
ERROR: Cannot create tile. The tile is outside the texture or tiles are already present in the space the tile would cover.
   at: create_tile (scene/resources/2d/tile_set.cpp:4985)
ERROR: The TileSetAtlasSource atlas has no tile at (14, 10).
   at: has_alternative_tile (scene/resources/2d/tile_set.cpp:5437)
ERROR: TileSetAtlasSource has no tile at (14, 10).
   at: create_alternative_tile (scene/resources/2d/tile_set.cpp:5385)
ERROR: Cannot create tile. The tile is outside the texture or tiles are already present in the space the tile would cover.
   at: create_tile (scene/resources/2d/tile_set.cpp:4985)
ERROR: The TileSetAtlasSource atlas has no tile at (15, 10).
   at: has_alternative_tile (scene/resources/2d/tile_set.cpp:5437)
ERROR: TileSetAtlasSource has no tile at (15, 10).
   at: create_alternative_tile (scene/resources/2d/tile_set.cpp:5385)
ERROR: Cannot create tile. The tile is outside the texture or tiles are already present in the space the tile would cover.
   at: create_tile (scene/resources/2d/tile_set.cpp:4985)
ERROR: The TileSetAtlasSource atlas has no tile at (16, 10).
   at: has_alternative_tile (scene/resources/2d/tile_set.cpp:5437)
ERROR: TileSetAtlasSource has no tile at (16, 10).
   at: create_alternative_tile (scene/resources/2d/tile_set.cpp:5385)
ERROR: Cannot create tile. The tile is outside the texture or tiles are already present in the space the tile would cover.
   at: create_tile (scene/resources/2d/tile_set.cpp:4985)
ERROR: The TileSetAtlasSource atlas has no tile at (17, 10).
   at: has_alternative_tile (scene/resources/2d/tile_set.cpp:5437)
ERROR: TileSetAtlasSource has no tile at (17, 10).
   at: create_alternative_tile (scene/resources/2d/tile_set.cpp:5385)
ERROR: Cannot create tile. The tile is outside the texture or tiles are already present in the space the tile would cover.
   at: create_tile (scene/resources/2d/tile_set.cpp:4985)
ERROR: The TileSetAtlasSource atlas has no tile at (18, 10).
   at: has_alternative_tile (scene/resources/2d/tile_set.cpp:5437)
ERROR: TileSetAtlasSource has no tile at (18, 10).
   at: create_alternative_tile (scene/resources/2d/tile_set.cpp:5385)
ERROR: Cannot create tile. The tile is outside the texture or tiles are already present in the space the tile would cover.
   at: create_tile (scene/resources/2d/tile_set.cpp:4985)
ERROR: The TileSetAtlasSource atlas has no tile at (19, 10).
   at: has_alternative_tile (scene/resources/2d/tile_set.cpp:5437)
ERROR: TileSetAtlasSource has no tile at (19, 10).
   at: create_alternative_tile (scene/resources/2d/tile_set.cpp:5385)
ERROR: Cannot create tile. The tile is outside the texture or tiles are already present in the space the tile would cover.
   at: create_tile (scene/resources/2d/tile_set.cpp:4985)
ERROR: The TileSetAtlasSource atlas has no tile at (20, 10).
   at: has_alternative_tile (scene/resources/2d/tile_set.cpp:5437)
ERROR: TileSetAtlasSource has no tile at (20, 10).
   at: create_alternative_tile (scene/resources/2d/tile_set.cpp:5385)
ERROR: Cannot create tile. The tile is outside the texture or tiles are already present in the space the tile would cover.
   at: create_tile (scene/resources/2d/tile_set.cpp:4985)
ERROR: The TileSetAtlasSource atlas has no tile at (21, 10).
   at: has_alternative_tile (scene/resources/2d/tile_set.cpp:5437)
ERROR: TileSetAtlasSource has no tile at (21, 10).
   at: create_alternative_tile (scene/resources/2d/tile_set.cpp:5385)
ERROR: Cannot create tile. The tile is outside the texture or tiles are already present in the space the tile would cover.
   at: create_tile (scene/resources/2d/tile_set.cpp:4985)
ERROR: The TileSetAtlasSource atlas has no tile at (22, 10).
   at: has_alternative_tile (scene/resources/2d/tile_set.cpp:5437)
ERROR: TileSetAtlasSource has no tile at (22, 10).
   at: create_alternative_tile (scene/resources/2d/tile_set.cpp:5385)
ERROR: Cannot create tile. The tile is outside the texture or tiles are already present in the space the tile would cover.
   at: create_tile (scene/resources/2d/tile_set.cpp:4985)
ERROR: The TileSetAtlasSource atlas has no tile at (23, 10).
   at: has_alternative_tile (scene/resources/2d/tile_set.cpp:5437)
ERROR: TileSetAtlasSource has no tile at (23, 10).
   at: create_alternative_tile (scene/resources/2d/tile_set.cpp:5385)
ERROR: Cannot create tile. The tile is outside the texture or tiles are already present in the space the tile would cover.
   at: create_tile (scene/resources/2d/tile_set.cpp:4985)
ERROR: The TileSetAtlasSource atlas has no tile at (24, 10).
   at: has_alternative_tile (scene/resources/2d/tile_set.cpp:5437)
ERROR: TileSetAtlasSource has no tile at (24, 10).
   at: create_alternative_tile (scene/resources/2d/tile_set.cpp:5385)
ERROR: Cannot create tile. The tile is outside the texture or tiles are already present in the space the tile would cover.
   at: create_tile (scene/resources/2d/tile_set.cpp:4985)
ERROR: The TileSetAtlasSource atlas has no tile at (25, 10).
   at: has_alternative_tile (scene/resources/2d/tile_set.cpp:5437)
ERROR: TileSetAtlasSource has no tile at (25, 10).
   at: create_alternative_tile (scene/resources/2d/tile_set.cpp:5385)
ERROR: Cannot create tile. The tile is outside the texture or tiles are already present in the space the tile would cover.
   at: create_tile (scene/resources/2d/tile_set.cpp:4985)
ERROR: The TileSetAtlasSource atlas has no tile at (26, 10).
   at: has_alternative_tile (scene/resources/2d/tile_set.cpp:5437)
ERROR: TileSetAtlasSource has no tile at (26, 10).
   at: create_alternative_tile (scene/resources/2d/tile_set.cpp:5385)
ERROR: Cannot create tile. The tile is outside the texture or tiles are already present in the space the tile would cover.
   at: create_tile (scene/resources/2d/tile_set.cpp:4985)
ERROR: The TileSetAtlasSource atlas has no tile at (27, 10).
   at: has_alternative_tile (scene/resources/2d/tile_set.cpp:5437)
ERROR: TileSetAtlasSource has no tile at (27, 10).
   at: create_alternative_tile (scene/resources/2d/tile_set.cpp:5385)
ERROR: Cannot create tile. The tile is outside the texture or tiles are already present in the space the tile would cover.
   at: create_tile (scene/resources/2d/tile_set.cpp:4985)
ERROR: The TileSetAtlasSource atlas has no tile at (28, 10).
   at: has_alternative_tile (scene/resources/2d/tile_set.cpp:5437)
ERROR: TileSetAtlasSource has no tile at (28, 10).
   at: create_alternative_tile (scene/resources/2d/tile_set.cpp:5385)
ERROR: Cannot create tile. The tile is outside the texture or tiles are already present in the space the tile would cover.
   at: create_tile (scene/resources/2d/tile_set.cpp:4985)
ERROR: The TileSetAtlasSource atlas has no tile at (2, 11).
   at: has_alternative_tile (scene/resources/2d/tile_set.cpp:5437)
ERROR: TileSetAtlasSource has no tile at (2, 11).
   at: create_alternative_tile (scene/resources/2d/tile_set.cpp:5385)
ERROR: Cannot create tile. The tile is outside the texture or tiles are already present in the space the tile would cover.
   at: create_tile (scene/resources/2d/tile_set.cpp:4985)
ERROR: The TileSetAtlasSource atlas has no tile at (3, 11).
   at: has_alternative_tile (scene/resources/2d/tile_set.cpp:5437)
ERROR: TileSetAtlasSource has no tile at (3, 11).
   at: create_alternative_tile (scene/resources/2d/tile_set.cpp:5385)
ERROR: Cannot create tile. The tile is outside the texture or tiles are already present in the space the tile would cover.
   at: create_tile (scene/resources/2d/tile_set.cpp:4985)
ERROR: The TileSetAtlasSource atlas has no tile at (4, 11).
   at: has_alternative_tile (scene/resources/2d/tile_set.cpp:5437)
ERROR: TileSetAtlasSource has no tile at (4, 11).
   at: create_alternative_tile (scene/resources/2d/tile_set.cpp:5385)
ERROR: Cannot create tile. The tile is outside the texture or tiles are already present in the space the tile would cover.
   at: create_tile (scene/resources/2d/tile_set.cpp:4985)
ERROR: The TileSetAtlasSource atlas has no tile at (5, 11).
   at: has_alternative_tile (scene/resources/2d/tile_set.cpp:5437)
ERROR: TileSetAtlasSource has no tile at (5, 11).
   at: create_alternative_tile (scene/resources/2d/tile_set.cpp:5385)
ERROR: Cannot create tile. The tile is outside the texture or tiles are already present in the space the tile would cover.
   at: create_tile (scene/resources/2d/tile_set.cpp:4985)
ERROR: The TileSetAtlasSource atlas has no tile at (6, 11).
   at: has_alternative_tile (scene/resources/2d/tile_set.cpp:5437)
ERROR: TileSetAtlasSource has no tile at (6, 11).
   at: create_alternative_tile (scene/resources/2d/tile_set.cpp:5385)
ERROR: Cannot create tile. The tile is outside the texture or tiles are already present in the space the tile would cover.
   at: create_tile (scene/resources/2d/tile_set.cpp:4985)
ERROR: The TileSetAtlasSource atlas has no tile at (7, 11).
   at: has_alternative_tile (scene/resources/2d/tile_set.cpp:5437)
ERROR: TileSetAtlasSource has no tile at (7, 11).
   at: create_alternative_tile (scene/resources/2d/tile_set.cpp:5385)
ERROR: Cannot create tile. The tile is outside the texture or tiles are already present in the space the tile would cover.
   at: create_tile (scene/resources/2d/tile_set.cpp:4985)
ERROR: The TileSetAtlasSource atlas has no tile at (8, 11).
   at: has_alternative_tile (scene/resources/2d/tile_set.cpp:5437)
ERROR: TileSetAtlasSource has no tile at (8, 11).
   at: create_alternative_tile (scene/resources/2d/tile_set.cpp:5385)
ERROR: Cannot create tile. The tile is outside the texture or tiles are already present in the space the tile would cover.
   at: create_tile (scene/resources/2d/tile_set.cpp:4985)
ERROR: The TileSetAtlasSource atlas has no tile at (9, 11).
   at: has_alternative_tile (scene/resources/2d/tile_set.cpp:5437)
ERROR: TileSetAtlasSource has no tile at (9, 11).
   at: create_alternative_tile (scene/resources/2d/tile_set.cpp:5385)
ERROR: Cannot create tile. The tile is outside the texture or tiles are already present in the space the tile would cover.
   at: create_tile (scene/resources/2d/tile_set.cpp:4985)
ERROR: The TileSetAtlasSource atlas has no tile at (10, 11).
   at: has_alternative_tile (scene/resources/2d/tile_set.cpp:5437)
ERROR: TileSetAtlasSource has no tile at (10, 11).
   at: create_alternative_tile (scene/resources/2d/tile_set.cpp:5385)
ERROR: Cannot create tile. The tile is outside the texture or tiles are already present in the space the tile would cover.
   at: create_tile (scene/resources/2d/tile_set.cpp:4985)
ERROR: The TileSetAtlasSource atlas has no tile at (11, 11).
   at: has_alternative_tile (scene/resources/2d/tile_set.cpp:5437)
ERROR: TileSetAtlasSource has no tile at (11, 11).
   at: create_alternative_tile (scene/resources/2d/tile_set.cpp:5385)
ERROR: Cannot create tile. The tile is outside the texture or tiles are already present in the space the tile would cover.
   at: create_tile (scene/resources/2d/tile_set.cpp:4985)
ERROR: The TileSetAtlasSource atlas has no tile at (12, 11).
   at: has_alternative_tile (scene/resources/2d/tile_set.cpp:5437)
ERROR: TileSetAtlasSource has no tile at (12, 11).
   at: create_alternative_tile (scene/resources/2d/tile_set.cpp:5385)
ERROR: Cannot create tile. The tile is outside the texture or tiles are already present in the space the tile would cover.
   at: create_tile (scene/resources/2d/tile_set.cpp:4985)
ERROR: The TileSetAtlasSource atlas has no tile at (13, 11).
   at: has_alternative_tile (scene/resources/2d/tile_set.cpp:5437)
ERROR: TileSetAtlasSource has no tile at (13, 11).
   at: create_alternative_tile (scene/resources/2d/tile_set.cpp:5385)
ERROR: Cannot create tile. The tile is outside the texture or tiles are already present in the space the tile would cover.
   at: create_tile (scene/resources/2d/tile_set.cpp:4985)
ERROR: The TileSetAtlasSource atlas has no tile at (14, 11).
   at: has_alternative_tile (scene/resources/2d/tile_set.cpp:5437)
ERROR: TileSetAtlasSource has no tile at (14, 11).
   at: create_alternative_tile (scene/resources/2d/tile_set.cpp:5385)
ERROR: Cannot create tile. The tile is outside the texture or tiles are already present in the space the tile would cover.
   at: create_tile (scene/resources/2d/tile_set.cpp:4985)
ERROR: The TileSetAtlasSource atlas has no tile at (15, 11).
   at: has_alternative_tile (scene/resources/2d/tile_set.cpp:5437)
ERROR: TileSetAtlasSource has no tile at (15, 11).
   at: create_alternative_tile (scene/resources/2d/tile_set.cpp:5385)
ERROR: Cannot create tile. The tile is outside the texture or tiles are already present in the space the tile would cover.
   at: create_tile (scene/resources/2d/tile_set.cpp:4985)
ERROR: The TileSetAtlasSource atlas has no tile at (16, 11).
   at: has_alternative_tile (scene/resources/2d/tile_set.cpp:5437)
ERROR: TileSetAtlasSource has no tile at (16, 11).
   at: create_alternative_tile (scene/resources/2d/tile_set.cpp:5385)
ERROR: Cannot create tile. The tile is outside the texture or tiles are already present in the space the tile would cover.
   at: create_tile (scene/resources/2d/tile_set.cpp:4985)
ERROR: The TileSetAtlasSource atlas has no tile at (17, 11).
   at: has_alternative_tile (scene/resources/2d/tile_set.cpp:5437)
ERROR: TileSetAtlasSource has no tile at (17, 11).
   at: create_alternative_tile (scene/resources/2d/tile_set.cpp:5385)
ERROR: Cannot create tile. The tile is outside the texture or tiles are already present in the space the tile would cover.
   at: create_tile (scene/resources/2d/tile_set.cpp:4985)
ERROR: The TileSetAtlasSource atlas has no tile at (18, 11).
   at: has_alternative_tile (scene/resources/2d/tile_set.cpp:5437)
ERROR: TileSetAtlasSource has no tile at (18, 11).
   at: create_alternative_tile (scene/resources/2d/tile_set.cpp:5385)
ERROR: Cannot create tile. The tile is outside the texture or tiles are already present in the space the tile would cover.
   at: create_tile (scene/resources/2d/tile_set.cpp:4985)
ERROR: The TileSetAtlasSource atlas has no tile at (19, 11).
   at: has_alternative_tile (scene/resources/2d/tile_set.cpp:5437)
ERROR: TileSetAtlasSource has no tile at (19, 11).
   at: create_alternative_tile (scene/resources/2d/tile_set.cpp:5385)
ERROR: Cannot create tile. The tile is outside the texture or tiles are already present in the space the tile would cover.
   at: create_tile (scene/resources/2d/tile_set.cpp:4985)
ERROR: The TileSetAtlasSource atlas has no tile at (20, 11).
   at: has_alternative_tile (scene/resources/2d/tile_set.cpp:5437)
ERROR: TileSetAtlasSource has no tile at (20, 11).
   at: create_alternative_tile (scene/resources/2d/tile_set.cpp:5385)
ERROR: Cannot create tile. The tile is outside the texture or tiles are already present in the space the tile would cover.
   at: create_tile (scene/resources/2d/tile_set.cpp:4985)
ERROR: The TileSetAtlasSource atlas has no tile at (21, 11).
   at: has_alternative_tile (scene/resources/2d/tile_set.cpp:5437)
ERROR: TileSetAtlasSource has no tile at (21, 11).
   at: create_alternative_tile (scene/resources/2d/tile_set.cpp:5385)
ERROR: Cannot create tile. The tile is outside the texture or tiles are already present in the space the tile would cover.
   at: create_tile (scene/resources/2d/tile_set.cpp:4985)
ERROR: The TileSetAtlasSource atlas has no tile at (22, 11).
   at: has_alternative_tile (scene/resources/2d/tile_set.cpp:5437)
ERROR: TileSetAtlasSource has no tile at (22, 11).
   at: create_alternative_tile (scene/resources/2d/tile_set.cpp:5385)
ERROR: Cannot create tile. The tile is outside the texture or tiles are already present in the space the tile would cover.
   at: create_tile (scene/resources/2d/tile_set.cpp:4985)
ERROR: The TileSetAtlasSource atlas has no tile at (23, 11).
   at: has_alternative_tile (scene/resources/2d/tile_set.cpp:5437)
ERROR: TileSetAtlasSource has no tile at (23, 11).
   at: create_alternative_tile (scene/resources/2d/tile_set.cpp:5385)
ERROR: Cannot create tile. The tile is outside the texture or tiles are already present in the space the tile would cover.
   at: create_tile (scene/resources/2d/tile_set.cpp:4985)
ERROR: The TileSetAtlasSource atlas has no tile at (24, 11).
   at: has_alternative_tile (scene/resources/2d/tile_set.cpp:5437)
ERROR: TileSetAtlasSource has no tile at (24, 11).
   at: create_alternative_tile (scene/resources/2d/tile_set.cpp:5385)
ERROR: Cannot create tile. The tile is outside the texture or tiles are already present in the space the tile would cover.
   at: create_tile (scene/resources/2d/tile_set.cpp:4985)
ERROR: The TileSetAtlasSource atlas has no tile at (25, 11).
   at: has_alternative_tile (scene/resources/2d/tile_set.cpp:5437)
ERROR: TileSetAtlasSource has no tile at (25, 11).
   at: create_alternative_tile (scene/resources/2d/tile_set.cpp:5385)
ERROR: Cannot create tile. The tile is outside the texture or tiles are already present in the space the tile would cover.
   at: create_tile (scene/resources/2d/tile_set.cpp:4985)
ERROR: The TileSetAtlasSource atlas has no tile at (26, 11).
   at: has_alternative_tile (scene/resources/2d/tile_set.cpp:5437)
ERROR: TileSetAtlasSource has no tile at (26, 11).
   at: create_alternative_tile (scene/resources/2d/tile_set.cpp:5385)
ERROR: Cannot create tile. The tile is outside the texture or tiles are already present in the space the tile would cover.
   at: create_tile (scene/resources/2d/tile_set.cpp:4985)
ERROR: The TileSetAtlasSource atlas has no tile at (27, 11).
   at: has_alternative_tile (scene/resources/2d/tile_set.cpp:5437)
ERROR: TileSetAtlasSource has no tile at (27, 11).
   at: create_alternative_tile (scene/resources/2d/tile_set.cpp:5385)
ERROR: Cannot create tile. The tile is outside the texture or tiles are already present in the space the tile would cover.
   at: create_tile (scene/resources/2d/tile_set.cpp:4985)
ERROR: The TileSetAtlasSource atlas has no tile at (28, 11).
   at: has_alternative_tile (scene/resources/2d/tile_set.cpp:5437)
ERROR: TileSetAtlasSource has no tile at (28, 11).
   at: create_alternative_tile (scene/resources/2d/tile_set.cpp:5385)
ERROR: Cannot create tile. The tile is outside the texture or tiles are already present in the space the tile would cover.
   at: create_tile (scene/resources/2d/tile_set.cpp:4985)
ERROR: The TileSetAtlasSource atlas has no tile at (1, 12).
   at: has_alternative_tile (scene/resources/2d/tile_set.cpp:5437)
ERROR: TileSetAtlasSource has no tile at (1, 12).
   at: create_alternative_tile (scene/resources/2d/tile_set.cpp:5385)
ERROR: Cannot create tile. The tile is outside the texture or tiles are already present in the space the tile would cover.
   at: create_tile (scene/resources/2d/tile_set.cpp:4985)
ERROR: The TileSetAtlasSource atlas has no tile at (2, 12).
   at: has_alternative_tile (scene/resources/2d/tile_set.cpp:5437)
ERROR: TileSetAtlasSource has no tile at (2, 12).
   at: create_alternative_tile (scene/resources/2d/tile_set.cpp:5385)
ERROR: Cannot create tile. The tile is outside the texture or tiles are already present in the space the tile would cover.
   at: create_tile (scene/resources/2d/tile_set.cpp:4985)
ERROR: The TileSetAtlasSource atlas has no tile at (3, 12).
   at: has_alternative_tile (scene/resources/2d/tile_set.cpp:5437)
ERROR: TileSetAtlasSource has no tile at (3, 12).
   at: create_alternative_tile (scene/resources/2d/tile_set.cpp:5385)
ERROR: Cannot create tile. The tile is outside the texture or tiles are already present in the space the tile would cover.
   at: create_tile (scene/resources/2d/tile_set.cpp:4985)
ERROR: The TileSetAtlasSource atlas has no tile at (4, 12).
   at: has_alternative_tile (scene/resources/2d/tile_set.cpp:5437)
ERROR: TileSetAtlasSource has no tile at (4, 12).
   at: create_alternative_tile (scene/resources/2d/tile_set.cpp:5385)
ERROR: Cannot create tile. The tile is outside the texture or tiles are already present in the space the tile would cover.
   at: create_tile (scene/resources/2d/tile_set.cpp:4985)
ERROR: The TileSetAtlasSource atlas has no tile at (5, 12).
   at: has_alternative_tile (scene/resources/2d/tile_set.cpp:5437)
ERROR: TileSetAtlasSource has no tile at (5, 12).
   at: create_alternative_tile (scene/resources/2d/tile_set.cpp:5385)
ERROR: Cannot create tile. The tile is outside the texture or tiles are already present in the space the tile would cover.
   at: create_tile (scene/resources/2d/tile_set.cpp:4985)
ERROR: The TileSetAtlasSource atlas has no tile at (6, 12).
   at: has_alternative_tile (scene/resources/2d/tile_set.cpp:5437)
ERROR: TileSetAtlasSource has no tile at (6, 12).
   at: create_alternative_tile (scene/resources/2d/tile_set.cpp:5385)
ERROR: Cannot create tile. The tile is outside the texture or tiles are already present in the space the tile would cover.
   at: create_tile (scene/resources/2d/tile_set.cpp:4985)
ERROR: The TileSetAtlasSource atlas has no tile at (7, 12).
   at: has_alternative_tile (scene/resources/2d/tile_set.cpp:5437)
ERROR: TileSetAtlasSource has no tile at (7, 12).
   at: create_alternative_tile (scene/resources/2d/tile_set.cpp:5385)
ERROR: Cannot create tile. The tile is outside the texture or tiles are already present in the space the tile would cover.
   at: create_tile (scene/resources/2d/tile_set.cpp:4985)
ERROR: The TileSetAtlasSource atlas has no tile at (8, 12).
   at: has_alternative_tile (scene/resources/2d/tile_set.cpp:5437)
ERROR: TileSetAtlasSource has no tile at (8, 12).
   at: create_alternative_tile (scene/resources/2d/tile_set.cpp:5385)
ERROR: Cannot create tile. The tile is outside the texture or tiles are already present in the space the tile would cover.
   at: create_tile (scene/resources/2d/tile_set.cpp:4985)
ERROR: The TileSetAtlasSource atlas has no tile at (9, 12).
   at: has_alternative_tile (scene/resources/2d/tile_set.cpp:5437)
ERROR: TileSetAtlasSource has no tile at (9, 12).
   at: create_alternative_tile (scene/resources/2d/tile_set.cpp:5385)
ERROR: Cannot create tile. The tile is outside the texture or tiles are already present in the space the tile would cover.
   at: create_tile (scene/resources/2d/tile_set.cpp:4985)
ERROR: The TileSetAtlasSource atlas has no tile at (10, 12).
   at: has_alternative_tile (scene/resources/2d/tile_set.cpp:5437)
ERROR: TileSetAtlasSource has no tile at (10, 12).
   at: create_alternative_tile (scene/resources/2d/tile_set.cpp:5385)
ERROR: Cannot create tile. The tile is outside the texture or tiles are already present in the space the tile would cover.
   at: create_tile (scene/resources/2d/tile_set.cpp:4985)
ERROR: The TileSetAtlasSource atlas has no tile at (11, 12).
   at: has_alternative_tile (scene/resources/2d/tile_set.cpp:5437)
ERROR: TileSetAtlasSource has no tile at (11, 12).
   at: create_alternative_tile (scene/resources/2d/tile_set.cpp:5385)
ERROR: Cannot create tile. The tile is outside the texture or tiles are already present in the space the tile would cover.
   at: create_tile (scene/resources/2d/tile_set.cpp:4985)
ERROR: The TileSetAtlasSource atlas has no tile at (12, 12).
   at: has_alternative_tile (scene/resources/2d/tile_set.cpp:5437)
ERROR: TileSetAtlasSource has no tile at (12, 12).
   at: create_alternative_tile (scene/resources/2d/tile_set.cpp:5385)
ERROR: Cannot create tile. The tile is outside the texture or tiles are already present in the space the tile would cover.
   at: create_tile (scene/resources/2d/tile_set.cpp:4985)
ERROR: The TileSetAtlasSource atlas has no tile at (13, 12).
   at: has_alternative_tile (scene/resources/2d/tile_set.cpp:5437)
ERROR: TileSetAtlasSource has no tile at (13, 12).
   at: create_alternative_tile (scene/resources/2d/tile_set.cpp:5385)
ERROR: Cannot create tile. The tile is outside the texture or tiles are already present in the space the tile would cover.
   at: create_tile (scene/resources/2d/tile_set.cpp:4985)
ERROR: The TileSetAtlasSource atlas has no tile at (14, 12).
   at: has_alternative_tile (scene/resources/2d/tile_set.cpp:5437)
ERROR: TileSetAtlasSource has no tile at (14, 12).
   at: create_alternative_tile (scene/resources/2d/tile_set.cpp:5385)
ERROR: Cannot create tile. The tile is outside the texture or tiles are already present in the space the tile would cover.
   at: create_tile (scene/resources/2d/tile_set.cpp:4985)
ERROR: The TileSetAtlasSource atlas has no tile at (15, 12).
   at: has_alternative_tile (scene/resources/2d/tile_set.cpp:5437)
ERROR: TileSetAtlasSource has no tile at (15, 12).
   at: create_alternative_tile (scene/resources/2d/tile_set.cpp:5385)
ERROR: Cannot create tile. The tile is outside the texture or tiles are already present in the space the tile would cover.
   at: create_tile (scene/resources/2d/tile_set.cpp:4985)
ERROR: The TileSetAtlasSource atlas has no tile at (16, 12).
   at: has_alternative_tile (scene/resources/2d/tile_set.cpp:5437)
ERROR: TileSetAtlasSource has no tile at (16, 12).
   at: create_alternative_tile (scene/resources/2d/tile_set.cpp:5385)
ERROR: Cannot create tile. The tile is outside the texture or tiles are already present in the space the tile would cover.
   at: create_tile (scene/resources/2d/tile_set.cpp:4985)
ERROR: The TileSetAtlasSource atlas has no tile at (17, 12).
   at: has_alternative_tile (scene/resources/2d/tile_set.cpp:5437)
ERROR: TileSetAtlasSource has no tile at (17, 12).
   at: create_alternative_tile (scene/resources/2d/tile_set.cpp:5385)
ERROR: Cannot create tile. The tile is outside the texture or tiles are already present in the space the tile would cover.
   at: create_tile (scene/resources/2d/tile_set.cpp:4985)
ERROR: The TileSetAtlasSource atlas has no tile at (18, 12).
   at: has_alternative_tile (scene/resources/2d/tile_set.cpp:5437)
ERROR: TileSetAtlasSource has no tile at (18, 12).
   at: create_alternative_tile (scene/resources/2d/tile_set.cpp:5385)
ERROR: Cannot create tile. The tile is outside the texture or tiles are already present in the space the tile would cover.
   at: create_tile (scene/resources/2d/tile_set.cpp:4985)
ERROR: The TileSetAtlasSource atlas has no tile at (19, 12).
   at: has_alternative_tile (scene/resources/2d/tile_set.cpp:5437)
ERROR: TileSetAtlasSource has no tile at (19, 12).
   at: create_alternative_tile (scene/resources/2d/tile_set.cpp:5385)
ERROR: Cannot create tile. The tile is outside the texture or tiles are already present in the space the tile would cover.
   at: create_tile (scene/resources/2d/tile_set.cpp:4985)
ERROR: The TileSetAtlasSource atlas has no tile at (20, 12).
   at: has_alternative_tile (scene/resources/2d/tile_set.cpp:5437)
ERROR: TileSetAtlasSource has no tile at (20, 12).
   at: create_alternative_tile (scene/resources/2d/tile_set.cpp:5385)
ERROR: Cannot create tile. The tile is outside the texture or tiles are already present in the space the tile would cover.
   at: create_tile (scene/resources/2d/tile_set.cpp:4985)
ERROR: The TileSetAtlasSource atlas has no tile at (21, 12).
   at: has_alternative_tile (scene/resources/2d/tile_set.cpp:5437)
ERROR: TileSetAtlasSource has no tile at (21, 12).
   at: create_alternative_tile (scene/resources/2d/tile_set.cpp:5385)
ERROR: Cannot create tile. The tile is outside the texture or tiles are already present in the space the tile would cover.
   at: create_tile (scene/resources/2d/tile_set.cpp:4985)
ERROR: The TileSetAtlasSource atlas has no tile at (22, 12).
   at: has_alternative_tile (scene/resources/2d/tile_set.cpp:5437)
ERROR: TileSetAtlasSource has no tile at (22, 12).
   at: create_alternative_tile (scene/resources/2d/tile_set.cpp:5385)
ERROR: Cannot create tile. The tile is outside the texture or tiles are already present in the space the tile would cover.
   at: create_tile (scene/resources/2d/tile_set.cpp:4985)
ERROR: The TileSetAtlasSource atlas has no tile at (23, 12).
   at: has_alternative_tile (scene/resources/2d/tile_set.cpp:5437)
ERROR: TileSetAtlasSource has no tile at (23, 12).
   at: create_alternative_tile (scene/resources/2d/tile_set.cpp:5385)
ERROR: Cannot create tile. The tile is outside the texture or tiles are already present in the space the tile would cover.
   at: create_tile (scene/resources/2d/tile_set.cpp:4985)
ERROR: The TileSetAtlasSource atlas has no tile at (24, 12).
   at: has_alternative_tile (scene/resources/2d/tile_set.cpp:5437)
ERROR: TileSetAtlasSource has no tile at (24, 12).
   at: create_alternative_tile (scene/resources/2d/tile_set.cpp:5385)
ERROR: Cannot create tile. The tile is outside the texture or tiles are already present in the space the tile would cover.
   at: create_tile (scene/resources/2d/tile_set.cpp:4985)
ERROR: The TileSetAtlasSource atlas has no tile at (25, 12).
   at: has_alternative_tile (scene/resources/2d/tile_set.cpp:5437)
ERROR: TileSetAtlasSource has no tile at (25, 12).
   at: create_alternative_tile (scene/resources/2d/tile_set.cpp:5385)
ERROR: Cannot create tile. The tile is outside the texture or tiles are already present in the space the tile would cover.
   at: create_tile (scene/resources/2d/tile_set.cpp:4985)
ERROR: The TileSetAtlasSource atlas has no tile at (26, 12).
   at: has_alternative_tile (scene/resources/2d/tile_set.cpp:5437)
ERROR: TileSetAtlasSource has no tile at (26, 12).
   at: create_alternative_tile (scene/resources/2d/tile_set.cpp:5385)
ERROR: Cannot create tile. The tile is outside the texture or tiles are already present in the space the tile would cover.
   at: create_tile (scene/resources/2d/tile_set.cpp:4985)
ERROR: The TileSetAtlasSource atlas has no tile at (27, 12).
   at: has_alternative_tile (scene/resources/2d/tile_set.cpp:5437)
ERROR: TileSetAtlasSource has no tile at (27, 12).
   at: create_alternative_tile (scene/resources/2d/tile_set.cpp:5385)
ERROR: Cannot create tile. The tile is outside the texture or tiles are already present in the space the tile would cover.
   at: create_tile (scene/resources/2d/tile_set.cpp:4985)
ERROR: The TileSetAtlasSource atlas has no tile at (28, 12).
   at: has_alternative_tile (scene/resources/2d/tile_set.cpp:5437)
ERROR: TileSetAtlasSource has no tile at (28, 12).
   at: create_alternative_tile (scene/resources/2d/tile_set.cpp:5385)
ERROR: Cannot create tile. The tile is outside the texture or tiles are already present in the space the tile would cover.
   at: create_tile (scene/resources/2d/tile_set.cpp:4985)
ERROR: The TileSetAtlasSource atlas has no tile at (29, 12).
   at: has_alternative_tile (scene/resources/2d/tile_set.cpp:5437)
ERROR: TileSetAtlasSource has no tile at (29, 12).
   at: create_alternative_tile (scene/resources/2d/tile_set.cpp:5385)
ERROR: Cannot create tile. The tile is outside the texture or tiles are already present in the space the tile would cover.
   at: create_tile (scene/resources/2d/tile_set.cpp:4985)
ERROR: The TileSetAtlasSource atlas has no tile at (1, 13).
   at: has_alternative_tile (scene/resources/2d/tile_set.cpp:5437)
ERROR: TileSetAtlasSource has no tile at (1, 13).
   at: create_alternative_tile (scene/resources/2d/tile_set.cpp:5385)
ERROR: Cannot create tile. The tile is outside the texture or tiles are already present in the space the tile would cover.
   at: create_tile (scene/resources/2d/tile_set.cpp:4985)
ERROR: The TileSetAtlasSource atlas has no tile at (2, 13).
   at: has_alternative_tile (scene/resources/2d/tile_set.cpp:5437)
ERROR: TileSetAtlasSource has no tile at (2, 13).
   at: create_alternative_tile (scene/resources/2d/tile_set.cpp:5385)
ERROR: Cannot create tile. The tile is outside the texture or tiles are already present in the space the tile would cover.
   at: create_tile (scene/resources/2d/tile_set.cpp:4985)
ERROR: The TileSetAtlasSource atlas has no tile at (3, 13).
   at: has_alternative_tile (scene/resources/2d/tile_set.cpp:5437)
ERROR: TileSetAtlasSource has no tile at (3, 13).
   at: create_alternative_tile (scene/resources/2d/tile_set.cpp:5385)
ERROR: Cannot create tile. The tile is outside the texture or tiles are already present in the space the tile would cover.
   at: create_tile (scene/resources/2d/tile_set.cpp:4985)
ERROR: The TileSetAtlasSource atlas has no tile at (4, 13).
   at: has_alternative_tile (scene/resources/2d/tile_set.cpp:5437)
ERROR: TileSetAtlasSource has no tile at (4, 13).
   at: create_alternative_tile (scene/resources/2d/tile_set.cpp:5385)
ERROR: Cannot create tile. The tile is outside the texture or tiles are already present in the space the tile would cover.
   at: create_tile (scene/resources/2d/tile_set.cpp:4985)
ERROR: The TileSetAtlasSource atlas has no tile at (5, 13).
   at: has_alternative_tile (scene/resources/2d/tile_set.cpp:5437)
ERROR: TileSetAtlasSource has no tile at (5, 13).
   at: create_alternative_tile (scene/resources/2d/tile_set.cpp:5385)
ERROR: Cannot create tile. The tile is outside the texture or tiles are already present in the space the tile would cover.
   at: create_tile (scene/resources/2d/tile_set.cpp:4985)
ERROR: The TileSetAtlasSource atlas has no tile at (6, 13).
   at: has_alternative_tile (scene/resources/2d/tile_set.cpp:5437)
ERROR: TileSetAtlasSource has no tile at (6, 13).
   at: create_alternative_tile (scene/resources/2d/tile_set.cpp:5385)
ERROR: Cannot create tile. The tile is outside the texture or tiles are already present in the space the tile would cover.
   at: create_tile (scene/resources/2d/tile_set.cpp:4985)
ERROR: The TileSetAtlasSource atlas has no tile at (7, 13).
   at: has_alternative_tile (scene/resources/2d/tile_set.cpp:5437)
ERROR: TileSetAtlasSource has no tile at (7, 13).
   at: create_alternative_tile (scene/resources/2d/tile_set.cpp:5385)
ERROR: Cannot create tile. The tile is outside the texture or tiles are already present in the space the tile would cover.
   at: create_tile (scene/resources/2d/tile_set.cpp:4985)
ERROR: The TileSetAtlasSource atlas has no tile at (8, 13).
   at: has_alternative_tile (scene/resources/2d/tile_set.cpp:5437)
ERROR: TileSetAtlasSource has no tile at (8, 13).
   at: create_alternative_tile (scene/resources/2d/tile_set.cpp:5385)
ERROR: Cannot create tile. The tile is outside the texture or tiles are already present in the space the tile would cover.
   at: create_tile (scene/resources/2d/tile_set.cpp:4985)
ERROR: The TileSetAtlasSource atlas has no tile at (9, 13).
   at: has_alternative_tile (scene/resources/2d/tile_set.cpp:5437)
ERROR: TileSetAtlasSource has no tile at (9, 13).
   at: create_alternative_tile (scene/resources/2d/tile_set.cpp:5385)
ERROR: Cannot create tile. The tile is outside the texture or tiles are already present in the space the tile would cover.
   at: create_tile (scene/resources/2d/tile_set.cpp:4985)
ERROR: The TileSetAtlasSource atlas has no tile at (10, 13).
   at: has_alternative_tile (scene/resources/2d/tile_set.cpp:5437)
ERROR: TileSetAtlasSource has no tile at (10, 13).
   at: create_alternative_tile (scene/resources/2d/tile_set.cpp:5385)
ERROR: Cannot create tile. The tile is outside the texture or tiles are already present in the space the tile would cover.
   at: create_tile (scene/resources/2d/tile_set.cpp:4985)
ERROR: The TileSetAtlasSource atlas has no tile at (11, 13).
   at: has_alternative_tile (scene/resources/2d/tile_set.cpp:5437)
ERROR: TileSetAtlasSource has no tile at (11, 13).
   at: create_alternative_tile (scene/resources/2d/tile_set.cpp:5385)
ERROR: Cannot create tile. The tile is outside the texture or tiles are already present in the space the tile would cover.
   at: create_tile (scene/resources/2d/tile_set.cpp:4985)
ERROR: The TileSetAtlasSource atlas has no tile at (12, 13).
   at: has_alternative_tile (scene/resources/2d/tile_set.cpp:5437)
ERROR: TileSetAtlasSource has no tile at (12, 13).
   at: create_alternative_tile (scene/resources/2d/tile_set.cpp:5385)
ERROR: Cannot create tile. The tile is outside the texture or tiles are already present in the space the tile would cover.
   at: create_tile (scene/resources/2d/tile_set.cpp:4985)
ERROR: The TileSetAtlasSource atlas has no tile at (13, 13).
   at: has_alternative_tile (scene/resources/2d/tile_set.cpp:5437)
ERROR: TileSetAtlasSource has no tile at (13, 13).
   at: create_alternative_tile (scene/resources/2d/tile_set.cpp:5385)
ERROR: Cannot create tile. The tile is outside the texture or tiles are already present in the space the tile would cover.
   at: create_tile (scene/resources/2d/tile_set.cpp:4985)
ERROR: The TileSetAtlasSource atlas has no tile at (14, 13).
   at: has_alternative_tile (scene/resources/2d/tile_set.cpp:5437)
ERROR: TileSetAtlasSource has no tile at (14, 13).
   at: create_alternative_tile (scene/resources/2d/tile_set.cpp:5385)
ERROR: Cannot create tile. The tile is outside the texture or tiles are already present in the space the tile would cover.
   at: create_tile (scene/resources/2d/tile_set.cpp:4985)
ERROR: The TileSetAtlasSource atlas has no tile at (15, 13).
   at: has_alternative_tile (scene/resources/2d/tile_set.cpp:5437)
ERROR: TileSetAtlasSource has no tile at (15, 13).
   at: create_alternative_tile (scene/resources/2d/tile_set.cpp:5385)
ERROR: Cannot create tile. The tile is outside the texture or tiles are already present in the space the tile would cover.
   at: create_tile (scene/resources/2d/tile_set.cpp:4985)
ERROR: The TileSetAtlasSource atlas has no tile at (16, 13).
   at: has_alternative_tile (scene/resources/2d/tile_set.cpp:5437)
ERROR: TileSetAtlasSource has no tile at (16, 13).
   at: create_alternative_tile (scene/resources/2d/tile_set.cpp:5385)
ERROR: Cannot create tile. The tile is outside the texture or tiles are already present in the space the tile would cover.
   at: create_tile (scene/resources/2d/tile_set.cpp:4985)
ERROR: The TileSetAtlasSource atlas has no tile at (17, 13).
   at: has_alternative_tile (scene/resources/2d/tile_set.cpp:5437)
ERROR: TileSetAtlasSource has no tile at (17, 13).
   at: create_alternative_tile (scene/resources/2d/tile_set.cpp:5385)
ERROR: Cannot create tile. The tile is outside the texture or tiles are already present in the space the tile would cover.
   at: create_tile (scene/resources/2d/tile_set.cpp:4985)
ERROR: The TileSetAtlasSource atlas has no tile at (18, 13).
   at: has_alternative_tile (scene/resources/2d/tile_set.cpp:5437)
ERROR: TileSetAtlasSource has no tile at (18, 13).
   at: create_alternative_tile (scene/resources/2d/tile_set.cpp:5385)
ERROR: Cannot create tile. The tile is outside the texture or tiles are already present in the space the tile would cover.
   at: create_tile (scene/resources/2d/tile_set.cpp:4985)
ERROR: The TileSetAtlasSource atlas has no tile at (19, 13).
   at: has_alternative_tile (scene/resources/2d/tile_set.cpp:5437)
ERROR: TileSetAtlasSource has no tile at (19, 13).
   at: create_alternative_tile (scene/resources/2d/tile_set.cpp:5385)
ERROR: Cannot create tile. The tile is outside the texture or tiles are already present in the space the tile would cover.
   at: create_tile (scene/resources/2d/tile_set.cpp:4985)
ERROR: The TileSetAtlasSource atlas has no tile at (20, 13).
   at: has_alternative_tile (scene/resources/2d/tile_set.cpp:5437)
ERROR: TileSetAtlasSource has no tile at (20, 13).
   at: create_alternative_tile (scene/resources/2d/tile_set.cpp:5385)
ERROR: Cannot create tile. The tile is outside the texture or tiles are already present in the space the tile would cover.
   at: create_tile (scene/resources/2d/tile_set.cpp:4985)
ERROR: The TileSetAtlasSource atlas has no tile at (21, 13).
   at: has_alternative_tile (scene/resources/2d/tile_set.cpp:5437)
ERROR: TileSetAtlasSource has no tile at (21, 13).
   at: create_alternative_tile (scene/resources/2d/tile_set.cpp:5385)
ERROR: Cannot create tile. The tile is outside the texture or tiles are already present in the space the tile would cover.
   at: create_tile (scene/resources/2d/tile_set.cpp:4985)
ERROR: The TileSetAtlasSource atlas has no tile at (22, 13).
   at: has_alternative_tile (scene/resources/2d/tile_set.cpp:5437)
ERROR: TileSetAtlasSource has no tile at (22, 13).
   at: create_alternative_tile (scene/resources/2d/tile_set.cpp:5385)
ERROR: Cannot create tile. The tile is outside the texture or tiles are already present in the space the tile would cover.
   at: create_tile (scene/resources/2d/tile_set.cpp:4985)
ERROR: The TileSetAtlasSource atlas has no tile at (23, 13).
   at: has_alternative_tile (scene/resources/2d/tile_set.cpp:5437)
ERROR: TileSetAtlasSource has no tile at (23, 13).
   at: create_alternative_tile (scene/resources/2d/tile_set.cpp:5385)
ERROR: Cannot create tile. The tile is outside the texture or tiles are already present in the space the tile would cover.
   at: create_tile (scene/resources/2d/tile_set.cpp:4985)
ERROR: The TileSetAtlasSource atlas has no tile at (24, 13).
   at: has_alternative_tile (scene/resources/2d/tile_set.cpp:5437)
ERROR: TileSetAtlasSource has no tile at (24, 13).
   at: create_alternative_tile (scene/resources/2d/tile_set.cpp:5385)
ERROR: Cannot create tile. The tile is outside the texture or tiles are already present in the space the tile would cover.
   at: create_tile (scene/resources/2d/tile_set.cpp:4985)
ERROR: The TileSetAtlasSource atlas has no tile at (25, 13).
   at: has_alternative_tile (scene/resources/2d/tile_set.cpp:5437)
ERROR: TileSetAtlasSource has no tile at (25, 13).
   at: create_alternative_tile (scene/resources/2d/tile_set.cpp:5385)
ERROR: Cannot create tile. The tile is outside the texture or tiles are already present in the space the tile would cover.
   at: create_tile (scene/resources/2d/tile_set.cpp:4985)
ERROR: The TileSetAtlasSource atlas has no tile at (26, 13).
   at: has_alternative_tile (scene/resources/2d/tile_set.cpp:5437)
ERROR: TileSetAtlasSource has no tile at (26, 13).
   at: create_alternative_tile (scene/resources/2d/tile_set.cpp:5385)
ERROR: Cannot create tile. The tile is outside the texture or tiles are already present in the space the tile would cover.
   at: create_tile (scene/resources/2d/tile_set.cpp:4985)
ERROR: The TileSetAtlasSource atlas has no tile at (27, 13).
   at: has_alternative_tile (scene/resources/2d/tile_set.cpp:5437)
ERROR: TileSetAtlasSource has no tile at (27, 13).
   at: create_alternative_tile (scene/resources/2d/tile_set.cpp:5385)
ERROR: Cannot create tile. The tile is outside the texture or tiles are already present in the space the tile would cover.
   at: create_tile (scene/resources/2d/tile_set.cpp:4985)
ERROR: The TileSetAtlasSource atlas has no tile at (28, 13).
   at: has_alternative_tile (scene/resources/2d/tile_set.cpp:5437)
ERROR: TileSetAtlasSource has no tile at (28, 13).
   at: create_alternative_tile (scene/resources/2d/tile_set.cpp:5385)
ERROR: Cannot create tile. The tile is outside the texture or tiles are already present in the space the tile would cover.
   at: create_tile (scene/resources/2d/tile_set.cpp:4985)
ERROR: The TileSetAtlasSource atlas has no tile at (29, 13).
   at: has_alternative_tile (scene/resources/2d/tile_set.cpp:5437)
ERROR: TileSetAtlasSource has no tile at (29, 13).
   at: create_alternative_tile (scene/resources/2d/tile_set.cpp:5385)
ERROR: Cannot create tile. The tile is outside the texture or tiles are already present in the space the tile would cover.
   at: create_tile (scene/resources/2d/tile_set.cpp:4985)
ERROR: The TileSetAtlasSource atlas has no tile at (1, 14).
   at: has_alternative_tile (scene/resources/2d/tile_set.cpp:5437)
ERROR: TileSetAtlasSource has no tile at (1, 14).
   at: create_alternative_tile (scene/resources/2d/tile_set.cpp:5385)
ERROR: Cannot create tile. The tile is outside the texture or tiles are already present in the space the tile would cover.
   at: create_tile (scene/resources/2d/tile_set.cpp:4985)
ERROR: The TileSetAtlasSource atlas has no tile at (2, 14).
   at: has_alternative_tile (scene/resources/2d/tile_set.cpp:5437)
ERROR: TileSetAtlasSource has no tile at (2, 14).
   at: create_alternative_tile (scene/resources/2d/tile_set.cpp:5385)
ERROR: Cannot create tile. The tile is outside the texture or tiles are already present in the space the tile would cover.
   at: create_tile (scene/resources/2d/tile_set.cpp:4985)
ERROR: The TileSetAtlasSource atlas has no tile at (3, 14).
   at: has_alternative_tile (scene/resources/2d/tile_set.cpp:5437)
ERROR: TileSetAtlasSource has no tile at (3, 14).
   at: create_alternative_tile (scene/resources/2d/tile_set.cpp:5385)
ERROR: Cannot create tile. The tile is outside the texture or tiles are already present in the space the tile would cover.
   at: create_tile (scene/resources/2d/tile_set.cpp:4985)
ERROR: The TileSetAtlasSource atlas has no tile at (4, 14).
   at: has_alternative_tile (scene/resources/2d/tile_set.cpp:5437)
ERROR: TileSetAtlasSource has no tile at (4, 14).
   at: create_alternative_tile (scene/resources/2d/tile_set.cpp:5385)
ERROR: Cannot create tile. The tile is outside the texture or tiles are already present in the space the tile would cover.
   at: create_tile (scene/resources/2d/tile_set.cpp:4985)
ERROR: The TileSetAtlasSource atlas has no tile at (5, 14).
   at: has_alternative_tile (scene/resources/2d/tile_set.cpp:5437)
ERROR: TileSetAtlasSource has no tile at (5, 14).
   at: create_alternative_tile (scene/resources/2d/tile_set.cpp:5385)
ERROR: Cannot create tile. The tile is outside the texture or tiles are already present in the space the tile would cover.
   at: create_tile (scene/resources/2d/tile_set.cpp:4985)
ERROR: The TileSetAtlasSource atlas has no tile at (6, 14).
   at: has_alternative_tile (scene/resources/2d/tile_set.cpp:5437)
ERROR: TileSetAtlasSource has no tile at (6, 14).
   at: create_alternative_tile (scene/resources/2d/tile_set.cpp:5385)
ERROR: Cannot create tile. The tile is outside the texture or tiles are already present in the space the tile would cover.
   at: create_tile (scene/resources/2d/tile_set.cpp:4985)
ERROR: The TileSetAtlasSource atlas has no tile at (7, 14).
   at: has_alternative_tile (scene/resources/2d/tile_set.cpp:5437)
ERROR: TileSetAtlasSource has no tile at (7, 14).
   at: create_alternative_tile (scene/resources/2d/tile_set.cpp:5385)
ERROR: Cannot create tile. The tile is outside the texture or tiles are already present in the space the tile would cover.
   at: create_tile (scene/resources/2d/tile_set.cpp:4985)
ERROR: The TileSetAtlasSource atlas has no tile at (8, 14).
   at: has_alternative_tile (scene/resources/2d/tile_set.cpp:5437)
ERROR: TileSetAtlasSource has no tile at (8, 14).
   at: create_alternative_tile (scene/resources/2d/tile_set.cpp:5385)
ERROR: Cannot create tile. The tile is outside the texture or tiles are already present in the space the tile would cover.
   at: create_tile (scene/resources/2d/tile_set.cpp:4985)
ERROR: The TileSetAtlasSource atlas has no tile at (9, 14).
   at: has_alternative_tile (scene/resources/2d/tile_set.cpp:5437)
ERROR: TileSetAtlasSource has no tile at (9, 14).
   at: create_alternative_tile (scene/resources/2d/tile_set.cpp:5385)
ERROR: Cannot create tile. The tile is outside the texture or tiles are already present in the space the tile would cover.
   at: create_tile (scene/resources/2d/tile_set.cpp:4985)
ERROR: The TileSetAtlasSource atlas has no tile at (10, 14).
   at: has_alternative_tile (scene/resources/2d/tile_set.cpp:5437)
ERROR: TileSetAtlasSource has no tile at (10, 14).
   at: create_alternative_tile (scene/resources/2d/tile_set.cpp:5385)
ERROR: Cannot create tile. The tile is outside the texture or tiles are already present in the space the tile would cover.
   at: create_tile (scene/resources/2d/tile_set.cpp:4985)
ERROR: The TileSetAtlasSource atlas has no tile at (11, 14).
   at: has_alternative_tile (scene/resources/2d/tile_set.cpp:5437)
ERROR: TileSetAtlasSource has no tile at (11, 14).
   at: create_alternative_tile (scene/resources/2d/tile_set.cpp:5385)
ERROR: Cannot create tile. The tile is outside the texture or tiles are already present in the space the tile would cover.
   at: create_tile (scene/resources/2d/tile_set.cpp:4985)
ERROR: The TileSetAtlasSource atlas has no tile at (12, 14).
   at: has_alternative_tile (scene/resources/2d/tile_set.cpp:5437)
ERROR: TileSetAtlasSource has no tile at (12, 14).
   at: create_alternative_tile (scene/resources/2d/tile_set.cpp:5385)
ERROR: Cannot create tile. The tile is outside the texture or tiles are already present in the space the tile would cover.
   at: create_tile (scene/resources/2d/tile_set.cpp:4985)
ERROR: The TileSetAtlasSource atlas has no tile at (13, 14).
   at: has_alternative_tile (scene/resources/2d/tile_set.cpp:5437)
ERROR: TileSetAtlasSource has no tile at (13, 14).
   at: create_alternative_tile (scene/resources/2d/tile_set.cpp:5385)
ERROR: Cannot create tile. The tile is outside the texture or tiles are already present in the space the tile would cover.
   at: create_tile (scene/resources/2d/tile_set.cpp:4985)
ERROR: The TileSetAtlasSource atlas has no tile at (14, 14).
   at: has_alternative_tile (scene/resources/2d/tile_set.cpp:5437)
ERROR: TileSetAtlasSource has no tile at (14, 14).
   at: create_alternative_tile (scene/resources/2d/tile_set.cpp:5385)
ERROR: Cannot create tile. The tile is outside the texture or tiles are already present in the space the tile would cover.
   at: create_tile (scene/resources/2d/tile_set.cpp:4985)
ERROR: The TileSetAtlasSource atlas has no tile at (15, 14).
   at: has_alternative_tile (scene/resources/2d/tile_set.cpp:5437)
ERROR: TileSetAtlasSource has no tile at (15, 14).
   at: create_alternative_tile (scene/resources/2d/tile_set.cpp:5385)
ERROR: Cannot create tile. The tile is outside the texture or tiles are already present in the space the tile would cover.
   at: create_tile (scene/resources/2d/tile_set.cpp:4985)
ERROR: The TileSetAtlasSource atlas has no tile at (16, 14).
   at: has_alternative_tile (scene/resources/2d/tile_set.cpp:5437)
ERROR: TileSetAtlasSource has no tile at (16, 14).
   at: create_alternative_tile (scene/resources/2d/tile_set.cpp:5385)
ERROR: Cannot create tile. The tile is outside the texture or tiles are already present in the space the tile would cover.
   at: create_tile (scene/resources/2d/tile_set.cpp:4985)
ERROR: The TileSetAtlasSource atlas has no tile at (17, 14).
   at: has_alternative_tile (scene/resources/2d/tile_set.cpp:5437)
ERROR: TileSetAtlasSource has no tile at (17, 14).
   at: create_alternative_tile (scene/resources/2d/tile_set.cpp:5385)
ERROR: Cannot create tile. The tile is outside the texture or tiles are already present in the space the tile would cover.
   at: create_tile (scene/resources/2d/tile_set.cpp:4985)
ERROR: The TileSetAtlasSource atlas has no tile at (18, 14).
   at: has_alternative_tile (scene/resources/2d/tile_set.cpp:5437)
ERROR: TileSetAtlasSource has no tile at (18, 14).
   at: create_alternative_tile (scene/resources/2d/tile_set.cpp:5385)
ERROR: Cannot create tile. The tile is outside the texture or tiles are already present in the space the tile would cover.
   at: create_tile (scene/resources/2d/tile_set.cpp:4985)
ERROR: The TileSetAtlasSource atlas has no tile at (19, 14).
   at: has_alternative_tile (scene/resources/2d/tile_set.cpp:5437)
ERROR: TileSetAtlasSource has no tile at (19, 14).
   at: create_alternative_tile (scene/resources/2d/tile_set.cpp:5385)
ERROR: Cannot create tile. The tile is outside the texture or tiles are already present in the space the tile would cover.
   at: create_tile (scene/resources/2d/tile_set.cpp:4985)
ERROR: The TileSetAtlasSource atlas has no tile at (20, 14).
   at: has_alternative_tile (scene/resources/2d/tile_set.cpp:5437)
ERROR: TileSetAtlasSource has no tile at (20, 14).
   at: create_alternative_tile (scene/resources/2d/tile_set.cpp:5385)
ERROR: Cannot create tile. The tile is outside the texture or tiles are already present in the space the tile would cover.
   at: create_tile (scene/resources/2d/tile_set.cpp:4985)
ERROR: The TileSetAtlasSource atlas has no tile at (21, 14).
   at: has_alternative_tile (scene/resources/2d/tile_set.cpp:5437)
ERROR: TileSetAtlasSource has no tile at (21, 14).
   at: create_alternative_tile (scene/resources/2d/tile_set.cpp:5385)
ERROR: Cannot create tile. The tile is outside the texture or tiles are already present in the space the tile would cover.
   at: create_tile (scene/resources/2d/tile_set.cpp:4985)
ERROR: The TileSetAtlasSource atlas has no tile at (22, 14).
   at: has_alternative_tile (scene/resources/2d/tile_set.cpp:5437)
ERROR: TileSetAtlasSource has no tile at (22, 14).
   at: create_alternative_tile (scene/resources/2d/tile_set.cpp:5385)
ERROR: Cannot create tile. The tile is outside the texture or tiles are already present in the space the tile would cover.
   at: create_tile (scene/resources/2d/tile_set.cpp:4985)
ERROR: The TileSetAtlasSource atlas has no tile at (23, 14).
   at: has_alternative_tile (scene/resources/2d/tile_set.cpp:5437)
ERROR: TileSetAtlasSource has no tile at (23, 14).
   at: create_alternative_tile (scene/resources/2d/tile_set.cpp:5385)
ERROR: Cannot create tile. The tile is outside the texture or tiles are already present in the space the tile would cover.
   at: create_tile (scene/resources/2d/tile_set.cpp:4985)
ERROR: The TileSetAtlasSource atlas has no tile at (24, 14).
   at: has_alternative_tile (scene/resources/2d/tile_set.cpp:5437)
ERROR: TileSetAtlasSource has no tile at (24, 14).
   at: create_alternative_tile (scene/resources/2d/tile_set.cpp:5385)
ERROR: Cannot create tile. The tile is outside the texture or tiles are already present in the space the tile would cover.
   at: create_tile (scene/resources/2d/tile_set.cpp:4985)
ERROR: The TileSetAtlasSource atlas has no tile at (25, 14).
   at: has_alternative_tile (scene/resources/2d/tile_set.cpp:5437)
ERROR: TileSetAtlasSource has no tile at (25, 14).
   at: create_alternative_tile (scene/resources/2d/tile_set.cpp:5385)
ERROR: Cannot create tile. The tile is outside the texture or tiles are already present in the space the tile would cover.
   at: create_tile (scene/resources/2d/tile_set.cpp:4985)
ERROR: The TileSetAtlasSource atlas has no tile at (26, 14).
   at: has_alternative_tile (scene/resources/2d/tile_set.cpp:5437)
ERROR: TileSetAtlasSource has no tile at (26, 14).
   at: create_alternative_tile (scene/resources/2d/tile_set.cpp:5385)
ERROR: Cannot create tile. The tile is outside the texture or tiles are already present in the space the tile would cover.
   at: create_tile (scene/resources/2d/tile_set.cpp:4985)
ERROR: The TileSetAtlasSource atlas has no tile at (27, 14).
   at: has_alternative_tile (scene/resources/2d/tile_set.cpp:5437)
ERROR: TileSetAtlasSource has no tile at (27, 14).
   at: create_alternative_tile (scene/resources/2d/tile_set.cpp:5385)
ERROR: Cannot create tile. The tile is outside the texture or tiles are already present in the space the tile would cover.
   at: create_tile (scene/resources/2d/tile_set.cpp:4985)
ERROR: The TileSetAtlasSource atlas has no tile at (28, 14).
   at: has_alternative_tile (scene/resources/2d/tile_set.cpp:5437)
ERROR: TileSetAtlasSource has no tile at (28, 14).
   at: create_alternative_tile (scene/resources/2d/tile_set.cpp:5385)
ERROR: Cannot create tile. The tile is outside the texture or tiles are already present in the space the tile would cover.
   at: create_tile (scene/resources/2d/tile_set.cpp:4985)
ERROR: The TileSetAtlasSource atlas has no tile at (29, 14).
   at: has_alternative_tile (scene/resources/2d/tile_set.cpp:5437)
ERROR: TileSetAtlasSource has no tile at (29, 14).
   at: create_alternative_tile (scene/resources/2d/tile_set.cpp:5385)
ERROR: Cannot create tile. The tile is outside the texture or tiles are already present in the space the tile would cover.
   at: create_tile (scene/resources/2d/tile_set.cpp:4985)
ERROR: The TileSetAtlasSource atlas has no tile at (1, 15).
   at: has_alternative_tile (scene/resources/2d/tile_set.cpp:5437)
ERROR: TileSetAtlasSource has no tile at (1, 15).
   at: create_alternative_tile (scene/resources/2d/tile_set.cpp:5385)
ERROR: Cannot create tile. The tile is outside the texture or tiles are already present in the space the tile would cover.
   at: create_tile (scene/resources/2d/tile_set.cpp:4985)
ERROR: The TileSetAtlasSource atlas has no tile at (2, 15).
   at: has_alternative_tile (scene/resources/2d/tile_set.cpp:5437)
ERROR: TileSetAtlasSource has no tile at (2, 15).
   at: create_alternative_tile (scene/resources/2d/tile_set.cpp:5385)
ERROR: Cannot create tile. The tile is outside the texture or tiles are already present in the space the tile would cover.
   at: create_tile (scene/resources/2d/tile_set.cpp:4985)
ERROR: The TileSetAtlasSource atlas has no tile at (3, 15).
   at: has_alternative_tile (scene/resources/2d/tile_set.cpp:5437)
ERROR: TileSetAtlasSource has no tile at (3, 15).
   at: create_alternative_tile (scene/resources/2d/tile_set.cpp:5385)
ERROR: Cannot create tile. The tile is outside the texture or tiles are already present in the space the tile would cover.
   at: create_tile (scene/resources/2d/tile_set.cpp:4985)
ERROR: The TileSetAtlasSource atlas has no tile at (4, 15).
   at: has_alternative_tile (scene/resources/2d/tile_set.cpp:5437)
ERROR: TileSetAtlasSource has no tile at (4, 15).
   at: create_alternative_tile (scene/resources/2d/tile_set.cpp:5385)
ERROR: Cannot create tile. The tile is outside the texture or tiles are already present in the space the tile would cover.
   at: create_tile (scene/resources/2d/tile_set.cpp:4985)
ERROR: The TileSetAtlasSource atlas has no tile at (5, 15).
   at: has_alternative_tile (scene/resources/2d/tile_set.cpp:5437)
ERROR: TileSetAtlasSource has no tile at (5, 15).
   at: create_alternative_tile (scene/resources/2d/tile_set.cpp:5385)
ERROR: Cannot create tile. The tile is outside the texture or tiles are already present in the space the tile would cover.
   at: create_tile (scene/resources/2d/tile_set.cpp:4985)
ERROR: The TileSetAtlasSource atlas has no tile at (6, 15).
   at: has_alternative_tile (scene/resources/2d/tile_set.cpp:5437)
ERROR: TileSetAtlasSource has no tile at (6, 15).
   at: create_alternative_tile (scene/resources/2d/tile_set.cpp:5385)
ERROR: Cannot create tile. The tile is outside the texture or tiles are already present in the space the tile would cover.
   at: create_tile (scene/resources/2d/tile_set.cpp:4985)
ERROR: The TileSetAtlasSource atlas has no tile at (7, 15).
   at: has_alternative_tile (scene/resources/2d/tile_set.cpp:5437)
ERROR: TileSetAtlasSource has no tile at (7, 15).
   at: create_alternative_tile (scene/resources/2d/tile_set.cpp:5385)
ERROR: Cannot create tile. The tile is outside the texture or tiles are already present in the space the tile would cover.
   at: create_tile (scene/resources/2d/tile_set.cpp:4985)
ERROR: The TileSetAtlasSource atlas has no tile at (8, 15).
   at: has_alternative_tile (scene/resources/2d/tile_set.cpp:5437)
ERROR: TileSetAtlasSource has no tile at (8, 15).
   at: create_alternative_tile (scene/resources/2d/tile_set.cpp:5385)
ERROR: Cannot create tile. The tile is outside the texture or tiles are already present in the space the tile would cover.
   at: create_tile (scene/resources/2d/tile_set.cpp:4985)
ERROR: The TileSetAtlasSource atlas has no tile at (9, 15).
   at: has_alternative_tile (scene/resources/2d/tile_set.cpp:5437)
ERROR: TileSetAtlasSource has no tile at (9, 15).
   at: create_alternative_tile (scene/resources/2d/tile_set.cpp:5385)
ERROR: Cannot create tile. The tile is outside the texture or tiles are already present in the space the tile would cover.
   at: create_tile (scene/resources/2d/tile_set.cpp:4985)
ERROR: The TileSetAtlasSource atlas has no tile at (10, 15).
   at: has_alternative_tile (scene/resources/2d/tile_set.cpp:5437)
ERROR: TileSetAtlasSource has no tile at (10, 15).
   at: create_alternative_tile (scene/resources/2d/tile_set.cpp:5385)
ERROR: Cannot create tile. The tile is outside the texture or tiles are already present in the space the tile would cover.
   at: create_tile (scene/resources/2d/tile_set.cpp:4985)
ERROR: The TileSetAtlasSource atlas has no tile at (11, 15).
   at: has_alternative_tile (scene/resources/2d/tile_set.cpp:5437)
ERROR: TileSetAtlasSource has no tile at (11, 15).
   at: create_alternative_tile (scene/resources/2d/tile_set.cpp:5385)
ERROR: Cannot create tile. The tile is outside the texture or tiles are already present in the space the tile would cover.
   at: create_tile (scene/resources/2d/tile_set.cpp:4985)
ERROR: The TileSetAtlasSource atlas has no tile at (12, 15).
   at: has_alternative_tile (scene/resources/2d/tile_set.cpp:5437)
ERROR: TileSetAtlasSource has no tile at (12, 15).
   at: create_alternative_tile (scene/resources/2d/tile_set.cpp:5385)
ERROR: Cannot create tile. The tile is outside the texture or tiles are already present in the space the tile would cover.
   at: create_tile (scene/resources/2d/tile_set.cpp:4985)
ERROR: The TileSetAtlasSource atlas has no tile at (13, 15).
   at: has_alternative_tile (scene/resources/2d/tile_set.cpp:5437)
ERROR: TileSetAtlasSource has no tile at (13, 15).
   at: create_alternative_tile (scene/resources/2d/tile_set.cpp:5385)
ERROR: Cannot create tile. The tile is outside the texture or tiles are already present in the space the tile would cover.
   at: create_tile (scene/resources/2d/tile_set.cpp:4985)
ERROR: The TileSetAtlasSource atlas has no tile at (14, 15).
   at: has_alternative_tile (scene/resources/2d/tile_set.cpp:5437)
ERROR: TileSetAtlasSource has no tile at (14, 15).
   at: create_alternative_tile (scene/resources/2d/tile_set.cpp:5385)
ERROR: Cannot create tile. The tile is outside the texture or tiles are already present in the space the tile would cover.
   at: create_tile (scene/resources/2d/tile_set.cpp:4985)
ERROR: The TileSetAtlasSource atlas has no tile at (15, 15).
   at: has_alternative_tile (scene/resources/2d/tile_set.cpp:5437)
ERROR: TileSetAtlasSource has no tile at (15, 15).
   at: create_alternative_tile (scene/resources/2d/tile_set.cpp:5385)
ERROR: Cannot create tile. The tile is outside the texture or tiles are already present in the space the tile would cover.
   at: create_tile (scene/resources/2d/tile_set.cpp:4985)
ERROR: The TileSetAtlasSource atlas has no tile at (16, 15).
   at: has_alternative_tile (scene/resources/2d/tile_set.cpp:5437)
ERROR: TileSetAtlasSource has no tile at (16, 15).
   at: create_alternative_tile (scene/resources/2d/tile_set.cpp:5385)
ERROR: Cannot create tile. The tile is outside the texture or tiles are already present in the space the tile would cover.
   at: create_tile (scene/resources/2d/tile_set.cpp:4985)
ERROR: The TileSetAtlasSource atlas has no tile at (17, 15).
   at: has_alternative_tile (scene/resources/2d/tile_set.cpp:5437)
ERROR: TileSetAtlasSource has no tile at (17, 15).
   at: create_alternative_tile (scene/resources/2d/tile_set.cpp:5385)
ERROR: Cannot create tile. The tile is outside the texture or tiles are already present in the space the tile would cover.
   at: create_tile (scene/resources/2d/tile_set.cpp:4985)
ERROR: The TileSetAtlasSource atlas has no tile at (18, 15).
   at: has_alternative_tile (scene/resources/2d/tile_set.cpp:5437)
ERROR: TileSetAtlasSource has no tile at (18, 15).
   at: create_alternative_tile (scene/resources/2d/tile_set.cpp:5385)
ERROR: Cannot create tile. The tile is outside the texture or tiles are already present in the space the tile would cover.
   at: create_tile (scene/resources/2d/tile_set.cpp:4985)
ERROR: The TileSetAtlasSource atlas has no tile at (19, 15).
   at: has_alternative_tile (scene/resources/2d/tile_set.cpp:5437)
ERROR: TileSetAtlasSource has no tile at (19, 15).
   at: create_alternative_tile (scene/resources/2d/tile_set.cpp:5385)
ERROR: Cannot create tile. The tile is outside the texture or tiles are already present in the space the tile would cover.
   at: create_tile (scene/resources/2d/tile_set.cpp:4985)
ERROR: The TileSetAtlasSource atlas has no tile at (20, 15).
   at: has_alternative_tile (scene/resources/2d/tile_set.cpp:5437)
ERROR: TileSetAtlasSource has no tile at (20, 15).
   at: create_alternative_tile (scene/resources/2d/tile_set.cpp:5385)
ERROR: Cannot create tile. The tile is outside the texture or tiles are already present in the space the tile would cover.
   at: create_tile (scene/resources/2d/tile_set.cpp:4985)
ERROR: The TileSetAtlasSource atlas has no tile at (21, 15).
   at: has_alternative_tile (scene/resources/2d/tile_set.cpp:5437)
ERROR: TileSetAtlasSource has no tile at (21, 15).
   at: create_alternative_tile (scene/resources/2d/tile_set.cpp:5385)
ERROR: Cannot create tile. The tile is outside the texture or tiles are already present in the space the tile would cover.
   at: create_tile (scene/resources/2d/tile_set.cpp:4985)
ERROR: The TileSetAtlasSource atlas has no tile at (22, 15).
   at: has_alternative_tile (scene/resources/2d/tile_set.cpp:5437)
ERROR: TileSetAtlasSource has no tile at (22, 15).
   at: create_alternative_tile (scene/resources/2d/tile_set.cpp:5385)
ERROR: Cannot create tile. The tile is outside the texture or tiles are already present in the space the tile would cover.
   at: create_tile (scene/resources/2d/tile_set.cpp:4985)
ERROR: The TileSetAtlasSource atlas has no tile at (23, 15).
   at: has_alternative_tile (scene/resources/2d/tile_set.cpp:5437)
ERROR: TileSetAtlasSource has no tile at (23, 15).
   at: create_alternative_tile (scene/resources/2d/tile_set.cpp:5385)
ERROR: Cannot create tile. The tile is outside the texture or tiles are already present in the space the tile would cover.
   at: create_tile (scene/resources/2d/tile_set.cpp:4985)
ERROR: The TileSetAtlasSource atlas has no tile at (24, 15).
   at: has_alternative_tile (scene/resources/2d/tile_set.cpp:5437)
ERROR: TileSetAtlasSource has no tile at (24, 15).
   at: create_alternative_tile (scene/resources/2d/tile_set.cpp:5385)
ERROR: Cannot create tile. The tile is outside the texture or tiles are already present in the space the tile would cover.
   at: create_tile (scene/resources/2d/tile_set.cpp:4985)
ERROR: The TileSetAtlasSource atlas has no tile at (25, 15).
   at: has_alternative_tile (scene/resources/2d/tile_set.cpp:5437)
ERROR: TileSetAtlasSource has no tile at (25, 15).
   at: create_alternative_tile (scene/resources/2d/tile_set.cpp:5385)
ERROR: Cannot create tile. The tile is outside the texture or tiles are already present in the space the tile would cover.
   at: create_tile (scene/resources/2d/tile_set.cpp:4985)
ERROR: The TileSetAtlasSource atlas has no tile at (26, 15).
   at: has_alternative_tile (scene/resources/2d/tile_set.cpp:5437)
ERROR: TileSetAtlasSource has no tile at (26, 15).
   at: create_alternative_tile (scene/resources/2d/tile_set.cpp:5385)
ERROR: Cannot create tile. The tile is outside the texture or tiles are already present in the space the tile would cover.
   at: create_tile (scene/resources/2d/tile_set.cpp:4985)
ERROR: The TileSetAtlasSource atlas has no tile at (27, 15).
   at: has_alternative_tile (scene/resources/2d/tile_set.cpp:5437)
ERROR: TileSetAtlasSource has no tile at (27, 15).
   at: create_alternative_tile (scene/resources/2d/tile_set.cpp:5385)
ERROR: Cannot create tile. The tile is outside the texture or tiles are already present in the space the tile would cover.
   at: create_tile (scene/resources/2d/tile_set.cpp:4985)
ERROR: The TileSetAtlasSource atlas has no tile at (28, 15).
   at: has_alternative_tile (scene/resources/2d/tile_set.cpp:5437)
ERROR: TileSetAtlasSource has no tile at (28, 15).
   at: create_alternative_tile (scene/resources/2d/tile_set.cpp:5385)
ERROR: Cannot create tile. The tile is outside the texture or tiles are already present in the space the tile would cover.
   at: create_tile (scene/resources/2d/tile_set.cpp:4985)
ERROR: The TileSetAtlasSource atlas has no tile at (29, 15).
   at: has_alternative_tile (scene/resources/2d/tile_set.cpp:5437)
ERROR: TileSetAtlasSource has no tile at (29, 15).
   at: create_alternative_tile (scene/resources/2d/tile_set.cpp:5385)
ERROR: Cannot create tile. The tile is outside the texture or tiles are already present in the space the tile would cover.
   at: create_tile (scene/resources/2d/tile_set.cpp:4985)
ERROR: The TileSetAtlasSource atlas has no tile at (1, 16).
   at: has_alternative_tile (scene/resources/2d/tile_set.cpp:5437)
ERROR: TileSetAtlasSource has no tile at (1, 16).
   at: create_alternative_tile (scene/resources/2d/tile_set.cpp:5385)
ERROR: Cannot create tile. The tile is outside the texture or tiles are already present in the space the tile would cover.
   at: create_tile (scene/resources/2d/tile_set.cpp:4985)
ERROR: The TileSetAtlasSource atlas has no tile at (2, 16).
   at: has_alternative_tile (scene/resources/2d/tile_set.cpp:5437)
ERROR: TileSetAtlasSource has no tile at (2, 16).
   at: create_alternative_tile (scene/resources/2d/tile_set.cpp:5385)
ERROR: Cannot create tile. The tile is outside the texture or tiles are already present in the space the tile would cover.
   at: create_tile (scene/resources/2d/tile_set.cpp:4985)
ERROR: The TileSetAtlasSource atlas has no tile at (3, 16).
   at: has_alternative_tile (scene/resources/2d/tile_set.cpp:5437)
ERROR: TileSetAtlasSource has no tile at (3, 16).
   at: create_alternative_tile (scene/resources/2d/tile_set.cpp:5385)
ERROR: Cannot create tile. The tile is outside the texture or tiles are already present in the space the tile would cover.
   at: create_tile (scene/resources/2d/tile_set.cpp:4985)
ERROR: The TileSetAtlasSource atlas has no tile at (4, 16).
   at: has_alternative_tile (scene/resources/2d/tile_set.cpp:5437)
ERROR: TileSetAtlasSource has no tile at (4, 16).
   at: create_alternative_tile (scene/resources/2d/tile_set.cpp:5385)
ERROR: Cannot create tile. The tile is outside the texture or tiles are already present in the space the tile would cover.
   at: create_tile (scene/resources/2d/tile_set.cpp:4985)
ERROR: The TileSetAtlasSource atlas has no tile at (5, 16).
   at: has_alternative_tile (scene/resources/2d/tile_set.cpp:5437)
ERROR: TileSetAtlasSource has no tile at (5, 16).
   at: create_alternative_tile (scene/resources/2d/tile_set.cpp:5385)
ERROR: Cannot create tile. The tile is outside the texture or tiles are already present in the space the tile would cover.
   at: create_tile (scene/resources/2d/tile_set.cpp:4985)
ERROR: The TileSetAtlasSource atlas has no tile at (6, 16).
   at: has_alternative_tile (scene/resources/2d/tile_set.cpp:5437)
ERROR: TileSetAtlasSource has no tile at (6, 16).
   at: create_alternative_tile (scene/resources/2d/tile_set.cpp:5385)
ERROR: Cannot create tile. The tile is outside the texture or tiles are already present in the space the tile would cover.
   at: create_tile (scene/resources/2d/tile_set.cpp:4985)
ERROR: The TileSetAtlasSource atlas has no tile at (7, 16).
   at: has_alternative_tile (scene/resources/2d/tile_set.cpp:5437)
ERROR: TileSetAtlasSource has no tile at (7, 16).
   at: create_alternative_tile (scene/resources/2d/tile_set.cpp:5385)
ERROR: Cannot create tile. The tile is outside the texture or tiles are already present in the space the tile would cover.
   at: create_tile (scene/resources/2d/tile_set.cpp:4985)
ERROR: The TileSetAtlasSource atlas has no tile at (8, 16).
   at: has_alternative_tile (scene/resources/2d/tile_set.cpp:5437)
ERROR: TileSetAtlasSource has no tile at (8, 16).
   at: create_alternative_tile (scene/resources/2d/tile_set.cpp:5385)
ERROR: Cannot create tile. The tile is outside the texture or tiles are already present in the space the tile would cover.
   at: create_tile (scene/resources/2d/tile_set.cpp:4985)
ERROR: The TileSetAtlasSource atlas has no tile at (9, 16).
   at: has_alternative_tile (scene/resources/2d/tile_set.cpp:5437)
ERROR: TileSetAtlasSource has no tile at (9, 16).
   at: create_alternative_tile (scene/resources/2d/tile_set.cpp:5385)
ERROR: Cannot create tile. The tile is outside the texture or tiles are already present in the space the tile would cover.
   at: create_tile (scene/resources/2d/tile_set.cpp:4985)
ERROR: The TileSetAtlasSource atlas has no tile at (10, 16).
   at: has_alternative_tile (scene/resources/2d/tile_set.cpp:5437)
ERROR: TileSetAtlasSource has no tile at (10, 16).
   at: create_alternative_tile (scene/resources/2d/tile_set.cpp:5385)
ERROR: Cannot create tile. The tile is outside the texture or tiles are already present in the space the tile would cover.
   at: create_tile (scene/resources/2d/tile_set.cpp:4985)
ERROR: The TileSetAtlasSource atlas has no tile at (11, 16).
   at: has_alternative_tile (scene/resources/2d/tile_set.cpp:5437)
ERROR: TileSetAtlasSource has no tile at (11, 16).
   at: create_alternative_tile (scene/resources/2d/tile_set.cpp:5385)
ERROR: Cannot create tile. The tile is outside the texture or tiles are already present in the space the tile would cover.
   at: create_tile (scene/resources/2d/tile_set.cpp:4985)
ERROR: The TileSetAtlasSource atlas has no tile at (12, 16).
   at: has_alternative_tile (scene/resources/2d/tile_set.cpp:5437)
ERROR: TileSetAtlasSource has no tile at (12, 16).
   at: create_alternative_tile (scene/resources/2d/tile_set.cpp:5385)
ERROR: Cannot create tile. The tile is outside the texture or tiles are already present in the space the tile would cover.
   at: create_tile (scene/resources/2d/tile_set.cpp:4985)
ERROR: The TileSetAtlasSource atlas has no tile at (13, 16).
   at: has_alternative_tile (scene/resources/2d/tile_set.cpp:5437)
ERROR: TileSetAtlasSource has no tile at (13, 16).
   at: create_alternative_tile (scene/resources/2d/tile_set.cpp:5385)
ERROR: Cannot create tile. The tile is outside the texture or tiles are already present in the space the tile would cover.
   at: create_tile (scene/resources/2d/tile_set.cpp:4985)
ERROR: The TileSetAtlasSource atlas has no tile at (14, 16).
   at: has_alternative_tile (scene/resources/2d/tile_set.cpp:5437)
ERROR: TileSetAtlasSource has no tile at (14, 16).
   at: create_alternative_tile (scene/resources/2d/tile_set.cpp:5385)
ERROR: Cannot create tile. The tile is outside the texture or tiles are already present in the space the tile would cover.
   at: create_tile (scene/resources/2d/tile_set.cpp:4985)
ERROR: The TileSetAtlasSource atlas has no tile at (15, 16).
   at: has_alternative_tile (scene/resources/2d/tile_set.cpp:5437)
ERROR: TileSetAtlasSource has no tile at (15, 16).
   at: create_alternative_tile (scene/resources/2d/tile_set.cpp:5385)
ERROR: Cannot create tile. The tile is outside the texture or tiles are already present in the space the tile would cover.
   at: create_tile (scene/resources/2d/tile_set.cpp:4985)
ERROR: The TileSetAtlasSource atlas has no tile at (16, 16).
   at: has_alternative_tile (scene/resources/2d/tile_set.cpp:5437)
ERROR: TileSetAtlasSource has no tile at (16, 16).
   at: create_alternative_tile (scene/resources/2d/tile_set.cpp:5385)
ERROR: Cannot create tile. The tile is outside the texture or tiles are already present in the space the tile would cover.
   at: create_tile (scene/resources/2d/tile_set.cpp:4985)
ERROR: The TileSetAtlasSource atlas has no tile at (17, 16).
   at: has_alternative_tile (scene/resources/2d/tile_set.cpp:5437)
ERROR: TileSetAtlasSource has no tile at (17, 16).
   at: create_alternative_tile (scene/resources/2d/tile_set.cpp:5385)
ERROR: Cannot create tile. The tile is outside the texture or tiles are already present in the space the tile would cover.
   at: create_tile (scene/resources/2d/tile_set.cpp:4985)
ERROR: The TileSetAtlasSource atlas has no tile at (18, 16).
   at: has_alternative_tile (scene/resources/2d/tile_set.cpp:5437)
ERROR: TileSetAtlasSource has no tile at (18, 16).
   at: create_alternative_tile (scene/resources/2d/tile_set.cpp:5385)
ERROR: Cannot create tile. The tile is outside the texture or tiles are already present in the space the tile would cover.
   at: create_tile (scene/resources/2d/tile_set.cpp:4985)
ERROR: The TileSetAtlasSource atlas has no tile at (19, 16).
   at: has_alternative_tile (scene/resources/2d/tile_set.cpp:5437)
ERROR: TileSetAtlasSource has no tile at (19, 16).
   at: create_alternative_tile (scene/resources/2d/tile_set.cpp:5385)
ERROR: Cannot create tile. The tile is outside the texture or tiles are already present in the space the tile would cover.
   at: create_tile (scene/resources/2d/tile_set.cpp:4985)
ERROR: The TileSetAtlasSource atlas has no tile at (20, 16).
   at: has_alternative_tile (scene/resources/2d/tile_set.cpp:5437)
ERROR: TileSetAtlasSource has no tile at (20, 16).
   at: create_alternative_tile (scene/resources/2d/tile_set.cpp:5385)
ERROR: Cannot create tile. The tile is outside the texture or tiles are already present in the space the tile would cover.
   at: create_tile (scene/resources/2d/tile_set.cpp:4985)
ERROR: The TileSetAtlasSource atlas has no tile at (21, 16).
   at: has_alternative_tile (scene/resources/2d/tile_set.cpp:5437)
ERROR: TileSetAtlasSource has no tile at (21, 16).
   at: create_alternative_tile (scene/resources/2d/tile_set.cpp:5385)
ERROR: Cannot create tile. The tile is outside the texture or tiles are already present in the space the tile would cover.
   at: create_tile (scene/resources/2d/tile_set.cpp:4985)
ERROR: The TileSetAtlasSource atlas has no tile at (22, 16).
   at: has_alternative_tile (scene/resources/2d/tile_set.cpp:5437)
ERROR: TileSetAtlasSource has no tile at (22, 16).
   at: create_alternative_tile (scene/resources/2d/tile_set.cpp:5385)
ERROR: Cannot create tile. The tile is outside the texture or tiles are already present in the space the tile would cover.
   at: create_tile (scene/resources/2d/tile_set.cpp:4985)
ERROR: The TileSetAtlasSource atlas has no tile at (23, 16).
   at: has_alternative_tile (scene/resources/2d/tile_set.cpp:5437)
ERROR: TileSetAtlasSource has no tile at (23, 16).
   at: create_alternative_tile (scene/resources/2d/tile_set.cpp:5385)
ERROR: Cannot create tile. The tile is outside the texture or tiles are already present in the space the tile would cover.
   at: create_tile (scene/resources/2d/tile_set.cpp:4985)
ERROR: The TileSetAtlasSource atlas has no tile at (24, 16).
   at: has_alternative_tile (scene/resources/2d/tile_set.cpp:5437)
ERROR: TileSetAtlasSource has no tile at (24, 16).
   at: create_alternative_tile (scene/resources/2d/tile_set.cpp:5385)
ERROR: Cannot create tile. The tile is outside the texture or tiles are already present in the space the tile would cover.
   at: create_tile (scene/resources/2d/tile_set.cpp:4985)
ERROR: The TileSetAtlasSource atlas has no tile at (25, 16).
   at: has_alternative_tile (scene/resources/2d/tile_set.cpp:5437)
ERROR: TileSetAtlasSource has no tile at (25, 16).
   at: create_alternative_tile (scene/resources/2d/tile_set.cpp:5385)
ERROR: Cannot create tile. The tile is outside the texture or tiles are already present in the space the tile would cover.
   at: create_tile (scene/resources/2d/tile_set.cpp:4985)
ERROR: The TileSetAtlasSource atlas has no tile at (26, 16).
   at: has_alternative_tile (scene/resources/2d/tile_set.cpp:5437)
ERROR: TileSetAtlasSource has no tile at (26, 16).
   at: create_alternative_tile (scene/resources/2d/tile_set.cpp:5385)
ERROR: Cannot create tile. The tile is outside the texture or tiles are already present in the space the tile would cover.
   at: create_tile (scene/resources/2d/tile_set.cpp:4985)
ERROR: The TileSetAtlasSource atlas has no tile at (27, 16).
   at: has_alternative_tile (scene/resources/2d/tile_set.cpp:5437)
ERROR: TileSetAtlasSource has no tile at (27, 16).
   at: create_alternative_tile (scene/resources/2d/tile_set.cpp:5385)
ERROR: Cannot create tile. The tile is outside the texture or tiles are already present in the space the tile would cover.
   at: create_tile (scene/resources/2d/tile_set.cpp:4985)
ERROR: The TileSetAtlasSource atlas has no tile at (28, 16).
   at: has_alternative_tile (scene/resources/2d/tile_set.cpp:5437)
ERROR: TileSetAtlasSource has no tile at (28, 16).
   at: create_alternative_tile (scene/resources/2d/tile_set.cpp:5385)
ERROR: Cannot create tile. The tile is outside the texture or tiles are already present in the space the tile would cover.
   at: create_tile (scene/resources/2d/tile_set.cpp:4985)
ERROR: The TileSetAtlasSource atlas has no tile at (29, 16).
   at: has_alternative_tile (scene/resources/2d/tile_set.cpp:5437)
ERROR: TileSetAtlasSource has no tile at (29, 16).
   at: create_alternative_tile (scene/resources/2d/tile_set.cpp:5385)
ERROR: Cannot create tile. The tile is outside the texture or tiles are already present in the space the tile would cover.
   at: create_tile (scene/resources/2d/tile_set.cpp:4985)
ERROR: The TileSetAtlasSource atlas has no tile at (1, 17).
   at: has_alternative_tile (scene/resources/2d/tile_set.cpp:5437)
ERROR: TileSetAtlasSource has no tile at (1, 17).
   at: create_alternative_tile (scene/resources/2d/tile_set.cpp:5385)
ERROR: Cannot create tile. The tile is outside the texture or tiles are already present in the space the tile would cover.
   at: create_tile (scene/resources/2d/tile_set.cpp:4985)
ERROR: The TileSetAtlasSource atlas has no tile at (2, 17).
   at: has_alternative_tile (scene/resources/2d/tile_set.cpp:5437)
ERROR: TileSetAtlasSource has no tile at (2, 17).
   at: create_alternative_tile (scene/resources/2d/tile_set.cpp:5385)
ERROR: Cannot create tile. The tile is outside the texture or tiles are already present in the space the tile would cover.
   at: create_tile (scene/resources/2d/tile_set.cpp:4985)
ERROR: The TileSetAtlasSource atlas has no tile at (3, 17).
   at: has_alternative_tile (scene/resources/2d/tile_set.cpp:5437)
ERROR: TileSetAtlasSource has no tile at (3, 17).
   at: create_alternative_tile (scene/resources/2d/tile_set.cpp:5385)
ERROR: Cannot create tile. The tile is outside the texture or tiles are already present in the space the tile would cover.
   at: create_tile (scene/resources/2d/tile_set.cpp:4985)
ERROR: The TileSetAtlasSource atlas has no tile at (4, 17).
   at: has_alternative_tile (scene/resources/2d/tile_set.cpp:5437)
ERROR: TileSetAtlasSource has no tile at (4, 17).
   at: create_alternative_tile (scene/resources/2d/tile_set.cpp:5385)
ERROR: Cannot create tile. The tile is outside the texture or tiles are already present in the space the tile would cover.
   at: create_tile (scene/resources/2d/tile_set.cpp:4985)
ERROR: The TileSetAtlasSource atlas has no tile at (5, 17).
   at: has_alternative_tile (scene/resources/2d/tile_set.cpp:5437)
ERROR: TileSetAtlasSource has no tile at (5, 17).
   at: create_alternative_tile (scene/resources/2d/tile_set.cpp:5385)
ERROR: Cannot create tile. The tile is outside the texture or tiles are already present in the space the tile would cover.
   at: create_tile (scene/resources/2d/tile_set.cpp:4985)
ERROR: The TileSetAtlasSource atlas has no tile at (6, 17).
   at: has_alternative_tile (scene/resources/2d/tile_set.cpp:5437)
ERROR: TileSetAtlasSource has no tile at (6, 17).
   at: create_alternative_tile (scene/resources/2d/tile_set.cpp:5385)
ERROR: Cannot create tile. The tile is outside the texture or tiles are already present in the space the tile would cover.
   at: create_tile (scene/resources/2d/tile_set.cpp:4985)
ERROR: The TileSetAtlasSource atlas has no tile at (7, 17).
   at: has_alternative_tile (scene/resources/2d/tile_set.cpp:5437)
ERROR: TileSetAtlasSource has no tile at (7, 17).
   at: create_alternative_tile (scene/resources/2d/tile_set.cpp:5385)
ERROR: Cannot create tile. The tile is outside the texture or tiles are already present in the space the tile would cover.
   at: create_tile (scene/resources/2d/tile_set.cpp:4985)
ERROR: The TileSetAtlasSource atlas has no tile at (8, 17).
   at: has_alternative_tile (scene/resources/2d/tile_set.cpp:5437)
ERROR: TileSetAtlasSource has no tile at (8, 17).
   at: create_alternative_tile (scene/resources/2d/tile_set.cpp:5385)
ERROR: Cannot create tile. The tile is outside the texture or tiles are already present in the space the tile would cover.
   at: create_tile (scene/resources/2d/tile_set.cpp:4985)
ERROR: The TileSetAtlasSource atlas has no tile at (9, 17).
   at: has_alternative_tile (scene/resources/2d/tile_set.cpp:5437)
ERROR: TileSetAtlasSource has no tile at (9, 17).
   at: create_alternative_tile (scene/resources/2d/tile_set.cpp:5385)
ERROR: Cannot create tile. The tile is outside the texture or tiles are already present in the space the tile would cover.
   at: create_tile (scene/resources/2d/tile_set.cpp:4985)
ERROR: The TileSetAtlasSource atlas has no tile at (10, 17).
   at: has_alternative_tile (scene/resources/2d/tile_set.cpp:5437)
ERROR: TileSetAtlasSource has no tile at (10, 17).
   at: create_alternative_tile (scene/resources/2d/tile_set.cpp:5385)
ERROR: Cannot create tile. The tile is outside the texture or tiles are already present in the space the tile would cover.
   at: create_tile (scene/resources/2d/tile_set.cpp:4985)
ERROR: The TileSetAtlasSource atlas has no tile at (11, 17).
   at: has_alternative_tile (scene/resources/2d/tile_set.cpp:5437)
ERROR: TileSetAtlasSource has no tile at (11, 17).
   at: create_alternative_tile (scene/resources/2d/tile_set.cpp:5385)
ERROR: Cannot create tile. The tile is outside the texture or tiles are already present in the space the tile would cover.
   at: create_tile (scene/resources/2d/tile_set.cpp:4985)
ERROR: The TileSetAtlasSource atlas has no tile at (12, 17).
   at: has_alternative_tile (scene/resources/2d/tile_set.cpp:5437)
ERROR: TileSetAtlasSource has no tile at (12, 17).
   at: create_alternative_tile (scene/resources/2d/tile_set.cpp:5385)
ERROR: Cannot create tile. The tile is outside the texture or tiles are already present in the space the tile would cover.
   at: create_tile (scene/resources/2d/tile_set.cpp:4985)
ERROR: The TileSetAtlasSource atlas has no tile at (13, 17).
   at: has_alternative_tile (scene/resources/2d/tile_set.cpp:5437)
ERROR: TileSetAtlasSource has no tile at (13, 17).
   at: create_alternative_tile (scene/resources/2d/tile_set.cpp:5385)
ERROR: Cannot create tile. The tile is outside the texture or tiles are already present in the space the tile would cover.
   at: create_tile (scene/resources/2d/tile_set.cpp:4985)
ERROR: The TileSetAtlasSource atlas has no tile at (14, 17).
   at: has_alternative_tile (scene/resources/2d/tile_set.cpp:5437)
ERROR: TileSetAtlasSource has no tile at (14, 17).
   at: create_alternative_tile (scene/resources/2d/tile_set.cpp:5385)
ERROR: Cannot create tile. The tile is outside the texture or tiles are already present in the space the tile would cover.
   at: create_tile (scene/resources/2d/tile_set.cpp:4985)
ERROR: The TileSetAtlasSource atlas has no tile at (15, 17).
   at: has_alternative_tile (scene/resources/2d/tile_set.cpp:5437)
ERROR: TileSetAtlasSource has no tile at (15, 17).
   at: create_alternative_tile (scene/resources/2d/tile_set.cpp:5385)
ERROR: Cannot create tile. The tile is outside the texture or tiles are already present in the space the tile would cover.
   at: create_tile (scene/resources/2d/tile_set.cpp:4985)
ERROR: The TileSetAtlasSource atlas has no tile at (16, 17).
   at: has_alternative_tile (scene/resources/2d/tile_set.cpp:5437)
ERROR: TileSetAtlasSource has no tile at (16, 17).
   at: create_alternative_tile (scene/resources/2d/tile_set.cpp:5385)
ERROR: Cannot create tile. The tile is outside the texture or tiles are already present in the space the tile would cover.
   at: create_tile (scene/resources/2d/tile_set.cpp:4985)
ERROR: The TileSetAtlasSource atlas has no tile at (17, 17).
   at: has_alternative_tile (scene/resources/2d/tile_set.cpp:5437)
ERROR: TileSetAtlasSource has no tile at (17, 17).
   at: create_alternative_tile (scene/resources/2d/tile_set.cpp:5385)
ERROR: Cannot create tile. The tile is outside the texture or tiles are already present in the space the tile would cover.
   at: create_tile (scene/resources/2d/tile_set.cpp:4985)
ERROR: The TileSetAtlasSource atlas has no tile at (18, 17).
   at: has_alternative_tile (scene/resources/2d/tile_set.cpp:5437)
ERROR: TileSetAtlasSource has no tile at (18, 17).
   at: create_alternative_tile (scene/resources/2d/tile_set.cpp:5385)
ERROR: Cannot create tile. The tile is outside the texture or tiles are already present in the space the tile would cover.
   at: create_tile (scene/resources/2d/tile_set.cpp:4985)
ERROR: The TileSetAtlasSource atlas has no tile at (19, 17).
   at: has_alternative_tile (scene/resources/2d/tile_set.cpp:5437)
ERROR: TileSetAtlasSource has no tile at (19, 17).
   at: create_alternative_tile (scene/resources/2d/tile_set.cpp:5385)
ERROR: Cannot create tile. The tile is outside the texture or tiles are already present in the space the tile would cover.
   at: create_tile (scene/resources/2d/tile_set.cpp:4985)
ERROR: The TileSetAtlasSource atlas has no tile at (20, 17).
   at: has_alternative_tile (scene/resources/2d/tile_set.cpp:5437)
ERROR: TileSetAtlasSource has no tile at (20, 17).
   at: create_alternative_tile (scene/resources/2d/tile_set.cpp:5385)
ERROR: Cannot create tile. The tile is outside the texture or tiles are already present in the space the tile would cover.
   at: create_tile (scene/resources/2d/tile_set.cpp:4985)
ERROR: The TileSetAtlasSource atlas has no tile at (21, 17).
   at: has_alternative_tile (scene/resources/2d/tile_set.cpp:5437)
ERROR: TileSetAtlasSource has no tile at (21, 17).
   at: create_alternative_tile (scene/resources/2d/tile_set.cpp:5385)
ERROR: Cannot create tile. The tile is outside the texture or tiles are already present in the space the tile would cover.
   at: create_tile (scene/resources/2d/tile_set.cpp:4985)
ERROR: The TileSetAtlasSource atlas has no tile at (22, 17).
   at: has_alternative_tile (scene/resources/2d/tile_set.cpp:5437)
ERROR: TileSetAtlasSource has no tile at (22, 17).
   at: create_alternative_tile (scene/resources/2d/tile_set.cpp:5385)
ERROR: Cannot create tile. The tile is outside the texture or tiles are already present in the space the tile would cover.
   at: create_tile (scene/resources/2d/tile_set.cpp:4985)
ERROR: The TileSetAtlasSource atlas has no tile at (23, 17).
   at: has_alternative_tile (scene/resources/2d/tile_set.cpp:5437)
ERROR: TileSetAtlasSource has no tile at (23, 17).
   at: create_alternative_tile (scene/resources/2d/tile_set.cpp:5385)
ERROR: Cannot create tile. The tile is outside the texture or tiles are already present in the space the tile would cover.
   at: create_tile (scene/resources/2d/tile_set.cpp:4985)
ERROR: The TileSetAtlasSource atlas has no tile at (24, 17).
   at: has_alternative_tile (scene/resources/2d/tile_set.cpp:5437)
ERROR: TileSetAtlasSource has no tile at (24, 17).
   at: create_alternative_tile (scene/resources/2d/tile_set.cpp:5385)
ERROR: Cannot create tile. The tile is outside the texture or tiles are already present in the space the tile would cover.
   at: create_tile (scene/resources/2d/tile_set.cpp:4985)
ERROR: The TileSetAtlasSource atlas has no tile at (25, 17).
   at: has_alternative_tile (scene/resources/2d/tile_set.cpp:5437)
ERROR: TileSetAtlasSource has no tile at (25, 17).
   at: create_alternative_tile (scene/resources/2d/tile_set.cpp:5385)
ERROR: Cannot create tile. The tile is outside the texture or tiles are already present in the space the tile would cover.
   at: create_tile (scene/resources/2d/tile_set.cpp:4985)
ERROR: The TileSetAtlasSource atlas has no tile at (26, 17).
   at: has_alternative_tile (scene/resources/2d/tile_set.cpp:5437)
ERROR: TileSetAtlasSource has no tile at (26, 17).
   at: create_alternative_tile (scene/resources/2d/tile_set.cpp:5385)
ERROR: Cannot create tile. The tile is outside the texture or tiles are already present in the space the tile would cover.
   at: create_tile (scene/resources/2d/tile_set.cpp:4985)
ERROR: The TileSetAtlasSource atlas has no tile at (27, 17).
   at: has_alternative_tile (scene/resources/2d/tile_set.cpp:5437)
ERROR: TileSetAtlasSource has no tile at (27, 17).
   at: create_alternative_tile (scene/resources/2d/tile_set.cpp:5385)
ERROR: Cannot create tile. The tile is outside the texture or tiles are already present in the space the tile would cover.
   at: create_tile (scene/resources/2d/tile_set.cpp:4985)
ERROR: The TileSetAtlasSource atlas has no tile at (28, 17).
   at: has_alternative_tile (scene/resources/2d/tile_set.cpp:5437)
ERROR: TileSetAtlasSource has no tile at (28, 17).
   at: create_alternative_tile (scene/resources/2d/tile_set.cpp:5385)
ERROR: Cannot create tile. The tile is outside the texture or tiles are already present in the space the tile would cover.
   at: create_tile (scene/resources/2d/tile_set.cpp:4985)
ERROR: The TileSetAtlasSource atlas has no tile at (29, 17).
   at: has_alternative_tile (scene/resources/2d/tile_set.cpp:5437)
ERROR: TileSetAtlasSource has no tile at (29, 17).
   at: create_alternative_tile (scene/resources/2d/tile_set.cpp:5385)
ERROR: Cannot create tile. The tile is outside the texture or tiles are already present in the space the tile would cover.
   at: create_tile (scene/resources/2d/tile_set.cpp:4985)
ERROR: The TileSetAtlasSource atlas has no tile at (1, 18).
   at: has_alternative_tile (scene/resources/2d/tile_set.cpp:5437)
ERROR: TileSetAtlasSource has no tile at (1, 18).
   at: create_alternative_tile (scene/resources/2d/tile_set.cpp:5385)
ERROR: Cannot create tile. The tile is outside the texture or tiles are already present in the space the tile would cover.
   at: create_tile (scene/resources/2d/tile_set.cpp:4985)
ERROR: The TileSetAtlasSource atlas has no tile at (2, 18).
   at: has_alternative_tile (scene/resources/2d/tile_set.cpp:5437)
ERROR: TileSetAtlasSource has no tile at (2, 18).
   at: create_alternative_tile (scene/resources/2d/tile_set.cpp:5385)
ERROR: Cannot create tile. The tile is outside the texture or tiles are already present in the space the tile would cover.
   at: create_tile (scene/resources/2d/tile_set.cpp:4985)
ERROR: The TileSetAtlasSource atlas has no tile at (3, 18).
   at: has_alternative_tile (scene/resources/2d/tile_set.cpp:5437)
ERROR: TileSetAtlasSource has no tile at (3, 18).
   at: create_alternative_tile (scene/resources/2d/tile_set.cpp:5385)
ERROR: Cannot create tile. The tile is outside the texture or tiles are already present in the space the tile would cover.
   at: create_tile (scene/resources/2d/tile_set.cpp:4985)
ERROR: The TileSetAtlasSource atlas has no tile at (4, 18).
   at: has_alternative_tile (scene/resources/2d/tile_set.cpp:5437)
ERROR: TileSetAtlasSource has no tile at (4, 18).
   at: create_alternative_tile (scene/resources/2d/tile_set.cpp:5385)
ERROR: Cannot create tile. The tile is outside the texture or tiles are already present in the space the tile would cover.
   at: create_tile (scene/resources/2d/tile_set.cpp:4985)
ERROR: The TileSetAtlasSource atlas has no tile at (5, 18).
   at: has_alternative_tile (scene/resources/2d/tile_set.cpp:5437)
ERROR: TileSetAtlasSource has no tile at (5, 18).
   at: create_alternative_tile (scene/resources/2d/tile_set.cpp:5385)
ERROR: Cannot create tile. The tile is outside the texture or tiles are already present in the space the tile would cover.
   at: create_tile (scene/resources/2d/tile_set.cpp:4985)
ERROR: The TileSetAtlasSource atlas has no tile at (6, 18).
   at: has_alternative_tile (scene/resources/2d/tile_set.cpp:5437)
ERROR: TileSetAtlasSource has no tile at (6, 18).
   at: create_alternative_tile (scene/resources/2d/tile_set.cpp:5385)
ERROR: Cannot create tile. The tile is outside the texture or tiles are already present in the space the tile would cover.
   at: create_tile (scene/resources/2d/tile_set.cpp:4985)
ERROR: The TileSetAtlasSource atlas has no tile at (7, 18).
   at: has_alternative_tile (scene/resources/2d/tile_set.cpp:5437)
ERROR: TileSetAtlasSource has no tile at (7, 18).
   at: create_alternative_tile (scene/resources/2d/tile_set.cpp:5385)
ERROR: Cannot create tile. The tile is outside the texture or tiles are already present in the space the tile would cover.
   at: create_tile (scene/resources/2d/tile_set.cpp:4985)
ERROR: The TileSetAtlasSource atlas has no tile at (8, 18).
   at: has_alternative_tile (scene/resources/2d/tile_set.cpp:5437)
ERROR: TileSetAtlasSource has no tile at (8, 18).
   at: create_alternative_tile (scene/resources/2d/tile_set.cpp:5385)
ERROR: Cannot create tile. The tile is outside the texture or tiles are already present in the space the tile would cover.
   at: create_tile (scene/resources/2d/tile_set.cpp:4985)
ERROR: The TileSetAtlasSource atlas has no tile at (9, 18).
   at: has_alternative_tile (scene/resources/2d/tile_set.cpp:5437)
ERROR: TileSetAtlasSource has no tile at (9, 18).
   at: create_alternative_tile (scene/resources/2d/tile_set.cpp:5385)
ERROR: Cannot create tile. The tile is outside the texture or tiles are already present in the space the tile would cover.
   at: create_tile (scene/resources/2d/tile_set.cpp:4985)
ERROR: The TileSetAtlasSource atlas has no tile at (10, 18).
   at: has_alternative_tile (scene/resources/2d/tile_set.cpp:5437)
ERROR: TileSetAtlasSource has no tile at (10, 18).
   at: create_alternative_tile (scene/resources/2d/tile_set.cpp:5385)
ERROR: Cannot create tile. The tile is outside the texture or tiles are already present in the space the tile would cover.
   at: create_tile (scene/resources/2d/tile_set.cpp:4985)
ERROR: The TileSetAtlasSource atlas has no tile at (11, 18).
   at: has_alternative_tile (scene/resources/2d/tile_set.cpp:5437)
ERROR: TileSetAtlasSource has no tile at (11, 18).
   at: create_alternative_tile (scene/resources/2d/tile_set.cpp:5385)
ERROR: Cannot create tile. The tile is outside the texture or tiles are already present in the space the tile would cover.
   at: create_tile (scene/resources/2d/tile_set.cpp:4985)
ERROR: The TileSetAtlasSource atlas has no tile at (12, 18).
   at: has_alternative_tile (scene/resources/2d/tile_set.cpp:5437)
ERROR: TileSetAtlasSource has no tile at (12, 18).
   at: create_alternative_tile (scene/resources/2d/tile_set.cpp:5385)
ERROR: Cannot create tile. The tile is outside the texture or tiles are already present in the space the tile would cover.
   at: create_tile (scene/resources/2d/tile_set.cpp:4985)
ERROR: The TileSetAtlasSource atlas has no tile at (13, 18).
   at: has_alternative_tile (scene/resources/2d/tile_set.cpp:5437)
ERROR: TileSetAtlasSource has no tile at (13, 18).
   at: create_alternative_tile (scene/resources/2d/tile_set.cpp:5385)
ERROR: Cannot create tile. The tile is outside the texture or tiles are already present in the space the tile would cover.
   at: create_tile (scene/resources/2d/tile_set.cpp:4985)
ERROR: The TileSetAtlasSource atlas has no tile at (14, 18).
   at: has_alternative_tile (scene/resources/2d/tile_set.cpp:5437)
ERROR: TileSetAtlasSource has no tile at (14, 18).
   at: create_alternative_tile (scene/resources/2d/tile_set.cpp:5385)
ERROR: Cannot create tile. The tile is outside the texture or tiles are already present in the space the tile would cover.
   at: create_tile (scene/resources/2d/tile_set.cpp:4985)
ERROR: The TileSetAtlasSource atlas has no tile at (15, 18).
   at: has_alternative_tile (scene/resources/2d/tile_set.cpp:5437)
ERROR: TileSetAtlasSource has no tile at (15, 18).
   at: create_alternative_tile (scene/resources/2d/tile_set.cpp:5385)
ERROR: Cannot create tile. The tile is outside the texture or tiles are already present in the space the tile would cover.
   at: create_tile (scene/resources/2d/tile_set.cpp:4985)
ERROR: The TileSetAtlasSource atlas has no tile at (16, 18).
   at: has_alternative_tile (scene/resources/2d/tile_set.cpp:5437)
ERROR: TileSetAtlasSource has no tile at (16, 18).
   at: create_alternative_tile (scene/resources/2d/tile_set.cpp:5385)
ERROR: Cannot create tile. The tile is outside the texture or tiles are already present in the space the tile would cover.
   at: create_tile (scene/resources/2d/tile_set.cpp:4985)
ERROR: The TileSetAtlasSource atlas has no tile at (17, 18).
   at: has_alternative_tile (scene/resources/2d/tile_set.cpp:5437)
ERROR: TileSetAtlasSource has no tile at (17, 18).
   at: create_alternative_tile (scene/resources/2d/tile_set.cpp:5385)
ERROR: Cannot create tile. The tile is outside the texture or tiles are already present in the space the tile would cover.
   at: create_tile (scene/resources/2d/tile_set.cpp:4985)
ERROR: The TileSetAtlasSource atlas has no tile at (18, 18).
   at: has_alternative_tile (scene/resources/2d/tile_set.cpp:5437)
ERROR: TileSetAtlasSource has no tile at (18, 18).
   at: create_alternative_tile (scene/resources/2d/tile_set.cpp:5385)
ERROR: Cannot create tile. The tile is outside the texture or tiles are already present in the space the tile would cover.
   at: create_tile (scene/resources/2d/tile_set.cpp:4985)
ERROR: The TileSetAtlasSource atlas has no tile at (19, 18).
   at: has_alternative_tile (scene/resources/2d/tile_set.cpp:5437)
ERROR: TileSetAtlasSource has no tile at (19, 18).
   at: create_alternative_tile (scene/resources/2d/tile_set.cpp:5385)
ERROR: Cannot create tile. The tile is outside the texture or tiles are already present in the space the tile would cover.
   at: create_tile (scene/resources/2d/tile_set.cpp:4985)
ERROR: The TileSetAtlasSource atlas has no tile at (20, 18).
   at: has_alternative_tile (scene/resources/2d/tile_set.cpp:5437)
ERROR: TileSetAtlasSource has no tile at (20, 18).
   at: create_alternative_tile (scene/resources/2d/tile_set.cpp:5385)
ERROR: Cannot create tile. The tile is outside the texture or tiles are already present in the space the tile would cover.
   at: create_tile (scene/resources/2d/tile_set.cpp:4985)
ERROR: The TileSetAtlasSource atlas has no tile at (21, 18).
   at: has_alternative_tile (scene/resources/2d/tile_set.cpp:5437)
ERROR: TileSetAtlasSource has no tile at (21, 18).
   at: create_alternative_tile (scene/resources/2d/tile_set.cpp:5385)
ERROR: Cannot create tile. The tile is outside the texture or tiles are already present in the space the tile would cover.
   at: create_tile (scene/resources/2d/tile_set.cpp:4985)
ERROR: The TileSetAtlasSource atlas has no tile at (22, 18).
   at: has_alternative_tile (scene/resources/2d/tile_set.cpp:5437)
ERROR: TileSetAtlasSource has no tile at (22, 18).
   at: create_alternative_tile (scene/resources/2d/tile_set.cpp:5385)
ERROR: Cannot create tile. The tile is outside the texture or tiles are already present in the space the tile would cover.
   at: create_tile (scene/resources/2d/tile_set.cpp:4985)
ERROR: The TileSetAtlasSource atlas has no tile at (23, 18).
   at: has_alternative_tile (scene/resources/2d/tile_set.cpp:5437)
ERROR: TileSetAtlasSource has no tile at (23, 18).
   at: create_alternative_tile (scene/resources/2d/tile_set.cpp:5385)
ERROR: Cannot create tile. The tile is outside the texture or tiles are already present in the space the tile would cover.
   at: create_tile (scene/resources/2d/tile_set.cpp:4985)
ERROR: The TileSetAtlasSource atlas has no tile at (24, 18).
   at: has_alternative_tile (scene/resources/2d/tile_set.cpp:5437)
ERROR: TileSetAtlasSource has no tile at (24, 18).
   at: create_alternative_tile (scene/resources/2d/tile_set.cpp:5385)
ERROR: Cannot create tile. The tile is outside the texture or tiles are already present in the space the tile would cover.
   at: create_tile (scene/resources/2d/tile_set.cpp:4985)
ERROR: The TileSetAtlasSource atlas has no tile at (25, 18).
   at: has_alternative_tile (scene/resources/2d/tile_set.cpp:5437)
ERROR: TileSetAtlasSource has no tile at (25, 18).
   at: create_alternative_tile (scene/resources/2d/tile_set.cpp:5385)
ERROR: Cannot create tile. The tile is outside the texture or tiles are already present in the space the tile would cover.
   at: create_tile (scene/resources/2d/tile_set.cpp:4985)
ERROR: The TileSetAtlasSource atlas has no tile at (26, 18).
   at: has_alternative_tile (scene/resources/2d/tile_set.cpp:5437)
ERROR: TileSetAtlasSource has no tile at (26, 18).
   at: create_alternative_tile (scene/resources/2d/tile_set.cpp:5385)
ERROR: Cannot create tile. The tile is outside the texture or tiles are already present in the space the tile would cover.
   at: create_tile (scene/resources/2d/tile_set.cpp:4985)
ERROR: The TileSetAtlasSource atlas has no tile at (27, 18).
   at: has_alternative_tile (scene/resources/2d/tile_set.cpp:5437)
ERROR: TileSetAtlasSource has no tile at (27, 18).
   at: create_alternative_tile (scene/resources/2d/tile_set.cpp:5385)
ERROR: Cannot create tile. The tile is outside the texture or tiles are already present in the space the tile would cover.
   at: create_tile (scene/resources/2d/tile_set.cpp:4985)
ERROR: The TileSetAtlasSource atlas has no tile at (28, 18).
   at: has_alternative_tile (scene/resources/2d/tile_set.cpp:5437)
ERROR: TileSetAtlasSource has no tile at (28, 18).
   at: create_alternative_tile (scene/resources/2d/tile_set.cpp:5385)
ERROR: Cannot create tile. The tile is outside the texture or tiles are already present in the space the tile would cover.
   at: create_tile (scene/resources/2d/tile_set.cpp:4985)
ERROR: The TileSetAtlasSource atlas has no tile at (29, 18).
   at: has_alternative_tile (scene/resources/2d/tile_set.cpp:5437)
ERROR: TileSetAtlasSource has no tile at (29, 18).
   at: create_alternative_tile (scene/resources/2d/tile_set.cpp:5385)
ERROR: Cannot create tile. The tile is outside the texture or tiles are already present in the space the tile would cover.
   at: create_tile (scene/resources/2d/tile_set.cpp:4985)
ERROR: The TileSetAtlasSource atlas has no tile at (1, 19).
   at: has_alternative_tile (scene/resources/2d/tile_set.cpp:5437)
ERROR: TileSetAtlasSource has no tile at (1, 19).
   at: create_alternative_tile (scene/resources/2d/tile_set.cpp:5385)
ERROR: Cannot create tile. The tile is outside the texture or tiles are already present in the space the tile would cover.
   at: create_tile (scene/resources/2d/tile_set.cpp:4985)
ERROR: The TileSetAtlasSource atlas has no tile at (2, 19).
   at: has_alternative_tile (scene/resources/2d/tile_set.cpp:5437)
ERROR: TileSetAtlasSource has no tile at (2, 19).
   at: create_alternative_tile (scene/resources/2d/tile_set.cpp:5385)
ERROR: Cannot create tile. The tile is outside the texture or tiles are already present in the space the tile would cover.
   at: create_tile (scene/resources/2d/tile_set.cpp:4985)
ERROR: The TileSetAtlasSource atlas has no tile at (3, 19).
   at: has_alternative_tile (scene/resources/2d/tile_set.cpp:5437)
ERROR: TileSetAtlasSource has no tile at (3, 19).
   at: create_alternative_tile (scene/resources/2d/tile_set.cpp:5385)
ERROR: Cannot create tile. The tile is outside the texture or tiles are already present in the space the tile would cover.
   at: create_tile (scene/resources/2d/tile_set.cpp:4985)
ERROR: The TileSetAtlasSource atlas has no tile at (4, 19).
   at: has_alternative_tile (scene/resources/2d/tile_set.cpp:5437)
ERROR: TileSetAtlasSource has no tile at (4, 19).
   at: create_alternative_tile (scene/resources/2d/tile_set.cpp:5385)
ERROR: Cannot create tile. The tile is outside the texture or tiles are already present in the space the tile would cover.
   at: create_tile (scene/resources/2d/tile_set.cpp:4985)
ERROR: The TileSetAtlasSource atlas has no tile at (5, 19).
   at: has_alternative_tile (scene/resources/2d/tile_set.cpp:5437)
ERROR: TileSetAtlasSource has no tile at (5, 19).
   at: create_alternative_tile (scene/resources/2d/tile_set.cpp:5385)
ERROR: Cannot create tile. The tile is outside the texture or tiles are already present in the space the tile would cover.
   at: create_tile (scene/resources/2d/tile_set.cpp:4985)
ERROR: The TileSetAtlasSource atlas has no tile at (6, 19).
   at: has_alternative_tile (scene/resources/2d/tile_set.cpp:5437)
ERROR: TileSetAtlasSource has no tile at (6, 19).
   at: create_alternative_tile (scene/resources/2d/tile_set.cpp:5385)
ERROR: Cannot create tile. The tile is outside the texture or tiles are already present in the space the tile would cover.
   at: create_tile (scene/resources/2d/tile_set.cpp:4985)
ERROR: The TileSetAtlasSource atlas has no tile at (7, 19).
   at: has_alternative_tile (scene/resources/2d/tile_set.cpp:5437)
ERROR: TileSetAtlasSource has no tile at (7, 19).
   at: create_alternative_tile (scene/resources/2d/tile_set.cpp:5385)
ERROR: Cannot create tile. The tile is outside the texture or tiles are already present in the space the tile would cover.
   at: create_tile (scene/resources/2d/tile_set.cpp:4985)
ERROR: The TileSetAtlasSource atlas has no tile at (8, 19).
   at: has_alternative_tile (scene/resources/2d/tile_set.cpp:5437)
ERROR: TileSetAtlasSource has no tile at (8, 19).
   at: create_alternative_tile (scene/resources/2d/tile_set.cpp:5385)
ERROR: Cannot create tile. The tile is outside the texture or tiles are already present in the space the tile would cover.
   at: create_tile (scene/resources/2d/tile_set.cpp:4985)
ERROR: The TileSetAtlasSource atlas has no tile at (9, 19).
   at: has_alternative_tile (scene/resources/2d/tile_set.cpp:5437)
ERROR: TileSetAtlasSource has no tile at (9, 19).
   at: create_alternative_tile (scene/resources/2d/tile_set.cpp:5385)
ERROR: Cannot create tile. The tile is outside the texture or tiles are already present in the space the tile would cover.
   at: create_tile (scene/resources/2d/tile_set.cpp:4985)
ERROR: The TileSetAtlasSource atlas has no tile at (10, 19).
   at: has_alternative_tile (scene/resources/2d/tile_set.cpp:5437)
ERROR: TileSetAtlasSource has no tile at (10, 19).
   at: create_alternative_tile (scene/resources/2d/tile_set.cpp:5385)
ERROR: Cannot create tile. The tile is outside the texture or tiles are already present in the space the tile would cover.
   at: create_tile (scene/resources/2d/tile_set.cpp:4985)
ERROR: The TileSetAtlasSource atlas has no tile at (11, 19).
   at: has_alternative_tile (scene/resources/2d/tile_set.cpp:5437)
ERROR: TileSetAtlasSource has no tile at (11, 19).
   at: create_alternative_tile (scene/resources/2d/tile_set.cpp:5385)
ERROR: Cannot create tile. The tile is outside the texture or tiles are already present in the space the tile would cover.
   at: create_tile (scene/resources/2d/tile_set.cpp:4985)
ERROR: The TileSetAtlasSource atlas has no tile at (12, 19).
   at: has_alternative_tile (scene/resources/2d/tile_set.cpp:5437)
ERROR: TileSetAtlasSource has no tile at (12, 19).
   at: create_alternative_tile (scene/resources/2d/tile_set.cpp:5385)
ERROR: Cannot create tile. The tile is outside the texture or tiles are already present in the space the tile would cover.
   at: create_tile (scene/resources/2d/tile_set.cpp:4985)
ERROR: The TileSetAtlasSource atlas has no tile at (13, 19).
   at: has_alternative_tile (scene/resources/2d/tile_set.cpp:5437)
ERROR: TileSetAtlasSource has no tile at (13, 19).
   at: create_alternative_tile (scene/resources/2d/tile_set.cpp:5385)
ERROR: Cannot create tile. The tile is outside the texture or tiles are already present in the space the tile would cover.
   at: create_tile (scene/resources/2d/tile_set.cpp:4985)
ERROR: The TileSetAtlasSource atlas has no tile at (14, 19).
   at: has_alternative_tile (scene/resources/2d/tile_set.cpp:5437)
ERROR: TileSetAtlasSource has no tile at (14, 19).
   at: create_alternative_tile (scene/resources/2d/tile_set.cpp:5385)
ERROR: Cannot create tile. The tile is outside the texture or tiles are already present in the space the tile would cover.
   at: create_tile (scene/resources/2d/tile_set.cpp:4985)
ERROR: The TileSetAtlasSource atlas has no tile at (15, 19).
   at: has_alternative_tile (scene/resources/2d/tile_set.cpp:5437)
ERROR: TileSetAtlasSource has no tile at (15, 19).
   at: create_alternative_tile (scene/resources/2d/tile_set.cpp:5385)
ERROR: Cannot create tile. The tile is outside the texture or tiles are already present in the space the tile would cover.
   at: create_tile (scene/resources/2d/tile_set.cpp:4985)
ERROR: The TileSetAtlasSource atlas has no tile at (16, 19).
   at: has_alternative_tile (scene/resources/2d/tile_set.cpp:5437)
ERROR: TileSetAtlasSource has no tile at (16, 19).
   at: create_alternative_tile (scene/resources/2d/tile_set.cpp:5385)
ERROR: Cannot create tile. The tile is outside the texture or tiles are already present in the space the tile would cover.
   at: create_tile (scene/resources/2d/tile_set.cpp:4985)
ERROR: The TileSetAtlasSource atlas has no tile at (17, 19).
   at: has_alternative_tile (scene/resources/2d/tile_set.cpp:5437)
ERROR: TileSetAtlasSource has no tile at (17, 19).
   at: create_alternative_tile (scene/resources/2d/tile_set.cpp:5385)
ERROR: Cannot create tile. The tile is outside the texture or tiles are already present in the space the tile would cover.
   at: create_tile (scene/resources/2d/tile_set.cpp:4985)
ERROR: The TileSetAtlasSource atlas has no tile at (18, 19).
   at: has_alternative_tile (scene/resources/2d/tile_set.cpp:5437)
ERROR: TileSetAtlasSource has no tile at (18, 19).
   at: create_alternative_tile (scene/resources/2d/tile_set.cpp:5385)
ERROR: Cannot create tile. The tile is outside the texture or tiles are already present in the space the tile would cover.
   at: create_tile (scene/resources/2d/tile_set.cpp:4985)
ERROR: The TileSetAtlasSource atlas has no tile at (19, 19).
   at: has_alternative_tile (scene/resources/2d/tile_set.cpp:5437)
ERROR: TileSetAtlasSource has no tile at (19, 19).
   at: create_alternative_tile (scene/resources/2d/tile_set.cpp:5385)
ERROR: Cannot create tile. The tile is outside the texture or tiles are already present in the space the tile would cover.
   at: create_tile (scene/resources/2d/tile_set.cpp:4985)
ERROR: The TileSetAtlasSource atlas has no tile at (20, 19).
   at: has_alternative_tile (scene/resources/2d/tile_set.cpp:5437)
ERROR: TileSetAtlasSource has no tile at (20, 19).
   at: create_alternative_tile (scene/resources/2d/tile_set.cpp:5385)
ERROR: Cannot create tile. The tile is outside the texture or tiles are already present in the space the tile would cover.
   at: create_tile (scene/resources/2d/tile_set.cpp:4985)
ERROR: The TileSetAtlasSource atlas has no tile at (21, 19).
   at: has_alternative_tile (scene/resources/2d/tile_set.cpp:5437)
ERROR: TileSetAtlasSource has no tile at (21, 19).
   at: create_alternative_tile (scene/resources/2d/tile_set.cpp:5385)
ERROR: Cannot create tile. The tile is outside the texture or tiles are already present in the space the tile would cover.
   at: create_tile (scene/resources/2d/tile_set.cpp:4985)
ERROR: The TileSetAtlasSource atlas has no tile at (22, 19).
   at: has_alternative_tile (scene/resources/2d/tile_set.cpp:5437)
ERROR: TileSetAtlasSource has no tile at (22, 19).
   at: create_alternative_tile (scene/resources/2d/tile_set.cpp:5385)
ERROR: Cannot create tile. The tile is outside the texture or tiles are already present in the space the tile would cover.
   at: create_tile (scene/resources/2d/tile_set.cpp:4985)
ERROR: The TileSetAtlasSource atlas has no tile at (23, 19).
   at: has_alternative_tile (scene/resources/2d/tile_set.cpp:5437)
ERROR: TileSetAtlasSource has no tile at (23, 19).
   at: create_alternative_tile (scene/resources/2d/tile_set.cpp:5385)
ERROR: Cannot create tile. The tile is outside the texture or tiles are already present in the space the tile would cover.
   at: create_tile (scene/resources/2d/tile_set.cpp:4985)
ERROR: The TileSetAtlasSource atlas has no tile at (24, 19).
   at: has_alternative_tile (scene/resources/2d/tile_set.cpp:5437)
ERROR: TileSetAtlasSource has no tile at (24, 19).
   at: create_alternative_tile (scene/resources/2d/tile_set.cpp:5385)
ERROR: Cannot create tile. The tile is outside the texture or tiles are already present in the space the tile would cover.
   at: create_tile (scene/resources/2d/tile_set.cpp:4985)
ERROR: The TileSetAtlasSource atlas has no tile at (25, 19).
   at: has_alternative_tile (scene/resources/2d/tile_set.cpp:5437)
ERROR: TileSetAtlasSource has no tile at (25, 19).
   at: create_alternative_tile (scene/resources/2d/tile_set.cpp:5385)
ERROR: Cannot create tile. The tile is outside the texture or tiles are already present in the space the tile would cover.
   at: create_tile (scene/resources/2d/tile_set.cpp:4985)
ERROR: The TileSetAtlasSource atlas has no tile at (26, 19).
   at: has_alternative_tile (scene/resources/2d/tile_set.cpp:5437)
ERROR: TileSetAtlasSource has no tile at (26, 19).
   at: create_alternative_tile (scene/resources/2d/tile_set.cpp:5385)
ERROR: Cannot create tile. The tile is outside the texture or tiles are already present in the space the tile would cover.
   at: create_tile (scene/resources/2d/tile_set.cpp:4985)
ERROR: The TileSetAtlasSource atlas has no tile at (27, 19).
   at: has_alternative_tile (scene/resources/2d/tile_set.cpp:5437)
ERROR: TileSetAtlasSource has no tile at (27, 19).
   at: create_alternative_tile (scene/resources/2d/tile_set.cpp:5385)
ERROR: Cannot create tile. The tile is outside the texture or tiles are already present in the space the tile would cover.
   at: create_tile (scene/resources/2d/tile_set.cpp:4985)
ERROR: The TileSetAtlasSource atlas has no tile at (28, 19).
   at: has_alternative_tile (scene/resources/2d/tile_set.cpp:5437)
ERROR: TileSetAtlasSource has no tile at (28, 19).
   at: create_alternative_tile (scene/resources/2d/tile_set.cpp:5385)
ERROR: Cannot create tile. The tile is outside the texture or tiles are already present in the space the tile would cover.
   at: create_tile (scene/resources/2d/tile_set.cpp:4985)
ERROR: The TileSetAtlasSource atlas has no tile at (29, 19).
   at: has_alternative_tile (scene/resources/2d/tile_set.cpp:5437)
ERROR: TileSetAtlasSource has no tile at (29, 19).
   at: create_alternative_tile (scene/resources/2d/tile_set.cpp:5385)
ERROR: Cannot create tile. The tile is outside the texture or tiles are already present in the space the tile would cover.
   at: create_tile (scene/resources/2d/tile_set.cpp:4985)
ERROR: The TileSetAtlasSource atlas has no tile at (1, 20).
   at: has_alternative_tile (scene/resources/2d/tile_set.cpp:5437)
ERROR: TileSetAtlasSource has no tile at (1, 20).
   at: create_alternative_tile (scene/resources/2d/tile_set.cpp:5385)
ERROR: Cannot create tile. The tile is outside the texture or tiles are already present in the space the tile would cover.
   at: create_tile (scene/resources/2d/tile_set.cpp:4985)
ERROR: The TileSetAtlasSource atlas has no tile at (2, 20).
   at: has_alternative_tile (scene/resources/2d/tile_set.cpp:5437)
ERROR: TileSetAtlasSource has no tile at (2, 20).
   at: create_alternative_tile (scene/resources/2d/tile_set.cpp:5385)
ERROR: Cannot create tile. The tile is outside the texture or tiles are already present in the space the tile would cover.
   at: create_tile (scene/resources/2d/tile_set.cpp:4985)
ERROR: The TileSetAtlasSource atlas has no tile at (3, 20).
   at: has_alternative_tile (scene/resources/2d/tile_set.cpp:5437)
ERROR: TileSetAtlasSource has no tile at (3, 20).
   at: create_alternative_tile (scene/resources/2d/tile_set.cpp:5385)
ERROR: Cannot create tile. The tile is outside the texture or tiles are already present in the space the tile would cover.
   at: create_tile (scene/resources/2d/tile_set.cpp:4985)
ERROR: The TileSetAtlasSource atlas has no tile at (4, 20).
   at: has_alternative_tile (scene/resources/2d/tile_set.cpp:5437)
ERROR: TileSetAtlasSource has no tile at (4, 20).
   at: create_alternative_tile (scene/resources/2d/tile_set.cpp:5385)
ERROR: Cannot create tile. The tile is outside the texture or tiles are already present in the space the tile would cover.
   at: create_tile (scene/resources/2d/tile_set.cpp:4985)
ERROR: The TileSetAtlasSource atlas has no tile at (5, 20).
   at: has_alternative_tile (scene/resources/2d/tile_set.cpp:5437)
ERROR: TileSetAtlasSource has no tile at (5, 20).
   at: create_alternative_tile (scene/resources/2d/tile_set.cpp:5385)
ERROR: Cannot create tile. The tile is outside the texture or tiles are already present in the space the tile would cover.
   at: create_tile (scene/resources/2d/tile_set.cpp:4985)
ERROR: The TileSetAtlasSource atlas has no tile at (6, 20).
   at: has_alternative_tile (scene/resources/2d/tile_set.cpp:5437)
ERROR: TileSetAtlasSource has no tile at (6, 20).
   at: create_alternative_tile (scene/resources/2d/tile_set.cpp:5385)
ERROR: Cannot create tile. The tile is outside the texture or tiles are already present in the space the tile would cover.
   at: create_tile (scene/resources/2d/tile_set.cpp:4985)
ERROR: The TileSetAtlasSource atlas has no tile at (7, 20).
   at: has_alternative_tile (scene/resources/2d/tile_set.cpp:5437)
ERROR: TileSetAtlasSource has no tile at (7, 20).
   at: create_alternative_tile (scene/resources/2d/tile_set.cpp:5385)
ERROR: Cannot create tile. The tile is outside the texture or tiles are already present in the space the tile would cover.
   at: create_tile (scene/resources/2d/tile_set.cpp:4985)
ERROR: The TileSetAtlasSource atlas has no tile at (8, 20).
   at: has_alternative_tile (scene/resources/2d/tile_set.cpp:5437)
ERROR: TileSetAtlasSource has no tile at (8, 20).
   at: create_alternative_tile (scene/resources/2d/tile_set.cpp:5385)
ERROR: Cannot create tile. The tile is outside the texture or tiles are already present in the space the tile would cover.
   at: create_tile (scene/resources/2d/tile_set.cpp:4985)
ERROR: The TileSetAtlasSource atlas has no tile at (9, 20).
   at: has_alternative_tile (scene/resources/2d/tile_set.cpp:5437)
ERROR: TileSetAtlasSource has no tile at (9, 20).
   at: create_alternative_tile (scene/resources/2d/tile_set.cpp:5385)
ERROR: Cannot create tile. The tile is outside the texture or tiles are already present in the space the tile would cover.
   at: create_tile (scene/resources/2d/tile_set.cpp:4985)
ERROR: The TileSetAtlasSource atlas has no tile at (10, 20).
   at: has_alternative_tile (scene/resources/2d/tile_set.cpp:5437)
ERROR: TileSetAtlasSource has no tile at (10, 20).
   at: create_alternative_tile (scene/resources/2d/tile_set.cpp:5385)
ERROR: Cannot create tile. The tile is outside the texture or tiles are already present in the space the tile would cover.
   at: create_tile (scene/resources/2d/tile_set.cpp:4985)
ERROR: The TileSetAtlasSource atlas has no tile at (11, 20).
   at: has_alternative_tile (scene/resources/2d/tile_set.cpp:5437)
ERROR: TileSetAtlasSource has no tile at (11, 20).
   at: create_alternative_tile (scene/resources/2d/tile_set.cpp:5385)
ERROR: Cannot create tile. The tile is outside the texture or tiles are already present in the space the tile would cover.
   at: create_tile (scene/resources/2d/tile_set.cpp:4985)
ERROR: The TileSetAtlasSource atlas has no tile at (12, 20).
   at: has_alternative_tile (scene/resources/2d/tile_set.cpp:5437)
ERROR: TileSetAtlasSource has no tile at (12, 20).
   at: create_alternative_tile (scene/resources/2d/tile_set.cpp:5385)
ERROR: Cannot create tile. The tile is outside the texture or tiles are already present in the space the tile would cover.
   at: create_tile (scene/resources/2d/tile_set.cpp:4985)
ERROR: The TileSetAtlasSource atlas has no tile at (13, 20).
   at: has_alternative_tile (scene/resources/2d/tile_set.cpp:5437)
ERROR: TileSetAtlasSource has no tile at (13, 20).
   at: create_alternative_tile (scene/resources/2d/tile_set.cpp:5385)
ERROR: Cannot create tile. The tile is outside the texture or tiles are already present in the space the tile would cover.
   at: create_tile (scene/resources/2d/tile_set.cpp:4985)
ERROR: The TileSetAtlasSource atlas has no tile at (14, 20).
   at: has_alternative_tile (scene/resources/2d/tile_set.cpp:5437)
ERROR: TileSetAtlasSource has no tile at (14, 20).
   at: create_alternative_tile (scene/resources/2d/tile_set.cpp:5385)
ERROR: Cannot create tile. The tile is outside the texture or tiles are already present in the space the tile would cover.
   at: create_tile (scene/resources/2d/tile_set.cpp:4985)
ERROR: The TileSetAtlasSource atlas has no tile at (15, 20).
   at: has_alternative_tile (scene/resources/2d/tile_set.cpp:5437)
ERROR: TileSetAtlasSource has no tile at (15, 20).
   at: create_alternative_tile (scene/resources/2d/tile_set.cpp:5385)
ERROR: Cannot create tile. The tile is outside the texture or tiles are already present in the space the tile would cover.
   at: create_tile (scene/resources/2d/tile_set.cpp:4985)
ERROR: The TileSetAtlasSource atlas has no tile at (16, 20).
   at: has_alternative_tile (scene/resources/2d/tile_set.cpp:5437)
ERROR: TileSetAtlasSource has no tile at (16, 20).
   at: create_alternative_tile (scene/resources/2d/tile_set.cpp:5385)
ERROR: Cannot create tile. The tile is outside the texture or tiles are already present in the space the tile would cover.
   at: create_tile (scene/resources/2d/tile_set.cpp:4985)
ERROR: The TileSetAtlasSource atlas has no tile at (17, 20).
   at: has_alternative_tile (scene/resources/2d/tile_set.cpp:5437)
ERROR: TileSetAtlasSource has no tile at (17, 20).
   at: create_alternative_tile (scene/resources/2d/tile_set.cpp:5385)
ERROR: Cannot create tile. The tile is outside the texture or tiles are already present in the space the tile would cover.
   at: create_tile (scene/resources/2d/tile_set.cpp:4985)
ERROR: The TileSetAtlasSource atlas has no tile at (18, 20).
   at: has_alternative_tile (scene/resources/2d/tile_set.cpp:5437)
ERROR: TileSetAtlasSource has no tile at (18, 20).
   at: create_alternative_tile (scene/resources/2d/tile_set.cpp:5385)
ERROR: Cannot create tile. The tile is outside the texture or tiles are already present in the space the tile would cover.
   at: create_tile (scene/resources/2d/tile_set.cpp:4985)
ERROR: The TileSetAtlasSource atlas has no tile at (19, 20).
   at: has_alternative_tile (scene/resources/2d/tile_set.cpp:5437)
ERROR: TileSetAtlasSource has no tile at (19, 20).
   at: create_alternative_tile (scene/resources/2d/tile_set.cpp:5385)
ERROR: Cannot create tile. The tile is outside the texture or tiles are already present in the space the tile would cover.
   at: create_tile (scene/resources/2d/tile_set.cpp:4985)
ERROR: The TileSetAtlasSource atlas has no tile at (20, 20).
   at: has_alternative_tile (scene/resources/2d/tile_set.cpp:5437)
ERROR: TileSetAtlasSource has no tile at (20, 20).
   at: create_alternative_tile (scene/resources/2d/tile_set.cpp:5385)
ERROR: Cannot create tile. The tile is outside the texture or tiles are already present in the space the tile would cover.
   at: create_tile (scene/resources/2d/tile_set.cpp:4985)
ERROR: The TileSetAtlasSource atlas has no tile at (21, 20).
   at: has_alternative_tile (scene/resources/2d/tile_set.cpp:5437)
ERROR: TileSetAtlasSource has no tile at (21, 20).
   at: create_alternative_tile (scene/resources/2d/tile_set.cpp:5385)
ERROR: Cannot create tile. The tile is outside the texture or tiles are already present in the space the tile would cover.
   at: create_tile (scene/resources/2d/tile_set.cpp:4985)
ERROR: The TileSetAtlasSource atlas has no tile at (22, 20).
   at: has_alternative_tile (scene/resources/2d/tile_set.cpp:5437)
ERROR: TileSetAtlasSource has no tile at (22, 20).
   at: create_alternative_tile (scene/resources/2d/tile_set.cpp:5385)
ERROR: Cannot create tile. The tile is outside the texture or tiles are already present in the space the tile would cover.
   at: create_tile (scene/resources/2d/tile_set.cpp:4985)
ERROR: The TileSetAtlasSource atlas has no tile at (23, 20).
   at: has_alternative_tile (scene/resources/2d/tile_set.cpp:5437)
ERROR: TileSetAtlasSource has no tile at (23, 20).
   at: create_alternative_tile (scene/resources/2d/tile_set.cpp:5385)
ERROR: Cannot create tile. The tile is outside the texture or tiles are already present in the space the tile would cover.
   at: create_tile (scene/resources/2d/tile_set.cpp:4985)
ERROR: The TileSetAtlasSource atlas has no tile at (24, 20).
   at: has_alternative_tile (scene/resources/2d/tile_set.cpp:5437)
ERROR: TileSetAtlasSource has no tile at (24, 20).
   at: create_alternative_tile (scene/resources/2d/tile_set.cpp:5385)
ERROR: Cannot create tile. The tile is outside the texture or tiles are already present in the space the tile would cover.
   at: create_tile (scene/resources/2d/tile_set.cpp:4985)
ERROR: The TileSetAtlasSource atlas has no tile at (25, 20).
   at: has_alternative_tile (scene/resources/2d/tile_set.cpp:5437)
ERROR: TileSetAtlasSource has no tile at (25, 20).
   at: create_alternative_tile (scene/resources/2d/tile_set.cpp:5385)
ERROR: Cannot create tile. The tile is outside the texture or tiles are already present in the space the tile would cover.
   at: create_tile (scene/resources/2d/tile_set.cpp:4985)
ERROR: The TileSetAtlasSource atlas has no tile at (26, 20).
   at: has_alternative_tile (scene/resources/2d/tile_set.cpp:5437)
ERROR: TileSetAtlasSource has no tile at (26, 20).
   at: create_alternative_tile (scene/resources/2d/tile_set.cpp:5385)
ERROR: Cannot create tile. The tile is outside the texture or tiles are already present in the space the tile would cover.
   at: create_tile (scene/resources/2d/tile_set.cpp:4985)
ERROR: The TileSetAtlasSource atlas has no tile at (27, 20).
   at: has_alternative_tile (scene/resources/2d/tile_set.cpp:5437)
ERROR: TileSetAtlasSource has no tile at (27, 20).
   at: create_alternative_tile (scene/resources/2d/tile_set.cpp:5385)
ERROR: Cannot create tile. The tile is outside the texture or tiles are already present in the space the tile would cover.
   at: create_tile (scene/resources/2d/tile_set.cpp:4985)
ERROR: The TileSetAtlasSource atlas has no tile at (28, 20).
   at: has_alternative_tile (scene/resources/2d/tile_set.cpp:5437)
ERROR: TileSetAtlasSource has no tile at (28, 20).
   at: create_alternative_tile (scene/resources/2d/tile_set.cpp:5385)
ERROR: Cannot create tile. The tile is outside the texture or tiles are already present in the space the tile would cover.
   at: create_tile (scene/resources/2d/tile_set.cpp:4985)
ERROR: The TileSetAtlasSource atlas has no tile at (29, 20).
   at: has_alternative_tile (scene/resources/2d/tile_set.cpp:5437)
ERROR: TileSetAtlasSource has no tile at (29, 20).
   at: create_alternative_tile (scene/resources/2d/tile_set.cpp:5385)
ERROR: Cannot create tile. The tile is outside the texture or tiles are already present in the space the tile would cover.
   at: create_tile (scene/resources/2d/tile_set.cpp:4985)
ERROR: The TileSetAtlasSource atlas has no tile at (2, 21).
   at: has_alternative_tile (scene/resources/2d/tile_set.cpp:5437)
ERROR: TileSetAtlasSource has no tile at (2, 21).
   at: create_alternative_tile (scene/resources/2d/tile_set.cpp:5385)
ERROR: Cannot create tile. The tile is outside the texture or tiles are already present in the space the tile would cover.
   at: create_tile (scene/resources/2d/tile_set.cpp:4985)
ERROR: The TileSetAtlasSource atlas has no tile at (3, 21).
   at: has_alternative_tile (scene/resources/2d/tile_set.cpp:5437)
ERROR: TileSetAtlasSource has no tile at (3, 21).
   at: create_alternative_tile (scene/resources/2d/tile_set.cpp:5385)
ERROR: Cannot create tile. The tile is outside the texture or tiles are already present in the space the tile would cover.
   at: create_tile (scene/resources/2d/tile_set.cpp:4985)
ERROR: The TileSetAtlasSource atlas has no tile at (4, 21).
   at: has_alternative_tile (scene/resources/2d/tile_set.cpp:5437)
ERROR: TileSetAtlasSource has no tile at (4, 21).
   at: create_alternative_tile (scene/resources/2d/tile_set.cpp:5385)
ERROR: Cannot create tile. The tile is outside the texture or tiles are already present in the space the tile would cover.
   at: create_tile (scene/resources/2d/tile_set.cpp:4985)
ERROR: The TileSetAtlasSource atlas has no tile at (5, 21).
   at: has_alternative_tile (scene/resources/2d/tile_set.cpp:5437)
ERROR: TileSetAtlasSource has no tile at (5, 21).
   at: create_alternative_tile (scene/resources/2d/tile_set.cpp:5385)
ERROR: Cannot create tile. The tile is outside the texture or tiles are already present in the space the tile would cover.
   at: create_tile (scene/resources/2d/tile_set.cpp:4985)
ERROR: The TileSetAtlasSource atlas has no tile at (6, 21).
   at: has_alternative_tile (scene/resources/2d/tile_set.cpp:5437)
ERROR: TileSetAtlasSource has no tile at (6, 21).
   at: create_alternative_tile (scene/resources/2d/tile_set.cpp:5385)
ERROR: Cannot create tile. The tile is outside the texture or tiles are already present in the space the tile would cover.
   at: create_tile (scene/resources/2d/tile_set.cpp:4985)
ERROR: The TileSetAtlasSource atlas has no tile at (7, 21).
   at: has_alternative_tile (scene/resources/2d/tile_set.cpp:5437)
ERROR: TileSetAtlasSource has no tile at (7, 21).
   at: create_alternative_tile (scene/resources/2d/tile_set.cpp:5385)
ERROR: Cannot create tile. The tile is outside the texture or tiles are already present in the space the tile would cover.
   at: create_tile (scene/resources/2d/tile_set.cpp:4985)
ERROR: The TileSetAtlasSource atlas has no tile at (8, 21).
   at: has_alternative_tile (scene/resources/2d/tile_set.cpp:5437)
ERROR: TileSetAtlasSource has no tile at (8, 21).
   at: create_alternative_tile (scene/resources/2d/tile_set.cpp:5385)
ERROR: Cannot create tile. The tile is outside the texture or tiles are already present in the space the tile would cover.
   at: create_tile (scene/resources/2d/tile_set.cpp:4985)
ERROR: The TileSetAtlasSource atlas has no tile at (9, 21).
   at: has_alternative_tile (scene/resources/2d/tile_set.cpp:5437)
ERROR: TileSetAtlasSource has no tile at (9, 21).
   at: create_alternative_tile (scene/resources/2d/tile_set.cpp:5385)
ERROR: Cannot create tile. The tile is outside the texture or tiles are already present in the space the tile would cover.
   at: create_tile (scene/resources/2d/tile_set.cpp:4985)
ERROR: The TileSetAtlasSource atlas has no tile at (10, 21).
   at: has_alternative_tile (scene/resources/2d/tile_set.cpp:5437)
ERROR: TileSetAtlasSource has no tile at (10, 21).
   at: create_alternative_tile (scene/resources/2d/tile_set.cpp:5385)
ERROR: Cannot create tile. The tile is outside the texture or tiles are already present in the space the tile would cover.
   at: create_tile (scene/resources/2d/tile_set.cpp:4985)
ERROR: The TileSetAtlasSource atlas has no tile at (11, 21).
   at: has_alternative_tile (scene/resources/2d/tile_set.cpp:5437)
ERROR: TileSetAtlasSource has no tile at (11, 21).
   at: create_alternative_tile (scene/resources/2d/tile_set.cpp:5385)
ERROR: Cannot create tile. The tile is outside the texture or tiles are already present in the space the tile would cover.
   at: create_tile (scene/resources/2d/tile_set.cpp:4985)
ERROR: The TileSetAtlasSource atlas has no tile at (12, 21).
   at: has_alternative_tile (scene/resources/2d/tile_set.cpp:5437)
ERROR: TileSetAtlasSource has no tile at (12, 21).
   at: create_alternative_tile (scene/resources/2d/tile_set.cpp:5385)
ERROR: Cannot create tile. The tile is outside the texture or tiles are already present in the space the tile would cover.
   at: create_tile (scene/resources/2d/tile_set.cpp:4985)
ERROR: The TileSetAtlasSource atlas has no tile at (13, 21).
   at: has_alternative_tile (scene/resources/2d/tile_set.cpp:5437)
ERROR: TileSetAtlasSource has no tile at (13, 21).
   at: create_alternative_tile (scene/resources/2d/tile_set.cpp:5385)
ERROR: Cannot create tile. The tile is outside the texture or tiles are already present in the space the tile would cover.
   at: create_tile (scene/resources/2d/tile_set.cpp:4985)
ERROR: The TileSetAtlasSource atlas has no tile at (14, 21).
   at: has_alternative_tile (scene/resources/2d/tile_set.cpp:5437)
ERROR: TileSetAtlasSource has no tile at (14, 21).
   at: create_alternative_tile (scene/resources/2d/tile_set.cpp:5385)
ERROR: Cannot create tile. The tile is outside the texture or tiles are already present in the space the tile would cover.
   at: create_tile (scene/resources/2d/tile_set.cpp:4985)
ERROR: The TileSetAtlasSource atlas has no tile at (15, 21).
   at: has_alternative_tile (scene/resources/2d/tile_set.cpp:5437)
ERROR: TileSetAtlasSource has no tile at (15, 21).
   at: create_alternative_tile (scene/resources/2d/tile_set.cpp:5385)
ERROR: Cannot create tile. The tile is outside the texture or tiles are already present in the space the tile would cover.
   at: create_tile (scene/resources/2d/tile_set.cpp:4985)
ERROR: The TileSetAtlasSource atlas has no tile at (16, 21).
   at: has_alternative_tile (scene/resources/2d/tile_set.cpp:5437)
ERROR: TileSetAtlasSource has no tile at (16, 21).
   at: create_alternative_tile (scene/resources/2d/tile_set.cpp:5385)
ERROR: Cannot create tile. The tile is outside the texture or tiles are already present in the space the tile would cover.
   at: create_tile (scene/resources/2d/tile_set.cpp:4985)
ERROR: The TileSetAtlasSource atlas has no tile at (17, 21).
   at: has_alternative_tile (scene/resources/2d/tile_set.cpp:5437)
ERROR: TileSetAtlasSource has no tile at (17, 21).
   at: create_alternative_tile (scene/resources/2d/tile_set.cpp:5385)
ERROR: Cannot create tile. The tile is outside the texture or tiles are already present in the space the tile would cover.
   at: create_tile (scene/resources/2d/tile_set.cpp:4985)
ERROR: The TileSetAtlasSource atlas has no tile at (18, 21).
   at: has_alternative_tile (scene/resources/2d/tile_set.cpp:5437)
ERROR: TileSetAtlasSource has no tile at (18, 21).
   at: create_alternative_tile (scene/resources/2d/tile_set.cpp:5385)
ERROR: Cannot create tile. The tile is outside the texture or tiles are already present in the space the tile would cover.
   at: create_tile (scene/resources/2d/tile_set.cpp:4985)
ERROR: The TileSetAtlasSource atlas has no tile at (19, 21).
   at: has_alternative_tile (scene/resources/2d/tile_set.cpp:5437)
ERROR: TileSetAtlasSource has no tile at (19, 21).
   at: create_alternative_tile (scene/resources/2d/tile_set.cpp:5385)
ERROR: Cannot create tile. The tile is outside the texture or tiles are already present in the space the tile would cover.
   at: create_tile (scene/resources/2d/tile_set.cpp:4985)
ERROR: The TileSetAtlasSource atlas has no tile at (20, 21).
   at: has_alternative_tile (scene/resources/2d/tile_set.cpp:5437)
ERROR: TileSetAtlasSource has no tile at (20, 21).
   at: create_alternative_tile (scene/resources/2d/tile_set.cpp:5385)
ERROR: Cannot create tile. The tile is outside the texture or tiles are already present in the space the tile would cover.
   at: create_tile (scene/resources/2d/tile_set.cpp:4985)
ERROR: The TileSetAtlasSource atlas has no tile at (21, 21).
   at: has_alternative_tile (scene/resources/2d/tile_set.cpp:5437)
ERROR: TileSetAtlasSource has no tile at (21, 21).
   at: create_alternative_tile (scene/resources/2d/tile_set.cpp:5385)
ERROR: Cannot create tile. The tile is outside the texture or tiles are already present in the space the tile would cover.
   at: create_tile (scene/resources/2d/tile_set.cpp:4985)
ERROR: The TileSetAtlasSource atlas has no tile at (22, 21).
   at: has_alternative_tile (scene/resources/2d/tile_set.cpp:5437)
ERROR: TileSetAtlasSource has no tile at (22, 21).
   at: create_alternative_tile (scene/resources/2d/tile_set.cpp:5385)
ERROR: Cannot create tile. The tile is outside the texture or tiles are already present in the space the tile would cover.
   at: create_tile (scene/resources/2d/tile_set.cpp:4985)
ERROR: The TileSetAtlasSource atlas has no tile at (23, 21).
   at: has_alternative_tile (scene/resources/2d/tile_set.cpp:5437)
ERROR: TileSetAtlasSource has no tile at (23, 21).
   at: create_alternative_tile (scene/resources/2d/tile_set.cpp:5385)
ERROR: Cannot create tile. The tile is outside the texture or tiles are already present in the space the tile would cover.
   at: create_tile (scene/resources/2d/tile_set.cpp:4985)
ERROR: The TileSetAtlasSource atlas has no tile at (24, 21).
   at: has_alternative_tile (scene/resources/2d/tile_set.cpp:5437)
ERROR: TileSetAtlasSource has no tile at (24, 21).
   at: create_alternative_tile (scene/resources/2d/tile_set.cpp:5385)
ERROR: Cannot create tile. The tile is outside the texture or tiles are already present in the space the tile would cover.
   at: create_tile (scene/resources/2d/tile_set.cpp:4985)
ERROR: The TileSetAtlasSource atlas has no tile at (25, 21).
   at: has_alternative_tile (scene/resources/2d/tile_set.cpp:5437)
ERROR: TileSetAtlasSource has no tile at (25, 21).
   at: create_alternative_tile (scene/resources/2d/tile_set.cpp:5385)
ERROR: Cannot create tile. The tile is outside the texture or tiles are already present in the space the tile would cover.
   at: create_tile (scene/resources/2d/tile_set.cpp:4985)
ERROR: The TileSetAtlasSource atlas has no tile at (26, 21).
   at: has_alternative_tile (scene/resources/2d/tile_set.cpp:5437)
ERROR: TileSetAtlasSource has no tile at (26, 21).
   at: create_alternative_tile (scene/resources/2d/tile_set.cpp:5385)
ERROR: Cannot create tile. The tile is outside the texture or tiles are already present in the space the tile would cover.
   at: create_tile (scene/resources/2d/tile_set.cpp:4985)
ERROR: The TileSetAtlasSource atlas has no tile at (27, 21).
   at: has_alternative_tile (scene/resources/2d/tile_set.cpp:5437)
ERROR: TileSetAtlasSource has no tile at (27, 21).
   at: create_alternative_tile (scene/resources/2d/tile_set.cpp:5385)
ERROR: Cannot create tile. The tile is outside the texture or tiles are already present in the space the tile would cover.
   at: create_tile (scene/resources/2d/tile_set.cpp:4985)
ERROR: The TileSetAtlasSource atlas has no tile at (28, 21).
   at: has_alternative_tile (scene/resources/2d/tile_set.cpp:5437)
ERROR: TileSetAtlasSource has no tile at (28, 21).
   at: create_alternative_tile (scene/resources/2d/tile_set.cpp:5385)
ERROR: Cannot create tile. The tile is outside the texture or tiles are already present in the space the tile would cover.
   at: create_tile (scene/resources/2d/tile_set.cpp:4985)
ERROR: The TileSetAtlasSource atlas has no tile at (2, 22).
   at: has_alternative_tile (scene/resources/2d/tile_set.cpp:5437)
ERROR: TileSetAtlasSource has no tile at (2, 22).
   at: create_alternative_tile (scene/resources/2d/tile_set.cpp:5385)
ERROR: Cannot create tile. The tile is outside the texture or tiles are already present in the space the tile would cover.
   at: create_tile (scene/resources/2d/tile_set.cpp:4985)
ERROR: The TileSetAtlasSource atlas has no tile at (3, 22).
   at: has_alternative_tile (scene/resources/2d/tile_set.cpp:5437)
ERROR: TileSetAtlasSource has no tile at (3, 22).
   at: create_alternative_tile (scene/resources/2d/tile_set.cpp:5385)
ERROR: Cannot create tile. The tile is outside the texture or tiles are already present in the space the tile would cover.
   at: create_tile (scene/resources/2d/tile_set.cpp:4985)
ERROR: The TileSetAtlasSource atlas has no tile at (4, 22).
   at: has_alternative_tile (scene/resources/2d/tile_set.cpp:5437)
ERROR: TileSetAtlasSource has no tile at (4, 22).
   at: create_alternative_tile (scene/resources/2d/tile_set.cpp:5385)
ERROR: Cannot create tile. The tile is outside the texture or tiles are already present in the space the tile would cover.
   at: create_tile (scene/resources/2d/tile_set.cpp:4985)
ERROR: The TileSetAtlasSource atlas has no tile at (5, 22).
   at: has_alternative_tile (scene/resources/2d/tile_set.cpp:5437)
ERROR: TileSetAtlasSource has no tile at (5, 22).
   at: create_alternative_tile (scene/resources/2d/tile_set.cpp:5385)
ERROR: Cannot create tile. The tile is outside the texture or tiles are already present in the space the tile would cover.
   at: create_tile (scene/resources/2d/tile_set.cpp:4985)
ERROR: The TileSetAtlasSource atlas has no tile at (6, 22).
   at: has_alternative_tile (scene/resources/2d/tile_set.cpp:5437)
ERROR: TileSetAtlasSource has no tile at (6, 22).
   at: create_alternative_tile (scene/resources/2d/tile_set.cpp:5385)
ERROR: Cannot create tile. The tile is outside the texture or tiles are already present in the space the tile would cover.
   at: create_tile (scene/resources/2d/tile_set.cpp:4985)
ERROR: The TileSetAtlasSource atlas has no tile at (7, 22).
   at: has_alternative_tile (scene/resources/2d/tile_set.cpp:5437)
ERROR: TileSetAtlasSource has no tile at (7, 22).
   at: create_alternative_tile (scene/resources/2d/tile_set.cpp:5385)
ERROR: Cannot create tile. The tile is outside the texture or tiles are already present in the space the tile would cover.
   at: create_tile (scene/resources/2d/tile_set.cpp:4985)
ERROR: The TileSetAtlasSource atlas has no tile at (8, 22).
   at: has_alternative_tile (scene/resources/2d/tile_set.cpp:5437)
ERROR: TileSetAtlasSource has no tile at (8, 22).
   at: create_alternative_tile (scene/resources/2d/tile_set.cpp:5385)
ERROR: Cannot create tile. The tile is outside the texture or tiles are already present in the space the tile would cover.
   at: create_tile (scene/resources/2d/tile_set.cpp:4985)
ERROR: The TileSetAtlasSource atlas has no tile at (9, 22).
   at: has_alternative_tile (scene/resources/2d/tile_set.cpp:5437)
ERROR: TileSetAtlasSource has no tile at (9, 22).
   at: create_alternative_tile (scene/resources/2d/tile_set.cpp:5385)
ERROR: Cannot create tile. The tile is outside the texture or tiles are already present in the space the tile would cover.
   at: create_tile (scene/resources/2d/tile_set.cpp:4985)
ERROR: The TileSetAtlasSource atlas has no tile at (10, 22).
   at: has_alternative_tile (scene/resources/2d/tile_set.cpp:5437)
ERROR: TileSetAtlasSource has no tile at (10, 22).
   at: create_alternative_tile (scene/resources/2d/tile_set.cpp:5385)
ERROR: Cannot create tile. The tile is outside the texture or tiles are already present in the space the tile would cover.
   at: create_tile (scene/resources/2d/tile_set.cpp:4985)
ERROR: The TileSetAtlasSource atlas has no tile at (11, 22).
   at: has_alternative_tile (scene/resources/2d/tile_set.cpp:5437)
ERROR: TileSetAtlasSource has no tile at (11, 22).
   at: create_alternative_tile (scene/resources/2d/tile_set.cpp:5385)
ERROR: Cannot create tile. The tile is outside the texture or tiles are already present in the space the tile would cover.
   at: create_tile (scene/resources/2d/tile_set.cpp:4985)
ERROR: The TileSetAtlasSource atlas has no tile at (12, 22).
   at: has_alternative_tile (scene/resources/2d/tile_set.cpp:5437)
ERROR: TileSetAtlasSource has no tile at (12, 22).
   at: create_alternative_tile (scene/resources/2d/tile_set.cpp:5385)
ERROR: Cannot create tile. The tile is outside the texture or tiles are already present in the space the tile would cover.
   at: create_tile (scene/resources/2d/tile_set.cpp:4985)
ERROR: The TileSetAtlasSource atlas has no tile at (13, 22).
   at: has_alternative_tile (scene/resources/2d/tile_set.cpp:5437)
ERROR: TileSetAtlasSource has no tile at (13, 22).
   at: create_alternative_tile (scene/resources/2d/tile_set.cpp:5385)
ERROR: Cannot create tile. The tile is outside the texture or tiles are already present in the space the tile would cover.
   at: create_tile (scene/resources/2d/tile_set.cpp:4985)
ERROR: The TileSetAtlasSource atlas has no tile at (14, 22).
   at: has_alternative_tile (scene/resources/2d/tile_set.cpp:5437)
ERROR: TileSetAtlasSource has no tile at (14, 22).
   at: create_alternative_tile (scene/resources/2d/tile_set.cpp:5385)
ERROR: Cannot create tile. The tile is outside the texture or tiles are already present in the space the tile would cover.
   at: create_tile (scene/resources/2d/tile_set.cpp:4985)
ERROR: The TileSetAtlasSource atlas has no tile at (15, 22).
   at: has_alternative_tile (scene/resources/2d/tile_set.cpp:5437)
ERROR: TileSetAtlasSource has no tile at (15, 22).
   at: create_alternative_tile (scene/resources/2d/tile_set.cpp:5385)
ERROR: Cannot create tile. The tile is outside the texture or tiles are already present in the space the tile would cover.
   at: create_tile (scene/resources/2d/tile_set.cpp:4985)
ERROR: The TileSetAtlasSource atlas has no tile at (16, 22).
   at: has_alternative_tile (scene/resources/2d/tile_set.cpp:5437)
ERROR: TileSetAtlasSource has no tile at (16, 22).
   at: create_alternative_tile (scene/resources/2d/tile_set.cpp:5385)
ERROR: Cannot create tile. The tile is outside the texture or tiles are already present in the space the tile would cover.
   at: create_tile (scene/resources/2d/tile_set.cpp:4985)
ERROR: The TileSetAtlasSource atlas has no tile at (17, 22).
   at: has_alternative_tile (scene/resources/2d/tile_set.cpp:5437)
ERROR: TileSetAtlasSource has no tile at (17, 22).
   at: create_alternative_tile (scene/resources/2d/tile_set.cpp:5385)
ERROR: Cannot create tile. The tile is outside the texture or tiles are already present in the space the tile would cover.
   at: create_tile (scene/resources/2d/tile_set.cpp:4985)
ERROR: The TileSetAtlasSource atlas has no tile at (18, 22).
   at: has_alternative_tile (scene/resources/2d/tile_set.cpp:5437)
ERROR: TileSetAtlasSource has no tile at (18, 22).
   at: create_alternative_tile (scene/resources/2d/tile_set.cpp:5385)
ERROR: Cannot create tile. The tile is outside the texture or tiles are already present in the space the tile would cover.
   at: create_tile (scene/resources/2d/tile_set.cpp:4985)
ERROR: The TileSetAtlasSource atlas has no tile at (19, 22).
   at: has_alternative_tile (scene/resources/2d/tile_set.cpp:5437)
ERROR: TileSetAtlasSource has no tile at (19, 22).
   at: create_alternative_tile (scene/resources/2d/tile_set.cpp:5385)
ERROR: Cannot create tile. The tile is outside the texture or tiles are already present in the space the tile would cover.
   at: create_tile (scene/resources/2d/tile_set.cpp:4985)
ERROR: The TileSetAtlasSource atlas has no tile at (20, 22).
   at: has_alternative_tile (scene/resources/2d/tile_set.cpp:5437)
ERROR: TileSetAtlasSource has no tile at (20, 22).
   at: create_alternative_tile (scene/resources/2d/tile_set.cpp:5385)
ERROR: Cannot create tile. The tile is outside the texture or tiles are already present in the space the tile would cover.
   at: create_tile (scene/resources/2d/tile_set.cpp:4985)
ERROR: The TileSetAtlasSource atlas has no tile at (21, 22).
   at: has_alternative_tile (scene/resources/2d/tile_set.cpp:5437)
ERROR: TileSetAtlasSource has no tile at (21, 22).
   at: create_alternative_tile (scene/resources/2d/tile_set.cpp:5385)
ERROR: Cannot create tile. The tile is outside the texture or tiles are already present in the space the tile would cover.
   at: create_tile (scene/resources/2d/tile_set.cpp:4985)
ERROR: The TileSetAtlasSource atlas has no tile at (22, 22).
   at: has_alternative_tile (scene/resources/2d/tile_set.cpp:5437)
ERROR: TileSetAtlasSource has no tile at (22, 22).
   at: create_alternative_tile (scene/resources/2d/tile_set.cpp:5385)
ERROR: Cannot create tile. The tile is outside the texture or tiles are already present in the space the tile would cover.
   at: create_tile (scene/resources/2d/tile_set.cpp:4985)
ERROR: The TileSetAtlasSource atlas has no tile at (23, 22).
   at: has_alternative_tile (scene/resources/2d/tile_set.cpp:5437)
ERROR: TileSetAtlasSource has no tile at (23, 22).
   at: create_alternative_tile (scene/resources/2d/tile_set.cpp:5385)
ERROR: Cannot create tile. The tile is outside the texture or tiles are already present in the space the tile would cover.
   at: create_tile (scene/resources/2d/tile_set.cpp:4985)
ERROR: The TileSetAtlasSource atlas has no tile at (24, 22).
   at: has_alternative_tile (scene/resources/2d/tile_set.cpp:5437)
ERROR: TileSetAtlasSource has no tile at (24, 22).
   at: create_alternative_tile (scene/resources/2d/tile_set.cpp:5385)
ERROR: Cannot create tile. The tile is outside the texture or tiles are already present in the space the tile would cover.
   at: create_tile (scene/resources/2d/tile_set.cpp:4985)
ERROR: The TileSetAtlasSource atlas has no tile at (25, 22).
   at: has_alternative_tile (scene/resources/2d/tile_set.cpp:5437)
ERROR: TileSetAtlasSource has no tile at (25, 22).
   at: create_alternative_tile (scene/resources/2d/tile_set.cpp:5385)
ERROR: Cannot create tile. The tile is outside the texture or tiles are already present in the space the tile would cover.
   at: create_tile (scene/resources/2d/tile_set.cpp:4985)
ERROR: The TileSetAtlasSource atlas has no tile at (26, 22).
   at: has_alternative_tile (scene/resources/2d/tile_set.cpp:5437)
ERROR: TileSetAtlasSource has no tile at (26, 22).
   at: create_alternative_tile (scene/resources/2d/tile_set.cpp:5385)
ERROR: Cannot create tile. The tile is outside the texture or tiles are already present in the space the tile would cover.
   at: create_tile (scene/resources/2d/tile_set.cpp:4985)
ERROR: The TileSetAtlasSource atlas has no tile at (27, 22).
   at: has_alternative_tile (scene/resources/2d/tile_set.cpp:5437)
ERROR: TileSetAtlasSource has no tile at (27, 22).
   at: create_alternative_tile (scene/resources/2d/tile_set.cpp:5385)
ERROR: Cannot create tile. The tile is outside the texture or tiles are already present in the space the tile would cover.
   at: create_tile (scene/resources/2d/tile_set.cpp:4985)
ERROR: The TileSetAtlasSource atlas has no tile at (28, 22).
   at: has_alternative_tile (scene/resources/2d/tile_set.cpp:5437)
ERROR: TileSetAtlasSource has no tile at (28, 22).
   at: create_alternative_tile (scene/resources/2d/tile_set.cpp:5385)
ERROR: Cannot create tile. The tile is outside the texture or tiles are already present in the space the tile would cover.
   at: create_tile (scene/resources/2d/tile_set.cpp:4985)
ERROR: The TileSetAtlasSource atlas has no tile at (29, 22).
   at: has_alternative_tile (scene/resources/2d/tile_set.cpp:5437)
ERROR: TileSetAtlasSource has no tile at (29, 22).
   at: create_alternative_tile (scene/resources/2d/tile_set.cpp:5385)
ERROR: Cannot create tile. The tile is outside the texture or tiles are already present in the space the tile would cover.
   at: create_tile (scene/resources/2d/tile_set.cpp:4985)
ERROR: The TileSetAtlasSource atlas has no tile at (3, 23).
   at: has_alternative_tile (scene/resources/2d/tile_set.cpp:5437)
ERROR: TileSetAtlasSource has no tile at (3, 23).
   at: create_alternative_tile (scene/resources/2d/tile_set.cpp:5385)
ERROR: Cannot create tile. The tile is outside the texture or tiles are already present in the space the tile would cover.
   at: create_tile (scene/resources/2d/tile_set.cpp:4985)
ERROR: The TileSetAtlasSource atlas has no tile at (4, 23).
   at: has_alternative_tile (scene/resources/2d/tile_set.cpp:5437)
ERROR: TileSetAtlasSource has no tile at (4, 23).
   at: create_alternative_tile (scene/resources/2d/tile_set.cpp:5385)
ERROR: Cannot create tile. The tile is outside the texture or tiles are already present in the space the tile would cover.
   at: create_tile (scene/resources/2d/tile_set.cpp:4985)
ERROR: The TileSetAtlasSource atlas has no tile at (5, 23).
   at: has_alternative_tile (scene/resources/2d/tile_set.cpp:5437)
ERROR: TileSetAtlasSource has no tile at (5, 23).
   at: create_alternative_tile (scene/resources/2d/tile_set.cpp:5385)
ERROR: Cannot create tile. The tile is outside the texture or tiles are already present in the space the tile would cover.
   at: create_tile (scene/resources/2d/tile_set.cpp:4985)
ERROR: The TileSetAtlasSource atlas has no tile at (6, 23).
   at: has_alternative_tile (scene/resources/2d/tile_set.cpp:5437)
ERROR: TileSetAtlasSource has no tile at (6, 23).
   at: create_alternative_tile (scene/resources/2d/tile_set.cpp:5385)
ERROR: Cannot create tile. The tile is outside the texture or tiles are already present in the space the tile would cover.
   at: create_tile (scene/resources/2d/tile_set.cpp:4985)
ERROR: The TileSetAtlasSource atlas has no tile at (7, 23).
   at: has_alternative_tile (scene/resources/2d/tile_set.cpp:5437)
ERROR: TileSetAtlasSource has no tile at (7, 23).
   at: create_alternative_tile (scene/resources/2d/tile_set.cpp:5385)
ERROR: Cannot create tile. The tile is outside the texture or tiles are already present in the space the tile would cover.
   at: create_tile (scene/resources/2d/tile_set.cpp:4985)
ERROR: The TileSetAtlasSource atlas has no tile at (8, 23).
   at: has_alternative_tile (scene/resources/2d/tile_set.cpp:5437)
ERROR: TileSetAtlasSource has no tile at (8, 23).
   at: create_alternative_tile (scene/resources/2d/tile_set.cpp:5385)
ERROR: Cannot create tile. The tile is outside the texture or tiles are already present in the space the tile would cover.
   at: create_tile (scene/resources/2d/tile_set.cpp:4985)
ERROR: The TileSetAtlasSource atlas has no tile at (9, 23).
   at: has_alternative_tile (scene/resources/2d/tile_set.cpp:5437)
ERROR: TileSetAtlasSource has no tile at (9, 23).
   at: create_alternative_tile (scene/resources/2d/tile_set.cpp:5385)
ERROR: Cannot create tile. The tile is outside the texture or tiles are already present in the space the tile would cover.
   at: create_tile (scene/resources/2d/tile_set.cpp:4985)
ERROR: The TileSetAtlasSource atlas has no tile at (10, 23).
   at: has_alternative_tile (scene/resources/2d/tile_set.cpp:5437)
ERROR: TileSetAtlasSource has no tile at (10, 23).
   at: create_alternative_tile (scene/resources/2d/tile_set.cpp:5385)
ERROR: Cannot create tile. The tile is outside the texture or tiles are already present in the space the tile would cover.
   at: create_tile (scene/resources/2d/tile_set.cpp:4985)
ERROR: The TileSetAtlasSource atlas has no tile at (11, 23).
   at: has_alternative_tile (scene/resources/2d/tile_set.cpp:5437)
ERROR: TileSetAtlasSource has no tile at (11, 23).
   at: create_alternative_tile (scene/resources/2d/tile_set.cpp:5385)
ERROR: Cannot create tile. The tile is outside the texture or tiles are already present in the space the tile would cover.
   at: create_tile (scene/resources/2d/tile_set.cpp:4985)
ERROR: The TileSetAtlasSource atlas has no tile at (12, 23).
   at: has_alternative_tile (scene/resources/2d/tile_set.cpp:5437)
ERROR: TileSetAtlasSource has no tile at (12, 23).
   at: create_alternative_tile (scene/resources/2d/tile_set.cpp:5385)
ERROR: Cannot create tile. The tile is outside the texture or tiles are already present in the space the tile would cover.
   at: create_tile (scene/resources/2d/tile_set.cpp:4985)
ERROR: The TileSetAtlasSource atlas has no tile at (13, 23).
   at: has_alternative_tile (scene/resources/2d/tile_set.cpp:5437)
ERROR: TileSetAtlasSource has no tile at (13, 23).
   at: create_alternative_tile (scene/resources/2d/tile_set.cpp:5385)
ERROR: Cannot create tile. The tile is outside the texture or tiles are already present in the space the tile would cover.
   at: create_tile (scene/resources/2d/tile_set.cpp:4985)
ERROR: The TileSetAtlasSource atlas has no tile at (14, 23).
   at: has_alternative_tile (scene/resources/2d/tile_set.cpp:5437)
ERROR: TileSetAtlasSource has no tile at (14, 23).
   at: create_alternative_tile (scene/resources/2d/tile_set.cpp:5385)
ERROR: Cannot create tile. The tile is outside the texture or tiles are already present in the space the tile would cover.
   at: create_tile (scene/resources/2d/tile_set.cpp:4985)
ERROR: The TileSetAtlasSource atlas has no tile at (15, 23).
   at: has_alternative_tile (scene/resources/2d/tile_set.cpp:5437)
ERROR: TileSetAtlasSource has no tile at (15, 23).
   at: create_alternative_tile (scene/resources/2d/tile_set.cpp:5385)
ERROR: Cannot create tile. The tile is outside the texture or tiles are already present in the space the tile would cover.
   at: create_tile (scene/resources/2d/tile_set.cpp:4985)
ERROR: The TileSetAtlasSource atlas has no tile at (16, 23).
   at: has_alternative_tile (scene/resources/2d/tile_set.cpp:5437)
ERROR: TileSetAtlasSource has no tile at (16, 23).
   at: create_alternative_tile (scene/resources/2d/tile_set.cpp:5385)
ERROR: Cannot create tile. The tile is outside the texture or tiles are already present in the space the tile would cover.
   at: create_tile (scene/resources/2d/tile_set.cpp:4985)
ERROR: The TileSetAtlasSource atlas has no tile at (17, 23).
   at: has_alternative_tile (scene/resources/2d/tile_set.cpp:5437)
ERROR: TileSetAtlasSource has no tile at (17, 23).
   at: create_alternative_tile (scene/resources/2d/tile_set.cpp:5385)
ERROR: Cannot create tile. The tile is outside the texture or tiles are already present in the space the tile would cover.
   at: create_tile (scene/resources/2d/tile_set.cpp:4985)
ERROR: The TileSetAtlasSource atlas has no tile at (18, 23).
   at: has_alternative_tile (scene/resources/2d/tile_set.cpp:5437)
ERROR: TileSetAtlasSource has no tile at (18, 23).
   at: create_alternative_tile (scene/resources/2d/tile_set.cpp:5385)
ERROR: Cannot create tile. The tile is outside the texture or tiles are already present in the space the tile would cover.
   at: create_tile (scene/resources/2d/tile_set.cpp:4985)
ERROR: The TileSetAtlasSource atlas has no tile at (19, 23).
   at: has_alternative_tile (scene/resources/2d/tile_set.cpp:5437)
ERROR: TileSetAtlasSource has no tile at (19, 23).
   at: create_alternative_tile (scene/resources/2d/tile_set.cpp:5385)
ERROR: Cannot create tile. The tile is outside the texture or tiles are already present in the space the tile would cover.
   at: create_tile (scene/resources/2d/tile_set.cpp:4985)
ERROR: The TileSetAtlasSource atlas has no tile at (20, 23).
   at: has_alternative_tile (scene/resources/2d/tile_set.cpp:5437)
ERROR: TileSetAtlasSource has no tile at (20, 23).
   at: create_alternative_tile (scene/resources/2d/tile_set.cpp:5385)
ERROR: Cannot create tile. The tile is outside the texture or tiles are already present in the space the tile would cover.
   at: create_tile (scene/resources/2d/tile_set.cpp:4985)
ERROR: The TileSetAtlasSource atlas has no tile at (21, 23).
   at: has_alternative_tile (scene/resources/2d/tile_set.cpp:5437)
ERROR: TileSetAtlasSource has no tile at (21, 23).
   at: create_alternative_tile (scene/resources/2d/tile_set.cpp:5385)
ERROR: Cannot create tile. The tile is outside the texture or tiles are already present in the space the tile would cover.
   at: create_tile (scene/resources/2d/tile_set.cpp:4985)
ERROR: The TileSetAtlasSource atlas has no tile at (22, 23).
   at: has_alternative_tile (scene/resources/2d/tile_set.cpp:5437)
ERROR: TileSetAtlasSource has no tile at (22, 23).
   at: create_alternative_tile (scene/resources/2d/tile_set.cpp:5385)
ERROR: Cannot create tile. The tile is outside the texture or tiles are already present in the space the tile would cover.
   at: create_tile (scene/resources/2d/tile_set.cpp:4985)
ERROR: The TileSetAtlasSource atlas has no tile at (23, 23).
   at: has_alternative_tile (scene/resources/2d/tile_set.cpp:5437)
ERROR: TileSetAtlasSource has no tile at (23, 23).
   at: create_alternative_tile (scene/resources/2d/tile_set.cpp:5385)
ERROR: Cannot create tile. The tile is outside the texture or tiles are already present in the space the tile would cover.
   at: create_tile (scene/resources/2d/tile_set.cpp:4985)
ERROR: The TileSetAtlasSource atlas has no tile at (24, 23).
   at: has_alternative_tile (scene/resources/2d/tile_set.cpp:5437)
ERROR: TileSetAtlasSource has no tile at (24, 23).
   at: create_alternative_tile (scene/resources/2d/tile_set.cpp:5385)
ERROR: Cannot create tile. The tile is outside the texture or tiles are already present in the space the tile would cover.
   at: create_tile (scene/resources/2d/tile_set.cpp:4985)
ERROR: The TileSetAtlasSource atlas has no tile at (25, 23).
   at: has_alternative_tile (scene/resources/2d/tile_set.cpp:5437)
ERROR: TileSetAtlasSource has no tile at (25, 23).
   at: create_alternative_tile (scene/resources/2d/tile_set.cpp:5385)
ERROR: Cannot create tile. The tile is outside the texture or tiles are already present in the space the tile would cover.
   at: create_tile (scene/resources/2d/tile_set.cpp:4985)
ERROR: The TileSetAtlasSource atlas has no tile at (26, 23).
   at: has_alternative_tile (scene/resources/2d/tile_set.cpp:5437)
ERROR: TileSetAtlasSource has no tile at (26, 23).
   at: create_alternative_tile (scene/resources/2d/tile_set.cpp:5385)
ERROR: Cannot create tile. The tile is outside the texture or tiles are already present in the space the tile would cover.
   at: create_tile (scene/resources/2d/tile_set.cpp:4985)
ERROR: The TileSetAtlasSource atlas has no tile at (27, 23).
   at: has_alternative_tile (scene/resources/2d/tile_set.cpp:5437)
ERROR: TileSetAtlasSource has no tile at (27, 23).
   at: create_alternative_tile (scene/resources/2d/tile_set.cpp:5385)
ERROR: Cannot create tile. The tile is outside the texture or tiles are already present in the space the tile would cover.
   at: create_tile (scene/resources/2d/tile_set.cpp:4985)
ERROR: The TileSetAtlasSource atlas has no tile at (28, 23).
   at: has_alternative_tile (scene/resources/2d/tile_set.cpp:5437)
ERROR: TileSetAtlasSource has no tile at (28, 23).
   at: create_alternative_tile (scene/resources/2d/tile_set.cpp:5385)
ERROR: Cannot create tile. The tile is outside the texture or tiles are already present in the space the tile would cover.
   at: create_tile (scene/resources/2d/tile_set.cpp:4985)
ERROR: The TileSetAtlasSource atlas has no tile at (3, 24).
   at: has_alternative_tile (scene/resources/2d/tile_set.cpp:5437)
ERROR: TileSetAtlasSource has no tile at (3, 24).
   at: create_alternative_tile (scene/resources/2d/tile_set.cpp:5385)
ERROR: Cannot create tile. The tile is outside the texture or tiles are already present in the space the tile would cover.
   at: create_tile (scene/resources/2d/tile_set.cpp:4985)
ERROR: The TileSetAtlasSource atlas has no tile at (4, 24).
   at: has_alternative_tile (scene/resources/2d/tile_set.cpp:5437)
ERROR: TileSetAtlasSource has no tile at (4, 24).
   at: create_alternative_tile (scene/resources/2d/tile_set.cpp:5385)
ERROR: Cannot create tile. The tile is outside the texture or tiles are already present in the space the tile would cover.
   at: create_tile (scene/resources/2d/tile_set.cpp:4985)
ERROR: The TileSetAtlasSource atlas has no tile at (5, 24).
   at: has_alternative_tile (scene/resources/2d/tile_set.cpp:5437)
ERROR: TileSetAtlasSource has no tile at (5, 24).
   at: create_alternative_tile (scene/resources/2d/tile_set.cpp:5385)
ERROR: Cannot create tile. The tile is outside the texture or tiles are already present in the space the tile would cover.
   at: create_tile (scene/resources/2d/tile_set.cpp:4985)
ERROR: The TileSetAtlasSource atlas has no tile at (6, 24).
   at: has_alternative_tile (scene/resources/2d/tile_set.cpp:5437)
ERROR: TileSetAtlasSource has no tile at (6, 24).
   at: create_alternative_tile (scene/resources/2d/tile_set.cpp:5385)
ERROR: Cannot create tile. The tile is outside the texture or tiles are already present in the space the tile would cover.
   at: create_tile (scene/resources/2d/tile_set.cpp:4985)
ERROR: The TileSetAtlasSource atlas has no tile at (7, 24).
   at: has_alternative_tile (scene/resources/2d/tile_set.cpp:5437)
ERROR: TileSetAtlasSource has no tile at (7, 24).
   at: create_alternative_tile (scene/resources/2d/tile_set.cpp:5385)
ERROR: Cannot create tile. The tile is outside the texture or tiles are already present in the space the tile would cover.
   at: create_tile (scene/resources/2d/tile_set.cpp:4985)
ERROR: The TileSetAtlasSource atlas has no tile at (8, 24).
   at: has_alternative_tile (scene/resources/2d/tile_set.cpp:5437)
ERROR: TileSetAtlasSource has no tile at (8, 24).
   at: create_alternative_tile (scene/resources/2d/tile_set.cpp:5385)
ERROR: Cannot create tile. The tile is outside the texture or tiles are already present in the space the tile would cover.
   at: create_tile (scene/resources/2d/tile_set.cpp:4985)
ERROR: The TileSetAtlasSource atlas has no tile at (9, 24).
   at: has_alternative_tile (scene/resources/2d/tile_set.cpp:5437)
ERROR: TileSetAtlasSource has no tile at (9, 24).
   at: create_alternative_tile (scene/resources/2d/tile_set.cpp:5385)
ERROR: Cannot create tile. The tile is outside the texture or tiles are already present in the space the tile would cover.
   at: create_tile (scene/resources/2d/tile_set.cpp:4985)
ERROR: The TileSetAtlasSource atlas has no tile at (10, 24).
   at: has_alternative_tile (scene/resources/2d/tile_set.cpp:5437)
ERROR: TileSetAtlasSource has no tile at (10, 24).
   at: create_alternative_tile (scene/resources/2d/tile_set.cpp:5385)
ERROR: Cannot create tile. The tile is outside the texture or tiles are already present in the space the tile would cover.
   at: create_tile (scene/resources/2d/tile_set.cpp:4985)
ERROR: The TileSetAtlasSource atlas has no tile at (11, 24).
   at: has_alternative_tile (scene/resources/2d/tile_set.cpp:5437)
ERROR: TileSetAtlasSource has no tile at (11, 24).
   at: create_alternative_tile (scene/resources/2d/tile_set.cpp:5385)
ERROR: Cannot create tile. The tile is outside the texture or tiles are already present in the space the tile would cover.
   at: create_tile (scene/resources/2d/tile_set.cpp:4985)
ERROR: The TileSetAtlasSource atlas has no tile at (12, 24).
   at: has_alternative_tile (scene/resources/2d/tile_set.cpp:5437)
ERROR: TileSetAtlasSource has no tile at (12, 24).
   at: create_alternative_tile (scene/resources/2d/tile_set.cpp:5385)
ERROR: Cannot create tile. The tile is outside the texture or tiles are already present in the space the tile would cover.
   at: create_tile (scene/resources/2d/tile_set.cpp:4985)
ERROR: The TileSetAtlasSource atlas has no tile at (13, 24).
   at: has_alternative_tile (scene/resources/2d/tile_set.cpp:5437)
ERROR: TileSetAtlasSource has no tile at (13, 24).
   at: create_alternative_tile (scene/resources/2d/tile_set.cpp:5385)
ERROR: Cannot create tile. The tile is outside the texture or tiles are already present in the space the tile would cover.
   at: create_tile (scene/resources/2d/tile_set.cpp:4985)
ERROR: The TileSetAtlasSource atlas has no tile at (14, 24).
   at: has_alternative_tile (scene/resources/2d/tile_set.cpp:5437)
ERROR: TileSetAtlasSource has no tile at (14, 24).
   at: create_alternative_tile (scene/resources/2d/tile_set.cpp:5385)
ERROR: Cannot create tile. The tile is outside the texture or tiles are already present in the space the tile would cover.
   at: create_tile (scene/resources/2d/tile_set.cpp:4985)
ERROR: The TileSetAtlasSource atlas has no tile at (15, 24).
   at: has_alternative_tile (scene/resources/2d/tile_set.cpp:5437)
ERROR: TileSetAtlasSource has no tile at (15, 24).
   at: create_alternative_tile (scene/resources/2d/tile_set.cpp:5385)
ERROR: Cannot create tile. The tile is outside the texture or tiles are already present in the space the tile would cover.
   at: create_tile (scene/resources/2d/tile_set.cpp:4985)
ERROR: The TileSetAtlasSource atlas has no tile at (16, 24).
   at: has_alternative_tile (scene/resources/2d/tile_set.cpp:5437)
ERROR: TileSetAtlasSource has no tile at (16, 24).
   at: create_alternative_tile (scene/resources/2d/tile_set.cpp:5385)
ERROR: Cannot create tile. The tile is outside the texture or tiles are already present in the space the tile would cover.
   at: create_tile (scene/resources/2d/tile_set.cpp:4985)
ERROR: The TileSetAtlasSource atlas has no tile at (17, 24).
   at: has_alternative_tile (scene/resources/2d/tile_set.cpp:5437)
ERROR: TileSetAtlasSource has no tile at (17, 24).
   at: create_alternative_tile (scene/resources/2d/tile_set.cpp:5385)
ERROR: Cannot create tile. The tile is outside the texture or tiles are already present in the space the tile would cover.
   at: create_tile (scene/resources/2d/tile_set.cpp:4985)
ERROR: The TileSetAtlasSource atlas has no tile at (18, 24).
   at: has_alternative_tile (scene/resources/2d/tile_set.cpp:5437)
ERROR: TileSetAtlasSource has no tile at (18, 24).
   at: create_alternative_tile (scene/resources/2d/tile_set.cpp:5385)
ERROR: Cannot create tile. The tile is outside the texture or tiles are already present in the space the tile would cover.
   at: create_tile (scene/resources/2d/tile_set.cpp:4985)
ERROR: The TileSetAtlasSource atlas has no tile at (19, 24).
   at: has_alternative_tile (scene/resources/2d/tile_set.cpp:5437)
ERROR: TileSetAtlasSource has no tile at (19, 24).
   at: create_alternative_tile (scene/resources/2d/tile_set.cpp:5385)
ERROR: Cannot create tile. The tile is outside the texture or tiles are already present in the space the tile would cover.
   at: create_tile (scene/resources/2d/tile_set.cpp:4985)
ERROR: The TileSetAtlasSource atlas has no tile at (20, 24).
   at: has_alternative_tile (scene/resources/2d/tile_set.cpp:5437)
ERROR: TileSetAtlasSource has no tile at (20, 24).
   at: create_alternative_tile (scene/resources/2d/tile_set.cpp:5385)
ERROR: Cannot create tile. The tile is outside the texture or tiles are already present in the space the tile would cover.
   at: create_tile (scene/resources/2d/tile_set.cpp:4985)
ERROR: The TileSetAtlasSource atlas has no tile at (21, 24).
   at: has_alternative_tile (scene/resources/2d/tile_set.cpp:5437)
ERROR: TileSetAtlasSource has no tile at (21, 24).
   at: create_alternative_tile (scene/resources/2d/tile_set.cpp:5385)
ERROR: Cannot create tile. The tile is outside the texture or tiles are already present in the space the tile would cover.
   at: create_tile (scene/resources/2d/tile_set.cpp:4985)
ERROR: The TileSetAtlasSource atlas has no tile at (22, 24).
   at: has_alternative_tile (scene/resources/2d/tile_set.cpp:5437)
ERROR: TileSetAtlasSource has no tile at (22, 24).
   at: create_alternative_tile (scene/resources/2d/tile_set.cpp:5385)
ERROR: Cannot create tile. The tile is outside the texture or tiles are already present in the space the tile would cover.
   at: create_tile (scene/resources/2d/tile_set.cpp:4985)
ERROR: The TileSetAtlasSource atlas has no tile at (23, 24).
   at: has_alternative_tile (scene/resources/2d/tile_set.cpp:5437)
ERROR: TileSetAtlasSource has no tile at (23, 24).
   at: create_alternative_tile (scene/resources/2d/tile_set.cpp:5385)
ERROR: Cannot create tile. The tile is outside the texture or tiles are already present in the space the tile would cover.
   at: create_tile (scene/resources/2d/tile_set.cpp:4985)
ERROR: The TileSetAtlasSource atlas has no tile at (24, 24).
   at: has_alternative_tile (scene/resources/2d/tile_set.cpp:5437)
ERROR: TileSetAtlasSource has no tile at (24, 24).
   at: create_alternative_tile (scene/resources/2d/tile_set.cpp:5385)
ERROR: Cannot create tile. The tile is outside the texture or tiles are already present in the space the tile would cover.
   at: create_tile (scene/resources/2d/tile_set.cpp:4985)
ERROR: The TileSetAtlasSource atlas has no tile at (25, 24).
   at: has_alternative_tile (scene/resources/2d/tile_set.cpp:5437)
ERROR: TileSetAtlasSource has no tile at (25, 24).
   at: create_alternative_tile (scene/resources/2d/tile_set.cpp:5385)
ERROR: Cannot create tile. The tile is outside the texture or tiles are already present in the space the tile would cover.
   at: create_tile (scene/resources/2d/tile_set.cpp:4985)
ERROR: The TileSetAtlasSource atlas has no tile at (26, 24).
   at: has_alternative_tile (scene/resources/2d/tile_set.cpp:5437)
ERROR: TileSetAtlasSource has no tile at (26, 24).
   at: create_alternative_tile (scene/resources/2d/tile_set.cpp:5385)
ERROR: Cannot create tile. The tile is outside the texture or tiles are already present in the space the tile would cover.
   at: create_tile (scene/resources/2d/tile_set.cpp:4985)
ERROR: The TileSetAtlasSource atlas has no tile at (27, 24).
   at: has_alternative_tile (scene/resources/2d/tile_set.cpp:5437)
ERROR: TileSetAtlasSource has no tile at (27, 24).
   at: create_alternative_tile (scene/resources/2d/tile_set.cpp:5385)
ERROR: Cannot create tile. The tile is outside the texture or tiles are already present in the space the tile would cover.
   at: create_tile (scene/resources/2d/tile_set.cpp:4985)
ERROR: The TileSetAtlasSource atlas has no tile at (5, 25).
   at: has_alternative_tile (scene/resources/2d/tile_set.cpp:5437)
ERROR: TileSetAtlasSource has no tile at (5, 25).
   at: create_alternative_tile (scene/resources/2d/tile_set.cpp:5385)
ERROR: Cannot create tile. The tile is outside the texture or tiles are already present in the space the tile would cover.
   at: create_tile (scene/resources/2d/tile_set.cpp:4985)
ERROR: The TileSetAtlasSource atlas has no tile at (6, 25).
   at: has_alternative_tile (scene/resources/2d/tile_set.cpp:5437)
ERROR: TileSetAtlasSource has no tile at (6, 25).
   at: create_alternative_tile (scene/resources/2d/tile_set.cpp:5385)
ERROR: Cannot create tile. The tile is outside the texture or tiles are already present in the space the tile would cover.
   at: create_tile (scene/resources/2d/tile_set.cpp:4985)
ERROR: The TileSetAtlasSource atlas has no tile at (7, 25).
   at: has_alternative_tile (scene/resources/2d/tile_set.cpp:5437)
ERROR: TileSetAtlasSource has no tile at (7, 25).
   at: create_alternative_tile (scene/resources/2d/tile_set.cpp:5385)
ERROR: Cannot create tile. The tile is outside the texture or tiles are already present in the space the tile would cover.
   at: create_tile (scene/resources/2d/tile_set.cpp:4985)
ERROR: The TileSetAtlasSource atlas has no tile at (8, 25).
   at: has_alternative_tile (scene/resources/2d/tile_set.cpp:5437)
ERROR: TileSetAtlasSource has no tile at (8, 25).
   at: create_alternative_tile (scene/resources/2d/tile_set.cpp:5385)
ERROR: Cannot create tile. The tile is outside the texture or tiles are already present in the space the tile would cover.
   at: create_tile (scene/resources/2d/tile_set.cpp:4985)
ERROR: The TileSetAtlasSource atlas has no tile at (9, 25).
   at: has_alternative_tile (scene/resources/2d/tile_set.cpp:5437)
ERROR: TileSetAtlasSource has no tile at (9, 25).
   at: create_alternative_tile (scene/resources/2d/tile_set.cpp:5385)
ERROR: Cannot create tile. The tile is outside the texture or tiles are already present in the space the tile would cover.
   at: create_tile (scene/resources/2d/tile_set.cpp:4985)
ERROR: The TileSetAtlasSource atlas has no tile at (10, 25).
   at: has_alternative_tile (scene/resources/2d/tile_set.cpp:5437)
ERROR: TileSetAtlasSource has no tile at (10, 25).
   at: create_alternative_tile (scene/resources/2d/tile_set.cpp:5385)
ERROR: Cannot create tile. The tile is outside the texture or tiles are already present in the space the tile would cover.
   at: create_tile (scene/resources/2d/tile_set.cpp:4985)
ERROR: The TileSetAtlasSource atlas has no tile at (11, 25).
   at: has_alternative_tile (scene/resources/2d/tile_set.cpp:5437)
ERROR: TileSetAtlasSource has no tile at (11, 25).
   at: create_alternative_tile (scene/resources/2d/tile_set.cpp:5385)
ERROR: Cannot create tile. The tile is outside the texture or tiles are already present in the space the tile would cover.
   at: create_tile (scene/resources/2d/tile_set.cpp:4985)
ERROR: The TileSetAtlasSource atlas has no tile at (12, 25).
   at: has_alternative_tile (scene/resources/2d/tile_set.cpp:5437)
ERROR: TileSetAtlasSource has no tile at (12, 25).
   at: create_alternative_tile (scene/resources/2d/tile_set.cpp:5385)
ERROR: Cannot create tile. The tile is outside the texture or tiles are already present in the space the tile would cover.
   at: create_tile (scene/resources/2d/tile_set.cpp:4985)
ERROR: The TileSetAtlasSource atlas has no tile at (13, 25).
   at: has_alternative_tile (scene/resources/2d/tile_set.cpp:5437)
ERROR: TileSetAtlasSource has no tile at (13, 25).
   at: create_alternative_tile (scene/resources/2d/tile_set.cpp:5385)
ERROR: Cannot create tile. The tile is outside the texture or tiles are already present in the space the tile would cover.
   at: create_tile (scene/resources/2d/tile_set.cpp:4985)
ERROR: The TileSetAtlasSource atlas has no tile at (14, 25).
   at: has_alternative_tile (scene/resources/2d/tile_set.cpp:5437)
ERROR: TileSetAtlasSource has no tile at (14, 25).
   at: create_alternative_tile (scene/resources/2d/tile_set.cpp:5385)
ERROR: Cannot create tile. The tile is outside the texture or tiles are already present in the space the tile would cover.
   at: create_tile (scene/resources/2d/tile_set.cpp:4985)
ERROR: The TileSetAtlasSource atlas has no tile at (15, 25).
   at: has_alternative_tile (scene/resources/2d/tile_set.cpp:5437)
ERROR: TileSetAtlasSource has no tile at (15, 25).
   at: create_alternative_tile (scene/resources/2d/tile_set.cpp:5385)
ERROR: Cannot create tile. The tile is outside the texture or tiles are already present in the space the tile would cover.
   at: create_tile (scene/resources/2d/tile_set.cpp:4985)
ERROR: The TileSetAtlasSource atlas has no tile at (16, 25).
   at: has_alternative_tile (scene/resources/2d/tile_set.cpp:5437)
ERROR: TileSetAtlasSource has no tile at (16, 25).
   at: create_alternative_tile (scene/resources/2d/tile_set.cpp:5385)
ERROR: Cannot create tile. The tile is outside the texture or tiles are already present in the space the tile would cover.
   at: create_tile (scene/resources/2d/tile_set.cpp:4985)
ERROR: The TileSetAtlasSource atlas has no tile at (17, 25).
   at: has_alternative_tile (scene/resources/2d/tile_set.cpp:5437)
ERROR: TileSetAtlasSource has no tile at (17, 25).
   at: create_alternative_tile (scene/resources/2d/tile_set.cpp:5385)
ERROR: Cannot create tile. The tile is outside the texture or tiles are already present in the space the tile would cover.
   at: create_tile (scene/resources/2d/tile_set.cpp:4985)
ERROR: The TileSetAtlasSource atlas has no tile at (18, 25).
   at: has_alternative_tile (scene/resources/2d/tile_set.cpp:5437)
ERROR: TileSetAtlasSource has no tile at (18, 25).
   at: create_alternative_tile (scene/resources/2d/tile_set.cpp:5385)
ERROR: Cannot create tile. The tile is outside the texture or tiles are already present in the space the tile would cover.
   at: create_tile (scene/resources/2d/tile_set.cpp:4985)
ERROR: The TileSetAtlasSource atlas has no tile at (19, 25).
   at: has_alternative_tile (scene/resources/2d/tile_set.cpp:5437)
ERROR: TileSetAtlasSource has no tile at (19, 25).
   at: create_alternative_tile (scene/resources/2d/tile_set.cpp:5385)
ERROR: Cannot create tile. The tile is outside the texture or tiles are already present in the space the tile would cover.
   at: create_tile (scene/resources/2d/tile_set.cpp:4985)
ERROR: The TileSetAtlasSource atlas has no tile at (20, 25).
   at: has_alternative_tile (scene/resources/2d/tile_set.cpp:5437)
ERROR: TileSetAtlasSource has no tile at (20, 25).
   at: create_alternative_tile (scene/resources/2d/tile_set.cpp:5385)
ERROR: Cannot create tile. The tile is outside the texture or tiles are already present in the space the tile would cover.
   at: create_tile (scene/resources/2d/tile_set.cpp:4985)
ERROR: The TileSetAtlasSource atlas has no tile at (21, 25).
   at: has_alternative_tile (scene/resources/2d/tile_set.cpp:5437)
ERROR: TileSetAtlasSource has no tile at (21, 25).
   at: create_alternative_tile (scene/resources/2d/tile_set.cpp:5385)
ERROR: Cannot create tile. The tile is outside the texture or tiles are already present in the space the tile would cover.
   at: create_tile (scene/resources/2d/tile_set.cpp:4985)
ERROR: The TileSetAtlasSource atlas has no tile at (22, 25).
   at: has_alternative_tile (scene/resources/2d/tile_set.cpp:5437)
ERROR: TileSetAtlasSource has no tile at (22, 25).
   at: create_alternative_tile (scene/resources/2d/tile_set.cpp:5385)
ERROR: Cannot create tile. The tile is outside the texture or tiles are already present in the space the tile would cover.
   at: create_tile (scene/resources/2d/tile_set.cpp:4985)
ERROR: The TileSetAtlasSource atlas has no tile at (23, 25).
   at: has_alternative_tile (scene/resources/2d/tile_set.cpp:5437)
ERROR: TileSetAtlasSource has no tile at (23, 25).
   at: create_alternative_tile (scene/resources/2d/tile_set.cpp:5385)
ERROR: Cannot create tile. The tile is outside the texture or tiles are already present in the space the tile would cover.
   at: create_tile (scene/resources/2d/tile_set.cpp:4985)
ERROR: The TileSetAtlasSource atlas has no tile at (24, 25).
   at: has_alternative_tile (scene/resources/2d/tile_set.cpp:5437)
ERROR: TileSetAtlasSource has no tile at (24, 25).
   at: create_alternative_tile (scene/resources/2d/tile_set.cpp:5385)
ERROR: Cannot create tile. The tile is outside the texture or tiles are already present in the space the tile would cover.
   at: create_tile (scene/resources/2d/tile_set.cpp:4985)
ERROR: The TileSetAtlasSource atlas has no tile at (25, 25).
   at: has_alternative_tile (scene/resources/2d/tile_set.cpp:5437)
ERROR: TileSetAtlasSource has no tile at (25, 25).
   at: create_alternative_tile (scene/resources/2d/tile_set.cpp:5385)
ERROR: Cannot create tile. The tile is outside the texture or tiles are already present in the space the tile would cover.
   at: create_tile (scene/resources/2d/tile_set.cpp:4985)
ERROR: The TileSetAtlasSource atlas has no tile at (26, 25).
   at: has_alternative_tile (scene/resources/2d/tile_set.cpp:5437)
ERROR: TileSetAtlasSource has no tile at (26, 25).
   at: create_alternative_tile (scene/resources/2d/tile_set.cpp:5385)
ERROR: Cannot create tile. The tile is outside the texture or tiles are already present in the space the tile would cover.
   at: create_tile (scene/resources/2d/tile_set.cpp:4985)
ERROR: The TileSetAtlasSource atlas has no tile at (27, 25).
   at: has_alternative_tile (scene/resources/2d/tile_set.cpp:5437)
ERROR: TileSetAtlasSource has no tile at (27, 25).
   at: create_alternative_tile (scene/resources/2d/tile_set.cpp:5385)
ERROR: Cannot create tile. The tile is outside the texture or tiles are already present in the space the tile would cover.
   at: create_tile (scene/resources/2d/tile_set.cpp:4985)
ERROR: The TileSetAtlasSource atlas has no tile at (5, 26).
   at: has_alternative_tile (scene/resources/2d/tile_set.cpp:5437)
ERROR: TileSetAtlasSource has no tile at (5, 26).
   at: create_alternative_tile (scene/resources/2d/tile_set.cpp:5385)
ERROR: Cannot create tile. The tile is outside the texture or tiles are already present in the space the tile would cover.
   at: create_tile (scene/resources/2d/tile_set.cpp:4985)
ERROR: The TileSetAtlasSource atlas has no tile at (6, 26).
   at: has_alternative_tile (scene/resources/2d/tile_set.cpp:5437)
ERROR: TileSetAtlasSource has no tile at (6, 26).
   at: create_alternative_tile (scene/resources/2d/tile_set.cpp:5385)
ERROR: Cannot create tile. The tile is outside the texture or tiles are already present in the space the tile would cover.
   at: create_tile (scene/resources/2d/tile_set.cpp:4985)
ERROR: The TileSetAtlasSource atlas has no tile at (7, 26).
   at: has_alternative_tile (scene/resources/2d/tile_set.cpp:5437)
ERROR: TileSetAtlasSource has no tile at (7, 26).
   at: create_alternative_tile (scene/resources/2d/tile_set.cpp:5385)
ERROR: Cannot create tile. The tile is outside the texture or tiles are already present in the space the tile would cover.
   at: create_tile (scene/resources/2d/tile_set.cpp:4985)
ERROR: The TileSetAtlasSource atlas has no tile at (8, 26).
   at: has_alternative_tile (scene/resources/2d/tile_set.cpp:5437)
ERROR: TileSetAtlasSource has no tile at (8, 26).
   at: create_alternative_tile (scene/resources/2d/tile_set.cpp:5385)
ERROR: Cannot create tile. The tile is outside the texture or tiles are already present in the space the tile would cover.
   at: create_tile (scene/resources/2d/tile_set.cpp:4985)
ERROR: The TileSetAtlasSource atlas has no tile at (9, 26).
   at: has_alternative_tile (scene/resources/2d/tile_set.cpp:5437)
ERROR: TileSetAtlasSource has no tile at (9, 26).
   at: create_alternative_tile (scene/resources/2d/tile_set.cpp:5385)
ERROR: Cannot create tile. The tile is outside the texture or tiles are already present in the space the tile would cover.
   at: create_tile (scene/resources/2d/tile_set.cpp:4985)
ERROR: The TileSetAtlasSource atlas has no tile at (10, 26).
   at: has_alternative_tile (scene/resources/2d/tile_set.cpp:5437)
ERROR: TileSetAtlasSource has no tile at (10, 26).
   at: create_alternative_tile (scene/resources/2d/tile_set.cpp:5385)
ERROR: Cannot create tile. The tile is outside the texture or tiles are already present in the space the tile would cover.
   at: create_tile (scene/resources/2d/tile_set.cpp:4985)
ERROR: The TileSetAtlasSource atlas has no tile at (11, 26).
   at: has_alternative_tile (scene/resources/2d/tile_set.cpp:5437)
ERROR: TileSetAtlasSource has no tile at (11, 26).
   at: create_alternative_tile (scene/resources/2d/tile_set.cpp:5385)
ERROR: Cannot create tile. The tile is outside the texture or tiles are already present in the space the tile would cover.
   at: create_tile (scene/resources/2d/tile_set.cpp:4985)
ERROR: The TileSetAtlasSource atlas has no tile at (12, 26).
   at: has_alternative_tile (scene/resources/2d/tile_set.cpp:5437)
ERROR: TileSetAtlasSource has no tile at (12, 26).
   at: create_alternative_tile (scene/resources/2d/tile_set.cpp:5385)
ERROR: Cannot create tile. The tile is outside the texture or tiles are already present in the space the tile would cover.
   at: create_tile (scene/resources/2d/tile_set.cpp:4985)
ERROR: The TileSetAtlasSource atlas has no tile at (13, 26).
   at: has_alternative_tile (scene/resources/2d/tile_set.cpp:5437)
ERROR: TileSetAtlasSource has no tile at (13, 26).
   at: create_alternative_tile (scene/resources/2d/tile_set.cpp:5385)
ERROR: Cannot create tile. The tile is outside the texture or tiles are already present in the space the tile would cover.
   at: create_tile (scene/resources/2d/tile_set.cpp:4985)
ERROR: The TileSetAtlasSource atlas has no tile at (14, 26).
   at: has_alternative_tile (scene/resources/2d/tile_set.cpp:5437)
ERROR: TileSetAtlasSource has no tile at (14, 26).
   at: create_alternative_tile (scene/resources/2d/tile_set.cpp:5385)
ERROR: Cannot create tile. The tile is outside the texture or tiles are already present in the space the tile would cover.
   at: create_tile (scene/resources/2d/tile_set.cpp:4985)
ERROR: The TileSetAtlasSource atlas has no tile at (15, 26).
   at: has_alternative_tile (scene/resources/2d/tile_set.cpp:5437)
ERROR: TileSetAtlasSource has no tile at (15, 26).
   at: create_alternative_tile (scene/resources/2d/tile_set.cpp:5385)
ERROR: Cannot create tile. The tile is outside the texture or tiles are already present in the space the tile would cover.
   at: create_tile (scene/resources/2d/tile_set.cpp:4985)
ERROR: The TileSetAtlasSource atlas has no tile at (16, 26).
   at: has_alternative_tile (scene/resources/2d/tile_set.cpp:5437)
ERROR: TileSetAtlasSource has no tile at (16, 26).
   at: create_alternative_tile (scene/resources/2d/tile_set.cpp:5385)
ERROR: Cannot create tile. The tile is outside the texture or tiles are already present in the space the tile would cover.
   at: create_tile (scene/resources/2d/tile_set.cpp:4985)
ERROR: The TileSetAtlasSource atlas has no tile at (17, 26).
   at: has_alternative_tile (scene/resources/2d/tile_set.cpp:5437)
ERROR: TileSetAtlasSource has no tile at (17, 26).
   at: create_alternative_tile (scene/resources/2d/tile_set.cpp:5385)
ERROR: Cannot create tile. The tile is outside the texture or tiles are already present in the space the tile would cover.
   at: create_tile (scene/resources/2d/tile_set.cpp:4985)
ERROR: The TileSetAtlasSource atlas has no tile at (18, 26).
   at: has_alternative_tile (scene/resources/2d/tile_set.cpp:5437)
ERROR: TileSetAtlasSource has no tile at (18, 26).
   at: create_alternative_tile (scene/resources/2d/tile_set.cpp:5385)
ERROR: Cannot create tile. The tile is outside the texture or tiles are already present in the space the tile would cover.
   at: create_tile (scene/resources/2d/tile_set.cpp:4985)
ERROR: The TileSetAtlasSource atlas has no tile at (19, 26).
   at: has_alternative_tile (scene/resources/2d/tile_set.cpp:5437)
ERROR: TileSetAtlasSource has no tile at (19, 26).
   at: create_alternative_tile (scene/resources/2d/tile_set.cpp:5385)
ERROR: Cannot create tile. The tile is outside the texture or tiles are already present in the space the tile would cover.
   at: create_tile (scene/resources/2d/tile_set.cpp:4985)
ERROR: The TileSetAtlasSource atlas has no tile at (20, 26).
   at: has_alternative_tile (scene/resources/2d/tile_set.cpp:5437)
ERROR: TileSetAtlasSource has no tile at (20, 26).
   at: create_alternative_tile (scene/resources/2d/tile_set.cpp:5385)
ERROR: Cannot create tile. The tile is outside the texture or tiles are already present in the space the tile would cover.
   at: create_tile (scene/resources/2d/tile_set.cpp:4985)
ERROR: The TileSetAtlasSource atlas has no tile at (21, 26).
   at: has_alternative_tile (scene/resources/2d/tile_set.cpp:5437)
ERROR: TileSetAtlasSource has no tile at (21, 26).
   at: create_alternative_tile (scene/resources/2d/tile_set.cpp:5385)
ERROR: Cannot create tile. The tile is outside the texture or tiles are already present in the space the tile would cover.
   at: create_tile (scene/resources/2d/tile_set.cpp:4985)
ERROR: The TileSetAtlasSource atlas has no tile at (22, 26).
   at: has_alternative_tile (scene/resources/2d/tile_set.cpp:5437)
ERROR: TileSetAtlasSource has no tile at (22, 26).
   at: create_alternative_tile (scene/resources/2d/tile_set.cpp:5385)
ERROR: Cannot create tile. The tile is outside the texture or tiles are already present in the space the tile would cover.
   at: create_tile (scene/resources/2d/tile_set.cpp:4985)
ERROR: The TileSetAtlasSource atlas has no tile at (23, 26).
   at: has_alternative_tile (scene/resources/2d/tile_set.cpp:5437)
ERROR: TileSetAtlasSource has no tile at (23, 26).
   at: create_alternative_tile (scene/resources/2d/tile_set.cpp:5385)
ERROR: Cannot create tile. The tile is outside the texture or tiles are already present in the space the tile would cover.
   at: create_tile (scene/resources/2d/tile_set.cpp:4985)
ERROR: The TileSetAtlasSource atlas has no tile at (24, 26).
   at: has_alternative_tile (scene/resources/2d/tile_set.cpp:5437)
ERROR: TileSetAtlasSource has no tile at (24, 26).
   at: create_alternative_tile (scene/resources/2d/tile_set.cpp:5385)
ERROR: Cannot create tile. The tile is outside the texture or tiles are already present in the space the tile would cover.
   at: create_tile (scene/resources/2d/tile_set.cpp:4985)
ERROR: The TileSetAtlasSource atlas has no tile at (25, 26).
   at: has_alternative_tile (scene/resources/2d/tile_set.cpp:5437)
ERROR: TileSetAtlasSource has no tile at (25, 26).
   at: create_alternative_tile (scene/resources/2d/tile_set.cpp:5385)
ERROR: Cannot create tile. The tile is outside the texture or tiles are already present in the space the tile would cover.
   at: create_tile (scene/resources/2d/tile_set.cpp:4985)
ERROR: The TileSetAtlasSource atlas has no tile at (26, 26).
   at: has_alternative_tile (scene/resources/2d/tile_set.cpp:5437)
ERROR: TileSetAtlasSource has no tile at (26, 26).
   at: create_alternative_tile (scene/resources/2d/tile_set.cpp:5385)
ERROR: Cannot create tile. The tile is outside the texture or tiles are already present in the space the tile would cover.
   at: create_tile (scene/resources/2d/tile_set.cpp:4985)
ERROR: The TileSetAtlasSource atlas has no tile at (5, 27).
   at: has_alternative_tile (scene/resources/2d/tile_set.cpp:5437)
ERROR: TileSetAtlasSource has no tile at (5, 27).
   at: create_alternative_tile (scene/resources/2d/tile_set.cpp:5385)
ERROR: Cannot create tile. The tile is outside the texture or tiles are already present in the space the tile would cover.
   at: create_tile (scene/resources/2d/tile_set.cpp:4985)
ERROR: The TileSetAtlasSource atlas has no tile at (6, 27).
   at: has_alternative_tile (scene/resources/2d/tile_set.cpp:5437)
ERROR: TileSetAtlasSource has no tile at (6, 27).
   at: create_alternative_tile (scene/resources/2d/tile_set.cpp:5385)
ERROR: Cannot create tile. The tile is outside the texture or tiles are already present in the space the tile would cover.
   at: create_tile (scene/resources/2d/tile_set.cpp:4985)
ERROR: The TileSetAtlasSource atlas has no tile at (7, 27).
   at: has_alternative_tile (scene/resources/2d/tile_set.cpp:5437)
ERROR: TileSetAtlasSource has no tile at (7, 27).
   at: create_alternative_tile (scene/resources/2d/tile_set.cpp:5385)
ERROR: Cannot create tile. The tile is outside the texture or tiles are already present in the space the tile would cover.
   at: create_tile (scene/resources/2d/tile_set.cpp:4985)
ERROR: The TileSetAtlasSource atlas has no tile at (8, 27).
   at: has_alternative_tile (scene/resources/2d/tile_set.cpp:5437)
ERROR: TileSetAtlasSource has no tile at (8, 27).
   at: create_alternative_tile (scene/resources/2d/tile_set.cpp:5385)
ERROR: Cannot create tile. The tile is outside the texture or tiles are already present in the space the tile would cover.
   at: create_tile (scene/resources/2d/tile_set.cpp:4985)
ERROR: The TileSetAtlasSource atlas has no tile at (9, 27).
   at: has_alternative_tile (scene/resources/2d/tile_set.cpp:5437)
ERROR: TileSetAtlasSource has no tile at (9, 27).
   at: create_alternative_tile (scene/resources/2d/tile_set.cpp:5385)
ERROR: Cannot create tile. The tile is outside the texture or tiles are already present in the space the tile would cover.
   at: create_tile (scene/resources/2d/tile_set.cpp:4985)
ERROR: The TileSetAtlasSource atlas has no tile at (10, 27).
   at: has_alternative_tile (scene/resources/2d/tile_set.cpp:5437)
ERROR: TileSetAtlasSource has no tile at (10, 27).
   at: create_alternative_tile (scene/resources/2d/tile_set.cpp:5385)
ERROR: Cannot create tile. The tile is outside the texture or tiles are already present in the space the tile would cover.
   at: create_tile (scene/resources/2d/tile_set.cpp:4985)
ERROR: The TileSetAtlasSource atlas has no tile at (11, 27).
   at: has_alternative_tile (scene/resources/2d/tile_set.cpp:5437)
ERROR: TileSetAtlasSource has no tile at (11, 27).
   at: create_alternative_tile (scene/resources/2d/tile_set.cpp:5385)
ERROR: Cannot create tile. The tile is outside the texture or tiles are already present in the space the tile would cover.
   at: create_tile (scene/resources/2d/tile_set.cpp:4985)
ERROR: The TileSetAtlasSource atlas has no tile at (12, 27).
   at: has_alternative_tile (scene/resources/2d/tile_set.cpp:5437)
ERROR: TileSetAtlasSource has no tile at (12, 27).
   at: create_alternative_tile (scene/resources/2d/tile_set.cpp:5385)
ERROR: Cannot create tile. The tile is outside the texture or tiles are already present in the space the tile would cover.
   at: create_tile (scene/resources/2d/tile_set.cpp:4985)
ERROR: The TileSetAtlasSource atlas has no tile at (13, 27).
   at: has_alternative_tile (scene/resources/2d/tile_set.cpp:5437)
ERROR: TileSetAtlasSource has no tile at (13, 27).
   at: create_alternative_tile (scene/resources/2d/tile_set.cpp:5385)
ERROR: Cannot create tile. The tile is outside the texture or tiles are already present in the space the tile would cover.
   at: create_tile (scene/resources/2d/tile_set.cpp:4985)
ERROR: The TileSetAtlasSource atlas has no tile at (14, 27).
   at: has_alternative_tile (scene/resources/2d/tile_set.cpp:5437)
ERROR: TileSetAtlasSource has no tile at (14, 27).
   at: create_alternative_tile (scene/resources/2d/tile_set.cpp:5385)
ERROR: Cannot create tile. The tile is outside the texture or tiles are already present in the space the tile would cover.
   at: create_tile (scene/resources/2d/tile_set.cpp:4985)
ERROR: The TileSetAtlasSource atlas has no tile at (15, 27).
   at: has_alternative_tile (scene/resources/2d/tile_set.cpp:5437)
ERROR: TileSetAtlasSource has no tile at (15, 27).
   at: create_alternative_tile (scene/resources/2d/tile_set.cpp:5385)
ERROR: Cannot create tile. The tile is outside the texture or tiles are already present in the space the tile would cover.
   at: create_tile (scene/resources/2d/tile_set.cpp:4985)
ERROR: The TileSetAtlasSource atlas has no tile at (16, 27).
   at: has_alternative_tile (scene/resources/2d/tile_set.cpp:5437)
ERROR: TileSetAtlasSource has no tile at (16, 27).
   at: create_alternative_tile (scene/resources/2d/tile_set.cpp:5385)
ERROR: Cannot create tile. The tile is outside the texture or tiles are already present in the space the tile would cover.
   at: create_tile (scene/resources/2d/tile_set.cpp:4985)
ERROR: The TileSetAtlasSource atlas has no tile at (17, 27).
   at: has_alternative_tile (scene/resources/2d/tile_set.cpp:5437)
ERROR: TileSetAtlasSource has no tile at (17, 27).
   at: create_alternative_tile (scene/resources/2d/tile_set.cpp:5385)
ERROR: Cannot create tile. The tile is outside the texture or tiles are already present in the space the tile would cover.
   at: create_tile (scene/resources/2d/tile_set.cpp:4985)
ERROR: The TileSetAtlasSource atlas has no tile at (18, 27).
   at: has_alternative_tile (scene/resources/2d/tile_set.cpp:5437)
ERROR: TileSetAtlasSource has no tile at (18, 27).
   at: create_alternative_tile (scene/resources/2d/tile_set.cpp:5385)
ERROR: Cannot create tile. The tile is outside the texture or tiles are already present in the space the tile would cover.
   at: create_tile (scene/resources/2d/tile_set.cpp:4985)
ERROR: The TileSetAtlasSource atlas has no tile at (19, 27).
   at: has_alternative_tile (scene/resources/2d/tile_set.cpp:5437)
ERROR: TileSetAtlasSource has no tile at (19, 27).
   at: create_alternative_tile (scene/resources/2d/tile_set.cpp:5385)
ERROR: Cannot create tile. The tile is outside the texture or tiles are already present in the space the tile would cover.
   at: create_tile (scene/resources/2d/tile_set.cpp:4985)
ERROR: The TileSetAtlasSource atlas has no tile at (20, 27).
   at: has_alternative_tile (scene/resources/2d/tile_set.cpp:5437)
ERROR: TileSetAtlasSource has no tile at (20, 27).
   at: create_alternative_tile (scene/resources/2d/tile_set.cpp:5385)
ERROR: Cannot create tile. The tile is outside the texture or tiles are already present in the space the tile would cover.
   at: create_tile (scene/resources/2d/tile_set.cpp:4985)
ERROR: The TileSetAtlasSource atlas has no tile at (21, 27).
   at: has_alternative_tile (scene/resources/2d/tile_set.cpp:5437)
ERROR: TileSetAtlasSource has no tile at (21, 27).
   at: create_alternative_tile (scene/resources/2d/tile_set.cpp:5385)
ERROR: Cannot create tile. The tile is outside the texture or tiles are already present in the space the tile would cover.
   at: create_tile (scene/resources/2d/tile_set.cpp:4985)
ERROR: The TileSetAtlasSource atlas has no tile at (22, 27).
   at: has_alternative_tile (scene/resources/2d/tile_set.cpp:5437)
ERROR: TileSetAtlasSource has no tile at (22, 27).
   at: create_alternative_tile (scene/resources/2d/tile_set.cpp:5385)
ERROR: Cannot create tile. The tile is outside the texture or tiles are already present in the space the tile would cover.
   at: create_tile (scene/resources/2d/tile_set.cpp:4985)
ERROR: The TileSetAtlasSource atlas has no tile at (23, 27).
   at: has_alternative_tile (scene/resources/2d/tile_set.cpp:5437)
ERROR: TileSetAtlasSource has no tile at (23, 27).
   at: create_alternative_tile (scene/resources/2d/tile_set.cpp:5385)
ERROR: Cannot create tile. The tile is outside the texture or tiles are already present in the space the tile would cover.
   at: create_tile (scene/resources/2d/tile_set.cpp:4985)
ERROR: The TileSetAtlasSource atlas has no tile at (24, 27).
   at: has_alternative_tile (scene/resources/2d/tile_set.cpp:5437)
ERROR: TileSetAtlasSource has no tile at (24, 27).
   at: create_alternative_tile (scene/resources/2d/tile_set.cpp:5385)
ERROR: Cannot create tile. The tile is outside the texture or tiles are already present in the space the tile would cover.
   at: create_tile (scene/resources/2d/tile_set.cpp:4985)
ERROR: The TileSetAtlasSource atlas has no tile at (25, 27).
   at: has_alternative_tile (scene/resources/2d/tile_set.cpp:5437)
ERROR: TileSetAtlasSource has no tile at (25, 27).
   at: create_alternative_tile (scene/resources/2d/tile_set.cpp:5385)
ERROR: Cannot create tile. The tile is outside the texture or tiles are already present in the space the tile would cover.
   at: create_tile (scene/resources/2d/tile_set.cpp:4985)
ERROR: The TileSetAtlasSource atlas has no tile at (6, 28).
   at: has_alternative_tile (scene/resources/2d/tile_set.cpp:5437)
ERROR: TileSetAtlasSource has no tile at (6, 28).
   at: create_alternative_tile (scene/resources/2d/tile_set.cpp:5385)
ERROR: Cannot create tile. The tile is outside the texture or tiles are already present in the space the tile would cover.
   at: create_tile (scene/resources/2d/tile_set.cpp:4985)
ERROR: The TileSetAtlasSource atlas has no tile at (7, 28).
   at: has_alternative_tile (scene/resources/2d/tile_set.cpp:5437)
ERROR: TileSetAtlasSource has no tile at (7, 28).
   at: create_alternative_tile (scene/resources/2d/tile_set.cpp:5385)
ERROR: Cannot create tile. The tile is outside the texture or tiles are already present in the space the tile would cover.
   at: create_tile (scene/resources/2d/tile_set.cpp:4985)
ERROR: The TileSetAtlasSource atlas has no tile at (8, 28).
   at: has_alternative_tile (scene/resources/2d/tile_set.cpp:5437)
ERROR: TileSetAtlasSource has no tile at (8, 28).
   at: create_alternative_tile (scene/resources/2d/tile_set.cpp:5385)
ERROR: Cannot create tile. The tile is outside the texture or tiles are already present in the space the tile would cover.
   at: create_tile (scene/resources/2d/tile_set.cpp:4985)
ERROR: The TileSetAtlasSource atlas has no tile at (9, 28).
   at: has_alternative_tile (scene/resources/2d/tile_set.cpp:5437)
ERROR: TileSetAtlasSource has no tile at (9, 28).
   at: create_alternative_tile (scene/resources/2d/tile_set.cpp:5385)
ERROR: Cannot create tile. The tile is outside the texture or tiles are already present in the space the tile would cover.
   at: create_tile (scene/resources/2d/tile_set.cpp:4985)
ERROR: The TileSetAtlasSource atlas has no tile at (10, 28).
   at: has_alternative_tile (scene/resources/2d/tile_set.cpp:5437)
ERROR: TileSetAtlasSource has no tile at (10, 28).
   at: create_alternative_tile (scene/resources/2d/tile_set.cpp:5385)
ERROR: Cannot create tile. The tile is outside the texture or tiles are already present in the space the tile would cover.
   at: create_tile (scene/resources/2d/tile_set.cpp:4985)
ERROR: The TileSetAtlasSource atlas has no tile at (11, 28).
   at: has_alternative_tile (scene/resources/2d/tile_set.cpp:5437)
ERROR: TileSetAtlasSource has no tile at (11, 28).
   at: create_alternative_tile (scene/resources/2d/tile_set.cpp:5385)
ERROR: Cannot create tile. The tile is outside the texture or tiles are already present in the space the tile would cover.
   at: create_tile (scene/resources/2d/tile_set.cpp:4985)
ERROR: The TileSetAtlasSource atlas has no tile at (12, 28).
   at: has_alternative_tile (scene/resources/2d/tile_set.cpp:5437)
ERROR: TileSetAtlasSource has no tile at (12, 28).
   at: create_alternative_tile (scene/resources/2d/tile_set.cpp:5385)
ERROR: Cannot create tile. The tile is outside the texture or tiles are already present in the space the tile would cover.
   at: create_tile (scene/resources/2d/tile_set.cpp:4985)
ERROR: The TileSetAtlasSource atlas has no tile at (13, 28).
   at: has_alternative_tile (scene/resources/2d/tile_set.cpp:5437)
ERROR: TileSetAtlasSource has no tile at (13, 28).
   at: create_alternative_tile (scene/resources/2d/tile_set.cpp:5385)
ERROR: Cannot create tile. The tile is outside the texture or tiles are already present in the space the tile would cover.
   at: create_tile (scene/resources/2d/tile_set.cpp:4985)
ERROR: The TileSetAtlasSource atlas has no tile at (14, 28).
   at: has_alternative_tile (scene/resources/2d/tile_set.cpp:5437)
ERROR: TileSetAtlasSource has no tile at (14, 28).
   at: create_alternative_tile (scene/resources/2d/tile_set.cpp:5385)
ERROR: Cannot create tile. The tile is outside the texture or tiles are already present in the space the tile would cover.
   at: create_tile (scene/resources/2d/tile_set.cpp:4985)
ERROR: The TileSetAtlasSource atlas has no tile at (15, 28).
   at: has_alternative_tile (scene/resources/2d/tile_set.cpp:5437)
ERROR: TileSetAtlasSource has no tile at (15, 28).
   at: create_alternative_tile (scene/resources/2d/tile_set.cpp:5385)
ERROR: Cannot create tile. The tile is outside the texture or tiles are already present in the space the tile would cover.
   at: create_tile (scene/resources/2d/tile_set.cpp:4985)
ERROR: The TileSetAtlasSource atlas has no tile at (16, 28).
   at: has_alternative_tile (scene/resources/2d/tile_set.cpp:5437)
ERROR: TileSetAtlasSource has no tile at (16, 28).
   at: create_alternative_tile (scene/resources/2d/tile_set.cpp:5385)
ERROR: Cannot create tile. The tile is outside the texture or tiles are already present in the space the tile would cover.
   at: create_tile (scene/resources/2d/tile_set.cpp:4985)
ERROR: The TileSetAtlasSource atlas has no tile at (17, 28).
   at: has_alternative_tile (scene/resources/2d/tile_set.cpp:5437)
ERROR: TileSetAtlasSource has no tile at (17, 28).
   at: create_alternative_tile (scene/resources/2d/tile_set.cpp:5385)
ERROR: Cannot create tile. The tile is outside the texture or tiles are already present in the space the tile would cover.
   at: create_tile (scene/resources/2d/tile_set.cpp:4985)
ERROR: The TileSetAtlasSource atlas has no tile at (18, 28).
   at: has_alternative_tile (scene/resources/2d/tile_set.cpp:5437)
ERROR: TileSetAtlasSource has no tile at (18, 28).
   at: create_alternative_tile (scene/resources/2d/tile_set.cpp:5385)
ERROR: Cannot create tile. The tile is outside the texture or tiles are already present in the space the tile would cover.
   at: create_tile (scene/resources/2d/tile_set.cpp:4985)
ERROR: The TileSetAtlasSource atlas has no tile at (19, 28).
   at: has_alternative_tile (scene/resources/2d/tile_set.cpp:5437)
ERROR: TileSetAtlasSource has no tile at (19, 28).
   at: create_alternative_tile (scene/resources/2d/tile_set.cpp:5385)
ERROR: Cannot create tile. The tile is outside the texture or tiles are already present in the space the tile would cover.
   at: create_tile (scene/resources/2d/tile_set.cpp:4985)
ERROR: The TileSetAtlasSource atlas has no tile at (20, 28).
   at: has_alternative_tile (scene/resources/2d/tile_set.cpp:5437)
ERROR: TileSetAtlasSource has no tile at (20, 28).
   at: create_alternative_tile (scene/resources/2d/tile_set.cpp:5385)
ERROR: Cannot create tile. The tile is outside the texture or tiles are already present in the space the tile would cover.
   at: create_tile (scene/resources/2d/tile_set.cpp:4985)
ERROR: The TileSetAtlasSource atlas has no tile at (21, 28).
   at: has_alternative_tile (scene/resources/2d/tile_set.cpp:5437)
ERROR: TileSetAtlasSource has no tile at (21, 28).
   at: create_alternative_tile (scene/resources/2d/tile_set.cpp:5385)
ERROR: Cannot create tile. The tile is outside the texture or tiles are already present in the space the tile would cover.
   at: create_tile (scene/resources/2d/tile_set.cpp:4985)
ERROR: The TileSetAtlasSource atlas has no tile at (22, 28).
   at: has_alternative_tile (scene/resources/2d/tile_set.cpp:5437)
ERROR: TileSetAtlasSource has no tile at (22, 28).
   at: create_alternative_tile (scene/resources/2d/tile_set.cpp:5385)
ERROR: Cannot create tile. The tile is outside the texture or tiles are already present in the space the tile would cover.
   at: create_tile (scene/resources/2d/tile_set.cpp:4985)
ERROR: The TileSetAtlasSource atlas has no tile at (23, 28).
   at: has_alternative_tile (scene/resources/2d/tile_set.cpp:5437)
ERROR: TileSetAtlasSource has no tile at (23, 28).
   at: create_alternative_tile (scene/resources/2d/tile_set.cpp:5385)
ERROR: Cannot create tile. The tile is outside the texture or tiles are already present in the space the tile would cover.
   at: create_tile (scene/resources/2d/tile_set.cpp:4985)
ERROR: The TileSetAtlasSource atlas has no tile at (24, 28).
   at: has_alternative_tile (scene/resources/2d/tile_set.cpp:5437)
ERROR: TileSetAtlasSource has no tile at (24, 28).
   at: create_alternative_tile (scene/resources/2d/tile_set.cpp:5385)
ERROR: Cannot create tile. The tile is outside the texture or tiles are already present in the space the tile would cover.
   at: create_tile (scene/resources/2d/tile_set.cpp:4985)
ERROR: The TileSetAtlasSource atlas has no tile at (7, 29).
   at: has_alternative_tile (scene/resources/2d/tile_set.cpp:5437)
ERROR: TileSetAtlasSource has no tile at (7, 29).
   at: create_alternative_tile (scene/resources/2d/tile_set.cpp:5385)
ERROR: Cannot create tile. The tile is outside the texture or tiles are already present in the space the tile would cover.
   at: create_tile (scene/resources/2d/tile_set.cpp:4985)
ERROR: The TileSetAtlasSource atlas has no tile at (8, 29).
   at: has_alternative_tile (scene/resources/2d/tile_set.cpp:5437)
ERROR: TileSetAtlasSource has no tile at (8, 29).
   at: create_alternative_tile (scene/resources/2d/tile_set.cpp:5385)
ERROR: Cannot create tile. The tile is outside the texture or tiles are already present in the space the tile would cover.
   at: create_tile (scene/resources/2d/tile_set.cpp:4985)
ERROR: The TileSetAtlasSource atlas has no tile at (9, 29).
   at: has_alternative_tile (scene/resources/2d/tile_set.cpp:5437)
ERROR: TileSetAtlasSource has no tile at (9, 29).
   at: create_alternative_tile (scene/resources/2d/tile_set.cpp:5385)
ERROR: Cannot create tile. The tile is outside the texture or tiles are already present in the space the tile would cover.
   at: create_tile (scene/resources/2d/tile_set.cpp:4985)
ERROR: The TileSetAtlasSource atlas has no tile at (12, 29).
   at: has_alternative_tile (scene/resources/2d/tile_set.cpp:5437)
ERROR: TileSetAtlasSource has no tile at (12, 29).
   at: create_alternative_tile (scene/resources/2d/tile_set.cpp:5385)
ERROR: Cannot create tile. The tile is outside the texture or tiles are already present in the space the tile would cover.
   at: create_tile (scene/resources/2d/tile_set.cpp:4985)
ERROR: The TileSetAtlasSource atlas has no tile at (13, 29).
   at: has_alternative_tile (scene/resources/2d/tile_set.cpp:5437)
ERROR: TileSetAtlasSource has no tile at (13, 29).
   at: create_alternative_tile (scene/resources/2d/tile_set.cpp:5385)
ERROR: Cannot create tile. The tile is outside the texture or tiles are already present in the space the tile would cover.
   at: create_tile (scene/resources/2d/tile_set.cpp:4985)
ERROR: The TileSetAtlasSource atlas has no tile at (14, 29).
   at: has_alternative_tile (scene/resources/2d/tile_set.cpp:5437)
ERROR: TileSetAtlasSource has no tile at (14, 29).
   at: create_alternative_tile (scene/resources/2d/tile_set.cpp:5385)
ERROR: Cannot create tile. The tile is outside the texture or tiles are already present in the space the tile would cover.
   at: create_tile (scene/resources/2d/tile_set.cpp:4985)
ERROR: The TileSetAtlasSource atlas has no tile at (15, 29).
   at: has_alternative_tile (scene/resources/2d/tile_set.cpp:5437)
ERROR: TileSetAtlasSource has no tile at (15, 29).
   at: create_alternative_tile (scene/resources/2d/tile_set.cpp:5385)
ERROR: Cannot create tile. The tile is outside the texture or tiles are already present in the space the tile would cover.
   at: create_tile (scene/resources/2d/tile_set.cpp:4985)
ERROR: The TileSetAtlasSource atlas has no tile at (16, 29).
   at: has_alternative_tile (scene/resources/2d/tile_set.cpp:5437)
ERROR: TileSetAtlasSource has no tile at (16, 29).
   at: create_alternative_tile (scene/resources/2d/tile_set.cpp:5385)
ERROR: Cannot create tile. The tile is outside the texture or tiles are already present in the space the tile would cover.
   at: create_tile (scene/resources/2d/tile_set.cpp:4985)
ERROR: The TileSetAtlasSource atlas has no tile at (17, 29).
   at: has_alternative_tile (scene/resources/2d/tile_set.cpp:5437)
ERROR: TileSetAtlasSource has no tile at (17, 29).
   at: create_alternative_tile (scene/resources/2d/tile_set.cpp:5385)
ERROR: Cannot create tile. The tile is outside the texture or tiles are already present in the space the tile would cover.
   at: create_tile (scene/resources/2d/tile_set.cpp:4985)
ERROR: The TileSetAtlasSource atlas has no tile at (18, 29).
   at: has_alternative_tile (scene/resources/2d/tile_set.cpp:5437)
ERROR: TileSetAtlasSource has no tile at (18, 29).
   at: create_alternative_tile (scene/resources/2d/tile_set.cpp:5385)
ERROR: Cannot create tile. The tile is outside the texture or tiles are already present in the space the tile would cover.
   at: create_tile (scene/resources/2d/tile_set.cpp:4985)
ERROR: The TileSetAtlasSource atlas has no tile at (19, 29).
   at: has_alternative_tile (scene/resources/2d/tile_set.cpp:5437)
ERROR: TileSetAtlasSource has no tile at (19, 29).
   at: create_alternative_tile (scene/resources/2d/tile_set.cpp:5385)
ERROR: Cannot create tile. The tile is outside the texture or tiles are already present in the space the tile would cover.
   at: create_tile (scene/resources/2d/tile_set.cpp:4985)
ERROR: The TileSetAtlasSource atlas has no tile at (20, 29).
   at: has_alternative_tile (scene/resources/2d/tile_set.cpp:5437)
ERROR: TileSetAtlasSource has no tile at (20, 29).
   at: create_alternative_tile (scene/resources/2d/tile_set.cpp:5385)
ERROR: Cannot create tile. The tile is outside the texture or tiles are already present in the space the tile would cover.
   at: create_tile (scene/resources/2d/tile_set.cpp:4985)
ERROR: The TileSetAtlasSource atlas has no tile at (21, 29).
   at: has_alternative_tile (scene/resources/2d/tile_set.cpp:5437)
ERROR: TileSetAtlasSource has no tile at (21, 29).
   at: create_alternative_tile (scene/resources/2d/tile_set.cpp:5385)
ERROR: Cannot create tile. The tile is outside the texture or tiles are already present in the space the tile would cover.
   at: create_tile (scene/resources/2d/tile_set.cpp:4985)
ERROR: The TileSetAtlasSource atlas has no tile at (22, 29).
   at: has_alternative_tile (scene/resources/2d/tile_set.cpp:5437)
ERROR: TileSetAtlasSource has no tile at (22, 29).
   at: create_alternative_tile (scene/resources/2d/tile_set.cpp:5385)
ERROR: Cannot create tile. The tile is outside the texture or tiles are already present in the space the tile would cover.
   at: create_tile (scene/resources/2d/tile_set.cpp:4985)
ERROR: The TileSetAtlasSource atlas has no tile at (0, 13).
   at: has_alternative_tile (scene/resources/2d/tile_set.cpp:5437)
ERROR: TileSetAtlasSource has no tile at (0, 13).
   at: create_alternative_tile (scene/resources/2d/tile_set.cpp:5385)
ERROR: Cannot create tile. The tile is outside the texture or tiles are already present in the space the tile would cover.
   at: create_tile (scene/resources/2d/tile_set.cpp:4985)
ERROR: The TileSetAtlasSource atlas has no tile at (11, 3).
   at: has_alternative_tile (scene/resources/2d/tile_set.cpp:5437)
ERROR: TileSetAtlasSource has no tile at (11, 3).
   at: create_alternative_tile (scene/resources/2d/tile_set.cpp:5385)
ERROR: Cannot create tile. The tile is outside the texture or tiles are already present in the space the tile would cover.
   at: create_tile (scene/resources/2d/tile_set.cpp:4985)
ERROR: The TileSetAtlasSource atlas has no tile at (11, 4).
   at: has_alternative_tile (scene/resources/2d/tile_set.cpp:5437)
ERROR: TileSetAtlasSource has no tile at (11, 4).
   at: create_alternative_tile (scene/resources/2d/tile_set.cpp:5385)
ERROR: Cannot create tile. The tile is outside the texture or tiles are already present in the space the tile would cover.
   at: create_tile (scene/resources/2d/tile_set.cpp:4985)
ERROR: The TileSetAtlasSource atlas has no tile at (11, 5).
   at: has_alternative_tile (scene/resources/2d/tile_set.cpp:5437)
ERROR: TileSetAtlasSource has no tile at (11, 5).
   at: create_alternative_tile (scene/resources/2d/tile_set.cpp:5385)
ERROR: Cannot create tile. The tile is outside the texture or tiles are already present in the space the tile would cover.
   at: create_tile (scene/resources/2d/tile_set.cpp:4985)
ERROR: The TileSetAtlasSource atlas has no tile at (11, 6).
   at: has_alternative_tile (scene/resources/2d/tile_set.cpp:5437)
ERROR: TileSetAtlasSource has no tile at (11, 6).
   at: create_alternative_tile (scene/resources/2d/tile_set.cpp:5385)
ERROR: Cannot create tile. The tile is outside the texture or tiles are already present in the space the tile would cover.
   at: create_tile (scene/resources/2d/tile_set.cpp:4985)
ERROR: The TileSetAtlasSource atlas has no tile at (11, 7).
   at: has_alternative_tile (scene/resources/2d/tile_set.cpp:5437)
ERROR: TileSetAtlasSource has no tile at (11, 7).
   at: create_alternative_tile (scene/resources/2d/tile_set.cpp:5385)
ERROR: Cannot create tile. The tile is outside the texture or tiles are already present in the space the tile would cover.
   at: create_tile (scene/resources/2d/tile_set.cpp:4985)
ERROR: The TileSetAtlasSource atlas has no tile at (11, 8).
   at: has_alternative_tile (scene/resources/2d/tile_set.cpp:5437)
ERROR: TileSetAtlasSource has no tile at (11, 8).
   at: create_alternative_tile (scene/resources/2d/tile_set.cpp:5385)
ERROR: Cannot create tile. The tile is outside the texture or tiles are already present in the space the tile would cover.
   at: create_tile (scene/resources/2d/tile_set.cpp:4985)
ERROR: The TileSetAtlasSource atlas has no tile at (11, 9).
   at: has_alternative_tile (scene/resources/2d/tile_set.cpp:5437)
ERROR: TileSetAtlasSource has no tile at (11, 9).
   at: create_alternative_tile (scene/resources/2d/tile_set.cpp:5385)
ERROR: Cannot create tile. The tile is outside the texture or tiles are already present in the space the tile would cover.
   at: create_tile (scene/resources/2d/tile_set.cpp:4985)
ERROR: The TileSetAtlasSource atlas has no tile at (7, 4).
   at: has_alternative_tile (scene/resources/2d/tile_set.cpp:5437)
ERROR: TileSetAtlasSource has no tile at (7, 4).
   at: create_alternative_tile (scene/resources/2d/tile_set.cpp:5385)
ERROR: Cannot create tile. The tile is outside the texture or tiles are already present in the space the tile would cover.
   at: create_tile (scene/resources/2d/tile_set.cpp:4985)
ERROR: The TileSetAtlasSource atlas has no tile at (7, 3).
   at: has_alternative_tile (scene/resources/2d/tile_set.cpp:5437)
ERROR: TileSetAtlasSource has no tile at (7, 3).
   at: create_alternative_tile (scene/resources/2d/tile_set.cpp:5385)
ERROR: Cannot create tile. The tile is outside the texture or tiles are already present in the space the tile would cover.
   at: create_tile (scene/resources/2d/tile_set.cpp:4985)
ERROR: The TileSetAtlasSource atlas has no tile at (7, 5).
   at: has_alternative_tile (scene/resources/2d/tile_set.cpp:5437)
ERROR: TileSetAtlasSource has no tile at (7, 5).
   at: create_alternative_tile (scene/resources/2d/tile_set.cpp:5385)
[  50% ] [90m[1mloading_editor_layout[22m | 正在加载中央编辑器布局……[39m[0m
[  66% ] [90m[1mloading_editor_layout[22m | 正在加载插件窗口布局……[39m[0m
[  83% ] [90m[1mloading_editor_layout[22m | 编辑器布局就绪。[39m[0m
[92m[ DONE ][39m [1mloading_editor_layout[22m
[0m
WARNING: 4 RIDs of type "CanvasItem" were leaked.
   at: _free_rids (servers/rendering/renderer_canvas_cull.cpp:2692)
ERROR: 5 RID allocations of type 'PN13RendererDummy14TextureStorage12DummyTextureE' were leaked at exit.
WARNING: ObjectDB instances leaked at exit (run with --verbose for details).
   at: cleanup (core/object/object.cpp:2641)
ERROR: 153 resources still in use at exit (run with --verbose for details).
   at: clear (core/io/resource.cpp:810)
